Title,Creator,Category,Tags,Synopsis,Confidence,Episode Number,Episode Date,Edition,Source URL,Secondary URLs,Episode Video URL,Episode Blog URL
Bubble Talk: Turn Your Speech Into Bubbles!,KyungYun,project,speech-to-text; visualization; art; interactive; speech,Interactive art converting speech to bubbles.,high,108,2019-01-17,main,https://www.instructables.com/id/Bubble-Talk-Turn-Your-Speech-Into-Bubbles/,,https://youtube.com/watch?v=dUHPof55C0o,https://www.makerprojectlab.com/speech-bubbles-maker-update-108/
Hoverboard Lawn Mower (Hovermower?),lmu34,project,hoverboard; repurposing; lawn-mower; vehicles; diy,Lawn mower powered by hoverboard technology.,high,108,2019-01-17,main,https://www.instructables.com/id/Hoverboard-Lawn-Mower-Hovermower/,,https://youtube.com/watch?v=dUHPof55C0o,https://www.makerprojectlab.com/speech-bubbles-maker-update-108/
Origami Lantern: 3D Printing on Paper,Eammon Littler,project,3d-printing; paper; origami; lighting; papercraft,Hybrid 3D-printed and paper origami lantern.,high,108,2019-01-17,main,https://www.instructables.com/id/Origami-Lantern-3D-Printing-on-Paper/,,https://youtube.com/watch?v=dUHPof55C0o,https://www.makerprojectlab.com/speech-bubbles-maker-update-108/
Origami Printing Web app,,project,software; web-app; origami; design; pattern,Web app for designing origami patterns.,high,108,2019-01-17,main,https://ealitt.github.io/origami-printing/,,https://youtube.com/watch?v=dUHPof55C0o,https://www.makerprojectlab.com/speech-bubbles-maker-update-108/
Spinning Disc Step Sequencer,John Park,project,music; sequencer; electronics; mechanical; step-sequencer,Mechanical rotary music sequencer.,high,108,2019-01-17,main,https://learn.adafruit.com/spinning-disc-step-sequencer,,https://youtube.com/watch?v=dUHPof55C0o,https://www.makerprojectlab.com/speech-bubbles-maker-update-108/
Circuit Sculpture Contest Entries,,project,circuit-sculpture; electronics; art; contest; competition,Artistic electronics sculptures from contest.,high,108,2019-01-17,main,https://hackaday.io/submissions/circuit-sculpture-contest/list,,https://youtube.com/watch?v=dUHPof55C0o,https://www.makerprojectlab.com/speech-bubbles-maker-update-108/
Freeform Atari Punk Console,Emily Velasco,project,circuit-sculpture; music; synthesizer; electronics; freeform,Handwired circuit synthesizer.,high,108,2019-01-17,main,https://hackaday.io/project/162958-freeform-rgb-atari-punk-console,,https://youtube.com/watch?v=dUHPof55C0o,https://www.makerprojectlab.com/speech-bubbles-maker-update-108/
https://blog.hackster.io/this-freeform-atari-punk-console-generates-square-wave-tones-in-style-247f3987b555,,project,music; electronics; atari-punk; synth,Freeform Atari Punk Console project unable to fetch.,low,108,2019-01-17,main,https://blog.hackster.io/this-freeform-atari-punk-console-generates-square-wave-tones-in-style-247f3987b555,,https://youtube.com/watch?v=dUHPof55C0o,https://www.makerprojectlab.com/speech-bubbles-maker-update-108/
Cool Tool: Hobby Knives Roundup,,tip,tool-review; cutting; knives; hobby-tools,Comparative review of hobby craft knives.,high,108,2019-01-17,main,https://youtu.be/AtrG0b3tQME,,https://youtube.com/watch?v=dUHPof55C0o,https://www.makerprojectlab.com/speech-bubbles-maker-update-108/
$16 Raspberry Pi Case Features LCD Touchscreen and Stylus,,tip,raspberry-pi; case; touchscreen; lcd; affordable,Affordable Raspberry Pi case with touchscreen.,high,108,2019-01-17,main,https://blog.hackster.io/16-raspberry-pi-case-features-lcd-touchscreen-and-stylus-ac307ba3498f,,https://youtube.com/watch?v=dUHPof55C0o,https://www.makerprojectlab.com/speech-bubbles-maker-update-108/
Modular Feeders For SMD Component Tape,Stanoba,tip,electronics; smd; 3d-printing; automation; feeder,3D-printable modular SMD component feeders.,high,108,2019-01-17,main,http://blog.oshpark.com/2019/01/08/modular-feeders-for-smd-component-tape/,,https://youtube.com/watch?v=dUHPof55C0o,https://www.makerprojectlab.com/speech-bubbles-maker-update-108/
https://www.thingiverse.com/thing:2414955,,tip,,No content available for this row.,low,108,2019-01-17,main,https://www.thingiverse.com/thing:2414955,,https://youtube.com/watch?v=dUHPof55C0o,https://www.makerprojectlab.com/speech-bubbles-maker-update-108/
"Jen Schachter, Multimedia Maker",,tip,interview; maker; multimedia; profile,Profile or interview with multimedia maker.,high,108,2019-01-17,main,https://kk.org/cooltools/jen-schachter-multimedia-maker/,,https://youtube.com/watch?v=dUHPof55C0o,https://www.makerprojectlab.com/speech-bubbles-maker-update-108/
Popsicle Stick CNC Hack,Anthony Timpanaro,tip,cnc; woodworking; popsicle-stick; tool-hack; diy,DIY CNC machine from popsicle sticks.,high,108,2019-01-17,main,,,https://youtube.com/watch?v=dUHPof55C0o,https://www.makerprojectlab.com/speech-bubbles-maker-update-108/
CODE ON YOUR PHONE WITH CIRCUITPYTHON EDITOR,,tip,circuitpython; mobile; programming; editor; phone,CircuitPython editor app for smartphones.,high,108,2019-01-17,main,https://hackaday.com/2019/01/10/code-on-your-phone-with-circuitpython-editor/,,https://youtube.com/watch?v=dUHPof55C0o,https://www.makerprojectlab.com/speech-bubbles-maker-update-108/
Adafruit Grand Central M4 Express featuring the SAMD51,,tip,adafruit; microcontroller; samd51; hardware; board,Adafruit Grand Central with SAMD51 processor.,high,108,2019-01-17,main,https://www.adafruit.com/product/4064,,https://youtube.com/watch?v=dUHPof55C0o,https://www.makerprojectlab.com/speech-bubbles-maker-update-108/
Grand Central Guide,,tip,adafruit; grand-central; tutorial,Tutorial guide for Grand Central.,high,108,2019-01-17,main,https://learn.adafruit.com/adafruit-grand-central,,https://youtube.com/watch?v=dUHPof55C0o,https://www.makerprojectlab.com/speech-bubbles-maker-update-108/
"January 19 + 20, 2019",,tip,announcement; schedule; event; episode,Schedule for Maker Update episodes.,low,108,2019-01-17,main,,,https://youtube.com/watch?v=dUHPof55C0o,https://www.makerprojectlab.com/speech-bubbles-maker-update-108/
Very Slow Movie Player,Bryan Boyer,project,electronics; display; art; slow-cinema; video,Art project displaying movies at slow speed.,high,107,2019-01-10,main,https://medium.com/@bryan/very-slow-movie-player-499f76c48b62,https://github.com/bryanboyer/node-epaper-rpi,https://youtube.com/watch?v=wzhxJfEZh-w,https://www.makerprojectlab.com/e-paper-movie-player-maker-update-107/
Electromechanical Flip Clock Assembled PCB,Coyt Barringer,project,clock; flip-clock; electronics; mechanical,Flip clock with mechanical display.,high,107,2019-01-10,main,https://coytbarringer.com/flip-display-clock/,,https://youtube.com/watch?v=wzhxJfEZh-w,https://www.makerprojectlab.com/e-paper-movie-player-maker-update-107/
https://blog.tindie.com/2019/01/electromechanical-flip-clock-board/,,project,,No content available for this row.,low,107,2019-01-10,main,https://blog.tindie.com/2019/01/electromechanical-flip-clock-board/,,https://youtube.com/watch?v=wzhxJfEZh-w,https://www.makerprojectlab.com/e-paper-movie-player-maker-update-107/
Glayer a kitty mp3 player for kiddos.,,project,audio; mp3; toy; electronics; children,Toy MP3 player for children.,high,107,2019-01-10,main,https://github.com/oxullo/glayer,,https://youtube.com/watch?v=wzhxJfEZh-w,https://www.makerprojectlab.com/e-paper-movie-player-maker-update-107/
The Plotti Botti: An Internet-Controlled Drawing Robot!,8bitsandabyte,project,robotics; plotter; drawing; iot; cnc,Internet-connected drawing robot.,high,107,2019-01-10,main,https://www.hackster.io/8bitsandabyte/the-plotti-botti-an-internet-controlled-drawing-robot-51225a,,https://youtube.com/watch?v=wzhxJfEZh-w,https://www.makerprojectlab.com/e-paper-movie-player-maker-update-107/
Arduino with NeoPixel Optocouplers Controlling Many Relays,Pedro52,project,arduino; electronics; relay; neopixel; automation,Arduino circuit controlling relays.,high,107,2019-01-10,main,https://www.hackster.io/Pedro52/arduino-with-neopixel-optocouplers-controlling-many-relays-5f2573,,https://youtube.com/watch?v=wzhxJfEZh-w,https://www.makerprojectlab.com/e-paper-movie-player-maker-update-107/
NeoPixel Animation with Gestures,Dan Ionescu,project,led; neopixel; gesture-recognition; interactive; animation,Interactive LED animation by hand gestures.,high,107,2019-01-10,main,https://www.hackster.io/danionescu/neopixel-animation-with-gestures-6322bf,,https://youtube.com/watch?v=wzhxJfEZh-w,https://www.makerprojectlab.com/e-paper-movie-player-maker-update-107/
Maker Case,,tip,3d-printing; case; enclosure; design; housing,3D-printable case for maker projects.,high,107,2019-01-10,main,http://www.makercase.com/,,https://youtube.com/watch?v=wzhxJfEZh-w,https://www.makerprojectlab.com/e-paper-movie-player-maker-update-107/
The 3D Printable Braille Typeface Project,aaskedall,tip,3d-printing; braille; accessibility; typeface; font,3D-printable braille typeface.,high,107,2019-01-10,main,https://www.thingiverse.com/thing:2861973,,https://youtube.com/watch?v=wzhxJfEZh-w,https://www.makerprojectlab.com/e-paper-movie-player-maker-update-107/
OpenRNDR,,tip,generative-art; software; visualization; creative-coding,Open-source framework for generative art.,high,107,2019-01-10,main,https://openrndr.org/,,https://youtube.com/watch?v=wzhxJfEZh-w,https://www.makerprojectlab.com/e-paper-movie-player-maker-update-107/
https://github.com/openrndr/openrndr,,tip,,No content available for this row.,low,107,2019-01-10,main,https://github.com/openrndr/openrndr,,https://youtube.com/watch?v=wzhxJfEZh-w,https://www.makerprojectlab.com/e-paper-movie-player-maker-update-107/
Cool Tool Review: Gaffer Tape,,tip,tool-review; tape; gaffer-tape; adhesive,Review of gaffer tape for workshop.,high,107,2019-01-10,main,https://youtu.be/8fSAcWJFSUQ,,https://youtube.com/watch?v=wzhxJfEZh-w,https://www.makerprojectlab.com/e-paper-movie-player-maker-update-107/
Gaffer Power Gaffer Tape 2 Inch X 30 Yards,,tip,tape; gaffer-tape; adhesive; strong,Gaffer tape product for strong adhesion.,high,107,2019-01-10,main,http://amzn.to/2sJ7XN6,,https://youtube.com/watch?v=wzhxJfEZh-w,https://www.makerprojectlab.com/e-paper-movie-player-maker-update-107/
Gaffer Power Gaffer Tape 3 Inch X 30 Yards – Black,,tip,tape; gaffer-tape; adhesive; wide,Wider gaffer tape variant for assembly.,high,107,2019-01-10,main,http://amzn.to/2sJpt3Y,,https://youtube.com/watch?v=wzhxJfEZh-w,https://www.makerprojectlab.com/e-paper-movie-player-maker-update-107/
"January 19 + 20, 2019",,tip,announcement; schedule; event; episode,Schedule for Maker Update episodes.,low,107,2019-01-10,main,,,https://youtube.com/watch?v=wzhxJfEZh-w,https://www.makerprojectlab.com/e-paper-movie-player-maker-update-107/
"Interactive LED Dome With Fadecandy, Processing and Kinect",amygoodchild,project,led; interactive; kinect; processing; art-installation,Interactive LED dome responsive to motion.,high,106,2019-01-03,main,https://www.instructables.com/id/Interactive-LED-Dome-With-Fadecandy-Processing-and/,,https://youtube.com/watch?v=WhaatbgXHa4,https://www.makerprojectlab.com/when-in-dome-maker-update-106/
Christmas Ornament That 3D Prints Christmas Ornaments,seanhodgins,project,3d-printing; christmas; ornament; novelty; recursive,Printable ornament producing miniature ornaments.,high,106,2019-01-03,main,https://www.instructables.com/id/Christmas-Ornament-That-3D-Prints-Christmas-Orname/,,https://youtube.com/watch?v=WhaatbgXHa4,https://www.makerprojectlab.com/when-in-dome-maker-update-106/
Motion Machines,wonderfulidea,project,kinetic-art; mechanical; animation; motors,Kinetic sculptures demonstrating motion.,high,106,2019-01-03,main,https://www.instructables.com/id/Motion-Machines/,,https://youtube.com/watch?v=WhaatbgXHa4,https://www.makerprojectlab.com/when-in-dome-maker-update-106/
Eye Motion Tracking Using Infrared Sensor,HomeMadeGarbage,project,sensor; eye-tracking; infrared; electronics; computer-vision,Infrared eye tracking system.,high,106,2019-01-03,main,https://www.instructables.com/id/Eye-Motion-Tracking-Using-Infrared-Sensor/,,https://youtube.com/watch?v=WhaatbgXHa4,https://www.makerprojectlab.com/when-in-dome-maker-update-106/
Uncanny Eye,Phil B.,project,animatronics; electronics; servo; eyes; mechanics,Motorized robotic eye with tracking.,high,106,2019-01-03,main,https://learn.adafruit.com/animated-electronic-eyes-using-teensy-3-1/overview,,https://youtube.com/watch?v=WhaatbgXHa4,https://www.makerprojectlab.com/when-in-dome-maker-update-106/
Resistor Organizer and Storage,lonesoulsurfer,tip,electronics; organization; 3d-printing,3D-printable resistor organizer.,high,106,2019-01-03,main,https://www.instructables.com/id/Resistor-Organizer-and-Storage/,,https://youtube.com/watch?v=WhaatbgXHa4,https://www.makerprojectlab.com/when-in-dome-maker-update-106/
Copper Wire Spool Holder With Straightener,Roger Cheng,tip,3d-printing; wire; storage,Tool for copper wire spools.,high,106,2019-01-03,main,https://newscrewdriver.com/2018/12/27/copper-wire-spool-holder-with-straightener/,,https://youtube.com/watch?v=WhaatbgXHa4,https://www.makerprojectlab.com/when-in-dome-maker-update-106/
via Emily Velasco,,tip,,No content available for this row.,low,106,2019-01-03,main,https://twitter.com/makerprojectlab/status/1079096133689925632,,https://youtube.com/watch?v=WhaatbgXHa4,https://www.makerprojectlab.com/when-in-dome-maker-update-106/
How to create a free Onshape account,,tip,cad; software; onshape; tutorial; free,Guide to free Onshape CAD account.,high,106,2019-01-03,main,https://www.onshape.com/products/free,,https://youtube.com/watch?v=WhaatbgXHa4,https://www.makerprojectlab.com/when-in-dome-maker-update-106/
Making R2-D2,Bob Clagett,tip,cosplay; props; star-wars; robotics; r2d2,Guide to building R2-D2 robot replica.,high,106,2019-01-03,main,https://www.youtube.com/watch?v=JWgp7VSVJR8,,https://youtube.com/watch?v=WhaatbgXHa4,https://www.makerprojectlab.com/when-in-dome-maker-update-106/
E6000 Adhesive Roundup,,tip,adhesive; tool-review; glue; e6000,Review of E6000 multi-purpose adhesive.,high,106,2019-01-03,main,https://www.youtube.com/watch?v=UnlctRS97nM,,https://youtube.com/watch?v=WhaatbgXHa4,https://www.makerprojectlab.com/when-in-dome-maker-update-106/
Fully 3D-Printed 7-Segment “Digital” Clock Driven by 28 Servos,O.T Vinta,project,3d-printing; clock; servo; display; mechanical,3D-printed clock with 28 servo motors.,high,105,2018-12-19,main,http://www.otvinta.com/download14.html,,https://youtube.com/watch?v=I-i01UsPWjo,https://www.makerprojectlab.com/diy-flip-digits-makerupdate-105/
Hackster writeup,Jeremy S. Cook,project,,No content available for this row.,low,105,2018-12-19,main,https://blog.hackster.io/7-segment-digital-clock-uses-28-servos-102e99ebff73,,https://youtube.com/watch?v=I-i01UsPWjo,https://www.makerprojectlab.com/diy-flip-digits-makerupdate-105/
GIF Photo Booth,randofo,project,photography; gif; animation; photo-booth,Photo booth capturing animated GIFs.,high,105,2018-12-19,main,https://www.instructables.com/id/GIF-Photo-Booth/,,https://youtube.com/watch?v=I-i01UsPWjo,https://www.makerprojectlab.com/diy-flip-digits-makerupdate-105/
Remote Controlled LED Eyes & Costume Hood,bekathwia,project,led; costume; wearables; remote-control,Wireless-controlled LED costume head.,high,105,2018-12-19,main,https://www.instructables.com/id/Remote-Controlled-LED-Eyes-Costume-Hood/,,https://youtube.com/watch?v=I-i01UsPWjo,https://www.makerprojectlab.com/diy-flip-digits-makerupdate-105/
Simple RF L4 Receiver,,project,,No content available for this row.,low,105,2018-12-19,main,https://www.adafruit.com/product/1098,,https://youtube.com/watch?v=I-i01UsPWjo,https://www.makerprojectlab.com/diy-flip-digits-makerupdate-105/
Ping Pong Popper,gzumwalt,project,novelty; toy; solenoid; electronics; launcher,Toy launching ping pong balls.,high,105,2018-12-19,main,https://www.instructables.com/id/Ping-Pong-Popper/,,https://youtube.com/watch?v=I-i01UsPWjo,https://www.makerprojectlab.com/diy-flip-digits-makerupdate-105/
Ping Pong Ball Launcher,Dano Wall,project,launcher; toy; solenoid; electronics; pneumatics,Launcher for ping pong balls.,high,105,2018-12-19,main,https://learn.adafruit.com/ping-pong-ball-launcher-with-cpx,,https://youtube.com/watch?v=I-i01UsPWjo,https://www.makerprojectlab.com/diy-flip-digits-makerupdate-105/
This to That,,tip,adhesive; glue; chart,Reference guide for adhesive selection.,high,105,2018-12-19,main,https://www.thistothat.com/,,https://youtube.com/watch?v=I-i01UsPWjo,https://www.makerprojectlab.com/diy-flip-digits-makerupdate-105/
Make's Glue Chart,Rebecca Husemann,tip,adhesive; glue; chart; maker,Glue comparison chart for makers.,high,105,2018-12-19,main,https://makezine.com/2016/03/25/dont-glue-anything-without-handy-reference-chart/,,https://youtube.com/watch?v=I-i01UsPWjo,https://www.makerprojectlab.com/diy-flip-digits-makerupdate-105/
Quick Guide to Soldering Brass Rod,david neat (via Mohit Bhoite),tip,soldering; metalworking; brass,Technique for soldering brass rods.,high,105,2018-12-19,main,https://davidneat.wordpress.com/2015/05/03/a-quick-guide-to-soldering-brass/amp/,,https://youtube.com/watch?v=I-i01UsPWjo,https://www.makerprojectlab.com/diy-flip-digits-makerupdate-105/
Federico Tobon interview,,tip,interview; maker; profile; artist,Interview with maker Federico Tobon.,high,105,2018-12-19,main,https://youtu.be/CxFEjp_eBXA,,https://youtube.com/watch?v=I-i01UsPWjo,https://www.makerprojectlab.com/diy-flip-digits-makerupdate-105/
Interactive Totoro,,tip,toy; interactive; electronics; novelty,Interactive Totoro character toy.,high,105,2018-12-19,main,https://wolfcatworkshop.com/index.php/interactive-totoro-piece-for-giant-robot-show/,,https://youtube.com/watch?v=I-i01UsPWjo,https://www.makerprojectlab.com/diy-flip-digits-makerupdate-105/
Favorite 2018 Tool Finds Under $10,,tip,tool-review; budget-tools; roundup; affordable,Roundup of budget tools under $10.,high,105,2018-12-19,main,https://youtu.be/8t74b9h2g6A,,https://youtube.com/watch?v=I-i01UsPWjo,https://www.makerprojectlab.com/diy-flip-digits-makerupdate-105/
Modified F-Clamp,Create,tip,clamp; tool-modification; f-clamp,Modified F-clamp design.,high,105,2018-12-19,main,https://youtu.be/dZFruJITY2w,,https://youtube.com/watch?v=I-i01UsPWjo,https://www.makerprojectlab.com/diy-flip-digits-makerupdate-105/
via Hackaday,,tip,,No content available for this row.,low,105,2018-12-19,main,https://hackaday.com/2018/12/11/modified-f-clamp-is-wheely-good/,,https://youtube.com/watch?v=I-i01UsPWjo,https://www.makerprojectlab.com/diy-flip-digits-makerupdate-105/
How to Make a Christmas Tree for Cats,,project,diy; pets; christmas; wood; furniture,DIY Christmas tree for cats.,high,104,2018-12-12,main,https://youtu.be/B98MvPHJPGI,,https://youtube.com/watch?v=SpsaBJHK7Og,https://www.makerprojectlab.com/cardboard-plywood-maker-update-104/
Lazy Grid Clock,parallyze,project,clock; display; electronics; led; time,LED grid clock with dot patterns.,high,104,2018-12-12,main,https://www.thingiverse.com/thing:3241802,,https://youtube.com/watch?v=SpsaBJHK7Og,https://www.makerprojectlab.com/cardboard-plywood-maker-update-104/
Sound Controlled LED's - Pocket Disco,lonesoulsurfer,project,led; audio-reactive; electronics; wearables,LED light show responsive to music.,high,104,2018-12-12,main,https://www.instructables.com/id/Sound-Controlled-LEDs-Pocket-Disco/,,https://youtube.com/watch?v=SpsaBJHK7Og,https://www.makerprojectlab.com/cardboard-plywood-maker-update-104/
Molecule Necklaces,Penolopy Bulnick,project,jewelry; molecular-structure; science; wearables; 3d-printing,Necklace displaying molecular structures.,high,104,2018-12-12,main,https://www.instructables.com/id/Rhinestone-and-3D-Print-Molecule-Necklaces/,,https://youtube.com/watch?v=SpsaBJHK7Og,https://www.makerprojectlab.com/cardboard-plywood-maker-update-104/
also work as ornaments,,project,jewelry; ornament; decoration; 3d-printing,Molecule necklace doubles as ornament.,high,104,2018-12-12,main,https://www.instructables.com/id/Molecule-Ornaments/,,https://youtube.com/watch?v=SpsaBJHK7Og,https://www.makerprojectlab.com/cardboard-plywood-maker-update-104/
Designing And Building An 8 Foot Long River of Light,Caleb Kraft,project,led; lighting; kinetic-art; installation,An 8-foot LED 'river of light' installation designed and built by Caleb Kraft.,high,104,2018-12-12,main,https://makezine.com/2018/12/04/designing-and-building-an-8-foot-long-river-of-light/,,https://youtube.com/watch?v=SpsaBJHK7Og,https://www.makerprojectlab.com/cardboard-plywood-maker-update-104/
Solar LED Heart Ornament,Antalife,project,led; solar-power; wearables; ornament,Solar-powered LED heart ornament with custom design.,high,104,2018-12-12,main,https://www.antalife.com/2018/11/project-solar-led-heart-ornament.html,,https://youtube.com/watch?v=SpsaBJHK7Og,https://www.makerprojectlab.com/cardboard-plywood-maker-update-104/
Hackaday writeup,,project,,No content available for this row.,low,104,2018-12-12,main,https://hackaday.com/2018/12/06/solar-heart-engineered-to-beat-for-decades/,,https://youtube.com/watch?v=SpsaBJHK7Og,https://www.makerprojectlab.com/cardboard-plywood-maker-update-104/
Octopad,Patrick Lemieux,project,midi; music; controller; electronics,Custom MIDI music controller with octave pad interface.,high,104,2018-12-12,main,http://shakethatbutton.com/the-octopad/,,https://youtube.com/watch?v=SpsaBJHK7Og,https://www.makerprojectlab.com/cardboard-plywood-maker-update-104/
http://patrick-lemieux.com/projects/Octopad/,,project,,No content available for this row.,low,104,2018-12-12,main,http://patrick-lemieux.com/projects/Octopad/,,https://youtube.com/watch?v=SpsaBJHK7Og,https://www.makerprojectlab.com/cardboard-plywood-maker-update-104/
Maker Spaces: Kinetic Sculpture Artist Nemo Gould,,tip,kinetic-art; sculpture,Interview with kinetic sculpture artist Nemo Gould.,high,104,2018-12-12,main,https://youtu.be/2xntfsLWlDg,,https://youtube.com/watch?v=SpsaBJHK7Og,https://www.makerprojectlab.com/cardboard-plywood-maker-update-104/
Thingiverse Holiday Prints Collection,,tip,3d-printing,Collection of holiday-themed 3D printable models.,high,104,2018-12-12,main,https://www.thingiverse.com/AnaErwin/collections/holidays,,https://youtube.com/watch?v=SpsaBJHK7Og,https://www.makerprojectlab.com/cardboard-plywood-maker-update-104/
Reindeer card kit,shink,tip,,No content available for this row.,low,104,2018-12-12,main,https://www.thingiverse.com/thing:3213535,,https://youtube.com/watch?v=SpsaBJHK7Og,https://www.makerprojectlab.com/cardboard-plywood-maker-update-104/
Hackaday Circuit Sculpture Contest,,tip,electronics; sculpture; contest,Hackaday circuit sculpture contest announcement.,high,104,2018-12-12,main,https://hackaday.com/2018/12/04/the-circuit-sculpture-contest/,,https://youtube.com/watch?v=SpsaBJHK7Og,https://www.makerprojectlab.com/cardboard-plywood-maker-update-104/
ElectroMage Pixelblaze V2 - WiFi LED Controller,,tip,led; lighting; iot; esp32,WiFi-enabled LED controller with visual effects.,high,104,2018-12-12,main,https://www.tindie.com/products/ElectroMage/electromage-pixelblaze-v2-wifi-led-controller/,,https://youtube.com/watch?v=SpsaBJHK7Og,https://www.makerprojectlab.com/cardboard-plywood-maker-update-104/
The Official Raspberry Pi Beginner’s Guide (free PDF),,tip,raspberry-pi; tutorial,Free PDF guide for Raspberry Pi beginners.,high,104,2018-12-12,main,https://www.raspberrypi.org/magpi/issues/beginners-guide/,,https://youtube.com/watch?v=SpsaBJHK7Og,https://www.makerprojectlab.com/cardboard-plywood-maker-update-104/
Cool Tool Review: Makey Makey,,tip,makey-makey; controller,Tool review of Makey Makey input device.,high,104,2018-12-12,main,https://www.youtube.com/watch?v=9qqfJNrUjCw,,https://youtube.com/watch?v=SpsaBJHK7Og,https://www.makerprojectlab.com/cardboard-plywood-maker-update-104/
Makey Makey on Amazon,,tip,,No content available for this row.,low,104,2018-12-12,main,https://amzn.to/2JzJ7It,,https://youtube.com/watch?v=SpsaBJHK7Og,https://www.makerprojectlab.com/cardboard-plywood-maker-update-104/
Arduinoflake,Jiří Praus,project,arduino; led; holiday; snowflake,Arduino-controlled LED snowflake with effects.,high,103,2018-12-06,main,https://www.instructables.com/id/Arduinoflake/,,https://youtube.com/watch?v=ZK5SQ9AaGGs,https://www.makerprojectlab.com/arduino-snow-maker-update-103/
Hands-free Oreo dispenser,The Practical Engineer,project,robotics; automation; mechanical,Motion-activated Oreo dispensing device.,high,103,2018-12-06,main,https://thepracticalengineer.com/blog/oreodispenser,,https://youtube.com/watch?v=ZK5SQ9AaGGs,https://www.makerprojectlab.com/arduino-snow-maker-update-103/
Downloadable plans,,project,,No content available for this row.,low,103,2018-12-06,main,https://thepracticalengineer.com/plans/oreodispenserplan,,https://youtube.com/watch?v=ZK5SQ9AaGGs,https://www.makerprojectlab.com/arduino-snow-maker-update-103/
Cosmos Mariner: a Large Aperture Dobsonian Telescope,gravitino,project,optics; telescope; space; woodworking,Custom-built large aperture Dobsonian telescope.,high,103,2018-12-06,main,https://www.instructables.com/id/Cosmos-Mariner-a-Large-Aperture-Dobsonian-Telescop/,,https://youtube.com/watch?v=ZK5SQ9AaGGs,https://www.makerprojectlab.com/arduino-snow-maker-update-103/
Networked Nightlights with ESP8266 and Raspberry Pi,Andy Warburton,project,esp32; raspberry-pi; lighting; iot,WiFi-connected smart nightlights.,high,103,2018-12-06,main,https://makeandymake.github.io/2018/11/29/networked-lights-with-esp8266-and-raspberrypi.html,,https://youtube.com/watch?v=ZK5SQ9AaGGs,https://www.makerprojectlab.com/arduino-snow-maker-update-103/
Putting The Pieces Back Together Again,Ralf Baecker,project,,No content available for this row.,low,103,2018-12-06,main,https://www.creativeapplications.net/robotics/putting-the-pieces-back-together-again-the-order-of-chaos/,,https://youtube.com/watch?v=ZK5SQ9AaGGs,https://www.makerprojectlab.com/arduino-snow-maker-update-103/
Hellcouch,Carol Mertz and Francesca Carletto-Leon,project,,No content available for this row.,low,103,2018-12-06,main,http://shakethatbutton.com/hellcouch/,,https://youtube.com/watch?v=ZK5SQ9AaGGs,https://www.makerprojectlab.com/arduino-snow-maker-update-103/
BadgeLove contest,,tip,wearables; badge; competition,BadgeLove electronics badge contest.,high,103,2018-12-06,main,https://www.hackster.io/contests/BadgeLove,,https://youtube.com/watch?v=ZK5SQ9AaGGs,https://www.makerprojectlab.com/arduino-snow-maker-update-103/
Large 3V + 5V Analog Panel Meters,,tip,electronics; meters,High-capacity analog panel meters.,high,103,2018-12-06,main,https://blog.adafruit.com/2018/11/29/new-products-analog-panel-meters-3v-5v/,,https://youtube.com/watch?v=ZK5SQ9AaGGs,https://www.makerprojectlab.com/arduino-snow-maker-update-103/
Inside the Alexa Billy Bass,,tip,hacking; voice-control; animatronics,Teardown of Alexa-enabled Billy Bass.,high,103,2018-12-06,main,https://youtu.be/aAzwYpkPO18,,https://youtube.com/watch?v=ZK5SQ9AaGGs,https://www.makerprojectlab.com/arduino-snow-maker-update-103/
Budget Robot Chassis Compared,,tip,robotics; chassis; comparison,Comparison of affordable robot chassis.,high,103,2018-12-06,main,https://youtu.be/eQiTr46MS4Y,,https://youtube.com/watch?v=ZK5SQ9AaGGs,https://www.makerprojectlab.com/arduino-snow-maker-update-103/
"Glowing Guitar, Pt. 2",ENGLANDSAURUS,project,guitar; led; lighting; music,Custom LED-lit guitar modification.,high,102,2018-11-28,main,https://www.sparkfun.com/news/2822,,https://youtube.com/watch?v=aGodg_XySAY,https://www.makerprojectlab.com/led-guitar-maker-update-102/
"Glowing Guitar, Pt. 1",ENGLANDSAURUS,project,guitar; led; lighting; music,Custom LED-lit guitar modification.,high,102,2018-11-28,main,https://www.sparkfun.com/news/2754,,https://youtube.com/watch?v=aGodg_XySAY,https://www.makerprojectlab.com/led-guitar-maker-update-102/
How to Make a Rad Pizza Slice Stream Controller!,BrokenAntlerWorkshop,project,controller; twitch; gaming; 3d-printing,Novelty pizza-slice streaming controller.,high,102,2018-11-28,main,https://www.instructables.com/id/How-to-Make-a-Rad-Pizza-Slice-Stream-Controller/,,https://youtube.com/watch?v=aGodg_XySAY,https://www.makerprojectlab.com/led-guitar-maker-update-102/
CircuitPython Servo Tester,,project,arduino; servo; testing; electronics,CircuitPython servo motor testing device.,high,102,2018-11-28,main,https://learn.adafruit.com/circuitpython-servo-tester,,https://youtube.com/watch?v=aGodg_XySAY,https://www.makerprojectlab.com/led-guitar-maker-update-102/
Image to Lithopane,,tip,3d-printing; software; lithophane,Software for converting images to lithophane.,high,102,2018-11-28,main,http://3dp.rocks/lithophane/,,https://youtube.com/watch?v=aGodg_XySAY,https://www.makerprojectlab.com/led-guitar-maker-update-102/
DiResta Circular Saw Tips,,tip,woodworking; power-tools,Jimmy DiResta circular saw tips.,high,102,2018-11-28,main,https://youtu.be/em8MkkkxqfI,,https://youtube.com/watch?v=aGodg_XySAY,https://www.makerprojectlab.com/led-guitar-maker-update-102/
DiResta Reciprocating Saw Tips,,tip,woodworking; power-tools,Jimmy DiResta reciprocating saw tips.,high,102,2018-11-28,main,https://youtu.be/rIzPD3Q22B4,,https://youtube.com/watch?v=aGodg_XySAY,https://www.makerprojectlab.com/led-guitar-maker-update-102/
Make: Desktop Fabrication issue,,tip,magazine; fabrication,Make magazine desktop fabrication issue.,high,102,2018-11-28,main,,,https://youtube.com/watch?v=aGodg_XySAY,https://www.makerprojectlab.com/led-guitar-maker-update-102/
Multimeters // Bits,Bob Clagett,tip,electronics; measurement,Tool guide on multimeters.,high,102,2018-11-28,main,https://youtu.be/_bccT1Ll15I,,https://youtube.com/watch?v=aGodg_XySAY,https://www.makerprojectlab.com/led-guitar-maker-update-102/
Adafruit STEMMA Soil Sensor,,tip,arduino; iot; gardening; sensor,WiFi soil moisture sensor for plants.,high,102,2018-11-28,main,https://learn.adafruit.com/adafruit-stemma-soil-sensor-i2c-capacitive-moisture-sensor,,https://youtube.com/watch?v=aGodg_XySAY,https://www.makerprojectlab.com/led-guitar-maker-update-102/
DIY Walkers.com,,tip,,No content available for this row.,low,102,2018-11-28,main,https://www.diywalkers.com/walker-abcs.html,,https://youtube.com/watch?v=aGodg_XySAY,https://www.makerprojectlab.com/led-guitar-maker-update-102/
$10 Digital Servo Tester Controller with Voltage Display,,tip,servo; controller; electronics; budget,Budget servo tester with voltage display.,high,102,2018-11-28,main,https://youtu.be/kEm5_ghp-TE,,https://youtube.com/watch?v=aGodg_XySAY,https://www.makerprojectlab.com/led-guitar-maker-update-102/
"Los Angeles, California",,tip,event,Maker community event location.,low,102,2018-11-28,main,,,https://youtube.com/watch?v=aGodg_XySAY,https://www.makerprojectlab.com/led-guitar-maker-update-102/
"Ogaki, Gifu",,tip,event,Maker community event location.,low,102,2018-11-28,main,,,https://youtube.com/watch?v=aGodg_XySAY,https://www.makerprojectlab.com/led-guitar-maker-update-102/
MIDI Step Interface,KILOMX,project,midi; music; controller; electronics,Custom MIDI step sequencer interface.,high,101,2018-11-14,main,https://www.instructables.com/id/MIDI-Step-Interface-1/,,https://youtube.com/watch?v=flQCgBSp8I8,https://www.makerprojectlab.com/open-source-mech-ep-101/
LattePanda Board,,project,computing; single-board-pc; arduino,Single board computer with Arduino.,high,101,2018-11-14,main,https://www.dfrobot.com/product-1405.html,,https://youtube.com/watch?v=flQCgBSp8I8,https://www.makerprojectlab.com/open-source-mech-ep-101/
Neopixel Bike Light,Ruiz Bros.,project,led; neopixel; bicycle; lighting,Smart programmable LED bike light.,high,101,2018-11-14,main,https://learn.adafruit.com/neopixel-headlight,,https://youtube.com/watch?v=flQCgBSp8I8,https://www.makerprojectlab.com/open-source-mech-ep-101/
Custom Design Vertical Turntable,Joppe Spaans,project,music; turntable; woodworking; cnc,Custom-designed vertical turntable.,high,101,2018-11-14,main,https://www.instructables.com/id/Custom-Design-Vertical-Turntable/,,https://youtube.com/watch?v=flQCgBSp8I8,https://www.makerprojectlab.com/open-source-mech-ep-101/
Reuse Filament spools to organize holiday lights via Dennis Louton on 3D Printing Facebook group,,tip,3d-printing; recycling; organization; storage,Upcycling filament spools for storage.,high,101,2018-11-14,main,https://www.facebook.com/groups/makerbot/?fref=nf,,https://youtube.com/watch?v=flQCgBSp8I8,https://www.makerprojectlab.com/open-source-mech-ep-101/
SPIROGRAPH - PRUSAMENT SPOOL - reuse idea,cisardom,tip,3d-printing; recycling; spirograph; art-tool,Spirograph from printer filament spool.,high,101,2018-11-14,main,https://www.thingiverse.com/thing:3185619,,https://youtube.com/watch?v=flQCgBSp8I8,https://www.makerprojectlab.com/open-source-mech-ep-101/
CONTAINERS - PRUSAMENT SPOOL - reuse idea,cisardom,tip,3d-printing; recycling; storage; containers,DIY storage container from spool.,high,101,2018-11-14,main,https://www.thingiverse.com/thing:3185576,,https://youtube.com/watch?v=flQCgBSp8I8,https://www.makerprojectlab.com/open-source-mech-ep-101/
CHANDELIER - PRUSAMENT SPOOL - reuse idea,cisardom,tip,3d-printing; recycling; lighting; home-decor,Decorative chandelier from spools.,high,101,2018-11-14,main,https://www.thingiverse.com/thing:3185585,,https://youtube.com/watch?v=flQCgBSp8I8,https://www.makerprojectlab.com/open-source-mech-ep-101/
WINDMILL - PRUSAMENT SPOOL - reuse idea,cisardom,tip,3d-printing; recycling; kinetic-art; decoration,Spinning windmill from spools.,high,101,2018-11-14,main,https://www.thingiverse.com/thing:3187009,,https://youtube.com/watch?v=flQCgBSp8I8,https://www.makerprojectlab.com/open-source-mech-ep-101/
Giant Cardboard Fabrication With PolyProjector,Matt Bell,tip,cardboard; projector; cnc; fabrication,Using projection for cardboard cutting.,high,101,2018-11-14,main,https://makezine.com/projects/giant-cardboard-fabrication-with-polyprojector/,,https://youtube.com/watch?v=flQCgBSp8I8,https://www.makerprojectlab.com/open-source-mech-ep-101/
https://youtu.be/iDshWkUkbXk,,tip,,No content available for this row.,low,101,2018-11-14,main,https://youtu.be/iDshWkUkbXk,,https://youtube.com/watch?v=flQCgBSp8I8,https://www.makerprojectlab.com/open-source-mech-ep-101/
Edge Banding tips,Bob Clagett,tip,woodworking; finishing,Techniques for edge banding.,high,101,2018-11-14,main,https://www.youtube.com/watch?v=nCFixYE80jI,,https://youtube.com/watch?v=flQCgBSp8I8,https://www.makerprojectlab.com/open-source-mech-ep-101/
Mitre Saw tips,Jimmy Diresta,tip,woodworking; power-tools,Jimmy DiResta mitre saw tips.,high,101,2018-11-14,main,https://www.youtube.com/watch?v=9w3Aa-mfNJA,,https://youtube.com/watch?v=flQCgBSp8I8,https://www.makerprojectlab.com/open-source-mech-ep-101/
Controller Project,,tip,,No content available for this row.,low,101,2018-11-14,main,http://thecontrollerproject.com/,,https://youtube.com/watch?v=flQCgBSp8I8,https://www.makerprojectlab.com/open-source-mech-ep-101/
"Rochester, New York",,tip,event,Maker event location.,low,101,2018-11-14,main,,,https://youtube.com/watch?v=flQCgBSp8I8,https://www.makerprojectlab.com/open-source-mech-ep-101/
"Montreal, Quebec",,tip,event,Maker event location.,low,101,2018-11-14,main,,,https://youtube.com/watch?v=flQCgBSp8I8,https://www.makerprojectlab.com/open-source-mech-ep-101/
Munich,,tip,event,Maker event location.,low,101,2018-11-14,main,,,https://youtube.com/watch?v=flQCgBSp8I8,https://www.makerprojectlab.com/open-source-mech-ep-101/
"Kolkata, West Bengal",,tip,event,Maker event location.,low,101,2018-11-14,main,,,https://youtube.com/watch?v=flQCgBSp8I8,https://www.makerprojectlab.com/open-source-mech-ep-101/
"Poughkeepsie, New York",,tip,event,Maker event location.,low,101,2018-11-14,main,,,https://youtube.com/watch?v=flQCgBSp8I8,https://www.makerprojectlab.com/open-source-mech-ep-101/
Prop-Maker Lightsaber,Ruiz Bros.,project,cosplay; props; led; lighting; 3d-printing,Custom LED-lit lightsaber prop.,high,100,2018-11-07,main,https://learn.adafruit.com/lightsaber-featherwing/,,https://youtube.com/watch?v=HTposlYDjYU,https://www.makerprojectlab.com/dodecahedron-dance-party-maker-update-100/
Bucky Touch: Light-up Dodecahedron Instrument,jbumstead,project,music; led; geometric; interactive,Musical instrument with geometric design.,high,100,2018-11-07,main,https://www.instructables.com/id/Bucky-Touch-Light-up-Dodecahedron-Instrument/,,https://youtube.com/watch?v=HTposlYDjYU,https://www.makerprojectlab.com/dodecahedron-dance-party-maker-update-100/
Sound Bending Synth,lonesoulsurfer,project,music; synth; electronics; arduino,Custom synthesizer with manipulation.,high,100,2018-11-07,main,https://www.instructables.com/id/Sound-Bending-Synth/,,https://youtube.com/watch?v=HTposlYDjYU,https://www.makerprojectlab.com/dodecahedron-dance-party-maker-update-100/
Disc-o-matic,Canino,project,,No content available for this row.,low,100,2018-11-07,main,https://www.thingiverse.com/thing:3173589,,https://youtube.com/watch?v=HTposlYDjYU,https://www.makerprojectlab.com/dodecahedron-dance-party-maker-update-100/
Magnetic knife rack alligator clip collector,Colleen Graves,tip,organization; magnetic; storage; shop-tools,DIY magnetic tool collector.,high,100,2018-11-07,main,https://twitter.com/BabbageBev/status/1057050327764021248,,https://youtube.com/watch?v=HTposlYDjYU,https://www.makerprojectlab.com/dodecahedron-dance-party-maker-update-100/
Finishing 3D Prints,Bob Clagett,tip,3d-printing; post-processing; finishing,Techniques for finishing 3D prints.,high,100,2018-11-07,main,https://www.youtube.com/watch?v=ELfaQ8juSM8,,https://youtube.com/watch?v=HTposlYDjYU,https://www.makerprojectlab.com/dodecahedron-dance-party-maker-update-100/
"Send MIDI to motors, lights and relays",,tip,midi; electronics; automation; arduino,Controlling motors via MIDI.,high,100,2018-11-07,main,https://blog.tindie.com/2018/10/switch-midi-pitch/,,https://youtube.com/watch?v=HTposlYDjYU,https://www.makerprojectlab.com/dodecahedron-dance-party-maker-update-100/
"DIY Linear Servo Actuator, 3D Printed",Potent Printables,tip,3d-printing; mechanical; servo; actuator,3D-printed linear motion actuator.,high,100,2018-11-07,main,https://www.thingiverse.com/thing:3170748,,https://youtube.com/watch?v=HTposlYDjYU,https://www.makerprojectlab.com/dodecahedron-dance-party-maker-update-100/
StringyPlotter,Thomas Winningham,tip,plotting; cnc; drawing; art-tool,String-based XY plotter for art.,high,100,2018-11-07,main,https://github.com/th0ma5w/StringyPlotter,,https://youtube.com/watch?v=HTposlYDjYU,https://www.makerprojectlab.com/dodecahedron-dance-party-maker-update-100/
Jerusalem,,tip,event,Maker event location.,low,100,2018-11-07,main,,,https://youtube.com/watch?v=HTposlYDjYU,https://www.makerprojectlab.com/dodecahedron-dance-party-maker-update-100/
Hyderabad,,tip,event,Maker event location.,low,100,2018-11-07,main,,,https://youtube.com/watch?v=HTposlYDjYU,https://www.makerprojectlab.com/dodecahedron-dance-party-maker-update-100/
Belo Horizonte,,tip,event,Maker event location.,low,100,2018-11-07,main,,,https://youtube.com/watch?v=HTposlYDjYU,https://www.makerprojectlab.com/dodecahedron-dance-party-maker-update-100/
"Orlando, Florida",,tip,event,Maker event location.,low,100,2018-11-07,main,,,https://youtube.com/watch?v=HTposlYDjYU,https://www.makerprojectlab.com/dodecahedron-dance-party-maker-update-100/
Sindelfingen,,tip,event,Maker event location.,low,100,2018-11-07,main,,,https://youtube.com/watch?v=HTposlYDjYU,https://www.makerprojectlab.com/dodecahedron-dance-party-maker-update-100/
Salzburg,,tip,event,Maker event location.,low,100,2018-11-07,main,,,https://youtube.com/watch?v=HTposlYDjYU,https://www.makerprojectlab.com/dodecahedron-dance-party-maker-update-100/
#makevember,,tip,event; challenge,Maker event or challenge.,low,100,2018-11-07,main,,,https://youtube.com/watch?v=HTposlYDjYU,https://www.makerprojectlab.com/dodecahedron-dance-party-maker-update-100/
Featured Makers,,tip,profile,Featured makers profile.,low,100,2018-11-07,main,,,https://youtube.com/watch?v=HTposlYDjYU,https://www.makerprojectlab.com/dodecahedron-dance-party-maker-update-100/
John Park https://jedgarpark.wordpress.com/,,tip,,No content available for this row.,low,100,2018-11-07,main,https://makerprojectlab.com/diy-diploma-maker-update-29/,,https://youtube.com/watch?v=HTposlYDjYU,https://www.makerprojectlab.com/dodecahedron-dance-party-maker-update-100/
Scraperite Plastic Razor Blades,,tip,shop-tools; scraping,Plastic razor blade tool.,high,100,2018-11-07,main,https://www.amazon.com/exec/obidos/ASIN/B000XBGN02/ctmakerupdate-20,,https://youtube.com/watch?v=HTposlYDjYU,https://www.makerprojectlab.com/dodecahedron-dance-party-maker-update-100/
Sophy Wong https://sophywong.com/,,tip,,No content available for this row.,low,100,2018-11-07,main,https://makerprojectlab.com/the-sick-unicorn-maker-update/,,https://youtube.com/watch?v=HTposlYDjYU,https://www.makerprojectlab.com/dodecahedron-dance-party-maker-update-100/
Mark Frauenfelder http://www.markfrauenfelder.com/,,tip,,No content available for this row.,low,100,2018-11-07,main,https://makerprojectlab.com/barcelona-makers-update/,,https://youtube.com/watch?v=HTposlYDjYU,https://www.makerprojectlab.com/dodecahedron-dance-party-maker-update-100/
Becky Stern Tinkercad Circuits Interview,,tip,interview; electronics; software,Tinkercad circuits interview.,high,100,2018-11-07,main,https://youtu.be/nC03qquYrOU,,https://youtube.com/watch?v=HTposlYDjYU,https://www.makerprojectlab.com/dodecahedron-dance-party-maker-update-100/
Dominic Morrow https://twitter.com/chickengrylls?lang=en,,tip,,No content available for this row.,low,100,2018-11-07,main,https://makerprojectlab.com/lets-hack-alexa-into-a-fish-maker-update-10/,,https://youtube.com/watch?v=HTposlYDjYU,https://www.makerprojectlab.com/dodecahedron-dance-party-maker-update-100/
Billy Bass Instructable,,tip,hacking; toy; documentation,Billy Bass modification guide.,high,100,2018-11-07,main,https://www.instructables.com/id/Animate-a-Billy-Bass-Mouth-With-Any-Audio-Source/,,https://youtube.com/watch?v=HTposlYDjYU,https://www.makerprojectlab.com/dodecahedron-dance-party-maker-update-100/
Amped Atelier https://www.ampedatelier.com/,,tip,,No content available for this row.,low,100,2018-11-07,main,https://makerprojectlab.com/kitty-cruiser-maker-update-94/,,https://youtube.com/watch?v=HTposlYDjYU,https://www.makerprojectlab.com/dodecahedron-dance-party-maker-update-100/
Penolopy Bulnick Interview,,tip,interview; maker,Interview with maker.,high,100,2018-11-07,main,https://makerprojectlab.com/penolopy-bulnick-interview/,,https://youtube.com/watch?v=HTposlYDjYU,https://www.makerprojectlab.com/dodecahedron-dance-party-maker-update-100/
Mikeasaurus (Mike Warren) http://michaelsaurus.com/,,tip,,No content available for this row.,low,100,2018-11-07,main,https://makerprojectlab.com/deckards-binoculars-maker-update-56/,,https://youtube.com/watch?v=HTposlYDjYU,https://www.makerprojectlab.com/dodecahedron-dance-party-maker-update-100/
CANARY Corrugated Cardboard Cutter,,tip,cardboard; cutting,Cardboard cutter tool.,high,100,2018-11-07,main,https://www.amazon.com/exec/obidos/ASIN/B008RIS0UY/ctmakerupdate-20,,https://youtube.com/watch?v=HTposlYDjYU,https://www.makerprojectlab.com/dodecahedron-dance-party-maker-update-100/
Noe and Pedro Ruiz,,tip,,No content available for this row.,low,100,2018-11-07,main,https://learn.adafruit.com/users/pixil3d,,https://youtube.com/watch?v=HTposlYDjYU,https://www.makerprojectlab.com/dodecahedron-dance-party-maker-update-100/
Ghost Rider Costume,mikeasaurus,project,cosplay; costume; props; led; wearables,Ghost Rider costume with LED effects.,high,99,2018-10-31,main,https://www.instructables.com/id/Ghost-Rider-Costume/,,https://youtube.com/watch?v=r0NOvH9xaKc,https://www.makerprojectlab.com/boards-bots-ghosts-maker-update-99/
Fire effect flame simulation LED light kit,,project,led; lighting; special-effects; pyrotechnics,LED kit for realistic flame effects.,high,99,2018-10-31,main,https://amzn.to/2JlSCLQ,,https://youtube.com/watch?v=r0NOvH9xaKc,https://www.makerprojectlab.com/boards-bots-ghosts-maker-update-99/
Robot Cat,Rongzhong Li,project,robotics; animatronics; 3d-printing,Quadruped robot cat with animation.,high,99,2018-10-31,main,https://www.raspberrypi.org/blog/robotic-cat-petoi-nybble/,,https://youtube.com/watch?v=r0NOvH9xaKc,https://www.makerprojectlab.com/boards-bots-ghosts-maker-update-99/
https://www.hackster.io/RzLi/petoi-nybble-944867,,project,,No content available for this row.,low,99,2018-10-31,main,https://www.hackster.io/RzLi/petoi-nybble-944867,,https://youtube.com/watch?v=r0NOvH9xaKc,https://www.makerprojectlab.com/boards-bots-ghosts-maker-update-99/
Print a Brick,,tip,,No content available for this row.,low,99,2018-10-31,main,https://printabrick.org/,,https://youtube.com/watch?v=r0NOvH9xaKc,https://www.makerprojectlab.com/boards-bots-ghosts-maker-update-99/
Arduino vs Pi,Bob Clagett,tip,arduino; raspberry-pi; comparison; tutorial,Comparison between Arduino and Pi.,high,99,2018-10-31,main,https://youtu.be/c1R4TH6U9rc,,https://youtube.com/watch?v=r0NOvH9xaKc,https://www.makerprojectlab.com/boards-bots-ghosts-maker-update-99/
Picking the Right Arduino,James Lewis,tip,arduino; tutorial; selection-guide,Guide to choosing Arduino board.,high,99,2018-10-31,main,https://blog.hackster.io/picking-the-right-arduino-341a0a9550c7,,https://youtube.com/watch?v=r0NOvH9xaKc,https://www.makerprojectlab.com/boards-bots-ghosts-maker-update-99/
MagPi 75,,tip,raspberry-pi; magazine,Raspberry Pi magazine issue 75.,high,99,2018-10-31,main,https://www.raspberrypi.org/magpi/issues/75/,,https://youtube.com/watch?v=r0NOvH9xaKc,https://www.makerprojectlab.com/boards-bots-ghosts-maker-update-99/
LED Calc,,tip,led; electronics; calculator,LED circuit calculator tool.,high,99,2018-10-31,main,http://ledcalc.com/,,https://youtube.com/watch?v=r0NOvH9xaKc,https://www.makerprojectlab.com/boards-bots-ghosts-maker-update-99/
"Taipei City, Zhongzheng District",,tip,event,Maker event location.,low,99,2018-10-31,main,,,https://youtube.com/watch?v=r0NOvH9xaKc,https://www.makerprojectlab.com/boards-bots-ghosts-maker-update-99/
"Rio de Janeiro, Gávea",,tip,event,Maker event location.,low,99,2018-10-31,main,,,https://youtube.com/watch?v=r0NOvH9xaKc,https://www.makerprojectlab.com/boards-bots-ghosts-maker-update-99/
"Cleveland, Ohio",,tip,event,Maker event location.,low,99,2018-10-31,main,,,https://youtube.com/watch?v=r0NOvH9xaKc,https://www.makerprojectlab.com/boards-bots-ghosts-maker-update-99/
Wellington,,tip,event,Maker event location.,low,99,2018-10-31,main,,,https://youtube.com/watch?v=r0NOvH9xaKc,https://www.makerprojectlab.com/boards-bots-ghosts-maker-update-99/
Banksy Frame,Dave Buchanan,project,framing; art; printing; street-art,Framed street art reproduction project.,high,98,2018-10-24,main,https://www.thingiverse.com/thing:3157749,,https://youtube.com/watch?v=O8cwPGrUGYg,https://www.makerprojectlab.com/shred-your-own-banksy-maker-update-98/
Makezine coverage,,project,,No content available for this row.,low,98,2018-10-24,main,https://makezine.com/2018/10/19/3d-print-your-own-banksy-art-shredder-frame/,,https://youtube.com/watch?v=O8cwPGrUGYg,https://www.makerprojectlab.com/shred-your-own-banksy-maker-update-98/
POPgirl Wearable Computer Project Log,Sarah Petkus,project,wearables; computing; fashion-tech; led,Wearable computer fashion integration.,high,98,2018-10-24,main,https://hackaday.io/project/158886-she-bon/log/154313-popgirl-hardware-enclosure-build,,https://youtube.com/watch?v=O8cwPGrUGYg,https://www.makerprojectlab.com/shred-your-own-banksy-maker-update-98/
The Doorman,Tjahzi,project,,No content available for this row.,low,98,2018-10-24,main,https://www.thingiverse.com/thing:2753756,,https://youtube.com/watch?v=O8cwPGrUGYg,https://www.makerprojectlab.com/shred-your-own-banksy-maker-update-98/
GPS Enabled Audio Player (Fake Walkie-Talkie!),seanhodgins,project,electronics; gps; audio; wearables; raspberry-pi,GPS-triggered audio player walkie-talkie.,high,98,2018-10-24,main,https://www.instructables.com/id/GPS-Enabled-Audio-Player-Fake-Walkie-Talkie/,,https://youtube.com/watch?v=O8cwPGrUGYg,https://www.makerprojectlab.com/shred-your-own-banksy-maker-update-98/
Sand Table Sandbot,Rob Dobson,project,cnc; robotics; mechanical; kinetic-art,CNC sand drawing robot.,high,98,2018-10-24,main,https://robdobson.com/2018/08/a-new-sandbot/,,https://youtube.com/watch?v=O8cwPGrUGYg,https://www.makerprojectlab.com/shred-your-own-banksy-maker-update-98/
https://github.com/robdobsn/SandTableDesignScara,,project,,No content available for this row.,low,98,2018-10-24,main,https://github.com/robdobsn/SandTableDesignScara,,https://youtube.com/watch?v=O8cwPGrUGYg,https://www.makerprojectlab.com/shred-your-own-banksy-maker-update-98/
Sandbot Software,,project,,No content available for this row.,low,98,2018-10-24,main,https://robdobson.com/2018/09/sandbot-software-revamp/,,https://youtube.com/watch?v=O8cwPGrUGYg,https://www.makerprojectlab.com/shred-your-own-banksy-maker-update-98/
"Older version, but general idea",,project,,No content available for this row.,low,98,2018-10-24,main,https://youtu.be/-xGQmm7FXD4,,https://youtube.com/watch?v=O8cwPGrUGYg,https://www.makerprojectlab.com/shred-your-own-banksy-maker-update-98/
Aluminum jig for RC connections,,tip,metalworking; jig; rc; vehicles,Aluminum fixture for RC connections.,high,98,2018-10-24,main,https://amzn.to/2CRY60t,,https://youtube.com/watch?v=O8cwPGrUGYg,https://www.makerprojectlab.com/shred-your-own-banksy-maker-update-98/
In use on 3rd hand tool,Terry Dunn,tip,soldering; electronics-setup,Three-hand tool for hands-free work.,high,98,2018-10-24,main,https://www.tested.com/tech/590676-how-get-hobby-rc-soldering-battery-connectors/,,https://youtube.com/watch?v=O8cwPGrUGYg,https://www.makerprojectlab.com/shred-your-own-banksy-maker-update-98/
Cardboard Modelmaking Tools for Designers and Architects Eric Strebel breaks down his arsenal,,tip,cardboard; design; architecture,Cardboard working tools and techniques.,high,98,2018-10-24,main,https://www.youtube.com/watch?v=w0T9bX_M7jg,,https://youtube.com/watch?v=O8cwPGrUGYg,https://www.makerprojectlab.com/shred-your-own-banksy-maker-update-98/
30ml luer taper lock oval squeeze bottle w blunt needle,,tip,dispensing,Precision liquid dispensing tool.,high,98,2018-10-24,main,https://www.ebay.com/itm/401616408360,,https://youtube.com/watch?v=O8cwPGrUGYg,https://www.makerprojectlab.com/shred-your-own-banksy-maker-update-98/
Dozens of bike handle grip designs,Povhill,tip,bicycle; design; grips; mechanical,Multiple bicycle grip design variations.,high,98,2018-10-24,main,https://www.thingiverse.com/thing:3057306,,https://youtube.com/watch?v=O8cwPGrUGYg,https://www.makerprojectlab.com/shred-your-own-banksy-maker-update-98/
AxiDraw to Pantograph,Mike Jacobs,tip,plotting; mechanical; drawing; cnc,Pantograph drawing system design.,high,98,2018-10-24,main,https://www.evilmadscientist.com/2018/axidraw-pantograph/,,https://youtube.com/watch?v=O8cwPGrUGYg,https://www.makerprojectlab.com/shred-your-own-banksy-maker-update-98/
Best Solder Sucker - Cool Tools,,tip,soldering; electronics,Solder sucker tool review.,high,98,2018-10-24,main,https://youtu.be/TJkEAOkaL-4,,https://youtube.com/watch?v=O8cwPGrUGYg,https://www.makerprojectlab.com/shred-your-own-banksy-maker-update-98/
Engineer SS-02 Solder Sucker,,tip,soldering; electronics,Solder sucker tool model.,high,98,2018-10-24,main,https://amzn.to/2RKmGEK,,https://youtube.com/watch?v=O8cwPGrUGYg,https://www.makerprojectlab.com/shred-your-own-banksy-maker-update-98/
"EMSL Fall Open House, Saturday, November 10, 4 pm to 8 pm",,tip,event,Electronics lab open house.,high,98,2018-10-24,main,https://www.evilmadscientist.com/2018/fall-open-house-2/,,https://youtube.com/watch?v=O8cwPGrUGYg,https://www.makerprojectlab.com/shred-your-own-banksy-maker-update-98/
#Makevember,,tip,event; challenge,Maker challenge event.,high,98,2018-10-24,main,https://twitter.com/search?q=%23makevember&src=typd&lang=en,,https://youtube.com/watch?v=O8cwPGrUGYg,https://www.makerprojectlab.com/shred-your-own-banksy-maker-update-98/
Portable Skeeball Game,seamster,project,gaming; mechanical; 3d-printing; arcade,Portable DIY skeeball machine.,high,97,2018-10-17,main,https://www.instructables.com/id/Portable-Skeeball-Game/,,https://youtube.com/watch?v=AC_pu68oQcY,https://www.makerprojectlab.com/skeeball-on-wheels-maker-update-97/
Crawling Animatronic Hand,Dano Wall,project,animatronics; servo; 3d-printing; robotics,Motorized crawling hand.,high,97,2018-10-17,main,https://learn.adafruit.com/crawling-hand-with-CPX-and-MakeCode,,https://youtube.com/watch?v=AC_pu68oQcY,https://www.makerprojectlab.com/skeeball-on-wheels-maker-update-97/
FRILLER Robot,Al Bencomo,project,robotics; raspberry-pi; mechanism; locomotion,NASA-inspired robot crawler.,high,97,2018-10-17,main,https://github.com/IeiuniumLux/FRILLER,,https://youtube.com/watch?v=AC_pu68oQcY,https://www.makerprojectlab.com/skeeball-on-wheels-maker-update-97/
https://blog.adafruit.com/2018/10/11/the-nasa-friller-robot-uses-a-raspberry-pi-and-the-adafruit-motor-hat-raspberry_pi-nasa-adafruit-themagpi/,,project,,No content available for this row.,low,97,2018-10-17,main,https://blog.adafruit.com/2018/10/11/the-nasa-friller-robot-uses-a-raspberry-pi-and-the-adafruit-motor-hat-raspberry_pi-nasa-adafruit-themagpi/,,https://youtube.com/watch?v=AC_pu68oQcY,https://www.makerprojectlab.com/skeeball-on-wheels-maker-update-97/
https://www.raspberrypi.org/magpi-issues/MagPi74.pdf?utm_source=The+MagPi+mailing+list&utm_campaign=f1045c989a-EMAIL_CAMPAIGN_2018_07_25_03_39_COPY_01&utm_medium=email&utm_term=0_748d641b78-f1045c989a-495464047&mc_cid=f1045c989a&mc_eid=20df341f39#page=14,,project,,No content available for this row.,low,97,2018-10-17,main,https://www.raspberrypi.org/magpi-issues/MagPi74.pdf?utm_source=The+MagPi+mailing+list&utm_campaign=f1045c989a-EMAIL_CAMPAIGN_2018_07_25_03_39_COPY_01&utm_medium=email&utm_term=0_748d641b78-f1045c989a-495464047&mc_cid=f1045c989a&mc_eid=20df341f39#page=14,,https://youtube.com/watch?v=AC_pu68oQcY,https://www.makerprojectlab.com/skeeball-on-wheels-maker-update-97/
Converting Die Cast Toy Cars into Post-Apocalyptic Combat Vehicles,Gareth Branwyn,tip,customization; toy; modeling; painting,Modifying toy cars for dystopian.,high,97,2018-10-17,main,https://makezine.com/2018/10/12/converting-die-cast-toy-cars-into-post-apocalyptic-combat-vehicles/,,https://youtube.com/watch?v=AC_pu68oQcY,https://www.makerprojectlab.com/skeeball-on-wheels-maker-update-97/
Balloon Engine for Interlocking Toy Brick System,chazwhiz,tip,pneumatics; toy; mechanism; lego,Pneumatic balloon LEGO mechanism.,high,97,2018-10-17,main,https://www.thingiverse.com/thing:3060612,,https://youtube.com/watch?v=AC_pu68oQcY,https://www.makerprojectlab.com/skeeball-on-wheels-maker-update-97/
2 x AA Battery Holder with Knife Switch,,tip,electronics; power,DIY battery holder with switch.,high,97,2018-10-17,main,https://www.adafruit.com/product/3951,,https://youtube.com/watch?v=AC_pu68oQcY,https://www.makerprojectlab.com/skeeball-on-wheels-maker-update-97/
SparkMaker FHD resin 3D printer review,,tip,3d-printing; resin; tool-review,SparkMaker resin printer review.,high,97,2018-10-17,main,https://www.tested.com/tech/3d-printing/851385-sparkmaker-fhd-250-3d-printer-review/,,https://youtube.com/watch?v=AC_pu68oQcY,https://www.makerprojectlab.com/skeeball-on-wheels-maker-update-97/
Penlopy Bulnick Interview,,tip,interview; maker; profile,Interview with Penlopy Bulnick.,high,97,2018-10-17,main,https://youtu.be/9j24lS06KIw,,https://youtube.com/watch?v=AC_pu68oQcY,https://www.makerprojectlab.com/skeeball-on-wheels-maker-update-97/
"Beijing, Chaoyang",,tip,event,Maker event location.,low,97,2018-10-17,main,,,https://youtube.com/watch?v=AC_pu68oQcY,https://www.makerprojectlab.com/skeeball-on-wheels-maker-update-97/
"Fredonia, New York",,tip,event,Maker event location.,low,97,2018-10-17,main,,,https://youtube.com/watch?v=AC_pu68oQcY,https://www.makerprojectlab.com/skeeball-on-wheels-maker-update-97/
"Chattanooga, Tennessee",,tip,event,Maker event location.,low,97,2018-10-17,main,,,https://youtube.com/watch?v=AC_pu68oQcY,https://www.makerprojectlab.com/skeeball-on-wheels-maker-update-97/
"Colorado Springs, Colorado",,tip,event,Maker event location.,low,97,2018-10-17,main,,,https://youtube.com/watch?v=AC_pu68oQcY,https://www.makerprojectlab.com/skeeball-on-wheels-maker-update-97/
"Oakland, California",,tip,event,Maker event location.,low,97,2018-10-17,main,,,https://youtube.com/watch?v=AC_pu68oQcY,https://www.makerprojectlab.com/skeeball-on-wheels-maker-update-97/
Mug-O-Matic: A Modular Tiny CNC,Michael Graham,project,cnc; milling; precision; diy-cnc,Miniature CNC milling machine.,high,96,2018-10-12,main,https://hackaday.io/project/158014/instructions,,https://youtube.com/watch?v=ptqvxUrnVU8,https://www.makerprojectlab.com/coffee-mug-cnc-maker-update-96/
https://youtu.be/A-y_Z2egbf8,,project,,No content available for this row.,low,96,2018-10-12,main,https://youtu.be/A-y_Z2egbf8,,https://youtube.com/watch?v=ptqvxUrnVU8,https://www.makerprojectlab.com/coffee-mug-cnc-maker-update-96/
https://youtu.be/EGnOKyPqEH8,,project,,No content available for this row.,low,96,2018-10-12,main,https://youtu.be/EGnOKyPqEH8,,https://youtube.com/watch?v=ptqvxUrnVU8,https://www.makerprojectlab.com/coffee-mug-cnc-maker-update-96/
Hello Light [Sound Reactive RGBW Cylinder],Jeremy S. Cook,project,led; neopixel; audio-reactive; lighting,Sound-reactive RGB LED cylinder.,high,96,2018-10-12,main,https://youtu.be/hvRX9n95TBY,,https://youtube.com/watch?v=ptqvxUrnVU8,https://www.makerprojectlab.com/coffee-mug-cnc-maker-update-96/
Princess Peach LED Crown,Ruiz Bros.,project,cosplay; led; wearables; costume,LED-lit video game character tiara.,high,96,2018-10-12,main,https://learn.adafruit.com/bowsette,,https://youtube.com/watch?v=ptqvxUrnVU8,https://www.makerprojectlab.com/coffee-mug-cnc-maker-update-96/
"Hoverbot: A low cost, modular, hoverboard-based, open source robot",Isabelle Simova,project,robotics; hoverboard; mobile-platform; modular,DIY robot from hoverboard.,high,96,2018-10-12,main,https://hackaday.io/project/158256-hoverbot,,https://youtube.com/watch?v=ptqvxUrnVU8,https://www.makerprojectlab.com/coffee-mug-cnc-maker-update-96/
Interactive Trampoline - Jumping for joy,Mao Wu,project,interactive; led; sensor; arduino,LED-reactive trampoline platform.,high,96,2018-10-12,main,https://makershare.com/projects/interactive-trampoline-jumping-joy,,https://youtube.com/watch?v=ptqvxUrnVU8,https://www.makerprojectlab.com/coffee-mug-cnc-maker-update-96/
Coin Sorter,Andrew Bond,project,robotics; automation; mechanical; sorting,Automated coin sorting machine.,high,96,2018-10-12,main,https://www.thingiverse.com/thing:3125524,,https://youtube.com/watch?v=ptqvxUrnVU8,https://www.makerprojectlab.com/coffee-mug-cnc-maker-update-96/
Zero Stem for Pi Zero 1.3 and Pi Zero W 1.1,,tip,raspberry-pi; connector,Connector adapter for Pi Zero.,high,96,2018-10-12,main,https://www.adafruit.com/product/3945,,https://youtube.com/watch?v=ptqvxUrnVU8,https://www.makerprojectlab.com/coffee-mug-cnc-maker-update-96/
3D Printer Buying advice,Bob Clagett,tip,3d-printing; selection,Guide to choosing 3D printer.,high,96,2018-10-12,main,https://youtu.be/-TzGVRWgS3g,,https://youtube.com/watch?v=ptqvxUrnVU8,https://www.makerprojectlab.com/coffee-mug-cnc-maker-update-96/
3D Printed 9v Battery Holder Andrew Yarovoi,,tip,3d-printing; electronics,DIY 3D-printed battery holder.,high,96,2018-10-12,main,https://www.thingiverse.com/thing:2998836,,https://youtube.com/watch?v=ptqvxUrnVU8,https://www.makerprojectlab.com/coffee-mug-cnc-maker-update-96/
LED Matrix Jigs,mohit,tip,led; jig; assembly; fixture,Assembly jig for LED matrix.,high,96,2018-10-12,main,https://www.thingiverse.com/thing:3147406,,https://youtube.com/watch?v=ptqvxUrnVU8,https://www.makerprojectlab.com/coffee-mug-cnc-maker-update-96/
Mohit on Instagram,,tip,,No content available for this row.,low,96,2018-10-12,main,https://www.instagram.com/mohitbhoite/#,,https://youtube.com/watch?v=ptqvxUrnVU8,https://www.makerprojectlab.com/coffee-mug-cnc-maker-update-96/
Adafruit jobs board is back,,tip,employment,Job board for positions.,high,96,2018-10-12,main,https://jobs.adafruit.com/,,https://youtube.com/watch?v=ptqvxUrnVU8,https://www.makerprojectlab.com/coffee-mug-cnc-maker-update-96/
Silicone vs PVC Hookup Wire,,tip,electronics; wire; comparison,Silicone vs PVC wiring comparison.,high,96,2018-10-12,main,https://kk.org/cooltools/silicone-coated-hookup-wire/,,https://youtube.com/watch?v=ptqvxUrnVU8,https://www.makerprojectlab.com/coffee-mug-cnc-maker-update-96/
"Denver, Colorado",,tip,event,Maker event location.,low,96,2018-10-12,main,,,https://youtube.com/watch?v=ptqvxUrnVU8,https://www.makerprojectlab.com/coffee-mug-cnc-maker-update-96/
"Shenzhen, Shekou, Nanshan",,tip,event,Maker event location.,low,96,2018-10-12,main,,,https://youtube.com/watch?v=ptqvxUrnVU8,https://www.makerprojectlab.com/coffee-mug-cnc-maker-update-96/
"Houston, Texas",,tip,event,Maker event location.,low,96,2018-10-12,main,,,https://youtube.com/watch?v=ptqvxUrnVU8,https://www.makerprojectlab.com/coffee-mug-cnc-maker-update-96/
Aarhus,,tip,event,Maker event location.,low,96,2018-10-12,main,,,https://youtube.com/watch?v=ptqvxUrnVU8,https://www.makerprojectlab.com/coffee-mug-cnc-maker-update-96/
"Biddeford, Maine",,tip,event,Maker event location.,low,96,2018-10-12,main,,,https://youtube.com/watch?v=ptqvxUrnVU8,https://www.makerprojectlab.com/coffee-mug-cnc-maker-update-96/
Chisinau,,tip,event,Maker event location.,low,96,2018-10-12,main,,,https://youtube.com/watch?v=ptqvxUrnVU8,https://www.makerprojectlab.com/coffee-mug-cnc-maker-update-96/
"Charlotte, North Carolina",,tip,event,Maker event location.,low,96,2018-10-12,main,,,https://youtube.com/watch?v=ptqvxUrnVU8,https://www.makerprojectlab.com/coffee-mug-cnc-maker-update-96/
"Reno/Sparks, Nevada",,tip,event,Maker event location.,low,96,2018-10-12,main,,,https://youtube.com/watch?v=ptqvxUrnVU8,https://www.makerprojectlab.com/coffee-mug-cnc-maker-update-96/
Maker Music Festival,,tip,event; festival; music,Maker music festival announcement.,high,96,2018-10-12,main,http://www.chimeraarts.org/mmf,,https://youtube.com/watch?v=ptqvxUrnVU8,https://www.makerprojectlab.com/coffee-mug-cnc-maker-update-96/
Hackaday Supercon Nov 2-4,,tip,event; conference; electronics,Hackaday Supercon conference.,high,96,2018-10-12,main,https://hackaday.com/2018/10/08/everything-supercon-this-is-big/,,https://youtube.com/watch?v=ptqvxUrnVU8,https://www.makerprojectlab.com/coffee-mug-cnc-maker-update-96/
How to Install LEDs Under a Scooter (with Bluetooth),bekathwia,project,led; bluetooth; scooter; wearables; wireless,Wireless LED underglow for scooter.,high,95,2018-10-03,main,https://www.instructables.com/id/How-to-Install-LEDs-Under-a-Scooter-with-Bluetooth/,,https://youtube.com/watch?v=8qcsEytDyR0,https://www.makerprojectlab.com/hocus-pocus-maker-update-95/
Stitched Neck and Dripping Bloody Neck,Penolopy Bulnick,project,cosplay; costume; sewing; halloween,Realistic Halloween costume piece.,high,95,2018-10-03,main,https://www.instructables.com/id/3D-Print-Halloween-Jewelry/,,https://youtube.com/watch?v=8qcsEytDyR0,https://www.makerprojectlab.com/hocus-pocus-maker-update-95/
Ultimate DIY Fog Chiller,WickedMakers,project,cooling; effects; mechanical; stage-effects,DIY fog cooling for effects.,high,95,2018-10-03,main,https://www.instructables.com/id/Ultimate-DIY-Fog-Chiller/,,https://youtube.com/watch?v=8qcsEytDyR0,https://www.makerprojectlab.com/hocus-pocus-maker-update-95/
HalloWing Magic 9 Ball,John Park,project,led; halloween; adafruit; electronics,Halloween prop with LED display.,high,95,2018-10-03,main,https://learn.adafruit.com/hallowing-magic-9-ball,,https://youtube.com/watch?v=8qcsEytDyR0,https://www.makerprojectlab.com/hocus-pocus-maker-update-95/
Hocus Pocus Book - Hallowing Eye,Ruiz Bros.,project,halloween; props; led; 3d-printing,Halloween book prop with LED.,high,95,2018-10-03,main,https://learn.adafruit.com/hocus-pocus-book-eye,,https://youtube.com/watch?v=8qcsEytDyR0,https://www.makerprojectlab.com/hocus-pocus-maker-update-95/
PolaPi-Zero,Muth,project,raspberry-pi; camera; instant-photography,Instant camera with Raspberry Pi.,high,95,2018-10-03,main,https://hackaday.io/project/19731-polapi-zero,,https://youtube.com/watch?v=8qcsEytDyR0,https://www.makerprojectlab.com/hocus-pocus-maker-update-95/
Painters tape cutter,Oparie,tip,shop-tools; diy; cutting-tool,DIY painter's tape cutting tool.,high,95,2018-10-03,main,https://www.thingiverse.com/thing:3106118,,https://youtube.com/watch?v=8qcsEytDyR0,https://www.makerprojectlab.com/hocus-pocus-maker-update-95/
Worm gearbox 1:60,daGHIZmo,tip,mechanical; gears; motion,High-reduction worm gear.,high,95,2018-10-03,main,https://www.thingiverse.com/thing:3079719,,https://youtube.com/watch?v=8qcsEytDyR0,https://www.makerprojectlab.com/hocus-pocus-maker-update-95/
Build a Custom Front Panel,Jan Goolsbey,tip,enclosure; panels; cnc; fabrication,Guide to designing panels.,high,95,2018-10-03,main,https://learn.adafruit.com/build-a-custom-front-panel,,https://youtube.com/watch?v=8qcsEytDyR0,https://www.makerprojectlab.com/hocus-pocus-maker-update-95/
Best trauma shears under $10,Cool Tools,tip,cutting; emergency,Budget emergency shears tool.,high,95,2018-10-03,main,https://youtu.be/PfxT8Fyz0F0,,https://youtube.com/watch?v=8qcsEytDyR0,https://www.makerprojectlab.com/hocus-pocus-maker-update-95/
MagPi 74 is out,,tip,magazine; raspberry-pi,Raspberry Pi magazine announcement.,high,95,2018-10-03,main,https://www.raspberrypi.org/magpi/issues/74/,,https://youtube.com/watch?v=8qcsEytDyR0,https://www.makerprojectlab.com/hocus-pocus-maker-update-95/
New Make is out,,tip,magazine,Make magazine announcement.,high,95,2018-10-03,main,https://youtu.be/b7FEpkNf_2E,,https://youtube.com/watch?v=8qcsEytDyR0,https://www.makerprojectlab.com/hocus-pocus-maker-update-95/
DIY Electric Skateboard for Cats,Kim Pimmel,project,skateboard; electric; pets; funny; mechanical,Motorized skateboard for cats.,high,94,2018-09-19,main,https://youtu.be/QLCUyJK0hVM,,https://youtube.com/watch?v=lggNXSETbeY,https://www.makerprojectlab.com/kitty-cruiser-maker-update-94/
https://youtu.be/cDQPbFEfeYk?t=6m21s,,project,,No content available for this row.,low,94,2018-09-19,main,https://youtu.be/cDQPbFEfeYk?t=6m21s,,https://youtube.com/watch?v=lggNXSETbeY,https://www.makerprojectlab.com/kitty-cruiser-maker-update-94/
MIDI Solenoid Drummer,Collin Cunningham,project,midi; music; solenoid; percussion; automation,Automated drum machine via MIDI.,high,94,2018-09-19,main,https://learn.adafruit.com/midi-solenoid-drummer,,https://youtube.com/watch?v=lggNXSETbeY,https://www.makerprojectlab.com/kitty-cruiser-maker-update-94/
Flexible 3D Print Masks,Penolopy Bulnick,project,3d-printing; flexible-plastic; mask; wearables,Comfortable 3D-printed face masks.,high,94,2018-09-19,main,https://www.instructables.com/id/Flexible-3D-Print-Masks/,,https://youtube.com/watch?v=lggNXSETbeY,https://www.makerprojectlab.com/kitty-cruiser-maker-update-94/
Animated & Illuminated Happy Ghost,gzumwalt,project,halloween; led; animation; 3d-printing,Moving and glowing ghost.,high,94,2018-09-19,main,https://www.instructables.com/id/Animated-Illuminated-Happy-Ghost/,,https://youtube.com/watch?v=lggNXSETbeY,https://www.makerprojectlab.com/kitty-cruiser-maker-update-94/
Tea Light Ghost Lamp,gzumwalt,project,halloween; led; lighting; 3d-printing,Ghost-shaped lamp.,high,94,2018-09-19,main,https://www.instructables.com/id/Tea-Light-Ghost-Lamp/,,https://youtube.com/watch?v=lggNXSETbeY,https://www.makerprojectlab.com/kitty-cruiser-maker-update-94/
Zelda: Breath of the Wild – 3D Printed Bladesaw,Ruiz Bros.,project,cosplay; 3d-printing; props; gaming; weapons,Video game weapon replica.,high,94,2018-09-19,main,https://learn.adafruit.com/bladesaw,,https://youtube.com/watch?v=lggNXSETbeY,https://www.makerprojectlab.com/kitty-cruiser-maker-update-94/
HalloWing All-Seeing Skull,John Park,project,halloween; led; adafruit; 3d-printing; props,LED-lit skull prop with animation.,high,94,2018-09-19,main,https://learn.adafruit.com/hallowing-all-seeing-skull,,https://youtube.com/watch?v=lggNXSETbeY,https://www.makerprojectlab.com/kitty-cruiser-maker-update-94/
Jeremy Cook's Octoprint add-ons,,tip,3d-printing; software; octoprint,OctoPrint 3D printer plugins.,high,94,2018-09-19,main,,,https://youtube.com/watch?v=lggNXSETbeY,https://www.makerprojectlab.com/kitty-cruiser-maker-update-94/
Camera Mount,,tip,,No content available for this row.,low,94,2018-09-19,main,https://youtu.be/vfvRjzpPOho,,https://youtube.com/watch?v=lggNXSETbeY,https://www.makerprojectlab.com/kitty-cruiser-maker-update-94/
Companion Instructable with base design file,,tip,,No content available for this row.,low,94,2018-09-19,main,https://www.instructables.com/id/Raspberry-Pi-Upside-Down-Mount-for-3D-Printing/,,https://youtube.com/watch?v=lggNXSETbeY,https://www.makerprojectlab.com/kitty-cruiser-maker-update-94/
Remote 3D Printer Power Switch,,tip,3d-printing; smart-home; automation; iot,WiFi printer power switch.,high,94,2018-09-19,main,https://youtu.be/Bq45DVQdw8A,,https://youtube.com/watch?v=lggNXSETbeY,https://www.makerprojectlab.com/kitty-cruiser-maker-update-94/
Bob Clagett Angle Grinder overview,,tip,power-tools,Angle grinder usage guide.,high,94,2018-09-19,main,https://youtu.be/oWtlE-Gc63c,,https://youtube.com/watch?v=lggNXSETbeY,https://www.makerprojectlab.com/kitty-cruiser-maker-update-94/
How to Fix Corroded Battery Terminals,lonesoulsurfer,tip,electronics; maintenance; battery,Cleaning battery connections.,high,94,2018-09-19,main,https://www.instructables.com/id/How-to-Fix-Corroded-Battery-Terminals/,,https://youtube.com/watch?v=lggNXSETbeY,https://www.makerprojectlab.com/kitty-cruiser-maker-update-94/
Calliper Wall Support,Franks3dShop,tip,3d-printing; support; printing-aids,3D print support structure.,high,94,2018-09-19,main,https://www.thingiverse.com/thing:3085101,,https://youtube.com/watch?v=lggNXSETbeY,https://www.makerprojectlab.com/kitty-cruiser-maker-update-94/
Hobby RC: Analyzing LiPo Battery Discharge Rates,TERRY DUNN,tip,rc; battery; electronics; measurement,LiPo battery discharge rates.,high,94,2018-09-19,main,https://www.tested.com/art/makers/846909-hobby-rc-analyzing-lipo-battery-discharge-rates/,,https://youtube.com/watch?v=lggNXSETbeY,https://www.makerprojectlab.com/kitty-cruiser-maker-update-94/
RC Battery Guide: The Basics of Lithium-Polymer Batteries,TERRY DUNN,tip,rc; battery; electronics,Comprehensive LiPo battery guide.,high,94,2018-09-19,main,https://www.tested.com/tech/502351-rc-battery-guide-basics-lithium-polymer-batteries/,,https://youtube.com/watch?v=lggNXSETbeY,https://www.makerprojectlab.com/kitty-cruiser-maker-update-94/
3 Unexpectedly Great Ryobi Tools,,tip,power-tools; tool-review,Ryobi tool capabilities review.,high,94,2018-09-19,main,https://youtu.be/y_UzTMRhlcQ,,https://youtube.com/watch?v=lggNXSETbeY,https://www.makerprojectlab.com/kitty-cruiser-maker-update-94/
"Corona, Queens NY",,tip,event,Maker event location.,low,94,2018-09-19,main,,,https://youtube.com/watch?v=lggNXSETbeY,https://www.makerprojectlab.com/kitty-cruiser-maker-update-94/
"Shreveport, Louisiana",,tip,event,Maker event location.,low,94,2018-09-19,main,,,https://youtube.com/watch?v=lggNXSETbeY,https://www.makerprojectlab.com/kitty-cruiser-maker-update-94/
"Prince George, BC",,tip,event,Maker event location.,low,94,2018-09-19,main,,,https://youtube.com/watch?v=lggNXSETbeY,https://www.makerprojectlab.com/kitty-cruiser-maker-update-94/
Kathmandu,,tip,event,Maker event location.,low,94,2018-09-19,main,,,https://youtube.com/watch?v=lggNXSETbeY,https://www.makerprojectlab.com/kitty-cruiser-maker-update-94/
"Akron, Ohio",,tip,event,Maker event location.,low,94,2018-09-19,main,,,https://youtube.com/watch?v=lggNXSETbeY,https://www.makerprojectlab.com/kitty-cruiser-maker-update-94/
"Shelburne Farms, Vermont",,tip,event,Maker event location.,low,94,2018-09-19,main,,,https://youtube.com/watch?v=lggNXSETbeY,https://www.makerprojectlab.com/kitty-cruiser-maker-update-94/
Patreon,,tip,patreon; support,Patreon supporter information.,low,94,2018-09-19,main,,,https://youtube.com/watch?v=lggNXSETbeY,https://www.makerprojectlab.com/kitty-cruiser-maker-update-94/
Keep Maker Update independent. Support it on Patreon.,,tip,,No content available for this row.,low,94,2018-09-19,main,https://www.patreon.com/makerprojectlab,,https://youtube.com/watch?v=lggNXSETbeY,https://www.makerprojectlab.com/kitty-cruiser-maker-update-94/
HalloWing Lightsabers,John Park,project,halloween; cosplay; props; led; adafruit,LED lightsaber props with Adafruit.,high,93,2018-09-12,main,https://learn.adafruit.com/hallowing-lightsaber,,https://youtube.com/watch?v=5Cdk8DT6pck,https://www.makerprojectlab.com/wearable-ouija-maker-update-93/
Hallowing Spirit Board,Phil Burgess,project,halloween; props; led; adafruit; ouija,Illuminated ouija board prop.,high,93,2018-09-12,main,https://learn.adafruit.com/hallowing-spirit-board/overview,,https://youtube.com/watch?v=5Cdk8DT6pck,https://www.makerprojectlab.com/wearable-ouija-maker-update-93/
How to 3D Print on String (How to Make Floating Jewelry),Penolopy Bulnick,project,3d-printing; jewelry; wearables,Printing suspended string designs.,high,93,2018-09-12,main,https://www.instructables.com/id/How-to-3D-Print-on-String/,,https://youtube.com/watch?v=5Cdk8DT6pck,https://www.makerprojectlab.com/wearable-ouija-maker-update-93/
Red Baron Hand Launched Glider,gzumwalt,project,woodworking; aircraft; foam; modeling,Hand-launched foam glider.,high,93,2018-09-12,main,https://www.instructables.com/id/Red-Baron-Hand-Launched-Glider/,,https://youtube.com/watch?v=5Cdk8DT6pck,https://www.makerprojectlab.com/wearable-ouija-maker-update-93/
Red Baron II: Hand Launched Biplane Glider,gzumwalt,project,woodworking; aircraft; foam; modeling,Two-winged foam glider plane.,high,93,2018-09-12,main,https://www.instructables.com/id/Red-Baron-II-Hand-Launched-Biplane-Glider/,,https://youtube.com/watch?v=5Cdk8DT6pck,https://www.makerprojectlab.com/wearable-ouija-maker-update-93/
Motorized Marble Machine,Ruiz Bros.,project,mechanical; kinetic-art; 3d-printing; motors,Automated marble track machine.,high,93,2018-09-12,main,https://learn.adafruit.com/marble-run,,https://youtube.com/watch?v=5Cdk8DT6pck,https://www.makerprojectlab.com/wearable-ouija-maker-update-93/
All About POP Rivets,clickclackclunk,tip,joining; metalworking; fasteners,Pop rivet installation guide.,high,93,2018-09-12,main,https://www.instructables.com/id/All-About-POP-Rivets/,,https://youtube.com/watch?v=5Cdk8DT6pck,https://www.makerprojectlab.com/wearable-ouija-maker-update-93/
Soldering Tips,Bob Clagett,tip,soldering; electronics,Soldering best practices guide.,high,93,2018-09-12,main,https://youtu.be/1qqh0GkTonc,,https://youtube.com/watch?v=5Cdk8DT6pck,https://www.makerprojectlab.com/wearable-ouija-maker-update-93/
Diresta Hacks From Making It Show,,tip,,No content available for this row.,low,93,2018-09-12,main,https://youtu.be/Iig3G4TozTM,,https://youtube.com/watch?v=5Cdk8DT6pck,https://www.makerprojectlab.com/wearable-ouija-maker-update-93/
Adding Screw Threads to 3D Printed Parts,Formlabs,tip,3d-printing; post-processing; threaded-inserts,Adding screw threads to prints.,high,93,2018-09-12,main,https://formlabs.com/blog/adding-screw-threads-3d-printed-parts/,,https://youtube.com/watch?v=5Cdk8DT6pck,https://www.makerprojectlab.com/wearable-ouija-maker-update-93/
MagPi 73 download,,tip,magazine; raspberry-pi,Raspberry Pi magazine issue.,high,93,2018-09-12,main,https://www.raspberrypi.org/magpi/issues/73/,,https://youtube.com/watch?v=5Cdk8DT6pck,https://www.makerprojectlab.com/wearable-ouija-maker-update-93/
Cable Wrap Roundup,,tip,cable-management; organization,Cable wrap options overview.,high,93,2018-09-12,main,https://kk.org/cooltools/5-sleeves-for-covering-cables/,,https://youtube.com/watch?v=5Cdk8DT6pck,https://www.makerprojectlab.com/wearable-ouija-maker-update-93/
Patreon,,tip,patreon; support,Patreon supporter information.,low,93,2018-09-12,main,,,https://youtube.com/watch?v=5Cdk8DT6pck,https://www.makerprojectlab.com/wearable-ouija-maker-update-93/
"Keep Maker Update Independent, Support it on Patreon",,tip,,No content available for this row.,low,93,2018-09-12,main,https://www.patreon.com/makerprojectlab,,https://youtube.com/watch?v=5Cdk8DT6pck,https://www.makerprojectlab.com/wearable-ouija-maker-update-93/
Gmail Box,Ruiz Bros.,project,3d-printing; gadgets; electronics; fun,3D-printed sound effect device.,high,92,2018-08-29,main,https://learn.adafruit.com/gmailbox,,https://youtube.com/watch?v=PZQlOUlL1MA,https://www.makerprojectlab.com/maker-mailbox-maker-update-92/
3D Hangouts Overview,,project,,No content available for this row.,low,92,2018-08-29,main,https://youtu.be/XzZ0uf1ZRUU,,https://youtube.com/watch?v=PZQlOUlL1MA,https://www.makerprojectlab.com/maker-mailbox-maker-update-92/
Tiny Trak - Various Parts,SnappyFPV,project,gps; tracking; electronics; fpv; drone,Miniature GPS tracking device.,high,92,2018-08-29,main,https://www.thingiverse.com/thing:2896083,,https://youtube.com/watch?v=PZQlOUlL1MA,https://www.makerprojectlab.com/maker-mailbox-maker-update-92/
Complaint Button II: Hammer Time,gzumwalt,project,electronics; mechanical; novelty; button,Oversized button with sounds.,high,92,2018-08-29,main,https://www.instructables.com/id/Complaint-Button-II-Hammer-Time/,,https://youtube.com/watch?v=PZQlOUlL1MA,https://www.makerprojectlab.com/maker-mailbox-maker-update-92/
Original Complaint Button,,project,,No content available for this row.,low,92,2018-08-29,main,https://www.instructables.com/id/Complaint-Button/,,https://youtube.com/watch?v=PZQlOUlL1MA,https://www.makerprojectlab.com/maker-mailbox-maker-update-92/
Circuit Playground Express Perk-up Ears,Dave Astels,project,adafruit; wearables; costume; electronics,Motorized ears with Circuit Playground.,high,92,2018-08-29,main,https://learn.adafruit.com/perk-up-ears,,https://youtube.com/watch?v=PZQlOUlL1MA,https://www.makerprojectlab.com/maker-mailbox-maker-update-92/
"El Kentaro’s 3DPrinted “Hacker Pass Case RPi0” Holds Lockpicks, USB Adapter, and a Pi Zero",,project,3d-printing; raspberry-pi; case; storage,3D-printed case for Pi.,high,92,2018-08-29,main,https://blog.adafruit.com/2018/08/24/el-kentaros-3dprinted-hacker-pass-case-rpi0-holds-lockpicks-usb-adapter-and-a-pi-zero/,,https://youtube.com/watch?v=PZQlOUlL1MA,https://www.makerprojectlab.com/maker-mailbox-maker-update-92/
"El Kentaro’s 3DPrinted “Hacker Pass Case RPi0” Holds Lockpicks, USB Adapter, and a Pi Zero",,project,3d-printing; raspberry-pi; case; storage,3D-printed case for Pi.,high,92,2018-08-29,main,https://www.thingiverse.com/thing:2956003,,https://youtube.com/watch?v=PZQlOUlL1MA,https://www.makerprojectlab.com/maker-mailbox-maker-update-92/
HalloWing Light Paintstick,John Park,project,halloween; led; painting; adafruit; props,LED light stick for effects.,high,92,2018-08-29,main,https://learn.adafruit.com/hallowing-light-paintstick,,https://youtube.com/watch?v=PZQlOUlL1MA,https://www.makerprojectlab.com/maker-mailbox-maker-update-92/
Make Anything in STYRENE Plastic,Giaco Whatever,tip,styrene; plastic; thermoforming; vacuum-forming,Working with styrene plastic.,high,92,2018-08-29,main,https://youtu.be/ktbOI5pJZN0,,https://youtube.com/watch?v=PZQlOUlL1MA,https://www.makerprojectlab.com/maker-mailbox-maker-update-92/
All About Tapping for Screws and Bolts,clickclackclunk,tip,metalworking; threading; fasteners,Creating screw threads.,high,92,2018-08-29,main,https://www.instructables.com/id/All-About-Tapping-for-Screws-and-Bolts/,,https://youtube.com/watch?v=PZQlOUlL1MA,https://www.makerprojectlab.com/maker-mailbox-maker-update-92/
Pi POE Hat Now Available,,tip,raspberry-pi; networking; power,Power-over-Ethernet for Pi.,high,92,2018-08-29,main,https://www.raspberrypi.org/blog/introducing-power-over-ethernet-poe-hat/,,https://youtube.com/watch?v=PZQlOUlL1MA,https://www.makerprojectlab.com/maker-mailbox-maker-update-92/
New in the Tool Box,,tip,,No content available for this row.,low,92,2018-08-29,main,https://kk.org/cooltools/whats-new-in-my-tool-box/,,https://youtube.com/watch?v=PZQlOUlL1MA,https://www.makerprojectlab.com/maker-mailbox-maker-update-92/
Blinkenlights for Burning Man & Beyond,Alex Glow,tip,led; lighting; wearables; festival,LED wear-lights for festivals.,high,92,2018-08-29,main,https://www.hackster.io/glowascii/blinkenlights-for-burning-man-beyond-1642c5,,https://youtube.com/watch?v=PZQlOUlL1MA,https://www.makerprojectlab.com/maker-mailbox-maker-update-92/
Tinkercad site refresh,,tip,cad; 3d-design; software,Tinkercad CAD software update.,high,92,2018-08-29,main,https://www.tinkercad.com/,,https://youtube.com/watch?v=PZQlOUlL1MA,https://www.makerprojectlab.com/maker-mailbox-maker-update-92/
Porto Alegre,,tip,event,Maker event location.,low,92,2018-08-29,main,,,https://youtube.com/watch?v=PZQlOUlL1MA,https://www.makerprojectlab.com/maker-mailbox-maker-update-92/
"Des Moines, Iowa",,tip,event,Maker event location.,low,92,2018-08-29,main,,,https://youtube.com/watch?v=PZQlOUlL1MA,https://www.makerprojectlab.com/maker-mailbox-maker-update-92/
This Clever 3D Print Turns Thumbstick to A Steering Wheel,,project,3d-printing; gaming; controller; mods,3D-printed thumbstick adapter.,high,91,2018-08-22,main,https://makezine.com/2018/08/16/this-clever-3d-print-turns-thumbstick-to-a-steering-wheel/,,https://youtube.com/watch?v=ODu4x-oXUco,https://www.makerprojectlab.com/thumbstick-steering-wheel-maker-update-91/
Original design on Thingiverse,pixel2,project,3d-printing; design; repository,3D-printable design model.,high,91,2018-08-22,main,https://www.thingiverse.com/thing:3049220,,https://youtube.com/watch?v=ODu4x-oXUco,https://www.makerprojectlab.com/thumbstick-steering-wheel-maker-update-91/
WiFi Propeller Boat II,gzumwalt,project,robotics; boat; wifi; remote-control,WiFi-controlled robot boat.,high,91,2018-08-22,main,https://www.instructables.com/id/WiFi-Paddle-Boat-II/,,https://youtube.com/watch?v=ODu4x-oXUco,https://www.makerprojectlab.com/thumbstick-steering-wheel-maker-update-91/
Tiny Boat MK2,Gophy,project,boat; electronics; robotics,Small motor-powered boat.,high,91,2018-08-22,main,https://www.thingiverse.com/thing:3039719,,https://youtube.com/watch?v=ODu4x-oXUco,https://www.makerprojectlab.com/thumbstick-steering-wheel-maker-update-91/
Adabot Operation Game,John Park,project,adafruit; game; electronics; interactive,Robot-themed interactive game.,high,91,2018-08-22,main,https://learn.adafruit.com/adabot-operation-game,,https://youtube.com/watch?v=ODu4x-oXUco,https://www.makerprojectlab.com/thumbstick-steering-wheel-maker-update-91/
Online SVG tools for Cricut users,Clever Someday,tip,cricut; svg; software; design-tool,Web tools for Cricut design.,high,91,2018-08-22,main,http://cleversomeday.com/svgtools/,,https://youtube.com/watch?v=ODu4x-oXUco,https://www.makerprojectlab.com/thumbstick-steering-wheel-maker-update-91/
LEGO Compatible Battery Case,Ruiz Bros.,tip,lego; battery; storage; 3d-printing,LEGO-compatible battery case.,high,91,2018-08-22,main,https://learn.adafruit.com/lego-compatible-battery-case,,https://youtube.com/watch?v=ODu4x-oXUco,https://www.makerprojectlab.com/thumbstick-steering-wheel-maker-update-91/
Adafruit Hallowing,,tip,adafruit; microcontroller; halloween; electronics,Microcontroller for Halloween.,high,91,2018-08-22,main,https://learn.adafruit.com/adafruit-hallowing/spooky-eyes,,https://youtube.com/watch?v=ODu4x-oXUco,https://www.makerprojectlab.com/thumbstick-steering-wheel-maker-update-91/
John Park overview,,tip,,No content available for this row.,low,91,2018-08-22,main,https://youtu.be/YovsR1I0pEM?t=7m54s,,https://youtube.com/watch?v=ODu4x-oXUco,https://www.makerprojectlab.com/thumbstick-steering-wheel-maker-update-91/
DeWalt Right-Angle Attachment for Drills and Drivers,,tip,power-tools; accessories; drilling,Drill angle attachment tool.,high,91,2018-08-22,main,https://kk.org/cooltools/dewalt-right-angle-attachment-for-drills-and-drivers/,,https://youtube.com/watch?v=ODu4x-oXUco,https://www.makerprojectlab.com/thumbstick-steering-wheel-maker-update-91/
Trondheim,,tip,event,Maker event location.,low,91,2018-08-22,main,,,https://youtube.com/watch?v=ODu4x-oXUco,https://www.makerprojectlab.com/thumbstick-steering-wheel-maker-update-91/
"Tulsa, Oklahoma",,tip,event,Maker event location.,low,91,2018-08-22,main,,,https://youtube.com/watch?v=ODu4x-oXUco,https://www.makerprojectlab.com/thumbstick-steering-wheel-maker-update-91/
"Springfield, Missouri",,tip,event,Maker event location.,low,91,2018-08-22,main,,,https://youtube.com/watch?v=ODu4x-oXUco,https://www.makerprojectlab.com/thumbstick-steering-wheel-maker-update-91/
Sept 22+23,,tip,event; date,Event date information.,low,91,2018-08-22,main,,,https://youtube.com/watch?v=ODu4x-oXUco,https://www.makerprojectlab.com/thumbstick-steering-wheel-maker-update-91/
IoT Split-flap Weather Forecast Powered by XOD,gabbapeople,project,iot; weather; split-flap; esp32; xod,WiFi split-flap weather display.,high,90,2018-08-15,main,https://www.instructables.com/id/IoT-Split-flap-Weather-Forecast-Powered-by-XOD/,,https://youtube.com/watch?v=vqZYVR0RdcM,https://www.makerprojectlab.com/split-flap-forecast-maker-update-90/
SplitFlap Display,scottbez1,project,electronics; mechanical; display; flip-clock,Electronic split-flap display.,high,90,2018-08-15,main,https://blog.hackster.io/split-flap-display-nearly-3-years-in-the-making-a73ed43add2d,,https://youtube.com/watch?v=vqZYVR0RdcM,https://www.makerprojectlab.com/split-flap-forecast-maker-update-90/
Jon-A-Tron's Split-Flap display,,project,,No content available for this row.,low,90,2018-08-15,main,https://www.instructables.com/id/Split-Flap-Display/,,https://youtube.com/watch?v=vqZYVR0RdcM,https://www.makerprojectlab.com/split-flap-forecast-maker-update-90/
Feed Barbie with the J’ai faim! mechatronic game,,project,game; mechanical; electronics; interactive; toy,Interactive toy modification.,high,90,2018-08-15,main,https://blog.arduino.cc/2018/08/07/feed-barbie-with-the-jai-faim-mechatronic-game/,,https://youtube.com/watch?v=vqZYVR0RdcM,https://www.makerprojectlab.com/split-flap-forecast-maker-update-90/
https://niklasroy.com/jai_faim/,,project,,No content available for this row.,low,90,2018-08-15,main,https://niklasroy.com/jai_faim/,,https://youtube.com/watch?v=vqZYVR0RdcM,https://www.makerprojectlab.com/split-flap-forecast-maker-update-90/
Neon LED Signs,John Park,project,led; lighting; signage; neon-effect,LED-based neon sign.,high,90,2018-08-15,main,https://learn.adafruit.com/led-neon-signs,,https://youtube.com/watch?v=vqZYVR0RdcM,https://www.makerprojectlab.com/split-flap-forecast-maker-update-90/
DIY Orbital Shaker,Progress TH,project,laboratory; mechanical; diy-equipment; hobby-lab,Laboratory orbital shaker.,high,90,2018-08-15,main,https://www.thingiverse.com/thing:2983846,,https://youtube.com/watch?v=vqZYVR0RdcM,https://www.makerprojectlab.com/split-flap-forecast-maker-update-90/
Assembly of prototype,,project,,No content available for this row.,low,90,2018-08-15,main,https://youtu.be/FlnDQZjm9aY,,https://youtube.com/watch?v=vqZYVR0RdcM,https://www.makerprojectlab.com/split-flap-forecast-maker-update-90/
Other designs,Progress TH,project,,No content available for this row.,low,90,2018-08-15,main,https://www.thingiverse.com/ProgressTH/designs,,https://youtube.com/watch?v=vqZYVR0RdcM,https://www.makerprojectlab.com/split-flap-forecast-maker-update-90/
Rack and Pinion Bot,Ruiz Bros,project,robotics; mechanical; cnc; mechanism,Robot with rack-and-pinion drive.,high,90,2018-08-15,main,https://learn.adafruit.com/rack-and-pinion-bot,,https://youtube.com/watch?v=vqZYVR0RdcM,https://www.makerprojectlab.com/split-flap-forecast-maker-update-90/
How to: Velocity Painting! (Tattoo your 3D prints),Thomas Sanladerer,tip,3d-printing; post-processing; painting,High-speed painting for prints.,high,90,2018-08-15,main,https://youtu.be/HdKaKKeyz7g,,https://youtube.com/watch?v=vqZYVR0RdcM,https://www.makerprojectlab.com/split-flap-forecast-maker-update-90/
Wet Sanding Gives Your Projects a Scratch-Free Finish,Jordan Bunker,tip,3d-printing; finishing; post-processing,Wet sanding for prints.,high,90,2018-08-15,main,https://makezine.com/2016/05/10/wet-sanding-gives-your-projects-a-scratch-free-finish/,,https://youtube.com/watch?v=vqZYVR0RdcM,https://www.makerprojectlab.com/split-flap-forecast-maker-update-90/
"SVG Tracer for vectorizing images of cut + fold templates (packaging designs, crease patterns, etc.). It generates separate score & cut paths for sending to a CNC machine!",,tip,cnc; software; cardboard; laser-cutting; packaging,Software for cardboard design.,high,90,2018-08-15,main,https://twitter.com/scientiffic/status/1027528261482491904?s=11,,https://youtube.com/watch?v=vqZYVR0RdcM,https://www.makerprojectlab.com/split-flap-forecast-maker-update-90/
https://svg-tracer.glitch.me/,,tip,,No content available for this row.,low,90,2018-08-15,main,https://svg-tracer.glitch.me/,,https://youtube.com/watch?v=vqZYVR0RdcM,https://www.makerprojectlab.com/split-flap-forecast-maker-update-90/
Brazing tips,Bob Clagett,tip,metalworking; joining; soldering; torch-work,Brazing techniques for joining.,high,90,2018-08-15,main,https://www.youtube.com/watch?v=hSTQNWdvPmA,,https://youtube.com/watch?v=vqZYVR0RdcM,https://www.makerprojectlab.com/split-flap-forecast-maker-update-90/
Inkstitch,,tip,embroidery; sewing; software; textile-design,Software for embroidery design.,high,90,2018-08-15,main,https://inkstitch.org/,,https://youtube.com/watch?v=vqZYVR0RdcM,https://www.makerprojectlab.com/split-flap-forecast-maker-update-90/
Bernz-O-Matic Micro Flame Torch kit review on Cool Tools,,tip,torch; metalworking; soldering,Micro torch tool review.,high,90,2018-08-15,main,https://kk.org/cooltools/micro-flame-butane-torch-kit/,,https://youtube.com/watch?v=vqZYVR0RdcM,https://www.makerprojectlab.com/split-flap-forecast-maker-update-90/
"Chimera Arts launches First Annual “Maker Music Festival” Saturday, October 13th, 2018",,tip,event; music; festival,Maker music festival announcement.,high,90,2018-08-15,main,http://www.chimeraarts.org/mmf,,https://youtube.com/watch?v=vqZYVR0RdcM,https://www.makerprojectlab.com/split-flap-forecast-maker-update-90/
"""Charlotte's Web"" Style LED Filament Clock",andypugh,project,led; lighting; vintage; clock,LED filament vintage-style clock.,high,89,2018-08-08,main,https://www.instructables.com/id/Charlottes-Web-Style-LED-Filament-Clock/,,https://youtube.com/watch?v=1MUKcg4LcKM,https://www.makerprojectlab.com/spider-clock-maker-update-89/
Old Led Light Bulbs Give Up Filaments For Spider Web Clock,,project,led; recycling; upcycling,Repurposed LED filaments into clock.,high,89,2018-08-08,main,https://hackaday.com/2018/08/01/old-led-light-bulbs-give-up-filaments-for-spider-web-clock/,,https://youtube.com/watch?v=1MUKcg4LcKM,https://www.makerprojectlab.com/spider-clock-maker-update-89/
Crickit Paddle Wheel Boat,Ruiz Bros.,project,robotics; boat; adafruit; electronics,Remote-control boat with Crickit.,high,89,2018-08-08,main,https://learn.adafruit.com/crickit-boat,,https://youtube.com/watch?v=1MUKcg4LcKM,https://www.makerprojectlab.com/spider-clock-maker-update-89/
The Scream: Interactive Screaming Painting,John Park,project,interactive; art; sound; sensor,Painting responds to motion.,high,89,2018-08-08,main,https://learn.adafruit.com/the-scream-munch-screaming-interactive-scream-painting,,https://youtube.com/watch?v=1MUKcg4LcKM,https://www.makerprojectlab.com/spider-clock-maker-update-89/
"Flippy the ""Robot""",make-a-roni,project,robotics; flip-mechanism; mechanical,Motorized flipping robot.,high,89,2018-08-08,main,https://www.thingiverse.com/thing:2989080,,https://youtube.com/watch?v=1MUKcg4LcKM,https://www.makerprojectlab.com/spider-clock-maker-update-89/
Mr. Mech 3d printed robot. walking with moving arms and mouth.,RobotHut,project,3d-printing; robotics; animatronics; walking,Walking robot with articulated parts.,high,89,2018-08-08,main,https://www.thingiverse.com/thing:3018979,,https://youtube.com/watch?v=1MUKcg4LcKM,https://www.makerprojectlab.com/spider-clock-maker-update-89/
Type 1 walking Robot Man,RobotHut,project,3d-printing; robotics; humanoid; walking,Walking humanoid robot.,high,89,2018-08-08,main,https://www.thingiverse.com/thing:3025302,,https://youtube.com/watch?v=1MUKcg4LcKM,https://www.makerprojectlab.com/spider-clock-maker-update-89/
"RoBox , 3d printed walking robot, moving Arms, Head and meter.",RobotHut,project,3d-printing; robotics; walking; animatronics,Walking robot with moving parts.,high,89,2018-08-08,main,https://www.thingiverse.com/thing:3011304,,https://youtube.com/watch?v=1MUKcg4LcKM,https://www.makerprojectlab.com/spider-clock-maker-update-89/
Big Max 3d printed walking robot,RobotHut,project,3d-printing; robotics; walking; large-scale,Large walking robot design.,high,89,2018-08-08,main,https://www.thingiverse.com/thing:2999633,,https://youtube.com/watch?v=1MUKcg4LcKM,https://www.makerprojectlab.com/spider-clock-maker-update-89/
Rocking Body Walking Robot Drone #5,RobotHut,project,3d-printing; robotics; walking; drone,Walking robot with rocking.,high,89,2018-08-08,main,https://www.thingiverse.com/thing:2936280,,https://youtube.com/watch?v=1MUKcg4LcKM,https://www.makerprojectlab.com/spider-clock-maker-update-89/
Mr. Servo remix,RobotHut,project,3d-printing; robotics; servo-based,Servo-motor robot design.,high,89,2018-08-08,main,https://www.thingiverse.com/thing:1606484,,https://youtube.com/watch?v=1MUKcg4LcKM,https://www.makerprojectlab.com/spider-clock-maker-update-89/
Alpha-Rama biped robot,RobotHut,project,3d-printing; robotics; bipedal; walking,Two-legged walking robot.,high,89,2018-08-08,main,https://www.thingiverse.com/thing:1391972,,https://youtube.com/watch?v=1MUKcg4LcKM,https://www.makerprojectlab.com/spider-clock-maker-update-89/
Tiffany Tseng's online box creator,,tip,software; cardboard; packaging; design-tool,Web tool for cardboard boxes.,high,89,2018-08-08,main,https://box-maker.glitch.me/,,https://youtube.com/watch?v=1MUKcg4LcKM,https://www.makerprojectlab.com/spider-clock-maker-update-89/
https://twitter.com/scientiffic/status/1024676398861103104,,tip,,No content available for this row.,low,89,2018-08-08,main,https://twitter.com/scientiffic/status/1024676398861103104,,https://youtube.com/watch?v=1MUKcg4LcKM,https://www.makerprojectlab.com/spider-clock-maker-update-89/
Silicone Mold Casting,Shawn Thorsson,tip,casting; molding; silicone; resin,Silicone mold and casting.,high,89,2018-08-08,main,https://makezine.com/2016/03/08/silicone-casting-molds/,,https://youtube.com/watch?v=1MUKcg4LcKM,https://www.makerprojectlab.com/spider-clock-maker-update-89/
Klutch Angle Grinder Holder Review,,tip,power-tools; accessories; tool-review,Angle grinder holder review.,high,89,2018-08-08,main,https://kk.org/cooltools/klutch-angle-grinder-holder/,,https://youtube.com/watch?v=1MUKcg4LcKM,https://www.makerprojectlab.com/spider-clock-maker-update-89/
"August 17 + 18 + 19, 2018",,tip,event; date,Event date information.,low,89,2018-08-08,main,,,https://youtube.com/watch?v=1MUKcg4LcKM,https://www.makerprojectlab.com/spider-clock-maker-update-89/
"August 18 + 19, 2018",,tip,event; date,Event date information.,low,89,2018-08-08,main,,,https://youtube.com/watch?v=1MUKcg4LcKM,https://www.makerprojectlab.com/spider-clock-maker-update-89/
"August 18 + 19, 2018",,tip,event; date,Event date information.,low,89,2018-08-08,main,,,https://youtube.com/watch?v=1MUKcg4LcKM,https://www.makerprojectlab.com/spider-clock-maker-update-89/
Rotating TV,mikeasaurus,project,furniture; motorized; tv-stand; mechanical,Motorized TV stand with base.,high,88,2018-08-01,main,https://www.instructables.com/id/Rotating-TV/,,https://youtube.com/watch?v=ALbRy0y2fak,https://www.makerprojectlab.com/a-tv-for-lazy-people-maker-update-88/
LEGO Crickit Rover,Ruiz Bros.,project,lego; robotics; adafruit; crickit,LEGO robot with Adafruit Crickit.,high,88,2018-08-01,main,https://learn.adafruit.com/lego-crickit-rover,,https://youtube.com/watch?v=ALbRy0y2fak,https://www.makerprojectlab.com/a-tv-for-lazy-people-maker-update-88/
Milk Jug Skulls,JasonF205,project,recycling; halloween; props; sculpture,Skull decorations from milk jugs.,high,88,2018-08-01,main,https://www.instructables.com/id/Milk-Jug-Skulls/,,https://youtube.com/watch?v=ALbRy0y2fak,https://www.makerprojectlab.com/a-tv-for-lazy-people-maker-update-88/
EL Wire Neon Nixie Style Clock,Gosse Adema,project,el-wire; electronics; lighting; nixie-style; clock,EL wire vintage-style clock.,high,88,2018-08-01,main,https://www.instructables.com/id/EL-Wire-Neon-Nixie-Style-Clock/,,https://youtube.com/watch?v=ALbRy0y2fak,https://www.makerprojectlab.com/a-tv-for-lazy-people-maker-update-88/
WiFi Paddle Boat,gzumwalt,project,boat; robotics; electronics; wifi; remote-control,WiFi-controlled paddle boat.,high,88,2018-08-01,main,https://www.instructables.com/id/WiFi-Paddle-Boat/,,https://youtube.com/watch?v=ALbRy0y2fak,https://www.makerprojectlab.com/a-tv-for-lazy-people-maker-update-88/
Secret Butterfly Box,3DPRINTINGWORLD,project,3d-printing; puzzle-box; mechanical; storage,3D-printed decorative box.,high,88,2018-08-01,main,https://www.thingiverse.com/thing:2977908,,https://youtube.com/watch?v=ALbRy0y2fak,https://www.makerprojectlab.com/a-tv-for-lazy-people-maker-update-88/
Printable DIY Rock Tumbler,jonathanlundstrom,project,3d-printing; hobby-science; geology; diy-equipment,3D-printable rock tumbler.,high,88,2018-08-01,main,https://www.thingiverse.com/thing:3005800,,https://youtube.com/watch?v=ALbRy0y2fak,https://www.makerprojectlab.com/a-tv-for-lazy-people-maker-update-88/
Stencilfy Web app,Tiffany Tseng,tip,software; design-tool; stencils; art-tool,Web tool for stencil artwork.,high,88,2018-08-01,main,https://stencilfy.glitch.me/,,https://youtube.com/watch?v=ALbRy0y2fak,https://www.makerprojectlab.com/a-tv-for-lazy-people-maker-update-88/
https://twitter.com/scientiffic/status/1019985171435675649,,tip,,No content available for this row.,low,88,2018-08-01,main,https://twitter.com/scientiffic/status/1019985171435675649,,https://youtube.com/watch?v=ALbRy0y2fak,https://www.makerprojectlab.com/a-tv-for-lazy-people-maker-update-88/
Medium post on how it was made,,tip,,No content available for this row.,low,88,2018-08-01,main,https://medium.com/@scientiffic/stencilfy-creating-laser-cutter-friendly-type-b7b8ef1831ec,,https://youtube.com/watch?v=ALbRy0y2fak,https://www.makerprojectlab.com/a-tv-for-lazy-people-maker-update-88/
Tinkercad adds Send to Fusion,,tip,cad-software,Tinkercad adds direct export to Fusion 360.,high,88,2018-08-01,main,https://blog.tinkercad.com/2018/07/16/tinkercad-send-to-fusion-is-live/,,https://youtube.com/watch?v=ALbRy0y2fak,https://www.makerprojectlab.com/a-tv-for-lazy-people-maker-update-88/
5 Ways to Hold LEDs,@BarbMakesThings,tip,electronics; led,Five techniques for securely mounting LEDs in projects.,high,88,2018-08-01,main,,,https://youtube.com/watch?v=ALbRy0y2fak,https://www.makerprojectlab.com/a-tv-for-lazy-people-maker-update-88/
Varnish [Bits],Bob Clagett,tip,finishing; wood,Varnish application techniques and tips.,high,88,2018-08-01,main,https://youtu.be/ivvXF3nhymQ,,https://youtube.com/watch?v=ALbRy0y2fak,https://www.makerprojectlab.com/a-tv-for-lazy-people-maker-update-88/
Bucket Boss Parachute Bag review,,tip,tool-review,Parachute bag tool organizer review.,high,88,2018-08-01,main,https://kk.org/cooltools/bucket-boss-parachute-bag/,,https://youtube.com/watch?v=ALbRy0y2fak,https://www.makerprojectlab.com/a-tv-for-lazy-people-maker-update-88/
What I keep in my bag,,tip,,No content available for this row.,low,88,2018-08-01,main,https://youtu.be/fPvv1wrNmck,,https://youtube.com/watch?v=ALbRy0y2fak,https://www.makerprojectlab.com/a-tv-for-lazy-people-maker-update-88/
Wall Printer,,tip,,No content available for this row.,low,88,2018-08-01,main,http://home.theodoregray.com/blog/2018/7/21/i-just-saw-the-coolest-thing,,https://youtube.com/watch?v=ALbRy0y2fak,https://www.makerprojectlab.com/a-tv-for-lazy-people-maker-update-88/
MagPi 72 available online,,tip,media; magazine,MagPi #72 issue availability announcement.,high,88,2018-08-01,main,https://www.raspberrypi.org/magpi/issues/72/,,https://youtube.com/watch?v=ALbRy0y2fak,https://www.makerprojectlab.com/a-tv-for-lazy-people-maker-update-88/
Book giveaway announcement,,tip,book-review,Giveaway announcement for maker book.,high,88,2018-08-01,main,,,https://youtube.com/watch?v=ALbRy0y2fak,https://www.makerprojectlab.com/a-tv-for-lazy-people-maker-update-88/
Tips and Tales from the Workshop (Amazon link),,tip,book,Published maker workshop tips and tales book.,high,88,2018-08-01,main,https://amzn.to/2JlmGW1,,https://youtube.com/watch?v=ALbRy0y2fak,https://www.makerprojectlab.com/a-tv-for-lazy-people-maker-update-88/
How to Make a Giant (100ft) Slip N Slide,Bob Clagett,project,friction; water-play; outdoor-project,Giant 100-foot DIY slip-and-slide construction.,high,87,2018-07-18,main,https://youtu.be/YHJnAAhBl-0,,https://youtube.com/watch?v=K1AyF-2oVPk,https://www.makerprojectlab.com/stroboscopic-zoetrope-maker-update-87/
Project guide,,project,friction; water-play; outdoor-project,Documentation and guide for giant slip-and-slide.,high,87,2018-07-18,main,https://www.iliketomakestuff.com/giant-slip-n-slide/,,https://youtube.com/watch?v=K1AyF-2oVPk,https://www.makerprojectlab.com/stroboscopic-zoetrope-maker-update-87/
Paper Craft Zoetrope with Crickit,Dano Wall,project,papercraft; animation; electronics,Paper zoetrope art with Adafruit Crickit.,high,87,2018-07-18,main,https://learn.adafruit.com/paper-craft-zoetrope-with-circuit-python,,https://youtube.com/watch?v=K1AyF-2oVPk,https://www.makerprojectlab.com/stroboscopic-zoetrope-maker-update-87/
Stroboscopic Zoetrope,John Park,project,animation; kinetic-art,Stroboscopic zoetrope creates illusion of motion.,high,87,2018-07-18,main,https://learn.adafruit.com/strobe-zoetrope,,https://youtube.com/watch?v=K1AyF-2oVPk,https://www.makerprojectlab.com/stroboscopic-zoetrope-maker-update-87/
Open Source Laboratory Rocker,Akshay Dhamankar,project,laboratory-equipment; robotics,Open-source automated laboratory sample rocker.,high,87,2018-07-18,main,https://www.thingiverse.com/thing:2948680,,https://youtube.com/watch?v=K1AyF-2oVPk,https://www.makerprojectlab.com/stroboscopic-zoetrope-maker-update-87/
DIY Pinball the Cheap Way,Chris Mitchell,project,game-design; pinball; mechanics,Budget-friendly DIY pinball machine methods.,high,87,2018-07-18,main,https://hackaday.io/project/27816-diy-pinball-the-cheap-way,,https://youtube.com/watch?v=K1AyF-2oVPk,https://www.makerprojectlab.com/stroboscopic-zoetrope-maker-update-87/
"New issue of Make, Vol. 64",,tip,media; magazine,Make Magazine Vol. 64 issue release.,high,87,2018-07-18,main,,,https://youtube.com/watch?v=K1AyF-2oVPk,https://www.makerprojectlab.com/stroboscopic-zoetrope-maker-update-87/
Control Make's Office Robot,,tip,,No content available for this row.,low,87,2018-07-18,main,https://letsrobot.tv/robocaster/Make_magazine/,,https://youtube.com/watch?v=K1AyF-2oVPk,https://www.makerprojectlab.com/stroboscopic-zoetrope-maker-update-87/
13 IDEAS FOR DIFFUSING LEDS,bekathwia,tip,led; lighting,Thirteen LED diffusion techniques for better light.,high,87,2018-07-18,main,https://www.instructables.com/id/13-Ideas-for-Diffusing-LEDs/,,https://youtube.com/watch?v=K1AyF-2oVPk,https://www.makerprojectlab.com/stroboscopic-zoetrope-maker-update-87/
Clamp Tips,Bob Clagett,tip,tool-technique,Clamp usage techniques and best practices.,high,87,2018-07-18,main,https://www.youtube.com/watch?v=4og5wp4GeDA,,https://youtube.com/watch?v=K1AyF-2oVPk,https://www.makerprojectlab.com/stroboscopic-zoetrope-maker-update-87/
Cool Tools podcast with Hackster's Alex Glow,,tip,media; podcast,Cool Tools podcast interview with Hackster editor.,high,87,2018-07-18,main,http://kk.org/cooltools/alex-glow-hackster-io/,,https://youtube.com/watch?v=K1AyF-2oVPk,https://www.makerprojectlab.com/stroboscopic-zoetrope-maker-update-87/
Book Giveaway Contest,,tip,contest,Maker book giveaway contest announcement.,high,87,2018-07-18,main,,,https://youtube.com/watch?v=K1AyF-2oVPk,https://www.makerprojectlab.com/stroboscopic-zoetrope-maker-update-87/
"Or, just buy the book here:",,tip,,No content available for this row.,low,87,2018-07-18,main,https://amzn.to/2JlmGW1,,https://youtube.com/watch?v=K1AyF-2oVPk,https://www.makerprojectlab.com/stroboscopic-zoetrope-maker-update-87/
Dublin Maker shoutout July 21st,,tip,,No content available for this row.,low,87,2018-07-18,main,http://www.dublinmaker.ie/,,https://youtube.com/watch?v=K1AyF-2oVPk,https://www.makerprojectlab.com/stroboscopic-zoetrope-maker-update-87/
CLOSE,,tip,show-format,Episode conclusion marker.,low,87,2018-07-18,main,,,https://youtube.com/watch?v=K1AyF-2oVPk,https://www.makerprojectlab.com/stroboscopic-zoetrope-maker-update-87/
I'm off again next week.,,tip,schedule-announcement,Host taking week off announcement.,low,87,2018-07-18,main,,,https://youtube.com/watch?v=K1AyF-2oVPk,https://www.makerprojectlab.com/stroboscopic-zoetrope-maker-update-87/
Strandbeest Rocket Launcher,Jeremy S. Cook,project,kinetic-art; mechanism,Walking machine with attached rocket launcher.,high,86,2018-07-04,main,https://www.hackster.io/JeremySCook/strandbeest-rocket-launcher-fireworks-143d44,,https://youtube.com/watch?v=HHp7ZDfv1Rk,https://www.makerprojectlab.com/patriotic-strandbeest-maker-update-86/
Cocktail Parasol A board with 160 moving cocktail parasols.,alain_haerri,project,mechanics; animation; electronics,Board with 160 motorized moving cocktail parasols.,high,86,2018-07-04,main,https://www.hackster.io/alain_haerri/cocktail-parasol-2f204c,,https://youtube.com/watch?v=HHp7ZDfv1Rk,https://www.makerprojectlab.com/patriotic-strandbeest-maker-update-86/
SONIC MIRROR AUDIO REACTIVE INSTRUMENTS,scott_tooby,project,sound-reactive; music; art-installation,Mirror system reacts to audio for interactive sound.,high,86,2018-07-04,main,https://www.instructables.com/id/Sonic-Mirror-Audio-Reactive-Instruments/,,https://youtube.com/watch?v=HHp7ZDfv1Rk,https://www.makerprojectlab.com/patriotic-strandbeest-maker-update-86/
Cardboard Fundamentals,John Park,tip,material-science; papercraft,Fundamentals of cardboard as maker material.,high,86,2018-07-04,main,https://learn.adafruit.com/cardboard-fundamentals,,https://youtube.com/watch?v=HHp7ZDfv1Rk,https://www.makerprojectlab.com/patriotic-strandbeest-maker-update-86/
ITP @ NYU Fabrication guide,,tip,fabrication; workshop-guide,NYU ITP program's comprehensive fabrication guide.,high,86,2018-07-04,main,https://itp.nyu.edu/fab/,,https://youtube.com/watch?v=HHp7ZDfv1Rk,https://www.makerprojectlab.com/patriotic-strandbeest-maker-update-86/
Making it in Fabrication,,tip,career; fabrication,Guide to careers in digital fabrication.,high,86,2018-07-04,main,https://itp.nyu.edu/fab/making-it-after-itp/,,https://youtube.com/watch?v=HHp7ZDfv1Rk,https://www.makerprojectlab.com/patriotic-strandbeest-maker-update-86/
Adafruit Feather M4 Express - Featuring ATSAMD51 - ATSAMD51 Cortex M4,,tip,microcontroller; prototyping,Adafruit Feather M4 ARM development board.,high,86,2018-07-04,main,https://www.adafruit.com/product/3857,,https://youtube.com/watch?v=HHp7ZDfv1Rk,https://www.makerprojectlab.com/patriotic-strandbeest-maker-update-86/
Adhesives Overview,Bob Clagett,tip,adhesive,Overview of adhesive types and applications.,high,86,2018-07-04,main,https://www.youtube.com/watch?v=En3_byxVxsc,,https://youtube.com/watch?v=HHp7ZDfv1Rk,https://www.makerprojectlab.com/patriotic-strandbeest-maker-update-86/
MAKE YOUR OWN CUSTOM LEDS USING HOT GLUE!,Alex Bate,tip,led-art,Custom LED creation using hot glue and resin.,high,86,2018-07-04,main,https://www.raspberrypi.org/blog/homemade-custom-leds-using-hot-glue/,,https://youtube.com/watch?v=HHp7ZDfv1Rk,https://www.makerprojectlab.com/patriotic-strandbeest-maker-update-86/
MagPi 71 is available,,tip,media; magazine,MagPi #71 magazine issue announcement.,high,86,2018-07-04,main,https://www.raspberrypi.org/magpi/issues/71/,,https://youtube.com/watch?v=HHp7ZDfv1Rk,https://www.makerprojectlab.com/patriotic-strandbeest-maker-update-86/
Make an Alexa Controlled Finger,I Like To Make Stuff,project,smart-home; electronics; finger-puppet,Alexa-controlled motorized finger puppet.,high,85,2018-06-27,main,https://www.iliketomakestuff.com/make-an-alexa-controlled-finger/,,https://youtube.com/watch?v=TCIxNEMaEPA,https://www.makerprojectlab.com/alexa-grows-a-finger-maker-update-85/
https://youtu.be/afPxj0LS0LU,,project,,No content available for this row.,low,85,2018-06-27,main,https://youtu.be/afPxj0LS0LU,,https://youtube.com/watch?v=TCIxNEMaEPA,https://www.makerprojectlab.com/alexa-grows-a-finger-maker-update-85/
"""Ok, Google. Fire the Laser""",tuckershannon,project,smart-home; laser-cutting,Google Assistant voice control for laser cutter.,high,85,2018-06-27,main,https://makezine.com/2018/06/20/laser-turret-responds-voice-commands/,,https://youtube.com/watch?v=TCIxNEMaEPA,https://www.makerprojectlab.com/alexa-grows-a-finger-maker-update-85/
https://imgur.com/gallery/DsXW9TO#siLlTRm,,project,,No content available for this row.,low,85,2018-06-27,main,https://imgur.com/gallery/DsXW9TO#siLlTRm,,https://youtube.com/watch?v=TCIxNEMaEPA,https://www.makerprojectlab.com/alexa-grows-a-finger-maker-update-85/
https://www.thingiverse.com/thing:2965798,,project,,No content available for this row.,low,85,2018-06-27,main,https://www.thingiverse.com/thing:2965798,,https://youtube.com/watch?v=TCIxNEMaEPA,https://www.makerprojectlab.com/alexa-grows-a-finger-maker-update-85/
MAKE YOUR OWN 1D PONG GAME,GreatScottLab,project,game-design; electronics; interactive,Single-dimensional Pong game using Arduino.,high,85,2018-06-27,main,https://www.instructables.com/id/Make-Your-Own-1D-Pong-Game/,,https://youtube.com/watch?v=TCIxNEMaEPA,https://www.makerprojectlab.com/alexa-grows-a-finger-maker-update-85/
Tips For Drilling Holes,Essential Craftsman,tip,workshop-technique; drilling,Best practices for drilling precise holes.,high,85,2018-06-27,main,https://www.youtube.com/watch?v=c9Z3iiu6z5Y,,https://youtube.com/watch?v=TCIxNEMaEPA,https://www.makerprojectlab.com/alexa-grows-a-finger-maker-update-85/
How to Use a Speed Square // Bits,I Like to Make Stuff,tip,tool-technique; measurement,How to use a speed square measuring tool.,high,85,2018-06-27,main,https://www.youtube.com/watch?v=FM6O3WK8FrU,,https://youtube.com/watch?v=TCIxNEMaEPA,https://www.makerprojectlab.com/alexa-grows-a-finger-maker-update-85/
3D Printed DeWALT Battery Adapter for Ryobi Tools,Jay Rugland,tip,adapter; 3d-printing; tool-modification,3D-printed adapter for DeWALT batteries on Ryobi tools.,high,85,2018-06-27,main,https://youtu.be/_cy5M7grGFk,,https://youtube.com/watch?v=TCIxNEMaEPA,https://www.makerprojectlab.com/alexa-grows-a-finger-maker-update-85/
5 Amazon Resistor Kits Compared,,tip,electronics-kits; resistors,Comparison of five resistor starter kits.,high,85,2018-06-27,main,https://youtu.be/rkK57y-muPc,,https://youtube.com/watch?v=TCIxNEMaEPA,https://www.makerprojectlab.com/alexa-grows-a-finger-maker-update-85/
"Vallejo, California",,tip,,Vallejo California - show location reference.,low,85,2018-06-27,main,,,https://youtube.com/watch?v=TCIxNEMaEPA,https://www.makerprojectlab.com/alexa-grows-a-finger-maker-update-85/
Halle (Saale),,tip,,Halle Germany - show location reference.,low,85,2018-06-27,main,,,https://youtube.com/watch?v=TCIxNEMaEPA,https://www.makerprojectlab.com/alexa-grows-a-finger-maker-update-85/
Alexa-based L3-37 Droid from Solo: A Star Wars Story,Patrick Stefanski,project,cosplay; electronics; star-wars,Alexa-powered L3-37 droid from Solo film.,high,84,2018-06-20,main,https://www.raspberrypi.org/blog/build-star-wars-l3-37-droid/,,https://youtube.com/watch?v=DQkdwX8iNXY,https://www.makerprojectlab.com/l3-liberates-alexa-maker-update-84/
https://www.youtube.com/watch?v=H4KK212-Jss,,project,,No content available for this row.,low,84,2018-06-20,main,https://www.youtube.com/watch?v=H4KK212-Jss,,https://youtube.com/watch?v=DQkdwX8iNXY,https://www.makerprojectlab.com/l3-liberates-alexa-maker-update-84/
https://github.com/PatchBOTS/L337,,project,,No content available for this row.,low,84,2018-06-20,main,https://github.com/PatchBOTS/L337,,https://youtube.com/watch?v=DQkdwX8iNXY,https://www.makerprojectlab.com/l3-liberates-alexa-maker-update-84/
D4E1 : MARBLE PAINTER 1.3,Babette_Hendryckx,project,robotics; marble-art; kinetic,D4E1 automated marble painter sculpture.,high,84,2018-06-20,main,https://www.instructables.com/id/D4E1-Marble-Painter-13/,,https://youtube.com/watch?v=DQkdwX8iNXY,https://www.makerprojectlab.com/l3-liberates-alexa-maker-update-84/
Bioinspired Robotic Snake,Will Donaldson,project,robotics; biomimicry; snake,Snake robot inspired by animal locomotion.,high,84,2018-06-20,main,https://hackaday.io/project/158997-bioinspired-robotic-snake,,https://youtube.com/watch?v=DQkdwX8iNXY,https://www.makerprojectlab.com/l3-liberates-alexa-maker-update-84/
Becky Stern Baguette Wobbler,,project,,No content available for this row.,low,84,2018-06-20,main,https://www.youtube.com/watch?v=DVulfYvR-tg,,https://youtube.com/watch?v=DQkdwX8iNXY,https://www.makerprojectlab.com/l3-liberates-alexa-maker-update-84/
Based on Randy Sarafan design,,project,,No content available for this row.,low,84,2018-06-20,main,https://www.instructables.com/id/Simple-Bots-Wobbler/,,https://youtube.com/watch?v=DQkdwX8iNXY,https://www.makerprojectlab.com/l3-liberates-alexa-maker-update-84/
FPV ROVER V2.0,markus.purtz,project,robotics; remote-control; fpv,FPV rover version 2.0 camera robot.,high,84,2018-06-20,main,http://www.instructables.com/id/FPV-Rover-V20/,,https://youtube.com/watch?v=DQkdwX8iNXY,https://www.makerprojectlab.com/l3-liberates-alexa-maker-update-84/
"Call for Makers at MFNY is open (9/22,23)",,tip,,No content available for this row.,low,84,2018-06-20,main,https://makerfaire.com/new-york/call-for-makers/,,https://youtube.com/watch?v=DQkdwX8iNXY,https://www.makerprojectlab.com/l3-liberates-alexa-maker-update-84/
Cocktail Robotics Grand Challenge (7/15),,tip,,No content available for this row.,low,84,2018-06-20,main,https://www.dnalounge.com/calendar/2018/07-15.html,,https://youtube.com/watch?v=DQkdwX8iNXY,https://www.makerprojectlab.com/l3-liberates-alexa-maker-update-84/
Cocktail robot entry form,,tip,,No content available for this row.,low,84,2018-06-20,main,https://www.dnalounge.com/tickets/robots/contestants.html,,https://youtube.com/watch?v=DQkdwX8iNXY,https://www.makerprojectlab.com/l3-liberates-alexa-maker-update-84/
I saw Tom Sachs use a MixKwik on Instagram,,tip,tool-technique; paint-mixing,MixKwik paint mixing tool overview.,high,84,2018-06-20,main,https://www.instagram.com/tomsachs/?hl=en,,https://youtube.com/watch?v=DQkdwX8iNXY,https://www.makerprojectlab.com/l3-liberates-alexa-maker-update-84/
https://www.amazon.com/MixKwik-MT16-Tool/dp/B0055S7DJS,,tip,,No content available for this row.,low,84,2018-06-20,main,https://www.amazon.com/MixKwik-MT16-Tool/dp/B0055S7DJS,,https://youtube.com/watch?v=DQkdwX8iNXY,https://www.makerprojectlab.com/l3-liberates-alexa-maker-update-84/
3D printed MixKwik alternatives for small pain bottles,,tip,3d-printing; paint-mixing,3D-printed alternatives to MixKwik tool.,high,84,2018-06-20,main,https://www.thingiverse.com/thing:2946370,,https://youtube.com/watch?v=DQkdwX8iNXY,https://www.makerprojectlab.com/l3-liberates-alexa-maker-update-84/
https://www.thingiverse.com/thing:2825417,,tip,,No content available for this row.,low,84,2018-06-20,main,https://www.thingiverse.com/thing:2825417,,https://youtube.com/watch?v=DQkdwX8iNXY,https://www.makerprojectlab.com/l3-liberates-alexa-maker-update-84/
PlastiDip on EVA Foam,KamuiCosplay,tip,cosplay; foam-craft,PlastiDip coating method for EVA foam.,high,84,2018-06-20,main,https://youtu.be/WVcfaIGedtk,,https://youtube.com/watch?v=DQkdwX8iNXY,https://www.makerprojectlab.com/l3-liberates-alexa-maker-update-84/
Creative Clamping with Barb Noren,,tip,clamping; workshop-technique,Creative clamping and fixture techniques.,high,84,2018-06-20,main,https://youtu.be/qSelpOYUAeE,,https://youtube.com/watch?v=DQkdwX8iNXY,https://www.makerprojectlab.com/l3-liberates-alexa-maker-update-84/
Prague,,tip,,Prague - show location reference.,low,84,2018-06-20,main,,,https://youtube.com/watch?v=DQkdwX8iNXY,https://www.makerprojectlab.com/l3-liberates-alexa-maker-update-84/
"Kansas City, Missouri",,tip,,Kansas City Missouri - show location reference.,low,84,2018-06-20,main,,,https://youtube.com/watch?v=DQkdwX8iNXY,https://www.makerprojectlab.com/l3-liberates-alexa-maker-update-84/
Taguig,,tip,,Taguig - show location reference.,low,84,2018-06-20,main,,,https://youtube.com/watch?v=DQkdwX8iNXY,https://www.makerprojectlab.com/l3-liberates-alexa-maker-update-84/
"Honolulu, Hawaii",,tip,,Honolulu Hawaii - show location reference.,low,84,2018-06-20,main,,,https://youtube.com/watch?v=DQkdwX8iNXY,https://www.makerprojectlab.com/l3-liberates-alexa-maker-update-84/
"Call for Makers at MFNY is open (9/22,23)",,tip,,No content available for this row.,low,84,2018-06-15,main,https://makerfaire.com/new-york/call-for-makers/,,https://youtube.com/watch?v=DQkdwX8iNXY,https://www.makerprojectlab.com/l3-liberates-alexa-maker-update-84/
"Bob Clagett Making ""Bits"" videos",,tip,,No content available for this row.,low,84,2018-06-15,main,https://www.youtube.com/watch?v=gGBdUSQ_phE,,https://youtube.com/watch?v=DQkdwX8iNXY,https://www.makerprojectlab.com/l3-liberates-alexa-maker-update-84/
Miss Flyer paper airplane maker,Jerry de Vos,project,papercraft; flight; toy,Automated paper airplane design and launcher.,high,83,2018-06-08,main,https://github.com/Jerzeek/Miss-Flyer/blob/master/README.md,,https://youtube.com/watch?v=UQYNdcpF0tg,https://www.makerprojectlab.com/paper-airplane-machine-maker-update-83/
"RANDOMLY GENERATED, THERMAL-PRINTED COMICS",Cadin Batrack,project,thermal-printing; randomization; comics,Procedurally-generated thermal printed comics.,high,83,2018-06-08,main,https://www.raspberrypi.org/blog/random-comic-strip-generation-vomit-comic-robot/,,https://youtube.com/watch?v=UQYNdcpF0tg,https://www.makerprojectlab.com/paper-airplane-machine-maker-update-83/
https://imgur.com/a/hhrnQoC#TblkXme,,project,,No content available for this row.,low,83,2018-06-08,main,https://imgur.com/a/hhrnQoC#TblkXme,,https://youtube.com/watch?v=UQYNdcpF0tg,https://www.makerprojectlab.com/paper-airplane-machine-maker-update-83/
https://github.com/cadin/random-comic,,project,,No content available for this row.,low,83,2018-06-08,main,https://github.com/cadin/random-comic,,https://youtube.com/watch?v=UQYNdcpF0tg,https://www.makerprojectlab.com/paper-airplane-machine-maker-update-83/
Human Scale Working LEGO Megaphone,agepbiz,project,megaphone; lego; amplification,Human-scale working LEGO megaphone.,high,83,2018-06-08,main,https://www.thingiverse.com/thing:2852401,,https://youtube.com/watch?v=UQYNdcpF0tg,https://www.makerprojectlab.com/paper-airplane-machine-maker-update-83/
SLICED CABLE RESIN COASTERS,Mikeasaurus,project,resin-casting; cable-art,Artistic coasters made from sliced resin cable.,high,83,2018-06-08,main,https://www.instructables.com/id/Sliced-Cable-Resin-Coasters/,,https://youtube.com/watch?v=UQYNdcpF0tg,https://www.makerprojectlab.com/paper-airplane-machine-maker-update-83/
COUNTING BEES WITH A RASPBERRY PI,mat kelcey,project,raspberry-pi; machine-learning; bee-monitoring,Raspberry Pi bee counter using machine learning.,high,83,2018-06-08,main,http://matpalm.com/blog/counting_bees/,,https://youtube.com/watch?v=UQYNdcpF0tg,https://www.makerprojectlab.com/paper-airplane-machine-maker-update-83/
https://github.com/matpalm/bnn,,project,,No content available for this row.,low,83,2018-06-08,main,https://github.com/matpalm/bnn,,https://youtube.com/watch?v=UQYNdcpF0tg,https://www.makerprojectlab.com/paper-airplane-machine-maker-update-83/
"Komelon SM5425 Speed Mark Gripper Acrylic Coated Steel Blade Measuring Tape, 1-Inch X 25Ft, White",,project,measurement-tool,Komelon speed mark measuring tape product.,high,83,2018-06-08,main,https://www.amazon.com/exec/obidos/ASIN/B008AGWNII/ctmakerupdate-20,,https://youtube.com/watch?v=UQYNdcpF0tg,https://www.makerprojectlab.com/paper-airplane-machine-maker-update-83/
Smaller 16-ft version,,project,measurement-tool,Shorter 16-foot measuring tape option.,high,83,2018-06-08,main,https://www.amazon.com/exec/obidos/ASIN/B008AGWNL0/ctmakerupdate-20,,https://youtube.com/watch?v=UQYNdcpF0tg,https://www.makerprojectlab.com/paper-airplane-machine-maker-update-83/
Adafruit pIRkey,,tip,infrared-sensor; electronics,Adafruit pIRkey motion-activated IR sensor.,high,83,2018-06-08,main,https://learn.adafruit.com/adafruit-pirkey-python-programmable-infrared-usb-adapter,,https://youtube.com/watch?v=UQYNdcpF0tg,https://www.makerprojectlab.com/paper-airplane-machine-maker-update-83/
Plastic Bottles as Heat Shrink,,tip,material-technique; heat-shrink,Using plastic bottles as heat shrink tubing.,high,83,2018-06-08,main,http://www.core77.com/posts/77991/A-Second-Designer-Experiments-with-Using-Plastic-Bottles-as-Heat-Shrink-Joinery,,https://youtube.com/watch?v=UQYNdcpF0tg,https://www.makerprojectlab.com/paper-airplane-machine-maker-update-83/
Actual Reality Games in Hong Kong,,tip,,No content available for this row.,low,83,2018-06-08,main,http://www.core77.com/posts/77990/Truly-Interactive-Game-Design-at-This-Physical-Arcade-in-Hong-Kong,,https://youtube.com/watch?v=UQYNdcpF0tg,https://www.makerprojectlab.com/paper-airplane-machine-maker-update-83/
Gareths New Book: Tips and Tales from the Workshop: A Handy Reference for Makers,,tip,book-review,Tips and Tales from Workshop reference book.,high,83,2018-06-08,main,https://www.amazon.com/exec/obidos/ASIN/1680450794/ctmakerupdate-20,,https://youtube.com/watch?v=UQYNdcpF0tg,https://www.makerprojectlab.com/paper-airplane-machine-maker-update-83/
"Port Jefferson, New York",,tip,,Port Jefferson New York - show location reference.,low,83,2018-06-08,main,,,https://youtube.com/watch?v=UQYNdcpF0tg,https://www.makerprojectlab.com/paper-airplane-machine-maker-update-83/
"Providence, Rhode Island",,tip,,Providence Rhode Island - show location reference.,low,83,2018-06-08,main,,,https://youtube.com/watch?v=UQYNdcpF0tg,https://www.makerprojectlab.com/paper-airplane-machine-maker-update-83/
Aurich,,tip,,Aurich - show location reference.,low,83,2018-06-08,main,,,https://youtube.com/watch?v=UQYNdcpF0tg,https://www.makerprojectlab.com/paper-airplane-machine-maker-update-83/
Pi Pet Projects,,project,,No content available for this row.,low,83,2018-06-01,main,https://www.raspberrypi.org/blog/project-floofball-pi-pet-stuff/,,https://youtube.com/watch?v=UQYNdcpF0tg,https://www.makerprojectlab.com/paper-airplane-machine-maker-update-83/
Hack Your Hakko FX-901,Phil B.,project,soldering-iron,Hakko soldering iron upgrade and hacks.,high,83,2018-06-01,main,https://learn.adafruit.com/usb-rechargeable-cordless-soldering-iron/overview,,https://youtube.com/watch?v=UQYNdcpF0tg,https://www.makerprojectlab.com/paper-airplane-machine-maker-update-83/
SCISSOR DRIVE SERVO HAT,Becky Stern,project,servo; hat; electronics,Scissor-driven servo hat for robotics.,high,83,2018-06-01,main,https://www.instructables.com/id/Scissor-Drive-Servo-Hat/,,https://youtube.com/watch?v=UQYNdcpF0tg,https://www.makerprojectlab.com/paper-airplane-machine-maker-update-83/
Rothco G.I. Type Mechanics Tool Bag,,project,tool-review; mechanics-bag,Rothco military mechanics tool bag review.,high,83,2018-06-01,main,http://amzn.to/2u6jYjp,,https://youtube.com/watch?v=UQYNdcpF0tg,https://www.makerprojectlab.com/paper-airplane-machine-maker-update-83/
Full review,,project,,No content available for this row.,low,83,2018-06-01,main,https://makerprojectlab.com/rothco-g-i-type-mechanics-tool-bags-review/,,https://youtube.com/watch?v=UQYNdcpF0tg,https://www.makerprojectlab.com/paper-airplane-machine-maker-update-83/
Robot Poop Bag Holder,NirDobovizki,tip,3d-printing; pet-project,3D-printed bag holder for robot poop bags.,high,83,2018-06-01,main,https://www.thingiverse.com/thing:1369224,,https://youtube.com/watch?v=UQYNdcpF0tg,https://www.makerprojectlab.com/paper-airplane-machine-maker-update-83/
Pets Challenge,,tip,,No content available for this row.,low,83,2018-06-01,main,https://www.instructables.com/contest/pets2018/,,https://youtube.com/watch?v=UQYNdcpF0tg,https://www.makerprojectlab.com/paper-airplane-machine-maker-update-83/
BLOWING ARCYLIC CANOPIES USING STUFF FROM AROUND THE SHOP,Michael Barton-Sweeney,tip,acrylic-molding; heat-forming,Techniques for blowing acrylic canopies.,high,83,2018-06-01,main,https://hackaday.com/2018/05/31/blowing-arcylic-canopies-using-stuff-from-around-the-shop/,,https://youtube.com/watch?v=UQYNdcpF0tg,https://www.makerprojectlab.com/paper-airplane-machine-maker-update-83/
https://hackaday.io/project/112181-plastics-blow-oven,,tip,,No content available for this row.,low,83,2018-06-01,main,https://hackaday.io/project/112181-plastics-blow-oven,,https://youtube.com/watch?v=UQYNdcpF0tg,https://www.makerprojectlab.com/paper-airplane-machine-maker-update-83/
Skateboard Designs from frog's DECKxDESIGN Challenge,,tip,design; product-design,Skateboard design competition from frog agency.,high,83,2018-06-01,main,http://www.core77.com/posts/77926/Our-Favorite-Skateboard-Designs-from-frogs-DECKxDESIGN-Challenge?utm_source=home_page_feature_slider,,https://youtube.com/watch?v=UQYNdcpF0tg,https://www.makerprojectlab.com/paper-airplane-machine-maker-update-83/
HackSpace magazine #7,,tip,media; magazine,HackSpace magazine issue 7 release.,high,83,2018-06-01,main,https://hackspace.raspberrypi.org/issues/7,,https://youtube.com/watch?v=UQYNdcpF0tg,https://www.makerprojectlab.com/paper-airplane-machine-maker-update-83/
MagPi #70,,tip,media; magazine,MagPi #70 magazine issue announcement.,high,83,2018-06-01,main,https://www.raspberrypi.org/magpi/issues/70/,,https://youtube.com/watch?v=UQYNdcpF0tg,https://www.makerprojectlab.com/paper-airplane-machine-maker-update-83/
SOAP VOMITING UNICORN,Britt Michelsen,project,novelty; animation; sculpture,Soap-dispensing animated unicorn sculpture.,high,82,2018-05-25,main,https://www.instructables.com/id/Soap-Vomiting-Unicorn/,,https://youtube.com/watch?v=ZXWuLp68Ew4,https://www.makerprojectlab.com/the-sick-unicorn-maker-update/
"MARBLEVATOR MINI, LOOP",Greg Zumwalt,project,marble-machine; kinetic-art; 3d-printing,Marblevator mini marble lift machine.,high,82,2018-05-25,main,https://www.instructables.com/id/Marblevator-Mini-Loop/,,https://youtube.com/watch?v=ZXWuLp68Ew4,https://www.makerprojectlab.com/the-sick-unicorn-maker-update/
"NEO PIXEL, FASTEST THUMB GAME",wellsey1972,project,game-device; led; electronics,Fastest thumb game with NeoPixel feedback.,high,82,2018-05-25,main,https://www.instructables.com/id/Neo-Pixel-Fastest-Thumb-Game/,,https://youtube.com/watch?v=ZXWuLp68Ew4,https://www.makerprojectlab.com/the-sick-unicorn-maker-update/
Box-E Box,"Daniel Plata, Simone Pivetta & Samar Gmach",project,,No content available for this row.,low,82,2018-05-25,main,http://shakethatbutton.com/box-e-box/,,https://youtube.com/watch?v=ZXWuLp68Ew4,https://www.makerprojectlab.com/the-sick-unicorn-maker-update/
HIS & HERS RAZOR HOLDERS,Mikeasaurus,project,bathroom-storage; 3d-printing,Personalized his and hers razor holder organizer.,high,82,2018-05-25,main,https://www.instructables.com/id/His-Hers-Razor-Holders/,,https://youtube.com/watch?v=ZXWuLp68Ew4,https://www.makerprojectlab.com/the-sick-unicorn-maker-update/
WORKING MINI LEGO PINBALL MACHINE,Lego Man,project,game-design; pinball; lego,Working miniature LEGO pinball machine.,high,82,2018-05-25,main,https://www.instructables.com/id/Working-Mini-Lego-Pinball-Machine/,,https://youtube.com/watch?v=ZXWuLp68Ew4,https://www.makerprojectlab.com/the-sick-unicorn-maker-update/
Tapeless tape Deck by,,project,vintage-tech; cassette-deck; android,Android phone converted to vintage tape deck.,high,82,2018-05-25,main,http://www.mp3tapelessdeck.pl/,,https://youtube.com/watch?v=ZXWuLp68Ew4,https://www.makerprojectlab.com/the-sick-unicorn-maker-update/
https://hackaday.com/2018/05/21/ditch-the-tapes-put-an-android-in-your-deck/,,project,,No content available for this row.,low,82,2018-05-25,main,https://hackaday.com/2018/05/21/ditch-the-tapes-put-an-android-in-your-deck/,,https://youtube.com/watch?v=ZXWuLp68Ew4,https://www.makerprojectlab.com/the-sick-unicorn-maker-update/
Mitxela StyloCard,,project,playing-card; electronics,StyloCard stylus card by Mitxela.,high,82,2018-05-25,main,https://mitxela.com/projects/stylocard,,https://youtube.com/watch?v=ZXWuLp68Ew4,https://www.makerprojectlab.com/the-sick-unicorn-maker-update/
Hobart Handler 140 MIG Welder 115V,,project,welding; tool-review,Hobart Handler 140 MIG welder product.,high,82,2018-05-25,main,https://www.amazon.com/exec/obidos/ASIN/B009X43F38/ctmakerupdate-20,,https://youtube.com/watch?v=ZXWuLp68Ew4,https://www.makerprojectlab.com/the-sick-unicorn-maker-update/
Antra AH6-260-0000 Solar Power Auto Darkening Welding Helmet,,project,welding; safety-gear,Solar-powered auto-darkening welding helmet.,high,82,2018-05-25,main,https://www.amazon.com/exec/obidos/ASIN/B00BWAEYV8/ctmakerupdate-20,,https://youtube.com/watch?v=ZXWuLp68Ew4,https://www.makerprojectlab.com/the-sick-unicorn-maker-update/
Adjustable Steel Welding Table,,project,welding; workspace,Adjustable steel welding work table.,high,82,2018-05-25,main,https://www.amazon.com/exec/obidos/ASIN/B010FINPZ8/ctmakerupdate-20,,https://youtube.com/watch?v=ZXWuLp68Ew4,https://www.makerprojectlab.com/the-sick-unicorn-maker-update/
Wire Scratch Brush,,project,welding; brush,Wire scratch brush cleaning tool.,high,82,2018-05-25,main,https://www.amazon.com/exec/obidos/ASIN/B00208BX4C/ctmakerupdate-20,,https://youtube.com/watch?v=ZXWuLp68Ew4,https://www.makerprojectlab.com/the-sick-unicorn-maker-update/
MIG Welding Gloves,,project,welding; gloves,Protective MIG welding gloves product.,high,82,2018-05-25,main,https://www.amazon.com/exec/obidos/ASIN/B002WOW6ZY/ctmakerupdate-20,,https://youtube.com/watch?v=ZXWuLp68Ew4,https://www.makerprojectlab.com/the-sick-unicorn-maker-update/
Voronator,,tip,3d-modeling; voronoi-pattern,Voronator tool for 3D-printable patterns.,high,82,2018-05-25,main,https://www.voronator.com/,,https://youtube.com/watch?v=ZXWuLp68Ew4,https://www.makerprojectlab.com/the-sick-unicorn-maker-update/
MAKE 3D PRINTABLE VORONOI PATTERNS WITH AUTODESK® MESHMIXER,,tip,3d-modeling; voronoi-pattern,Creating voronoi patterns with Meshmixer CAD.,high,82,2018-05-25,main,https://www.instructables.com/id/Make-Voronoi-Pattern-with-Autodesk-Meshmixer/,,https://youtube.com/watch?v=ZXWuLp68Ew4,https://www.makerprojectlab.com/the-sick-unicorn-maker-update/
Classes with Mike Warren from Instructables,,tip,education; instructables,Instructables classes with Mike Warren.,high,82,2018-05-25,main,https://blog.trystudio.co/story/mike,,https://youtube.com/watch?v=ZXWuLp68Ew4,https://www.makerprojectlab.com/the-sick-unicorn-maker-update/
Adafruit Crickit,,tip,electronics; prototyping; hat,Adafruit Crickit board for physical computing.,high,82,2018-05-25,main,https://learn.adafruit.com/adafruit-crickit-creative-robotic-interactive-construction-kit,,https://youtube.com/watch?v=ZXWuLp68Ew4,https://www.makerprojectlab.com/the-sick-unicorn-maker-update/
Adafruit Parts CAD files,,tip,cad; parts-library,Adafruit parts CAD files for design integration.,high,82,2018-05-25,main,https://github.com/adafruit/Adafruit_CAD_Parts,,https://youtube.com/watch?v=ZXWuLp68Ew4,https://www.makerprojectlab.com/the-sick-unicorn-maker-update/
CircuitPython 3.0.0 Beta 0 Released,,tip,python; microcontroller,CircuitPython 3.0.0 beta release announcement.,high,82,2018-05-25,main,https://blog.adafruit.com/2018/05/23/circuitpython-3-0-0-beta-0-released/,,https://youtube.com/watch?v=ZXWuLp68Ew4,https://www.makerprojectlab.com/the-sick-unicorn-maker-update/
Strasbourg,,tip,,Strasbourg - show location reference.,low,82,2018-05-25,main,,,https://youtube.com/watch?v=ZXWuLp68Ew4,https://www.makerprojectlab.com/the-sick-unicorn-maker-update/
Vilnius,,tip,,Vilnius - show location reference.,low,82,2018-05-25,main,,,https://youtube.com/watch?v=ZXWuLp68Ew4,https://www.makerprojectlab.com/the-sick-unicorn-maker-update/
"Saskatoon, Saskatchewan",,tip,,Saskatoon Saskatchewan - show location reference.,low,82,2018-05-25,main,,,https://youtube.com/watch?v=ZXWuLp68Ew4,https://www.makerprojectlab.com/the-sick-unicorn-maker-update/
Ljubljana,,tip,,Ljubljana - show location reference.,low,82,2018-05-25,main,,,https://youtube.com/watch?v=ZXWuLp68Ew4,https://www.makerprojectlab.com/the-sick-unicorn-maker-update/
"Gibsons, BC",,tip,,Gibsons BC - show location reference.,low,82,2018-05-25,main,,,https://youtube.com/watch?v=ZXWuLp68Ew4,https://www.makerprojectlab.com/the-sick-unicorn-maker-update/
Kharkiv,,tip,,Kharkiv - show location reference.,low,82,2018-05-25,main,,,https://youtube.com/watch?v=ZXWuLp68Ew4,https://www.makerprojectlab.com/the-sick-unicorn-maker-update/
Outtro,,tip,show-format,Episode outro marker.,low,82,2018-05-25,main,,,https://youtube.com/watch?v=ZXWuLp68Ew4,https://www.makerprojectlab.com/the-sick-unicorn-maker-update/
"Move to Fridays, every other week. Work at ADSK.",,tip,schedule-announcement,Maker Update schedule change to Friday.,low,82,2018-05-25,main,,,https://youtube.com/watch?v=ZXWuLp68Ew4,https://www.makerprojectlab.com/the-sick-unicorn-maker-update/
WOODEN STAR MAP / NIGHTLIGHT,makeorbreakshop,project,wood-engraving; star-map; led,Wooden star map that glows like a nightlight.,high,82,2018-05-18,main,https://www.instructables.com/id/Star-Map-Wooden-Sign/,,https://youtube.com/watch?v=ZXWuLp68Ew4,https://www.makerprojectlab.com/the-sick-unicorn-maker-update/
Pushrod Garage,John Park,project,,No content available for this row.,low,82,2018-05-18,main,https://learn.adafruit.com/pushrod-garage,,https://youtube.com/watch?v=ZXWuLp68Ew4,https://www.makerprojectlab.com/the-sick-unicorn-maker-update/
"NEO PIXEL, FASTEST THUMB GAME",wellsey1972,project,game-device; led; electronics,Fastest thumb game with NeoPixel feedback.,high,82,2018-05-18,main,https://www.instructables.com/id/Neo-Pixel-Fastest-Thumb-Game/,,https://youtube.com/watch?v=ZXWuLp68Ew4,https://www.makerprojectlab.com/the-sick-unicorn-maker-update/
YouTuber Allen Pan has created a pair of arm-mounted flame and nitrogen throwers,,project,flamethrower; pyrotechnics,Arm-mounted flame and nitrogen thrower devices.,high,82,2018-05-18,main,https://blog.hackster.io/get-shotos-half-cold-half-hot-quirk-in-real-life-febdbc7673e3,,https://youtube.com/watch?v=ZXWuLp68Ew4,https://www.makerprojectlab.com/the-sick-unicorn-maker-update/
Box-E Box,,project,,No content available for this row.,low,82,2018-05-18,main,http://shakethatbutton.com/box-e-box/,,https://youtube.com/watch?v=ZXWuLp68Ew4,https://www.makerprojectlab.com/the-sick-unicorn-maker-update/
Doctor Strange Magic Spell using a Hologram Display LED Fan https://amzn.to/2Io668r #DoctorStrange #PersistenceOfVision via RPF,,project,hologram; led-fan; art-display,Persistence of vision LED fan hologram display.,high,82,2018-05-18,main,https://twitter.com/therpf/status/996465238097702918?s=11,,https://youtube.com/watch?v=ZXWuLp68Ew4,https://www.makerprojectlab.com/the-sick-unicorn-maker-update/
Bernz-O-Matic ST2200T Micro Flame Butane Torch Kit,,project,torch; heat-tools,Bernz-O-Matic butane micro torch product.,high,82,2018-05-18,main,http://amzn.to/2u1oGiB,https://www.amazon.com/exec/obidos/ASIN/ASINNUMBERHERE/ctmakerupdate-20,https://youtube.com/watch?v=ZXWuLp68Ew4,https://www.makerprojectlab.com/the-sick-unicorn-maker-update/
Full review,,project,,No content available for this row.,low,82,2018-05-18,main,https://makerprojectlab.com/bernz-o-matic-st2200t-micro-flame-butane-torch-kit-review/,,https://youtube.com/watch?v=ZXWuLp68Ew4,https://www.makerprojectlab.com/the-sick-unicorn-maker-update/
Voronator,,tip,3d-modeling; voronoi-pattern,Voronator tool for parametric patterns.,high,82,2018-05-18,main,https://www.voronator.com/,,https://youtube.com/watch?v=ZXWuLp68Ew4,https://www.makerprojectlab.com/the-sick-unicorn-maker-update/
TRYstudio Plug,,tip,studio-technique,TRYstudio making studio technique.,low,82,2018-05-18,main,,,https://youtube.com/watch?v=ZXWuLp68Ew4,https://www.makerprojectlab.com/the-sick-unicorn-maker-update/
3D Printed Glowing Flower // Becky Stern,,project,3d-printing; led; lighting,3D-printed glowing flower light sculpture.,high,81,2018-05-08,main,http://www.instructables.com/id/Glowing-3D-Printed-Flowers/,,https://youtube.com/watch?v=dmNAO4Xkurg,https://www.makerprojectlab.com/complaint-button-maker-update-81/
Simple Wire Bender,Pete Prodoehl,project,metal-bending; wire-tools,Simple hand-cranked wire bender tool.,high,81,2018-05-08,main,http://rasterweb.net/raster/2018/05/02/simple-wire-bender/,,https://youtube.com/watch?v=dmNAO4Xkurg,https://www.makerprojectlab.com/complaint-button-maker-update-81/
Complaint button,Greg Zumwalt,project,button; circuit; interactive,Push-button complaint device novelty.,high,81,2018-05-08,main,https://www.instructables.com/id/Complaint-Button/,,https://youtube.com/watch?v=dmNAO4Xkurg,https://www.makerprojectlab.com/complaint-button-maker-update-81/
Big Head Box,Yuji Hayashi,project,costume; sculpture; 3d-printing,Large wearable head costume sculpture.,high,81,2018-05-08,main,https://makezine.com/projects/fat-head-cardboard-box/,,https://youtube.com/watch?v=dmNAO4Xkurg,https://www.makerprojectlab.com/complaint-button-maker-update-81/
http://portal.nifty.com/kiji/160830197309_1.htm,,project,,No content available for this row.,low,81,2018-05-08,main,http://portal.nifty.com/kiji/160830197309_1.htm,,https://youtube.com/watch?v=dmNAO4Xkurg,https://www.makerprojectlab.com/complaint-button-maker-update-81/
How to 3D Print on Tulle,Penolopy Bulnick,project,3d-printing; fabric; tulle,Technique for 3D printing directly on tulle fabric.,high,81,2018-05-08,main,https://www.instructables.com/id/How-to-3D-Print-on-Tulle-Fabric/,,https://youtube.com/watch?v=dmNAO4Xkurg,https://www.makerprojectlab.com/complaint-button-maker-update-81/
"DEWALT DCS367B 20V Max XR Brushless Compact Reciprocating Saw, (Tool Only),",,tip,power-tools; reciprocating-saw,DeWalt reciprocating saw review and specs.,high,81,2018-05-08,main,https://www.amazon.com/exec/obidos/ASIN/B01M69K91R/ctmakerupdate-20,,https://youtube.com/watch?v=dmNAO4Xkurg,https://www.makerprojectlab.com/complaint-button-maker-update-81/
"DEWALT DW4856 Metal/Woodcutting Reciprocating Saw Blade Set, 6-Piece",,tip,power-tools; saw-blade,DeWalt saw blade set for metal and wood.,high,81,2018-05-08,main,https://www.amazon.com/exec/obidos/ASIN/B00004RHAA/ctmakerupdate-20,,https://youtube.com/watch?v=dmNAO4Xkurg,https://www.makerprojectlab.com/complaint-button-maker-update-81/
DEWALT DCB102BP 20-volt MAX Jobsite Charging Station with Battery Pack,,tip,power-tools; charging,DeWalt jobsite charging station system.,high,81,2018-05-08,main,https://www.amazon.com/exec/obidos/ASIN/B00N1KPDFI/ctmakerupdate-20,,https://youtube.com/watch?v=dmNAO4Xkurg,https://www.makerprojectlab.com/complaint-button-maker-update-81/
3D Print Designs,Walter Hsiao,tip,,No content available for this row.,low,81,2018-05-08,main,https://www.thingiverse.com/walter/about,,https://youtube.com/watch?v=dmNAO4Xkurg,https://www.makerprojectlab.com/complaint-button-maker-update-81/
Pier 9 team has released their complete workshop guide so you can learn how to use ANY TOOL,,tip,workshop-guide; fabrication,Pier 9 complete workshop tool usage guide.,high,81,2018-05-08,main,https://www.instructables.com/pier9/,,https://youtube.com/watch?v=dmNAO4Xkurg,https://www.makerprojectlab.com/complaint-button-maker-update-81/
Eric Strebel's Spray Paint Finishing Techniques,,tip,finishing; spray-paint,Professional spray paint finishing techniques.,high,81,2018-05-08,main,https://www.youtube.com/watch?v=0Z-cBnH79J4,,https://youtube.com/watch?v=dmNAO4Xkurg,https://www.makerprojectlab.com/complaint-button-maker-update-81/
Scribble Feature now in Tinkercad,,tip,cad-software; 3d-design,Tinkercad scribble feature for drawing.,high,81,2018-05-08,main,https://blog.tinkercad.com/2018/04/26/introducing-scribble-the-ultimate-tinkercad-personalization-tool/,,https://youtube.com/watch?v=dmNAO4Xkurg,https://www.makerprojectlab.com/complaint-button-maker-update-81/
LED Octopus,,tip,electronics; art-installation,LED octopus electronic art sculpture.,high,81,2018-05-08,main,https://blog.tindie.com/2018/05/simplify-next-teensy-based-led-strip-project-led-octopus/,,https://youtube.com/watch?v=dmNAO4Xkurg,https://www.makerprojectlab.com/complaint-button-maker-update-81/
SELF FORMING STRUCTURES: AN EXPLORATION INTO 3D PRINTING ON PRE-STRETCHED FABRIC,Gabe Fields,tip,3d-printing; fabric; elastomer,3D printing on pre-stretched fabric structures.,high,81,2018-05-08,main,https://n-e-r-v-o-u-s.com/blog/?p=8011,,https://youtube.com/watch?v=dmNAO4Xkurg,https://www.makerprojectlab.com/complaint-button-maker-update-81/
This Friday: Arduino Tinkercad Circuits Talk With Becky Stern,,tip,arduino; circuitry; online-class,Becky Stern Arduino circuit design class.,high,81,2018-05-08,main,https://www.youtube.com/watch?v=nC03qquYrOU,,https://youtube.com/watch?v=dmNAO4Xkurg,https://www.makerprojectlab.com/complaint-button-maker-update-81/
"May 18 + 19 + 20, 2018",,tip,event; date,May 18-20 2018 event dates reference.,low,81,2018-05-08,main,,,https://youtube.com/watch?v=dmNAO4Xkurg,https://www.makerprojectlab.com/complaint-button-maker-update-81/
Open Source Turtle Robot,MakersBox,project,robotics; turtle; open-source,Open-source turtle robot kit for education.,high,81,2018-05-01,main,https://www.instructables.com/id/OSTR/,,https://youtube.com/watch?v=dmNAO4Xkurg,https://www.makerprojectlab.com/complaint-button-maker-update-81/
Kit on Tindie,,project,,No content available for this row.,low,81,2018-05-01,main,https://www.tindie.com/products/MakersBox/open-source-turtle-robot-ostr/,,https://youtube.com/watch?v=dmNAO4Xkurg,https://www.makerprojectlab.com/complaint-button-maker-update-81/
Labo Piano Light FX,Collin Cunningham,project,nintendo-labo; music; led,Piano light effects for Nintendo Labo.,high,81,2018-05-01,main,https://learn.adafruit.com/labo-piano-light-fx,,https://youtube.com/watch?v=dmNAO4Xkurg,https://www.makerprojectlab.com/complaint-button-maker-update-81/
Pixelated Shadows with this Rainbow Lightbox,Nicole Catrett,project,light-art; shadow-art; led,Rainbow lightbox creates pixelated shadow art.,high,81,2018-05-01,main,https://makezine.com/projects/rainbow-color-lightbox/,,https://youtube.com/watch?v=dmNAO4Xkurg,https://www.makerprojectlab.com/complaint-button-maker-update-81/
3D Printed Glowing Flower // Becky Stern,,project,3d-printing; led; lighting,3D-printed glowing flower light sculpture.,high,81,2018-05-01,main,http://www.instructables.com/id/Glowing-3D-Printed-Flowers/,,https://youtube.com/watch?v=dmNAO4Xkurg,https://www.makerprojectlab.com/complaint-button-maker-update-81/
Complaint button,Greg Zumwalt,project,button; circuit; interactive,Push-button complaint device novelty.,high,81,2018-05-01,main,https://www.instructables.com/id/Complaint-Button/,,https://youtube.com/watch?v=dmNAO4Xkurg,https://www.makerprojectlab.com/complaint-button-maker-update-81/
How to 3D Print on Tulle,Penolopy Bulnick,project,3d-printing; fabric; tulle,Technique for 3D printing directly on tulle fabric.,high,81,2018-05-01,main,https://www.instructables.com/id/How-to-3D-Print-on-Tulle-Fabric/,,https://youtube.com/watch?v=dmNAO4Xkurg,https://www.makerprojectlab.com/complaint-button-maker-update-81/
Actual reality Arcade,,project,arcade; game; physical; interactive; retro,Actual Reality Arcade life-sized games reimagining classic arcade as physical experiences.,high,81,2018-05-01,main,http://shakethatbutton.com/the-actual-reality-arcade/,,https://youtube.com/watch?v=dmNAO4Xkurg,https://www.makerprojectlab.com/complaint-button-maker-update-81/
Simple Wire Bender,Pete Prodoehl,project,metal-bending; wire-tools,Simple hand-cranked wire bender tool.,high,81,2018-05-01,main,http://rasterweb.net/raster/2018/05/02/simple-wire-bender/,,https://youtube.com/watch?v=dmNAO4Xkurg,https://www.makerprojectlab.com/complaint-button-maker-update-81/
Scraperite Plastic Razor Blades,,tip,tool-review; plastic-blade,Scraperite plastic razor blade tool review.,high,81,2018-05-01,main,http://amzn.to/2tudHi0,,https://youtube.com/watch?v=dmNAO4Xkurg,https://www.makerprojectlab.com/complaint-button-maker-update-81/
Review and video,,tip,scraping-tool; hand-tools,Scraperite plastic razor blades review for delicate scraping tasks.,high,81,2018-05-01,main,https://makerprojectlab.com/scraperite-plastic-razor-blades-review/,,https://youtube.com/watch?v=dmNAO4Xkurg,https://www.makerprojectlab.com/complaint-button-maker-update-81/
MagPi 69,,tip,media; magazine,MagPi #69 magazine issue announcement.,high,81,2018-05-01,main,https://www.raspberrypi.org/magpi/issues/69/,,https://youtube.com/watch?v=dmNAO4Xkurg,https://www.makerprojectlab.com/complaint-button-maker-update-81/
RaptorLoc Pro - A hardcore modular third hand system,Jotham McMillan,tip,clamping; tool-review,RaptorLoc Pro modular clamping system.,high,81,2018-05-01,main,https://www.kickstarter.com/projects/446308987/raptorloc-pro-a-hardcore-modular-third-hand-system,,https://youtube.com/watch?v=dmNAO4Xkurg,https://www.makerprojectlab.com/complaint-button-maker-update-81/
Cracking Open a Battery Backup LED Bulb,,tip,electronics; led-bulb-teardown,LED bulb internal electronics examination.,high,81,2018-05-01,main,https://hackaday.com/2018/04/23/teardown-led-bulb-yields-tiny-ups/,,https://youtube.com/watch?v=dmNAO4Xkurg,https://www.makerprojectlab.com/complaint-button-maker-update-81/
3D Print Designs,Walter Hsiao,tip,3d-printing,Creator profile for 3D printable designs on Thingiverse.,low,81,2018-05-01,main,https://www.thingiverse.com/walter/about,,https://youtube.com/watch?v=dmNAO4Xkurg,https://www.makerprojectlab.com/complaint-button-maker-update-81/
Pier 9 team has released their complete workshop guide so you can learn how to use ANY TOOL,,tip,workshop-guide; fabrication,Pier 9 complete workshop tool usage guide.,high,81,2018-05-01,main,https://www.instructables.com/pier9/,,https://youtube.com/watch?v=dmNAO4Xkurg,https://www.makerprojectlab.com/complaint-button-maker-update-81/
Eric Strebel's Spray Paint Finishing Techniques,,tip,finishing; spray-paint,Professional spray paint finishing techniques.,high,81,2018-05-01,main,https://www.youtube.com/watch?v=0Z-cBnH79J4,,https://youtube.com/watch?v=dmNAO4Xkurg,https://www.makerprojectlab.com/complaint-button-maker-update-81/
Horse Prototype,Greg Zumwalt,project,woodworking; prototype; mechanical,Horse prototype construction guide (content not accessible).,low,80,2018-04-25,main,https://www.instructables.com/id/Horse-Prototype/,,https://youtube.com/watch?v=nikN0gsXtWY,https://www.makerprojectlab.com/neural-synthesizer-maker-update-80/
WELDING PLASTICS: INSTRUCTABLES ROBOT NIGHTLIGHT,nerdyKat,project,plastic-welding; 3d-printing; nightlight,Welding plastics to create LED nightlight.,high,80,2018-04-25,main,https://www.instructables.com/id/Welding-Plastics-Instructables-Robot-Nightlight/,,https://youtube.com/watch?v=nikN0gsXtWY,https://www.makerprojectlab.com/neural-synthesizer-maker-update-80/
Solder Fume Extractor,Ruiz Bros.,project,soldering; extraction; ventilation,DIY soldering fume extractor for air quality.,high,80,2018-04-25,main,https://learn.adafruit.com/desktop-fume-extractor,,https://youtube.com/watch?v=nikN0gsXtWY,https://www.makerprojectlab.com/neural-synthesizer-maker-update-80/
3D PRINT CONSTELLATION NECKLACE,Penolopy Bulnick,project,3d-printing; jewelry; constellation,3D-printed constellation necklace with stars.,high,80,2018-04-25,main,https://www.instructables.com/id/3D-Print-Constellation-Necklace/,,https://youtube.com/watch?v=nikN0gsXtWY,https://www.makerprojectlab.com/neural-synthesizer-maker-update-80/
Irwin Tools 4935705 1/4in. x 12in. Lock-n-Load Quick Change Bit Holder,,project,drill-bit-holder; tool-storage,Irwin quick-change drill bit holder.,high,80,2018-04-25,main,https://www.amazon.com/exec/obidos/ASIN/B00008KISM/ctmakerupdate-20,,https://youtube.com/watch?v=nikN0gsXtWY,https://www.makerprojectlab.com/neural-synthesizer-maker-update-80/
Makita B-35097 Impact Gold Ultra-Magnetic Torsion Insert Bit Holder,,project,drill-bit-holder; tool-storage,Makita magnetic torsion bit holder.,high,80,2018-04-25,main,https://www.amazon.com/exec/obidos/ASIN/B00ECMC1F4/ctmakerupdate-20,,https://youtube.com/watch?v=nikN0gsXtWY,https://www.makerprojectlab.com/neural-synthesizer-maker-update-80/
DEWALT DWARA100 Right Angle Attachment,,project,right-angle-attachment; drill,DeWalt right angle drill attachment.,high,80,2018-04-25,main,https://www.amazon.com/exec/obidos/ASIN/B00C0VSNKQ/ctmakerupdate-20,,https://youtube.com/watch?v=nikN0gsXtWY,https://www.makerprojectlab.com/neural-synthesizer-maker-update-80/
Socket Bit Hex Shanks,,project,drill-bit; tool-adapter,Socket bit hex shank adapters.,high,80,2018-04-25,main,https://www.amazon.com/exec/obidos/ASIN/B01NCOIF4G/ctmakerupdate-20,,https://youtube.com/watch?v=nikN0gsXtWY,https://www.makerprojectlab.com/neural-synthesizer-maker-update-80/
Autodesk Eagle 9 is out,,tip,electronics; cad-software,Autodesk Eagle 9 circuit design release.,high,80,2018-04-25,main,https://forums.autodesk.com/t5/eagle-forum/eagle-version-9-is-here-nothing-short-of-awesome/m-p/7940181#M11982,,https://youtube.com/watch?v=nikN0gsXtWY,https://www.makerprojectlab.com/neural-synthesizer-maker-update-80/
Hackspace Issue #6,,tip,media; magazine,HackSpace magazine issue 6 release.,high,80,2018-04-25,main,https://hackspace.raspberrypi.org/issues/6,,https://youtube.com/watch?v=nikN0gsXtWY,https://www.makerprojectlab.com/neural-synthesizer-maker-update-80/
FastLED Matrix Library for ESP32,,tip,led-matrix; esp32; library,FastLED library for ESP32 LED matrix control.,high,80,2018-04-25,main,https://hackaday.com/2018/04/21/fast-led-matrix-graphics-for-the-esp32/,,https://youtube.com/watch?v=nikN0gsXtWY,https://www.makerprojectlab.com/neural-synthesizer-maker-update-80/
https://hackaday.io/project/148066-smartmatrix-library-esp32-port,,tip,esp32; led-matrix; firmware; electronics,SmartMatrix Library port for ESP32 driving large LED matrix displays with WiFi.,high,80,2018-04-25,main,https://hackaday.io/project/148066-smartmatrix-library-esp32-port,,https://youtube.com/watch?v=nikN0gsXtWY,https://www.makerprojectlab.com/neural-synthesizer-maker-update-80/
Sparkfun Unicorn Soldering Badge,,tip,soldering; art-badge,Sparkfun unicorn soldering badge learning tool.,high,80,2018-04-25,main,https://www.sparkfun.com/products/14639,,https://youtube.com/watch?v=nikN0gsXtWY,https://www.makerprojectlab.com/neural-synthesizer-maker-update-80/
Google AIY Kits in Target,,tip,iot; google-assistant; kit,Google AIY kits for voice AI projects.,high,80,2018-04-25,main,https://www.target.com/s?searchTerm=Google+Vision+Kit+AIY,,https://youtube.com/watch?v=nikN0gsXtWY,https://www.makerprojectlab.com/neural-synthesizer-maker-update-80/
"Jim Leemhuis' Complete Animatronic Eyeball video guide, Pt. 4",,tip,animatronics; eyes; mechanism,Complete guide to building animatronic eyes.,high,80,2018-04-25,main,https://www.youtube.com/playlist?list=PLHvctKwAXIO9NymX37Q3Bx37O51-xKgC_,,https://youtube.com/watch?v=nikN0gsXtWY,https://www.makerprojectlab.com/neural-synthesizer-maker-update-80/
https://www.thingiverse.com/thing:2857377,,tip,3d-printing,Thingiverse 3D printable design (details not accessible).,low,80,2018-04-25,main,https://www.thingiverse.com/thing:2857377,,https://youtube.com/watch?v=nikN0gsXtWY,https://www.makerprojectlab.com/neural-synthesizer-maker-update-80/
Shanghai,,tip,,Shanghai - show location reference.,low,80,2018-04-25,main,,,https://youtube.com/watch?v=nikN0gsXtWY,https://www.makerprojectlab.com/neural-synthesizer-maker-update-80/
"West Palm Beach, Florida",,tip,,West Palm Beach Florida - show location reference.,low,80,2018-04-25,main,,,https://youtube.com/watch?v=nikN0gsXtWY,https://www.makerprojectlab.com/neural-synthesizer-maker-update-80/
Hsinchu,,tip,,Hsinchu - show location reference.,low,80,2018-04-25,main,,,https://youtube.com/watch?v=nikN0gsXtWY,https://www.makerprojectlab.com/neural-synthesizer-maker-update-80/
Newcastle upon Tyne,,tip,,Newcastle upon Tyne - show location reference.,low,80,2018-04-25,main,,,https://youtube.com/watch?v=nikN0gsXtWY,https://www.makerprojectlab.com/neural-synthesizer-maker-update-80/
"Mashpee, Massachusetts",,tip,,Mashpee Massachusetts - show location reference.,low,80,2018-04-25,main,,,https://youtube.com/watch?v=nikN0gsXtWY,https://www.makerprojectlab.com/neural-synthesizer-maker-update-80/
"Tyler, Texas",,tip,,Tyler Texas - show location reference.,low,80,2018-04-25,main,,,https://youtube.com/watch?v=nikN0gsXtWY,https://www.makerprojectlab.com/neural-synthesizer-maker-update-80/
"Gibsons, BC",,tip,,Gibsons BC - show location reference.,low,80,2018-04-25,main,,,https://youtube.com/watch?v=nikN0gsXtWY,https://www.makerprojectlab.com/neural-synthesizer-maker-update-80/
"Burlington, North Carolina",,tip,,Burlington North Carolina - show location reference.,low,80,2018-04-25,main,,,https://youtube.com/watch?v=nikN0gsXtWY,https://www.makerprojectlab.com/neural-synthesizer-maker-update-80/
Dillingen-Saar,,tip,,Dillingen-Saar - show location reference.,low,80,2018-04-25,main,,,https://youtube.com/watch?v=nikN0gsXtWY,https://www.makerprojectlab.com/neural-synthesizer-maker-update-80/
"Fresno, California",,tip,,Fresno California - show location reference.,low,80,2018-04-25,main,,,https://youtube.com/watch?v=nikN0gsXtWY,https://www.makerprojectlab.com/neural-synthesizer-maker-update-80/
LED Trampoline,Ruiz Bros.,project,led; trampoline; dance-floor,LED-lit interactive dance trampoline.,high,79,2018-04-18,main,https://learn.adafruit.com/led-trampoline,,https://youtube.com/watch?v=UTU7aPZBx9A,https://www.makerprojectlab.com/light-up-trampoline-maker-update/
Variable Portable Power Supply,Lonesoulsurfer,project,power-supply; variable-voltage,Portable variable voltage DC power supply.,high,79,2018-04-18,main,https://www.instructables.com/id/Portable-Variable-Power-Supply-1/,,https://youtube.com/watch?v=UTU7aPZBx9A,https://www.makerprojectlab.com/light-up-trampoline-maker-update/
DC-DC Variable Voltage Regulator Board on eBay,,project,power-supply; voltage-regulator,DC-DC variable voltage regulator board.,high,79,2018-04-18,main,https://www.ebay.com/itm/New-LM2596-DC-DC-4V-35V-to-1-23V-30V-Step-Down-Power-Module-Voltage-Regulator-3A/252867939335,,https://youtube.com/watch?v=UTU7aPZBx9A,https://www.makerprojectlab.com/light-up-trampoline-maker-update/
Grotoro,Concrete Games,project,game-design; puzzle,Grotoro puzzle game by Concrete Games.,high,79,2018-04-18,main,http://shakethatbutton.com/grotoro/,,https://youtube.com/watch?v=UTU7aPZBx9A,https://www.makerprojectlab.com/light-up-trampoline-maker-update/
https://concretegames.itch.io/grotoro,,project,indie-game; game-dev; unreal-engine,Multiplayer space action game for 2-4 players.,high,79,2018-04-18,main,https://concretegames.itch.io/grotoro,,https://youtube.com/watch?v=UTU7aPZBx9A,https://www.makerprojectlab.com/light-up-trampoline-maker-update/
Neopixel Manicure,Sophy Wong,project,neopixel; jewelry; nail-art,NeoPixel-lit manicure with programmable colors.,high,79,2018-04-18,main,https://learn.adafruit.com/neopixel-manicure,,https://youtube.com/watch?v=UTU7aPZBx9A,https://www.makerprojectlab.com/light-up-trampoline-maker-update/
Pixel Times v2,Dominic Buchstaller,project,led-matrix; electronics; pixel-art; esp8266; laser-cutting,Animated pixel art display using LED matrix and ESP8266 microcontroller.,high,79,2018-04-18,main,https://2dom.github.io/PixelTimes/,,https://youtube.com/watch?v=UTU7aPZBx9A,https://www.makerprojectlab.com/light-up-trampoline-maker-update/
Infinity Mirror Scuba Mask,Curt White,project,3d-printing; diving; mask; infinity-mirror,Infinity mirror inside scuba diving mask.,high,79,2018-04-18,main,https://hackaday.io/project/116475-infinity-mirror-scuba-mask,,https://youtube.com/watch?v=UTU7aPZBx9A,https://www.makerprojectlab.com/light-up-trampoline-maker-update/
Socket Bit Hex Shanks,,project,drill-bit; tool-adapter,Socket bit hex shank adapters.,high,79,2018-04-18,main,https://www.amazon.com/exec/obidos/ASIN/B01NCOIF4G/ctmakerupdate-20,https://www.amazon.com/exec/obidos/ASIN/ASINNUMBERHERE/ctmakerupdate-20,https://youtube.com/watch?v=UTU7aPZBx9A,https://www.makerprojectlab.com/light-up-trampoline-maker-update/
3D PRINTER TIME LAPSE VIDEOS DITCH THE BLUR,,tip,3d-printing; time-lapse; video,Octolapse 3D printer time-lapse plugin.,high,79,2018-04-18,main,https://hackaday.com/2018/04/13/3d-printer-time-lapse-videos-ditch-the-blur/,,https://youtube.com/watch?v=UTU7aPZBx9A,https://www.makerprojectlab.com/light-up-trampoline-maker-update/
Octolapse,,tip,3d-printing; software; octoprint,OctoPrint plugin creating stabilized timelapses for 3D printer documentation.,high,79,2018-04-18,main,https://github.com/FormerLurker/Octolapse,,https://youtube.com/watch?v=UTU7aPZBx9A,https://www.makerprojectlab.com/light-up-trampoline-maker-update/
Loek Vellekoop Talk,,tip,raspberry-pi; portable-workstation; lcd,Raspberry Pi workstation with fold-out screen.,high,79,2018-04-18,main,https://www.youtube.com/watch?v=kxwysC9ZqKA,,https://youtube.com/watch?v=UTU7aPZBx9A,https://www.makerprojectlab.com/light-up-trampoline-maker-update/
Building a portable Raspberry Pi workstation from a foldable 4.3″ screen,Michael Horne,project,raspberry-pi; portable-workstation; lcd,Foldable 4.3-inch LCD screen product.,high,78,2018-04-11,main,http://www.recantha.co.uk/blog/?p=18689,,https://youtube.com/watch?v=BWtamRi-XS4,https://www.makerprojectlab.com/goth-glue-maker-update-78/
Foldable 4.3 Inch LCD (Amazon),,project,electronics; display; camera,Foldable 4.3-inch LCD display for backup cameras or projects.,low,78,2018-04-11,main,https://amzn.to/2uWmef7,,https://youtube.com/watch?v=BWtamRi-XS4,https://www.makerprojectlab.com/goth-glue-maker-update-78/
Light Ring,,project,adhesive; glue-sticks,Black hot melt glue sticks for projects.,high,78,2018-04-11,main,https://www.instructables.com/id/LED-Ring-From-Recycled-Bike-Rim/,,https://youtube.com/watch?v=BWtamRi-XS4,https://www.makerprojectlab.com/goth-glue-maker-update-78/
Black Hot Melt Glue Sticks,,project,hot-glue; adhesive,Black hot melt glue sticks for crafting and repairs.,low,78,2018-04-11,main,https://www.amazon.com/exec/obidos/ASIN/B01I9L89LS/ctmakerupdate-20,,https://youtube.com/watch?v=BWtamRi-XS4,https://www.makerprojectlab.com/goth-glue-maker-update-78/
Interview with Randy Sarafan,,tip,electronics; interview,Interview with Randy Sarafan on maker topics.,low,78,2018-04-11,main,https://youtu.be/78dP5Hk-eVw,,https://youtube.com/watch?v=BWtamRi-XS4,https://www.makerprojectlab.com/goth-glue-maker-update-78/
https://www.instructables.com/id/Simple-Bots//,,tip,robotics; simple-machines,Simple bots construction and design collection.,low,78,2018-04-11,main,https://www.instructables.com/id/Simple-Bots//,,https://youtube.com/watch?v=BWtamRi-XS4,https://www.makerprojectlab.com/goth-glue-maker-update-78/
https://www.instructables.com/id/Simple-Machines/,,tip,mechanical-engineering; simple-machines,Simple machines educational resource collection.,low,78,2018-04-11,main,https://www.instructables.com/id/Simple-Machines/,,https://youtube.com/watch?v=BWtamRi-XS4,https://www.makerprojectlab.com/goth-glue-maker-update-78/
https://www.instructables.com/id/Telepresence-Robot-2/,,tip,robotics; telepresence,Telepresence robot construction guide.,low,78,2018-04-11,main,https://www.instructables.com/id/Telepresence-Robot-2/,,https://youtube.com/watch?v=BWtamRi-XS4,https://www.makerprojectlab.com/goth-glue-maker-update-78/
Should I Patreon?,,tip,music; instrument; trash-materials,DIY kalimba musical instrument from trash.,high,78,2018-04-11,main,,,https://youtube.com/watch?v=BWtamRi-XS4,https://www.makerprojectlab.com/goth-glue-maker-update-78/
TRASH KALIMBA MUSICAL INSTRUMENT PlayInstruments,schaapkameel,project,musical-instrument; trash-art; diy-percussion,Trash kalimba musical instrument from found materials.,low,77,2018-04-04,main,https://www.instructables.com/id/Trash-Kalimba-Musical-Instrument/,,https://www.makerprojectlab.com/treasured-trash-maker-update-77/,https://www.makerprojectlab.com/treasured-trash-maker-update-77/
https://www.loekvellekoop.com/,,project,music; bike; gamelan; percussion,Bike components converted to gamelan music.,high,77,2018-04-04,main,https://www.loekvellekoop.com/,,https://www.makerprojectlab.com/treasured-trash-maker-update-77/,https://www.makerprojectlab.com/treasured-trash-maker-update-77/
Bike Gamelan,,project,electronics; button; hacks,Quick and cheap easy button hack.,high,77,2018-04-04,main,https://www.loekvellekoop.com/#/bikegamelan/,,https://www.makerprojectlab.com/treasured-trash-maker-update-77/,https://www.makerprojectlab.com/treasured-trash-maker-update-77/
Cheapest Easiest Easy Button Hack EVER,@MakerBlock,tip,led-lights; battery,Four-pack tap light battery-powered lights.,high,77,2018-04-04,main,http://makerblock.com/2018/02/cheapest-easiest-easy-button-hack-ever/,,https://www.makerprojectlab.com/treasured-trash-maker-update-77/,https://www.makerprojectlab.com/treasured-trash-maker-update-77/
4-Pack Tap Light,,tip,media; magazine,MagPi #68 magazine issue release.,high,77,2018-04-04,main,https://www.amazon.com/exec/obidos/ASIN/B00S9RPGZU/ctmakerupdate-20,,https://www.makerprojectlab.com/treasured-trash-maker-update-77/,https://www.makerprojectlab.com/treasured-trash-maker-update-77/
MagPi 68 is out,,tip,3d-modeling; sculpture; fabrication,Dan Porter Hummingbird 3D model availability.,high,77,2018-04-04,main,https://www.raspberrypi.org/magpi/issues/68/,,https://www.makerprojectlab.com/treasured-trash-maker-update-77/,https://www.makerprojectlab.com/treasured-trash-maker-update-77/
Dan Porter's Hummingbird 3D in NC,,tip,recycled-materials; bike-parts,Five maker materials salvaged from old bikes.,high,77,2018-04-04,main,http://www.hummingbird3d.com/,,https://www.makerprojectlab.com/treasured-trash-maker-update-77/,https://www.makerprojectlab.com/treasured-trash-maker-update-77/
5 Maker Materials You Can Reclaim from an Old Bike,,tip,media; magazine; adafruit,Best of 2020 Adafruit projects compilation.,high,77,2018-04-04,main,,,https://www.makerprojectlab.com/treasured-trash-maker-update-77/,https://www.makerprojectlab.com/treasured-trash-maker-update-77/
Tinkerbot on Let's Robot,,project,robotics; raspberry-pi; tele-operation,Tinkerbot robot featured on Let's Robot platform.,high,91,2018-08-22,main,https://letsrobot.tv/robocaster/makerdonald/robot/67834441,,https://youtube.com/watch?v=ODu4x-oXUco,https://www.makerprojectlab.com/thumbstick-steering-wheel-maker-update-91/
Spottington on Let's Robot,,project,robotics; raspberry-pi; tele-operation,Spottington robot on Let's Robot remote control platform.,high,91,2018-08-22,main,https://letsrobot.tv/robocaster/makerdonald/robot/33768290,,https://youtube.com/watch?v=ODu4x-oXUco,https://www.makerprojectlab.com/thumbstick-steering-wheel-maker-update-91/
Donald's Let's Robot,,project,robotics; raspberry-pi; tele-operation,Donald Bell's personal robot featured on Let's Robot.,high,89,2018-08-08,main,https://letsrobot.tv/robocaster/makerdonald/robot/67834441,,https://youtube.com/watch?v=1MUKcg4LcKM,https://www.makerprojectlab.com/spider-clock-maker-update-89/
RC PYROTECHNIC FLAMETHROWER,Hyper_Ion,project,arduino; electronics; flamethrower,RC-controlled pyrotechnic flamethrower by Hyper_Ion.,high,84,2018-06-15,main,https://www.instructables.com/id/RC-Pyrotechnic-FlameThrowers/,,https://youtube.com/watch?v=DQkdwX8iNXY,https://www.makerprojectlab.com/l3-liberates-alexa-maker-update-84/
LED RESIN LAMP V4,lonesoulsurfer,project,resin; led; lighting,LED resin lamp by lonesoulsurfer featuring glowing resin design.,high,84,2018-06-15,main,https://www.instructables.com/id/LED-Resin-Lamp-V4/,,https://youtube.com/watch?v=DQkdwX8iNXY,https://www.makerprojectlab.com/l3-liberates-alexa-maker-update-84/
CRYSTAL SKULL LIGHT THEREMIN,lonesoulsurfer,project,electronics; theremin; light-sensing,Crystal skull light theremin interactive sound sculpture.,high,84,2018-06-15,main,https://www.instructables.com/id/Crystal-Skull-Light-Theremin/,,https://youtube.com/watch?v=DQkdwX8iNXY,https://www.makerprojectlab.com/l3-liberates-alexa-maker-update-84/
Proximity Based Lighting,Dave Astels,tip,proximity-sensor; arduino; lighting,Adafruit tutorial on proximity-based LED lighting control.,high,84,2018-06-15,main,https://learn.adafruit.com/proximity-based-lighting,,https://youtube.com/watch?v=DQkdwX8iNXY,https://www.makerprojectlab.com/l3-liberates-alexa-maker-update-84/
Project Arthur,,project,robotics; technology,Project Arthur technology or robotics initiative,low,84,2018-06-15,main,https://apollo50.co.uk/project-arthur/,,https://youtube.com/watch?v=DQkdwX8iNXY,https://www.makerprojectlab.com/l3-liberates-alexa-maker-update-84/
Knipex High Leverage Cutters,,tip,hand-tools; knipex; tool-review,A review of Knipex high-leverage cutting pliers.,high,84,2018-06-15,main,https://www.amazon.com/exec/obidos/ASIN/B000X4MPAQ/ctmakerupdate-20,https://www.amazon.com/exec/obidos/ASIN/ASINNUMBERHERE/ctmakerupdate-20,https://youtube.com/watch?v=DQkdwX8iNXY,https://www.makerprojectlab.com/l3-liberates-alexa-maker-update-84/
Open NSynth Super,GoogleCreativeLab,project,music; synthesizer; ai,Open NSynth Super musical synthesizer by Google Creative Lab.,high,80,2018-04-25,main,https://nsynthsuper.withgoogle.com/,,https://youtube.com/watch?v=nikN0gsXtWY,https://www.makerprojectlab.com/neural-synthesizer-maker-update-80/
