Title,Creator,Category,Tags,Synopsis,Confidence,Episode Number,Episode Date,Edition,Source URL,Secondary URLs,Episode Video URL,Episode Blog URL
Explosive Nutcracker,Stuff Made Here,project,food-hack; nutcracker; mechanical; novelty; explosive-candy,Explosive nutcracker mechanism for holiday candy dispensing.,high,262,2021-12-16,main,https://www.youtube.com/watch?v=Q1RaC7YJ7sk,,https://youtube.com/watch?v=tLgBn8ikyTo,https://www.makerprojectlab.com/under-pressure-maker-update/
Human Tensegrity Structure,Shang Ke,project,human-structure; tensegrity; installation; sculpture,Human-scale tensegrity structure for spatial exploration.,high,262,2021-12-16,main,https://www.youtube.com/watch?v=08JMGdNDHCE,,https://youtube.com/watch?v=tLgBn8ikyTo,https://www.makerprojectlab.com/under-pressure-maker-update/
Handmade computer,,project,computer; handmade; craft; diy-computing; custom-hardware,Handmade computer construction with custom circuitry.,high,262,2021-12-16,main,https://www.youtube.com/watch?v=vaGZapAGvwM,,https://youtube.com/watch?v=tLgBn8ikyTo,https://www.makerprojectlab.com/under-pressure-maker-update/
Motorized Lighbulb changer,Mattwach,project,light-bulb; automation; motors; home-automation; novelty,Motorized light bulb changer for automated home tasks.,high,262,2021-12-16,main,https://www.instructables.com/Motorized-Light-Bulb-Changer/,,https://youtube.com/watch?v=tLgBn8ikyTo,https://www.makerprojectlab.com/under-pressure-maker-update/
Resetting Flexure Mechanism,Amy Makes Stuff,project,mechanism; flexure; engineering; mechanical; 3d-printing,Flexure mechanism with resetting action for robotics.,high,262,2021-12-16,main,https://www.youtube.com/watch?v=J7PDB854p3Q,,https://youtube.com/watch?v=tLgBn8ikyTo,https://www.makerprojectlab.com/under-pressure-maker-update/
The best soldering iron?,Thomas Sanladerer,tip,tool-review; soldering-iron; comparison; electronics,Soldering iron quality and performance comparison.,high,262,2021-12-16,main,https://www.youtube.com/watch?v=R2sPDQeGlj8,,https://youtube.com/watch?v=tLgBn8ikyTo,https://www.makerprojectlab.com/under-pressure-maker-update/
How to get perfect 3d prints,Makers Muse,tip,3d-printing; print-quality; settings; troubleshooting,3D printing quality optimization and troubleshooting guide.,high,262,2021-12-16,main,https://www.youtube.com/watch?v=YPAXeBuq9qU,,https://youtube.com/watch?v=tLgBn8ikyTo,https://www.makerprojectlab.com/under-pressure-maker-update/
Pi Zero 2 WiFi antenna,Brian Dorey,tip,raspberry-pi; antenna; wifi; signal,Raspberry Pi Zero 2 WiFi antenna improvement.,high,262,2021-12-16,main,https://www.youtube.com/watch?v=IZqaKZLIqFg,,https://youtube.com/watch?v=tLgBn8ikyTo,https://www.makerprojectlab.com/under-pressure-maker-update/
Giant Mechanical Key from Kailh,,tip,keyboard; mechanical-switch; led-novelty,Giant mechanical keyboard key novelty display.,high,262,2021-12-16,main,https://www.adafruit.com/product/5306,,https://youtube.com/watch?v=tLgBn8ikyTo,https://www.makerprojectlab.com/under-pressure-maker-update/
Adam Savage's Favorite Media,,tip,youtube-video; media-recommendation,Adam Savage's favorite media and recommendations video.,low,262,2021-12-16,main,https://www.youtube.com/watch?v=l6ZRDCG1ZDA,,https://youtube.com/watch?v=tLgBn8ikyTo,https://www.makerprojectlab.com/under-pressure-maker-update/
DIY Submarine,DIY Perks,project,submarine; engineering; pressure-vessel; underwater-craft,DIY submarine engineering and construction guide.,high,261,2021-12-09,main,https://www.youtube.com/watch?v=pUba126uzvU,,https://youtube.com/watch?v=0_FVEg77U60,https://www.makerprojectlab.com/the-seaworthy-syringes-maker-update/
Laura Kampf Cupholder,,project,furniture; cup-holder; diy-storage,DIY cup holder furniture storage solution.,high,261,2021-12-09,main,https://www.youtube.com/watch?v=3AT0VP8bpRM,,https://youtube.com/watch?v=0_FVEg77U60,https://www.makerprojectlab.com/the-seaworthy-syringes-maker-update/
Chirping Bird Freeform Pendant,NanoRobotGeek,project,pendant; jewelry; electronics; soldering; wearables,Chirping bird pendant with electronic sound module.,high,261,2021-12-09,main,https://www.instructables.com/Free-Formed-Solar-Chirping-Bird-Pendant-Using-0603/,,https://youtube.com/watch?v=0_FVEg77U60,https://www.makerprojectlab.com/the-seaworthy-syringes-maker-update/
Steel battalion Controller Adapter,SantiagoSaldana,project,gaming; retro-tech; controller; electronics,Adapter converting vintage Steel Battalion arcade controller for modern systems.,high,261,2021-12-09,main,https://hackaday.io/project/182810-steel-battalion-controller-teensy-adapter,,https://youtube.com/watch?v=0_FVEg77U60,https://www.makerprojectlab.com/the-seaworthy-syringes-maker-update/
Making Milk Paint,,tip,paint; woodworking; finishing,DIY technique for creating traditional milk paint finishes.,high,261,2021-12-09,main,https://www.youtube.com/watch?v=L0AxL4PFDrg,,https://youtube.com/watch?v=0_FVEg77U60,https://www.makerprojectlab.com/the-seaworthy-syringes-maker-update/
Cura 4.12 with Lightning Infill,,tip,3d-printing; software,3D slicer update introducing new infill pattern algorithm.,high,261,2021-12-09,main,https://www.youtube.com/watch?v=CjFRT6Txn3U,,https://youtube.com/watch?v=0_FVEg77U60,https://www.makerprojectlab.com/the-seaworthy-syringes-maker-update/
Maker Invent Calendar,Makezine,tip,education,Educational calendar with daily maker-themed activities.,high,261,2021-12-09,main,https://make.co/maker-invent-calendar/?fbclid=IwAR1Xo6WhGDWKLF8cLhaE8tAYF-bUuTjvMI2rBYCYNiSsPXXar95nQT0atlk,,https://youtube.com/watch?v=0_FVEg77U60,https://www.makerprojectlab.com/the-seaworthy-syringes-maker-update/
Stay Creative,Maker Monster,tip,motivation,Tips and inspiration for maintaining creative practice.,high,261,2021-12-09,main,https://www.youtube.com/watch?v=ntNKsiQZ5Y8,,https://youtube.com/watch?v=0_FVEg77U60,https://www.makerprojectlab.com/the-seaworthy-syringes-maker-update/
How to Transform a Piano into a BBQ Car,Handy Geng,project,music; vehicles; repurposing; welding,Converting vintage piano into mobile barbecue grill vehicle.,high,260,2021-11-25,main,https://youtu.be/Nv_FcwtBLJQ,,https://youtube.com/watch?v=aNF66qiR_Zk,https://www.makerprojectlab.com/driving-meat-crazy-maker-update/
Wheatley: Personal Assistant,Steve Turner,project,ai; robotics; voice-control,Voice-activated robotic personal assistant project.,high,260,2021-11-25,main,https://create.arduino.cc/projecthub/MrRoboto19/wheatley-personal-assistant-d1b278,https://blog.arduino.cc/2021/11/19/this-portal-fan-brought-wheatley-to-life-as-his-own-personal-assistant/,https://youtube.com/watch?v=aNF66qiR_Zk,https://www.makerprojectlab.com/driving-meat-crazy-maker-update/
NerdForge Builds a PC Inside of a Fantasy Tavern Model,Martina,project,computer; craft; model-building; fantasy,High-performance PC installed inside custom fantasy tavern diorama.,high,260,2021-11-25,main,https://blog.adafruit.com/2021/11/18/nerdforge-builds-a-pc-inside-of-a-fantasy-tavern-model/,,https://youtube.com/watch?v=aNF66qiR_Zk,https://www.makerprojectlab.com/driving-meat-crazy-maker-update/
Quantum Death Machine 💀,Görkem,project,art; electronics; kinetic-art,Interactive kinetic art installation with electronic components.,high,260,2021-11-25,main,https://www.instructables.com/-Quantum-Death-Machine-/,,https://youtube.com/watch?v=aNF66qiR_Zk,https://www.makerprojectlab.com/driving-meat-crazy-maker-update/
DEAD SPRAY PAINT CANS- Empty them the EASY way,Deek Diedricksen,tip,spray-paint; tool-hack; reuse,Emptying dead spray paint cans easily and safely.,low,260,2021-11-25,main,https://youtu.be/GnHNg4rvwUw,,https://youtube.com/watch?v=aNF66qiR_Zk,https://www.makerprojectlab.com/driving-meat-crazy-maker-update/
Exotic Round Displays and How to Use Them,Mr. Volt,tip,electronics; display; vintage-tech,Exotic round displays and their practical applications.,low,260,2021-11-25,main,https://www.youtube.com/watch?v=eJBDXjI5Zu4,,https://youtube.com/watch?v=aNF66qiR_Zk,https://www.makerprojectlab.com/driving-meat-crazy-maker-update/
Giant 3d printed BMO,Geeky Faye Art,project,3d-printing; fan-art; parametric-design,Giant 3D printed BMO figure from Adventure Time.,low,259,2021-11-18,main,https://www.youtube.com/watch?v=6AtAhDMpVto,,https://youtube.com/watch?v=oo3eLtTGTCc,https://www.makerprojectlab.com/g-code-good-guy-maker-update/
A robot made from scrap lumber,Toglefritz,project,robot; woodworking; scrap-materials,Robot sculpture crafted from reclaimed scrap lumber.,low,259,2021-11-18,main,https://www.instructables.com/Knot-a-Robotic-Offcut-of-Scrap-Lumber/,,https://youtube.com/watch?v=oo3eLtTGTCc,https://www.makerprojectlab.com/g-code-good-guy-maker-update/
Embossed wall hanging from Aluminum Cans,AnitaH25,project,metalworking; aluminum; wall-art; repurposing,Embossed wall hanging from recycled aluminum beverage cans.,low,259,2021-11-18,main,https://www.instructables.com/Repurpose-Aluminum-Cans-Into-a-Wall-Hanging/,,https://youtube.com/watch?v=oo3eLtTGTCc,https://www.makerprojectlab.com/g-code-good-guy-maker-update/
Blue LED light in a Mint Tin,evilrooster,project,led; electronics; soldering; reuse,Blue LED light box constructed in a small mint tin container.,low,259,2021-11-18,main,https://www.instructables.com/Blue-LED-Light-Box-in-an-Altoids-like-Tin/,,https://youtube.com/watch?v=oo3eLtTGTCc,https://www.makerprojectlab.com/g-code-good-guy-maker-update/
The Beacon,Tested,project,filmmaking; special-effects; projection,The Beacon film by Tested production team.,low,259,2021-11-18,main,https://www.youtube.com/watch?v=SswGAImAlls,,https://youtube.com/watch?v=oo3eLtTGTCc,https://www.makerprojectlab.com/g-code-good-guy-maker-update/
3d printed filaments for the environmentally conscious,Voidstar Lab,tip,3d-printing; pla-filament; sustainability,Eco-friendly 3D printing filaments with reduced environmental impact.,low,259,2021-11-18,main,https://www.youtube.com/watch?v=pF2akallRiQ,,https://youtube.com/watch?v=oo3eLtTGTCc,https://www.makerprojectlab.com/g-code-good-guy-maker-update/
3d printed seat belt buckle,,tip,3d-printing; fidget-toy; automotive,3D printed seat belt buckle desk fidget toy.,low,259,2021-11-18,main,https://thangs.com/electrosync/Seat-Belt-Buckle-Desk-Fidget-Toy-35206?manualModelView=true&fbclid=IwAR0NDsm5oiPLUmwyGNe95wpv4dgGDYU6PoFWS2spIFymvcX7b0ybbir6RCc,https://www.youtube.com/watch?v=I1K7Dqjdyv8,https://youtube.com/watch?v=oo3eLtTGTCc,https://www.makerprojectlab.com/g-code-good-guy-maker-update/
Hacking holiday animatronics,John Park,tip,animatronics; props; halloween,Hacking holiday animatronic toys into custom props and puppets.,low,259,2021-11-18,main,https://learn.adafruit.com/hacking-holiday-animatronics/animatronic-anatomy,,https://youtube.com/watch?v=oo3eLtTGTCc,https://www.makerprojectlab.com/g-code-good-guy-maker-update/
Holiday gift guide,the Make: staff.,tip,gift-guide; youtube-video; maker-projects,Make magazine holiday gift guide video and recommendations.,low,259,2021-11-18,main,https://www.youtube.com/watch?v=KwIW8hEMwms,,https://youtube.com/watch?v=oo3eLtTGTCc,https://www.makerprojectlab.com/g-code-good-guy-maker-update/
I Put Myself INSIDE A Video Game!,Ian Charnas,project,motion-tracking; game-development; interactive-art,Real-life Punch-Out game using motion detection and body tracking.,high,258,2021-11-11,main,https://youtu.be/07JibJJVNp8,,https://youtube.com/watch?v=tk6MQvtfN6s,https://www.makerprojectlab.com/packs-a-punch-maker-update/
https://reallifepunchout.com/,,project,browser-game; interactive; motion-tracking,Real Life Punch-Out interactive motion-controlled gaming experience.,high,258,2021-11-11,main,https://reallifepunchout.com/,,https://youtube.com/watch?v=tk6MQvtfN6s,https://www.makerprojectlab.com/packs-a-punch-maker-update/
The Bike Riding Skeleton,rc jedi,project,kinetic-sculpture; bicycle; halloween,Animated skeleton figure riding a bicycle.,low,258,2021-11-11,main,https://www.instructables.com/The-Bike-Riding-Skeleton/,https://www.hackster.io/news/bike-riding-skeleton-is-this-year-s-best-halloween-prop-93e22ed18fb5,https://youtube.com/watch?v=tk6MQvtfN6s,https://www.makerprojectlab.com/packs-a-punch-maker-update/
Janksy,Shane Wighton,project,automation; engineering; mechanical,Janksy mechanical engineering project by Shane Wighton.,low,258,2021-11-11,main,https://youtu.be/osUTMnDFV30,https://blog.arduino.cc/2021/11/01/youtuber-shane-wighton-built-a-robot-that-paints-murals/,https://youtube.com/watch?v=tk6MQvtfN6s,https://www.makerprojectlab.com/packs-a-punch-maker-update/
Peppers Ghost Tips,Joshua Ellingson,tip,theater-technique; optics; illusion,Pepper's ghost optical illusion technique and tips.,low,258,2021-11-11,main,https://youtu.be/eB4kup3oKY0,,https://youtube.com/watch?v=tk6MQvtfN6s,https://www.makerprojectlab.com/packs-a-punch-maker-update/
Hooking An Old TV to HDMI Players,Joshua Ellingson,tip,electronics; vintage-tech; hdmi-conversion,Connecting old CRT televisions to HDMI video players.,low,258,2021-11-11,main,https://youtu.be/iq9scofun-s,,https://youtube.com/watch?v=tk6MQvtfN6s,https://www.makerprojectlab.com/packs-a-punch-maker-update/
Super Servo With ESC No Soldering.,rc jedi,tip,servo-motors; electronics; no-soldering,Super servo with electronic speed controller requiring no soldering.,low,258,2021-11-11,main,https://www.instructables.com/Super-Servo-with-ESC-no-soldering/,,https://youtube.com/watch?v=tk6MQvtfN6s,https://www.makerprojectlab.com/packs-a-punch-maker-update/
Class A vs Class D Amplifiers – Collin’s Lab,,tip,audio-electronics; amplifier-design,Class A vs Class D amplifier comparison and electronics education.,low,258,2021-11-11,main,https://blog.adafruit.com/2021/11/01/new-video-class-a-vs-class-d-amplifiers-collins-lab-notes-adafruit-collinslabnotes/,,https://youtube.com/watch?v=tk6MQvtfN6s,https://www.makerprojectlab.com/packs-a-punch-maker-update/
https://www.youtube.com/hashtag/collinslabnotes,,tip,youtube-hashtag; collin-lab; electronics,Collins Lab electronics educational content series.,low,258,2021-11-11,main,https://www.youtube.com/hashtag/collinslabnotes,,https://youtube.com/watch?v=tk6MQvtfN6s,https://www.makerprojectlab.com/packs-a-punch-maker-update/
Cory Lee's Magic Wheelchair,Narwhal Labs,project,assistive-technology; accessibility; wheelchair,Cory Lee's Magic Wheelchair with advanced tech and accessibility features.,low,257,2021-11-04,main,https://www.youtube.com/watch?v=I7QtpbrdpuI,,https://youtube.com/watch?v=bN1F_pgfhC0,https://www.makerprojectlab.com/magic-wheelchair-snakes-on-a-magic-wheelchair-plane-maker-update/
Toothpaste Rewind,Joel Creates,project,animation; mechanical; diorama,Toothpaste Rewind animated mechanical art project.,low,257,2021-11-04,main,https://www.youtube.com/watch?v=A3MGYbrN0nM,,https://youtube.com/watch?v=bN1F_pgfhC0,https://www.makerprojectlab.com/magic-wheelchair-snakes-on-a-magic-wheelchair-plane-maker-update/
Air Filtration System,DIY CReators,project,hvac; air-filtration; diy,DIY air filtration system construction and installation.,low,257,2021-11-04,main,https://www.youtube.com/watch?v=2N7xCF-uuDA,,https://youtube.com/watch?v=bN1F_pgfhC0,https://www.makerprojectlab.com/magic-wheelchair-snakes-on-a-magic-wheelchair-plane-maker-update/
Plant Lamp,Simone Giertz,project,plant-care; lighting; automation,Plant lamp with automated grow lighting system.,low,257,2021-11-04,main,https://www.youtube.com/watch?v=pIUybAxuCMQ,,https://youtube.com/watch?v=bN1F_pgfhC0,https://www.makerprojectlab.com/magic-wheelchair-snakes-on-a-magic-wheelchair-plane-maker-update/
Real Ghostbusters PKE Meter,MoonMakers,project,props; led; ghostbusters-cosplay,Real Ghostbusters PKE meter prop recreation from collectible.,low,257,2021-11-04,main,https://www.youtube.com/watch?v=caczGmSFxmU,,https://youtube.com/watch?v=bN1F_pgfhC0,https://www.makerprojectlab.com/magic-wheelchair-snakes-on-a-magic-wheelchair-plane-maker-update/
Foam Cutting Tips from the Stan Winston School,,tip,foam-sculpting; foam-carving; props,Foam cutting and prop-making techniques from Stan Winston School.,low,257,2021-11-04,main,https://www.youtube.com/watch?v=c97-a41J9t8,,https://youtube.com/watch?v=bN1F_pgfhC0,https://www.makerprojectlab.com/magic-wheelchair-snakes-on-a-magic-wheelchair-plane-maker-update/
Getting more from your cutting discs,Fireball Tool,tip,foam-sculpting; props; special-effects,Foam cutting and prop-making techniques from Stan Winston School.,low,257,2021-11-04,main,https://www.youtube.com/watch?v=hid9bDnSeok,,https://youtube.com/watch?v=bN1F_pgfhC0,https://www.makerprojectlab.com/magic-wheelchair-snakes-on-a-magic-wheelchair-plane-maker-update/
I'm done,William Osman,tip,electronics; maker-projects,Short video tip about maker topics.,low,257,2021-11-04,main,https://www.youtube.com/watch?v=DVCpKfedfok,,https://youtube.com/watch?v=bN1F_pgfhC0,https://www.makerprojectlab.com/magic-wheelchair-snakes-on-a-magic-wheelchair-plane-maker-update/
Molds for cardboard pulp,Flowalistik,tip,cardboard; recycled-materials; 3d-printing; molding,Creating molds from recycled cardboard pulp for 3D printing applications.,low,257,2021-11-04,main,https://www.instructables.com/Pulp-It/,,https://youtube.com/watch?v=bN1F_pgfhC0,https://www.makerprojectlab.com/magic-wheelchair-snakes-on-a-magic-wheelchair-plane-maker-update/
Pankraz pictograph,Felix Fisgus and Joris Wegner,project,robotics; raspberry-pi; servo-motors; automation; machine-vision,Portrait-drawing robot using stepper motors and computer vision to create hand-drawn artwork.,high,256,2021-10-28,main,https://felixfisgus.de/work/017_pankraz_piktograph,vids--> https://pankraz-apparatebau.de/; thesis--> https://felixfisgus.de/user/downloads/Masterthesis_JW_FF.pdf,https://youtube.com/watch?v=SnbdzMWzjo0,https://www.makerprojectlab.com/picture-this-maker-update/
realPlantNursery,Sam March,project,iot; sensor; home-automation; embedded-systems,IoT plant monitoring devices with soil moisture sensors and gamified care app.,high,256,2021-10-28,main,https://github.com/S-March/realPlantNursery_Public,vid---> https://youtu.be/pDPVaLhjOJI,https://youtube.com/watch?v=SnbdzMWzjo0,https://www.makerprojectlab.com/picture-this-maker-update/
Make an Old TV Into an 80s Themed Clock,marciot,project,upcycling; vintage-electronics; clock,Converting a retro television set into a functional clock with 80s styling.,low,256,2021-10-28,main,https://www.instructables.com/Make-an-Old-TV-Into-an-80s-Themed-Clock/,,https://youtube.com/watch?v=SnbdzMWzjo0,https://www.makerprojectlab.com/picture-this-maker-update/
Kang From the Simpsons Yard Decoration,OCDmaker,project,yard-art; cosplay; props; outdoor-decoration,DIY yard decoration depicting character from The Simpsons animated series.,low,256,2021-10-28,main,https://www.instructables.com/Kang-From-the-Simpsons-Yard-Decoration/,,https://youtube.com/watch?v=SnbdzMWzjo0,https://www.makerprojectlab.com/picture-this-maker-update/
Over Sized Skeleton Breaking Out of My Home,Haunted Spider,project,halloween-props; foam-construction; outdoor-decoration,Large-scale skeleton display prop appearing to break through a home exterior.,low,256,2021-10-28,main,https://www.instructables.com/Over-Sized-Skeleton-Breaking-Out-of-My-Home/,,https://youtube.com/watch?v=SnbdzMWzjo0,https://www.makerprojectlab.com/picture-this-maker-update/
Animatronic Rod Puppet Project,Kieran Meadows,project,puppetry; animatronics; mechanical-design,Playlist of animatronic rod puppet construction and performance tutorials.,low,256,2021-10-28,main,https://www.youtube.com/playlist?list=PLHZIJhVqIBTatRCR1_WIsI8vFk7ZiEIcV,,https://youtube.com/watch?v=SnbdzMWzjo0,https://www.makerprojectlab.com/picture-this-maker-update/
6 WAYS to Make a Cardboard Robot Costume REALLY Robotic,BrownDogGadgets,tip,cardboard; robotics; cosplay,"Practical guide to cardboard, robotics and related techniques.",high,256,2021-10-28,main,https://www.instructables.com/6-WAYS-to-Make-a-Cardboard-Robot-Costume-REALLY-Ro/,,https://youtube.com/watch?v=SnbdzMWzjo0,https://www.makerprojectlab.com/picture-this-maker-update/
Sally Servo the Really Robotic Robot (Build Video),,tip,robotics; servo-motors; automation,Video tutorial building a robotic character using servo motors.,low,256,2021-10-28,main,https://youtu.be/yjdcfwlmbCY,,https://youtube.com/watch?v=SnbdzMWzjo0,https://www.makerprojectlab.com/picture-this-maker-update/
Denture Bit Holder With Magnets!,iplop,tip,workshop-organization; magnets; 3d-printing,3D-printable denture bit holder with magnetic fastening for tool organization.,low,256,2021-10-28,main,https://www.thingiverse.com/thing:4745852,https://blog.adafruit.com/2021/10/21/bit-denture-3dthursday-3dprinting/,https://youtube.com/watch?v=SnbdzMWzjo0,https://www.makerprojectlab.com/picture-this-maker-update/
Dancing Robots,James Bruton,project,robotics; servo-motors; mechanical-design; animation,Robots programmed with choreographed dancing movements.,low,255,2021-10-21,main,https://www.youtube.com/watch?v=tP919dwtG38,,https://youtube.com/watch?v=qWCYfJDUOnU,https://www.makerprojectlab.com/at-your-command-maker-update/
Measuring & Marking Holster,Laura Kampf,project,workshop-organization; leather-working; tool-storage,Handmade leather holster for organizing and carrying measuring and marking tools.,low,255,2021-10-21,main,https://www.youtube.com/watch?v=PjLnTa5qx7E,,https://youtube.com/watch?v=qWCYfJDUOnU,https://www.makerprojectlab.com/at-your-command-maker-update/
Lip-Syncing Characters,Cecilia Hillway,project,microcontroller; animatronics; servo-motors,Building animated characters with micro:bit that sync mouth movements to audio.,low,255,2021-10-21,main,https://www.instructables.com/Lip-Syncing-Characters-With-Microbit/,,https://youtube.com/watch?v=qWCYfJDUOnU,https://www.makerprojectlab.com/at-your-command-maker-update/
Rotary Phone for Zoom,Diceyukita,project,upcycling; electronics; vintage-tech,Converting a rotary phone into a Zoom call interface device.,low,255,2021-10-21,main,https://www.instructables.com/Zoom-Phone/,,https://youtube.com/watch?v=qWCYfJDUOnU,https://www.makerprojectlab.com/at-your-command-maker-update/
Getting the most out of a cheap miter gauge,Steve Ramsey,tip,woodworking; table-saw; workshop-tips,Techniques for improving and maximizing utility of an inexpensive miter gauge.,low,255,2021-10-21,main,https://www.youtube.com/watch?v=BgJVG7_jKZI,,https://youtube.com/watch?v=qWCYfJDUOnU,https://www.makerprojectlab.com/at-your-command-maker-update/
Wippersnapper IoT Power Outlet,Dylan Herrada,tip,iot; adafruit; home-automation; no-code,No-code WiFi power outlet control using Adafruit IO and Wippersnapper firmware.,high,255,2021-10-21,main,https://learn.adafruit.com/no-code-wippersnapper-iot-power-switch-outlet,,https://youtube.com/watch?v=qWCYfJDUOnU,https://www.makerprojectlab.com/at-your-command-maker-update/
Wippersnapper overview,,tip,iot; adafruit; no-code; microcontroller,Overview of Adafruit IO Wippersnapper firmware for no-code IoT device programming.,high,255,2021-10-21,main,https://learn.adafruit.com/quickstart-adafruit-io-wippersnapper,,https://youtube.com/watch?v=qWCYfJDUOnU,https://www.makerprojectlab.com/at-your-command-maker-update/
Wireless LEDs for Model Making,,tip,led; inductive-charging; model-making; wireless,Wireless battery-less LED lighting for scale models and tabletop gaming using induction.,high,255,2021-10-21,main,https://learn.adafruit.com/wireless-leds-for-model-making,,https://youtube.com/watch?v=qWCYfJDUOnU,https://www.makerprojectlab.com/at-your-command-maker-update/
DIY Hack for Table Saw Jigs,Stumpy Nubs,tip,woodworking; table-saw; workshop-tips; jig,DIY tips for improving and creating table saw jig setups.,low,255,2021-10-21,main,https://www.youtube.com/watch?v=bIrsZyE65xk,,https://youtube.com/watch?v=qWCYfJDUOnU,https://www.makerprojectlab.com/at-your-command-maker-update/
Graffomat,Niklas Roy,project,graffiti-art; mechanical-plotting; spray-painting; automation,Large-scale automated spray-painting plotter for creating murals and photorealistic art.,high,254,2021-10-14,main,https://niklasroy.com/graffomat/,video 1: https://www.youtube.com/watch?v=Pz5CftU_bJw; video 2: https://youtu.be/zSIdvQsu27s,https://youtube.com/watch?v=CppXuPUiPng,https://www.makerprojectlab.com/g-code-wuz-here-maker-update/
Git:,,project,robotics; github; source-code; cnc-plotting,GitHub repository containing Graffomat graffiti plotter project source code.,high,254,2021-10-14,main,https://github.com/royrobotiks/Graffomat,,https://youtube.com/watch?v=CppXuPUiPng,https://www.makerprojectlab.com/g-code-wuz-here-maker-update/
How I Made Unlimited Sparkling Water,Becky Stern feat. Ian Charnas,project,diy-appliances; carbonation; cooking,Building a homemade sparkling water maker system using DIY techniques.,low,254,2021-10-14,main,https://youtu.be/SsoFy_1hXqI,,https://youtube.com/watch?v=CppXuPUiPng,https://www.makerprojectlab.com/g-code-wuz-here-maker-update/
Haunted House Miniature Diorama Build!,Jen Schachter,project,miniature; diorama; model-making; halloween,Constructing a detailed miniature haunted house display diorama.,low,254,2021-10-14,main,https://www.tested.com/making/haunted-house-miniature-diorama-build/,,https://youtube.com/watch?v=CppXuPUiPng,https://www.makerprojectlab.com/g-code-wuz-here-maker-update/
Face detection for my leaf blower,Jeff Geerling,project,computer-vision; machine-learning; esp32; home-automation,Adding face detection to control a leaf blower using computer vision.,low,254,2021-10-14,main,https://www.jeffgeerling.com/blog/2021/face-detection-my-leaf-blower,https://www.hackster.io/news/face-recognizing-leaf-blower-blasts-jeff-and-only-jeff-4993e8805e36,https://youtube.com/watch?v=CppXuPUiPng,https://www.makerprojectlab.com/g-code-wuz-here-maker-update/
Face Mask Detection,Caroline Dunn,project,computer-vision; machine-learning; raspberry-pi; python,Deep learning system detecting face masks on Raspberry Pi with camera.,high,254,2021-10-14,main,https://github.com/carolinedunn/Face_Mask_Detection,,https://youtube.com/watch?v=CppXuPUiPng,https://www.makerprojectlab.com/g-code-wuz-here-maker-update/
Lady Gaga Cosplay - Making the LED Matrix Mask From the VMAs,TechnoChic,project,cosplay; wearables; led; costume; electronics,Building an LED matrix wearable mask inspired by Lady Gaga's VMA appearance.,low,254,2021-10-14,main,https://www.instructables.com/Lady-Gaga-Cosplay-Making-the-LED-Matrix-Mask-From-/,,https://youtube.com/watch?v=CppXuPUiPng,https://www.makerprojectlab.com/g-code-wuz-here-maker-update/
Deep Hole Markers Reviewed,,tip,workshop-tool; marking; tools-review,Review of specialized markers designed for marking deep holes in materials.,high,254,2021-10-14,main,https://kk.org/cooltools/best-markers-for-deep-holes/,,https://youtube.com/watch?v=CppXuPUiPng,https://www.makerprojectlab.com/g-code-wuz-here-maker-update/
Adam’s One Day Builds: Ghostbusters Proton Pack!,,tip,cosplay; props; movie-replicas; one-day-build,Fast one-day project building a Ghostbusters Proton Pack replica prop.,low,254,2021-10-14,main,https://www.tested.com/one-day-builds/adams-one-day-builds-ghostbusters-proton-pack/,,https://youtube.com/watch?v=CppXuPUiPng,https://www.makerprojectlab.com/g-code-wuz-here-maker-update/
The Cheapest Stepper Motor And How You Use It (28BYJ-48 & ULN2003 Arduino Tutorial!),Simple Electronics,tip,stepper-motors; arduino; microcontroller; electronics-tutorial,Tutorial on using affordable stepper motors with Arduino controllers.,low,254,2021-10-14,main,https://youtu.be/HDxrrG1RFaw,,https://youtube.com/watch?v=CppXuPUiPng,https://www.makerprojectlab.com/g-code-wuz-here-maker-update/
Mechanical Table for Puzzles,Simone Giertz,project,mechanical-design; robotics; puzzle; kinetic-art,Mechanical table with moving elements and hidden puzzle surface mechanisms.,low,253,2021-10-07,main,https://www.youtube.com/watch?v=G5VQUDpK9Iw,,https://youtube.com/watch?v=j4asf18Ziws,https://www.makerprojectlab.com/roll-top-puzzle-podium-maker-update/
Flip Clock,DavidHuangLab,project,clock; mechanical-design; automation; wood,Wooden flip clock with automated page-turning mechanism and network time sync.,low,253,2021-10-07,main,https://www.youtube.com/watch?v=8N47ne4M_Lo,,https://youtube.com/watch?v=j4asf18Ziws,https://www.makerprojectlab.com/roll-top-puzzle-podium-maker-update/
Dichroic Lamp,RayP24,project,led; lighting; optical-design; decorative-lighting,LED lamp using dichroic optical filters instead of RGB LEDs for color effects.,low,253,2021-10-07,main,https://www.instructables.com/Dichroic-Lamp-LEDs-But-No-RGBs/,,https://youtube.com/watch?v=j4asf18Ziws,https://www.makerprojectlab.com/roll-top-puzzle-podium-maker-update/
What to Buy First? CNC or Laser,Make Something,tip,cnc; laser-cutting; maker-tools; tool-comparison,Comparison of CNC and laser equipment to help makers choose their first tool.,low,253,2021-10-07,main,https://www.youtube.com/watch?v=gximOSrOGpM,,https://youtube.com/watch?v=j4asf18Ziws,https://www.makerprojectlab.com/roll-top-puzzle-podium-maker-update/
Should you buy a cheap laser engraver,Under Dunn,tip,laser-cutting; tool-review; budget-tools,Review and considerations for purchasing inexpensive laser engravers.,low,253,2021-10-07,main,https://www.youtube.com/watch?v=kqyag1Gc7_0,,https://youtube.com/watch?v=j4asf18Ziws,https://www.makerprojectlab.com/roll-top-puzzle-podium-maker-update/
A Lesson in Dumb Design,Wintergatan,tip,design-critique; mechanical-design; engineering,Critical analysis of poor design decisions in complex mechanical systems.,low,253,2021-10-07,main,https://www.youtube.com/watch?v=WN90HYiFpAw,,https://youtube.com/watch?v=j4asf18Ziws,https://www.makerprojectlab.com/roll-top-puzzle-podium-maker-update/
Acrylic Model Making tips,Eric Strebel,tip,acrylic; model-making; materials-techniques,Techniques and tips for working with acrylic materials in scale modeling.,low,253,2021-10-07,main,https://www.youtube.com/watch?v=Se2-zhutPn4,,https://youtube.com/watch?v=j4asf18Ziws,https://www.makerprojectlab.com/roll-top-puzzle-podium-maker-update/
Flingbot,JBV CVreative,project,robotics; mechanical-design; kinetic-art; automation,Animated kinetic sculpture demonstrating mechanical valve and motion design.,low,252,2021-09-30,main,https://jbvcreative.com/blogs/project-details/the-flingbot,,https://youtube.com/watch?v=2QjVMyzk2GE,https://www.makerprojectlab.com/hackson-pollock-maker-update/
Short video on valve design,,project,mechanical-design; mechanical-engineering,Video explaining valve design principles and mechanics.,low,252,2021-09-30,main,https://youtu.be/ZDvsP3rzGYk,,https://youtube.com/watch?v=2QjVMyzk2GE,https://www.makerprojectlab.com/hackson-pollock-maker-update/
Dave - the Remote Control Duck,Hey Jude,project,rc-vehicle; kit-bashing; robotics,Remote-controlled duck built by kit-bashing components from various sources.,low,252,2021-09-30,main,https://www.instructables.com/Dave-the-Remove-Control-Duck/,,https://youtube.com/watch?v=2QjVMyzk2GE,https://www.makerprojectlab.com/hackson-pollock-maker-update/
Pocket sized Voight-Kampff,James Brown,project,cosplay; electronics; props; retro-tech,Miniature replica of Voight-Kampff device from Blade Runner.,low,252,2021-09-30,main,https://twitter.com/ancient_james/status/1441558262604713988?s=03,,https://youtube.com/watch?v=2QjVMyzk2GE,https://www.makerprojectlab.com/hackson-pollock-maker-update/
Pumpkin Pi,Caleb Lemoine,project,raspberry-pi; halloween; servo-motors; animatronics,Animated pumpkin using Raspberry Pi and motion detection to watch visitors.,high,252,2021-09-30,main,https://github.com/circa10a/pumpkin-pi,video: https://youtu.be/fl52GQJCFVI,https://youtube.com/watch?v=2QjVMyzk2GE,https://www.makerprojectlab.com/hackson-pollock-maker-update/
Browser-Based SVG Nesting Tool,,tip,laser-cutting; cnc; software-tools; svg,Free browser-based tool for nesting SVG shapes to minimize material waste.,high,252,2021-09-30,main,https://github.com/Jack000/SVGnest,,https://youtube.com/watch?v=2QjVMyzk2GE,https://www.makerprojectlab.com/hackson-pollock-maker-update/
Deep Dive into SPI,Jim Heaney,tip,electronics; microcontroller; serial-communication; hardware,Technical deep-dive into Serial Peripheral Interface protocol for sensor communication.,high,252,2021-09-30,main,https://hackaday.com/2021/09/16/taking-a-deep-dive-into-spi/,,https://youtube.com/watch?v=2QjVMyzk2GE,https://www.makerprojectlab.com/hackson-pollock-maker-update/
Adam’s Favorite Tools: Heat Gun and Iron!,,tip,workshop-tool; tool-review,Review of heat gun and soldering iron tools for making and repairs.,low,252,2021-09-30,main,https://www.tested.com/making/tools/adams-favorite-tools-heat-gun-and-iron/,,https://youtube.com/watch?v=2QjVMyzk2GE,https://www.makerprojectlab.com/hackson-pollock-maker-update/
Opamp Interchangeability - Collin’s Lab Notes,,tip,electronics; operational-amplifiers; circuit-design,Explanation of operational amplifier interchangeability in electronic circuits.,low,252,2021-09-30,main,https://youtu.be/sJB9wh91pxg,,https://youtube.com/watch?v=2QjVMyzk2GE,https://www.makerprojectlab.com/hackson-pollock-maker-update/
Giant Tippi Tree,Make Anything,project,outdoor-structures; large-scale-projects; woodworking,Large-scale outdoor tipi tent structure construction project.,low,251,2021-09-23,main,https://www.youtube.com/watch?v=Hacd4_WVI8Q,,https://youtube.com/watch?v=pzRUMN21pnE,https://www.makerprojectlab.com/built-to-spill-maker-update/
Finger Forks,Kids Invent Stuff and Geeky Faye Art,project,3d-printing; food-utensils; fun-projects,3D-printed finger-mounted fork utensils for eating on the go.,low,251,2021-09-23,main,https://www.youtube.com/watch?v=gEIReAWRJ3A,,https://youtube.com/watch?v=pzRUMN21pnE,https://www.makerprojectlab.com/built-to-spill-maker-update/
Scrap Boat Challenge,Xyla Foxlin / Narwahl Labs,project,fabrication; welding; boat; upcycling; challenge,Challenge project building functional boats from scrap materials.,low,251,2021-09-23,main,https://www.youtube.com/watch?v=6MCeMq2ybqM,,https://youtube.com/watch?v=pzRUMN21pnE,https://www.makerprojectlab.com/built-to-spill-maker-update/
Flat Tire Detector,Bob Hammell,project,sensor; iot; automotive; electronics,IoT device detecting flat tire conditions on vehicles.,low,251,2021-09-23,main,https://www.youtube.com/watch?v=DeV3R5yhwjo,,https://youtube.com/watch?v=pzRUMN21pnE,https://www.makerprojectlab.com/built-to-spill-maker-update/
Neon LED Lighting efffects,Norm from tested.,tip,led; neon-alternative; lighting-effects,Techniques for creating neon-like lighting effects with LED strips.,low,251,2021-09-23,main,https://www.youtube.com/watch?v=Ew084i7Vmdc,,https://youtube.com/watch?v=pzRUMN21pnE,https://www.makerprojectlab.com/built-to-spill-maker-update/
Large Stepper Motors with Jeremy Fielding,,tip,stepper-motors; mechanical-design; large-scale-motors,Overview and techniques for using large stepper motors in projects.,low,251,2021-09-23,main,https://www.youtube.com/watch?v=QMgckRoRy38,,https://youtube.com/watch?v=pzRUMN21pnE,https://www.makerprojectlab.com/built-to-spill-maker-update/
Goliath CNC review,Caleb Kraft,tip,cnc; tool-review; portable-cnc,Review of Goliath CNC portable robot that cuts full sheets.,low,251,2021-09-23,main,https://www.youtube.com/watch?v=jjzR1uRH7MQ,,https://youtube.com/watch?v=pzRUMN21pnE,https://www.makerprojectlab.com/built-to-spill-maker-update/
G10 Print Surface,Maker's Muse,tip,3d-printing; print-beds,Overview of G10 composite material as an alternative 3D printer print surface.,low,251,2021-09-23,main,https://www.youtube.com/watch?v=g0PK4oXbJT8,,https://youtube.com/watch?v=pzRUMN21pnE,https://www.makerprojectlab.com/built-to-spill-maker-update/
An Espresso Maker That Knows When You Want Some,Mark Smith,project,iot; machine-learning; home-automation; raspberry-pi,Smart espresso machine using predictive AI to preheat before brewing.,high,250,2021-09-16,main,https://surfncircuits.com/2021/09/03/an-espresso-maker-that-knows-when-you-want-some/,https://www.hackster.io/news/this-espresso-machine-knows-exactly-when-you-need-a-caffeine-shot-356d0ee9bd86,https://youtube.com/watch?v=wI0UaR3exCk,https://www.makerprojectlab.com/mind-reading-bean-machine-maker-update/
Push the Button Box,Sophy Wong and BlitzCityDIY,project,electronics; physical-computing; interactive-projects,Interactive button box project combining electronics and user interface design.,low,250,2021-09-16,main,https://www.youtube.com/watch?v=2B4BU1NuXvE,,https://youtube.com/watch?v=wI0UaR3exCk,https://www.makerprojectlab.com/mind-reading-bean-machine-maker-update/
https://www.youtube.com/watch?v=i17e8ODk7xg,,project,video; youtube; maker-projects,YouTube link to a maker project video.,low,250,2021-09-16,main,https://www.youtube.com/watch?v=i17e8ODk7xg,,https://youtube.com/watch?v=wI0UaR3exCk,https://www.makerprojectlab.com/mind-reading-bean-machine-maker-update/
ChatterPi,Aspiring Roboticist,project,raspberry-pi; animatronics; audio-processing; servo-motors,Raspberry Pi software converting audio input into servo-controlled animatronic motion.,high,250,2021-09-16,main,https://hackaday.io/project/181612-chatterpi,,https://youtube.com/watch?v=wI0UaR3exCk,https://www.makerprojectlab.com/mind-reading-bean-machine-maker-update/
https://github.com/ViennaMike/ChatterPi,,project,github; raspberry-pi; animatronics; python,GitHub repository for ChatterPi audio-to-servo animatronic control software.,high,250,2021-09-16,main,https://github.com/ViennaMike/ChatterPi,,https://youtube.com/watch?v=wI0UaR3exCk,https://www.makerprojectlab.com/mind-reading-bean-machine-maker-update/
DIY Animatronic Singing Bass Fish with micro:bit,TechnoChic,project,microbit; animatronics; servo-motors; toy,Building singing fish animatronic toy using micro:bit microcontroller.,low,250,2021-09-16,main,https://browndoggadgets.dozuki.com/Guide/DIY+Singing+Fish+-+Bobby+the+Bass/372,,https://youtube.com/watch?v=wI0UaR3exCk,https://www.makerprojectlab.com/mind-reading-bean-machine-maker-update/
How To Make Robots Move Smoothly,James Bruton,tip,robotics; mechanical-design; motion-control,Techniques for achieving smooth movement in robot designs.,low,250,2021-09-16,main,https://youtu.be/jsXolwJskKM,,https://youtube.com/watch?v=wI0UaR3exCk,https://www.makerprojectlab.com/mind-reading-bean-machine-maker-update/
Best Pneumatic Engraver and Vise for Beginners,,tip,pneumatic-tools; engraving; workshop-tool,Review of pneumatic engraver and vise tools for beginners.,low,250,2021-09-16,main,https://youtu.be/UhGxRlbXKkk,,https://youtube.com/watch?v=wI0UaR3exCk,https://www.makerprojectlab.com/mind-reading-bean-machine-maker-update/
Endless Drinking Skeleton,Wicked Makers,project,halloween-props; animatronics; decoration,"Animated skeleton prop appearing to drink, for Halloween decoration.",low,249,2021-09-09,main,https://www.youtube.com/watch?v=LXzt-aeNq7o,,https://youtube.com/watch?v=kzS5Q88OOOk,https://www.makerprojectlab.com/what-do-you-do-with-a-drunken-skeleton/
Dry Bag from Vinyl Banney,Laura Kampf,project,upcycling; fabric-working; sewing; outdoor-gear,Durable dry bag made by repurposing old vinyl banners.,high,249,2021-09-09,main,https://www.youtube.com/watch?v=C0emjIYCk_Y,,https://youtube.com/watch?v=kzS5Q88OOOk,https://www.makerprojectlab.com/what-do-you-do-with-a-drunken-skeleton/
Versatile Phone Camera mount,MrBalleng,project,camera-accessories; 3d-printing; phone-mounting,Multi-purpose phone camera mounting solution for various shooting angles.,low,249,2021-09-09,main,https://www.instructables.com/Short-Form-Camera-Mount/,,https://youtube.com/watch?v=kzS5Q88OOOk,https://www.makerprojectlab.com/what-do-you-do-with-a-drunken-skeleton/
Fake Basement Windows,I Like to Make Stuff,project,home-decoration; optical-illusion; diy-home,Creating convincing fake basement windows as decorative home improvements.,low,249,2021-09-09,main,https://www.youtube.com/watch?v=GDeEuzKXCH4,,https://youtube.com/watch?v=kzS5Q88OOOk,https://www.makerprojectlab.com/what-do-you-do-with-a-drunken-skeleton/
Mouse Controller,Tech Yesterday,project,electronics; retro-tech; gaming-peripherals,Building a mouse controller from vintage electronics and components.,low,249,2021-09-09,main,https://www.youtube.com/watch?v=kerK52IRGjs,,https://youtube.com/watch?v=kzS5Q88OOOk,https://www.makerprojectlab.com/what-do-you-do-with-a-drunken-skeleton/
Sound in your videos,Crafsman,tip,audio; video-production; sound-recording,Tips for recording and optimizing audio quality in video content.,low,249,2021-09-09,main,https://www.youtube.com/watch?v=7yuo4ALLz2A,,https://youtube.com/watch?v=kzS5Q88OOOk,https://www.makerprojectlab.com/what-do-you-do-with-a-drunken-skeleton/
Donald's 22 tips for getting started in Tinkercad,,tip,cad; 3d-modeling; software; tinkercad,Quick tips for working faster and more effectively in Tinkercad 3D design software.,low,249,2021-09-09,main,https://blog.tinkercad.com/22-tips-for-working-faster-in-tinkercad,,https://youtube.com/watch?v=kzS5Q88OOOk,https://www.makerprojectlab.com/what-do-you-do-with-a-drunken-skeleton/
How to use Gauge Blocks,Make Something,tip,metrology; precision-measurement; workshop-tool,Tutorial on using precision gauge blocks for accurate measurement and marking.,low,249,2021-09-09,main,https://www.youtube.com/watch?v=kDEbDRdLi8E,,https://youtube.com/watch?v=kzS5Q88OOOk,https://www.makerprojectlab.com/what-do-you-do-with-a-drunken-skeleton/
Metal Weathering,Off-Earth Cosplay,tip,cosplay; finishing-techniques; props; metalworking,Techniques for weathering and aging metal surfaces in cosplay and prop making.,low,249,2021-09-09,main,https://www.youtube.com/watch?v=JfNyyS-G40E,,https://youtube.com/watch?v=kzS5Q88OOOk,https://www.makerprojectlab.com/what-do-you-do-with-a-drunken-skeleton/
COVID-19 Vaccine Structure Badge,Paul Klinger,project,electronics; wearables; badge; blinky-leds; circuit-design,Wearable LED badge displaying mRNA vaccine structure with blinking sequence.,high,248,2021-09-02,main,https://www.reddit.com/r/electronics/comments/p4ybdc/a_little_blinky_badge_that_shows_the_sequence_of/,https://www.hackster.io/news/covid-19-vaccine-structure-badge-3aee823132e0,https://youtube.com/watch?v=jalN2ixLPnc,https://www.makerprojectlab.com/wearable-miracle-maker-update/
https://github.com/PaulKlinger/mrna_vaccine_badge,,project,github; electronics; led; firmware,GitHub source code for COVID-19 vaccine structure LED badge project.,high,248,2021-09-02,main,https://github.com/PaulKlinger/mrna_vaccine_badge,,https://youtube.com/watch?v=jalN2ixLPnc,https://www.makerprojectlab.com/wearable-miracle-maker-update/
How To Make a Custom Neon LED Sign!,Norm Chan,project,led; neon-alternative; signage; lighting; wearables,Creating custom neon-style LED signs using LED strips and acrylic.,low,248,2021-09-02,main,https://youtu.be/QVZn7YaRMd8,,https://youtube.com/watch?v=jalN2ixLPnc,https://www.makerprojectlab.com/wearable-miracle-maker-update/
DIY Decorative Resin Keycaps,Ruiz Brothers,project,resin-casting; keyboard; uv-curing; decorative-crafts,Making custom colorful resin keycaps for mechanical keyboards using UV casting.,high,248,2021-09-02,main,https://learn.adafruit.com/diy-decorative-resin-keycaps,,https://youtube.com/watch?v=jalN2ixLPnc,https://www.makerprojectlab.com/wearable-miracle-maker-update/
How to Make the Eye of Agamotto From Doctor Strange,Bradley_Campbell,project,cosplay; props; movie-replicas; costume,Building replica Eye of Agamotto mystical artifact from Marvel Doctor Strange.,low,248,2021-09-02,main,https://www.instructables.com/How-to-Make-the-Eye-of-Agamotto-From-Dr-Strange/,,https://youtube.com/watch?v=jalN2ixLPnc,https://www.makerprojectlab.com/wearable-miracle-maker-update/
Steel Zip Tie Review,,tip,workshop-tool; fasteners; tool-review,Review of durable stainless steel zip ties for industrial and maker use.,high,248,2021-09-02,main,https://kk.org/cooltools/most-durable-zip-tie/,,https://youtube.com/watch?v=jalN2ixLPnc,https://www.makerprojectlab.com/wearable-miracle-maker-update/
Adam’s Guide to Cosplay and Prop Electronics!,,tip,cosplay; wearables; electronics; props,Comprehensive guide to integrating electronics into cosplay costumes and props.,low,248,2021-09-02,main,https://www.tested.com/making/how-tos/adams-guide-to-cosplay-and-prop-electronics/,,https://youtube.com/watch?v=jalN2ixLPnc,https://www.makerprojectlab.com/wearable-miracle-maker-update/
Scan QR Codes with CircuitPython,Jeff Epler,tip,microcontroller; circuitpython; computer-vision; qr-codes,Guide for scanning QR codes using CircuitPython on microcontroller with camera.,high,248,2021-09-02,main,https://learn.adafruit.com/scan-qr-codes-with-circuitpython,,https://youtube.com/watch?v=jalN2ixLPnc,https://www.makerprojectlab.com/wearable-miracle-maker-update/
Electroplating Thor's Hammer,Ian Charnas,project,electroplating; metal-finishing; cosplay; props,Using electroplating technique to coat a Thor hammer replica with metal finish.,low,247,2021-08-26,main,https://www.youtube.com/watch?v=1n0Y-gynfqc,,https://youtube.com/watch?v=qZpHRvJ-HCU,https://www.makerprojectlab.com/nickel-in-a-pickle-maker-update/
Pomodoro Timer,alch_emist,project,electronics; timer; led; productivity-tools,LED-based Pomodoro timer for studying and time management.,low,247,2021-08-26,main,https://www.instructables.com/Multicolored-Light-Up-Countdown-Timer-for-Studying/,,https://youtube.com/watch?v=qZpHRvJ-HCU,https://www.makerprojectlab.com/nickel-in-a-pickle-maker-update/
Anti-Smile Selfie Stick,Marina Fujiwara,project,electronics; wearables; joke-projects; camera,Selfie stick modification that prevents smiling for expressionless photos.,low,247,2021-08-26,main,https://www.youtube.com/watch?v=aUxFf2HoRK0,,https://youtube.com/watch?v=qZpHRvJ-HCU,https://www.makerprojectlab.com/nickel-in-a-pickle-maker-update/
DIY Cardboard 90's Boom Box,TechnoChic,project,cardboard; audio-projects; upcycling; retro-design,Retro boom box constructed from cardboard with MP3 audio player.,low,247,2021-08-26,main,https://www.youtube.com/watch?v=prEz6npFjUs,,https://youtube.com/watch?v=qZpHRvJ-HCU,https://www.makerprojectlab.com/nickel-in-a-pickle-maker-update/
Air Hose Reel from Plywood,Seb Tech DIY,project,woodworking; workshop-organization; plywood; tool-storage,Plywood air hose reel with 360-degree swivel for workshop organization.,low,247,2021-08-26,main,https://www.instructables.com/Air-Hose-Reel-From-Plywood-360-Swivel/,,https://youtube.com/watch?v=qZpHRvJ-HCU,https://www.makerprojectlab.com/nickel-in-a-pickle-maker-update/
Daily Running Tracker,smooth_jamie,project,wearables; fitness-tracking; electronics,Wearable device tracking daily running activities and statistics.,low,247,2021-08-26,main,https://www.instructables.com/Daily-Running-Tracker/,,https://youtube.com/watch?v=qZpHRvJ-HCU,https://www.makerprojectlab.com/nickel-in-a-pickle-maker-update/
DIY X-Ray Machine,William Osman,project,high-voltage; electronics; diy-physics; experimental,Homemade X-ray machine built from high-voltage components.,low,247,2021-08-26,main,https://www.youtube.com/watch?v=IiJAq53knwc,,https://youtube.com/watch?v=qZpHRvJ-HCU,https://www.makerprojectlab.com/nickel-in-a-pickle-maker-update/
18 (ish) Mechanical Design Tips and Tricks,Jeremy Fielding,tip,mechanical-design; engineering; design,Collection of practical mechanical design tips and tricks for makers.,low,247,2021-08-26,main,https://www.youtube.com/watch?v=TbWFRvMV3gw,,https://youtube.com/watch?v=qZpHRvJ-HCU,https://www.makerprojectlab.com/nickel-in-a-pickle-maker-update/
Homemade Robots,Randy Sarafan,tip,robotics; book; educational-resources,"Book about building homemade robots, techniques and projects.",low,247,2021-08-26,main,https://nostarch.com/homemaderobots,https://www.instagram.com/madeineuphoria/,https://youtube.com/watch?v=qZpHRvJ-HCU,https://www.makerprojectlab.com/nickel-in-a-pickle-maker-update/
Bridgeport Milling Machine Restoration,Black Beard Projects,tip,machining; machine-restoration; metalworking,Restoration and tuning of classic Bridgeport milling machine.,low,247,2021-08-26,main,https://www.youtube.com/watch?v=dCLLCnJw4oc,,https://youtube.com/watch?v=qZpHRvJ-HCU,https://www.makerprojectlab.com/nickel-in-a-pickle-maker-update/
Antique Seized Adjustable Wrench Restoration,my mechanics,tip,tool-restoration; metalworking; workshop-maintenance,Techniques for restoring and freeing frozen antique adjustable wrenches.,low,247,2021-08-26,main,https://youtu.be/xfApbO-Pza8,,https://youtube.com/watch?v=qZpHRvJ-HCU,https://www.makerprojectlab.com/nickel-in-a-pickle-maker-update/
Howl's Moving Castle made from Trash,Studson Studio,project,upcycling; miniature; ghibli; anime-crafts; model-making,Miniature Howl's Moving Castle from Studio Ghibli built from reclaimed materials.,low,246,2021-08-19,main,https://www.youtube.com/watch?v=FDQ-sDDqWvk,,https://youtube.com/watch?v=gssl--Tnz_c,https://www.makerprojectlab.com/howls-moving-crafting-hoard-maker-update/
Robot Archery,Stuff Made Here,project,robotics; automation; mechanical-design; sports-tech,Auto-aiming robotic archery system for hitting moving targets.,low,246,2021-08-19,main,https://www.youtube.com/watch?v=1MkrNVic7pw,,https://youtube.com/watch?v=gssl--Tnz_c,https://www.makerprojectlab.com/howls-moving-crafting-hoard-maker-update/
The Boot Scoot,Ruby Zoom,project,wearables; motorized-vehicles; transportation; personal-mobility,Motorized personal transport device worn as boots or similar footwear.,low,246,2021-08-19,main,https://www.youtube.com/watch?v=a_1ir6Wu7p4,,https://youtube.com/watch?v=gssl--Tnz_c,https://www.makerprojectlab.com/howls-moving-crafting-hoard-maker-update/
CNC String Art,Winston Moy,project,cnc; string-art; laser-cutting; wall-art,CNC string art installation creating wave designs with patterned strings.,low,246,2021-08-19,main,https://www.youtube.com/watch?v=jWjcSuBXg2s,,https://youtube.com/watch?v=gssl--Tnz_c,https://www.makerprojectlab.com/howls-moving-crafting-hoard-maker-update/
Cuttle.xyz is out of early access,,tip,software-tools; svg-design; laser-cutting,Cuttle tool for rapidly generating personalized SVG cut files released to public.,high,246,2021-08-19,main,https://cuttle.xyz/dashboard,,https://youtube.com/watch?v=gssl--Tnz_c,https://www.makerprojectlab.com/howls-moving-crafting-hoard-maker-update/
Back to School Book Bundle,Make Magazine & Humble Bundle,tip,book; educational-resources; maker-education,Collection of Make magazine books bundled for back-to-school promotions.,low,246,2021-08-19,main,https://www.humblebundle.com/books/back-to-school-make-books,,https://youtube.com/watch?v=gssl--Tnz_c,https://www.makerprojectlab.com/howls-moving-crafting-hoard-maker-update/
Pool Noodle Whegs for Amphibious Robots,,tip,robotics; upcycling; pool-noodles; amphibious-vehicles,Using pool noodles as wheels for robots that traverse both land and water.,high,246,2021-08-19,main,https://www.instructables.com/Amphibious-Robots-Using-Pool-Noodle-Wheels/,,https://youtube.com/watch?v=gssl--Tnz_c,https://www.makerprojectlab.com/howls-moving-crafting-hoard-maker-update/
Decomposing Skeleton Prop,TheEscapeEffect,tip,props; escape-room; halloween; weathering-techniques,Escape room prop creating realistic decomposing skeleton effect.,low,246,2021-08-19,main,https://www.instructables.com/Escape-Room-Props-Decomposing-Skeleton/,,https://youtube.com/watch?v=gssl--Tnz_c,https://www.makerprojectlab.com/howls-moving-crafting-hoard-maker-update/
Flexure joystick for Xbox,Akaki Kuumeri,project,gaming-peripherals; microcontroller; mechanical-design,Custom flexure-based joystick controller for Xbox gaming console.,low,245,2021-08-12,main,https://youtu.be/7wZQwBcmanE,,https://youtube.com/watch?v=k9z0x9-vJeo,https://www.makerprojectlab.com/weird-flex-but-ok-maker-update/
Real Rasengan v2.0,Allen Pan,project,anime-props; props; mechanical-design; weapons-replica,Functional replica of Naruto Rasengan spinning power attack prop.,low,245,2021-08-12,main,https://youtu.be/Jviu_SlW9FI,,https://youtube.com/watch?v=k9z0x9-vJeo,https://www.makerprojectlab.com/weird-flex-but-ok-maker-update/
Making a Pneumatic Powered He Man Clamp,I Like To Make Stuff,project,pneumatic-tools; mechanical-design; workshop-tool,Pneumatic-powered clamp tool inspired by He-Man character design.,low,245,2021-08-12,main,https://youtu.be/dJNfgvhfSFU,,https://youtube.com/watch?v=k9z0x9-vJeo,https://www.makerprojectlab.com/weird-flex-but-ok-maker-update/
Looping Pliers review,,tip,jewelry; wire-working; hand-tools,Beadsmith 1-Step Looper Pliers for efficient wire loop forming,high,245,2021-08-12,main,https://kk.org/cooltools/easiest-pliers-for-looping-wire/,,https://youtube.com/watch?v=k9z0x9-vJeo,https://www.makerprojectlab.com/weird-flex-but-ok-maker-update/
The Humble Hard Drive Motor - Great Greeblies,The Smugglers Room,tip,electronics; motors,Hard drive motors repurposed as decorative mechanical components,low,245,2021-08-12,main,https://youtu.be/cBguDcZjCcU,,https://youtube.com/watch?v=k9z0x9-vJeo,https://www.makerprojectlab.com/weird-flex-but-ok-maker-update/
Best Maker Schools,,tip,education,Make and Newsweek's guide to best maker schools globally,high,245,2021-08-12,main,https://makezine.com/best-maker-schools-2021-from-make-and-newsweek/,,https://youtube.com/watch?v=k9z0x9-vJeo,https://www.makerprojectlab.com/weird-flex-but-ok-maker-update/
Solder Bridges Aid Desoldering,Robert Feranec,tip,soldering; electronics; desoldering,Solder bridge technique for easier through-hole component removal,high,245,2021-08-12,main,https://blog.oshpark.com/2021/07/31/solder-bridges-aid-desoldering/,,https://youtube.com/watch?v=k9z0x9-vJeo,https://www.makerprojectlab.com/weird-flex-but-ok-maker-update/
Desoldering Alloy,,tip,soldering; electronics,Desoldering alloy for solder joint manipulation,low,245,2021-08-12,main,https://blog.adafruit.com/2021/08/06/new-video-desoldering-alloy-collins-lab-notes-adafruit-collinslabnotes/,,https://youtube.com/watch?v=k9z0x9-vJeo,https://www.makerprojectlab.com/weird-flex-but-ok-maker-update/
Upside down printer,Krayln 3d,project,3d-printing; upside-down-design,Positron 3D printer with inverted chamber design,low,244,2021-08-05,main,https://www.youtube.com/watch?v=ZAPaOevoeX0,,https://youtube.com/watch?v=GJHm4vw8ccE,https://www.makerprojectlab.com/printing-on-the-ceiling-maker-update/
SonicSurface,UpnaLab,project,acoustics; levitation; phased-array,SonicSurface phased-array for ultrasonic mid-air object manipulation,low,244,2021-08-05,main,https://www.instructables.com/SonicSurface-Phased-array-for-Levitation-Mid-air-T/,,https://youtube.com/watch?v=GJHm4vw8ccE,https://www.makerprojectlab.com/printing-on-the-ceiling-maker-update/
Glowing Bubble Clock,Shinoda Y,project,water-feature; illumination; clock,Glowing air-bubble clock in water with time display,low,244,2021-08-05,main,https://www.instructables.com/Glowing-Air-Bubble-Clock-in-Water/,,https://youtube.com/watch?v=GJHm4vw8ccE,https://www.makerprojectlab.com/printing-on-the-ceiling-maker-update/
Building a Book Plough with Darbin Orvar,,project,woodworking; traditional-tools,Book plough demonstration for precision paper cutting,low,244,2021-08-05,main,https://www.youtube.com/watch?v=N9m8VxIYt4c,,https://youtube.com/watch?v=GJHm4vw8ccE,https://www.makerprojectlab.com/printing-on-the-ceiling-maker-update/
Loki Crown for Pets,TechnoChic,project,cosplay; costume; wearables,Marvel Loki variant pet costume DIY project,low,244,2021-08-05,main,https://www.instructables.com/Loki-Variant-Inspired-Cosplay-for-Pets/,,https://youtube.com/watch?v=GJHm4vw8ccE,https://www.makerprojectlab.com/printing-on-the-ceiling-maker-update/
Step & Snack Fanny Pack,Sam March,project,wearables; electronics; fitness,M&M-dispensing fanny pack rewarding exercise with candy,high,244,2021-08-05,main,https://hackaday.com/2021/07/30/step-n-snack-fanny-pack-motivates-with-mms/,,https://youtube.com/watch?v=GJHm4vw8ccE,https://www.makerprojectlab.com/printing-on-the-ceiling-maker-update/
10 Bullets,Tom Sachs,tip,performance-art; manifesto,Tom Sachs' Ten Bullets philosophy and creative principles,low,244,2021-08-05,main,https://www.youtube.com/watch?v=49p1JVLHUos,,https://youtube.com/watch?v=GJHm4vw8ccE,https://www.makerprojectlab.com/printing-on-the-ceiling-maker-update/
Printing in air,Create Inc,tip,3d-printing; additive-manufacturing,3D printing in mid-air without support materials,low,244,2021-08-05,main,https://www.youtube.com/watch?v=QftTMX8RAXQ,,https://youtube.com/watch?v=GJHm4vw8ccE,https://www.makerprojectlab.com/printing-on-the-ceiling-maker-update/
ASUS Tinker Board 2 review,Liz Clark,tip,single-board-computer,ASUS Tinker Board 2 vs Raspberry Pi 4 comparison,low,244,2021-08-05,main,https://www.youtube.com/watch?v=NYM3o0JRLHA,,https://youtube.com/watch?v=GJHm4vw8ccE,https://www.makerprojectlab.com/printing-on-the-ceiling-maker-update/
Bending Aluminum,Narwhal Labs,tip,metalworking,Aluminum bending techniques and methods,low,244,2021-08-05,main,https://www.youtube.com/watch?v=Jyv2c60hRsw,,https://youtube.com/watch?v=GJHm4vw8ccE,https://www.makerprojectlab.com/printing-on-the-ceiling-maker-update/
Balanced Glass Design,Masaharu Hirose,project,design; physics; interactivity,Balanced glass design adjusting center-of-gravity to change flavor perception,high,243,2021-07-29,main,https://youtu.be/2oEw5u35wAM,https://www.hackster.io/news/taste-your-drink-differently-with-this-glass-that-changes-its-center-of-gravity-7dbb926374ee,https://youtube.com/watch?v=T1yluOT_zFE,https://www.makerprojectlab.com/kanpai-maker-update/
https://blog.siggraph.org/2021/07/how-center-of-gravity-can-change-flavor.html/,,project,physics; engineering; design,Center of gravity principles affecting sensory perception and taste,low,243,2021-07-29,main,https://blog.siggraph.org/2021/07/how-center-of-gravity-can-change-flavor.html/,,https://youtube.com/watch?v=T1yluOT_zFE,https://www.makerprojectlab.com/kanpai-maker-update/
Stepper Motor Linear Slider,,project,automation; stepper-motors,Stepper motor linear slider for engraving and CNC,low,243,2021-07-29,main,https://www.amazon.com/Stepper-Linear-Slider-Engraving-Machine/dp/B07H3XC3DD/,,https://youtube.com/watch?v=T1yluOT_zFE,https://www.makerprojectlab.com/kanpai-maker-update/
Zippy,MellowFire,project,mechanical-projects,Zippy mechanical project demonstration,low,243,2021-07-29,main,https://www.mellowfire.com/post/zippy,https://www.hackster.io/news/zippy-might-be-a-small-robot-tank-but-that-doesn-t-stop-it-from-moving-fast-0d3d6c94c9db,https://youtube.com/watch?v=T1yluOT_zFE,https://www.makerprojectlab.com/kanpai-maker-update/
Very Clever Camping Table (without legs!),Laura Kampf,project,furniture; woodworking; camping,Legless camping table design by Laura Kampf,low,243,2021-07-29,main,https://youtu.be/A4pJnr-GbkA,,https://youtube.com/watch?v=T1yluOT_zFE,https://www.makerprojectlab.com/kanpai-maker-update/
Cryptid – Animatronic light sculpture,Michael Candy,project,sculpture; light-art; animation,Cryptid animatronic light sculpture installation,low,243,2021-07-29,main,https://www.creativeapplications.net/environment/cryptid-animatronic-light-sculpture-by-michael-candy/,,https://youtube.com/watch?v=T1yluOT_zFE,https://www.makerprojectlab.com/kanpai-maker-update/
Neopixel LED Skirt (motion Triggered),maketvee,project,wearables; led; fashion,Motion-triggered Neopixel LED skirt with addressable lights,low,243,2021-07-29,main,https://www.instructables.com/Neopixel-LED-Skirt-motion-Triggered/,,https://youtube.com/watch?v=T1yluOT_zFE,https://www.makerprojectlab.com/kanpai-maker-update/
64x64 rgb led matrix album art display (pi 3b+),Kyle Johnson,project,plastic; raspberry-pi; display,"DIY project combining plastic, raspberry-pi and more.",high,243,2021-07-29,main,https://www.reddit.com/r/raspberry_pi/comments/ombwwg/my_64x64_rgb_led_matrix_album_art_display_pi_3b/,https://www.hackster.io/news/kyle-johnson-s-home-streaming-system-gets-chunky-album-art-visualization-on-a-64x64-rgb-led-matrix-71107071b8f2,https://youtube.com/watch?v=T1yluOT_zFE,https://www.makerprojectlab.com/kanpai-maker-update/
https://github.com/kylejohnsonkj/ft-artwork,,project,programming; repository,GitHub art project demonstration,low,243,2021-07-29,main,https://github.com/kylejohnsonkj/ft-artwork,,https://youtube.com/watch?v=T1yluOT_zFE,https://www.makerprojectlab.com/kanpai-maker-update/
Solar Blinkenlights,Okubo Heavy Industries,project,arduino; solar-power; electronics,Solar-powered LED blink lights project,low,243,2021-07-29,main,https://www.reddit.com/r/arduino/comments/oofcl9/solar_blickenlights/,https://www.hackster.io/news/okuboheavyindustries-solar-blinkenlights-encase-an-attiny85-in-resin-for-energy-harvesting-art-0f4fe9ef0eda,https://youtube.com/watch?v=T1yluOT_zFE,https://www.makerprojectlab.com/kanpai-maker-update/
Engineer PZ-58 Screw Removal Pliers Review,,tip,hand-tools,Engineer PZ-58 screw removal pliers review,low,243,2021-07-29,main,https://youtu.be/CExOTLIv9GM,,https://youtube.com/watch?v=T1yluOT_zFE,https://www.makerprojectlab.com/kanpai-maker-update/
Adam’s Guide to Drill Bits!,,tip,hand-tools,Comprehensive guide to drill bit types and applications,low,243,2021-07-29,main,https://www.tested.com/making/tools/adams-guide-to-drill-bits/,,https://youtube.com/watch?v=T1yluOT_zFE,https://www.makerprojectlab.com/kanpai-maker-update/
Designing with Complex Geometry,James McBennett,tip,design; grasshopper3d; computational-design,Grasshopper3D course on complex geometry and parametric design,high,243,2021-07-29,main,https://hackaday.io/course/178584-designing-with-complex-geometry,https://hackaday.com/2021/07/22/new-video-series-designing-with-complex-geometry/,https://youtube.com/watch?v=T1yluOT_zFE,https://www.makerprojectlab.com/kanpai-maker-update/
Methane-powered Moped,Gjis Schalkx,project,vehicles; methane; sustainable,Methane-powered Uitsloot moped project,high,242,2021-07-22,main,https://uitsloot.nl/,,https://youtube.com/watch?v=HP1U2CMx9QE,https://www.makerprojectlab.com/switch-on-the-power-maker-update/
Nuclear Gameboy,Ian Charnas,project,gaming; radioactive,Nuclear Gameboy modification build,low,242,2021-07-22,main,https://youtu.be/6byi-RFrgtU,,https://youtube.com/watch?v=HP1U2CMx9QE,https://www.makerprojectlab.com/switch-on-the-power-maker-update/
Turn an old 35mm camera into a digital camera,befinitiv,project,3d-printing; camera; film,3D-printed cartridge converting film cameras to digital,high,242,2021-07-22,main,https://petapixel.com/2021/07/16/3d-printed-cartridge-turns-any-35mm-film-camera-into-a-digital-camera/?fbclid=IwAR2j31qbuSdw2CrtOBM4nD2C3qa9d-UJAPmduYimz64ikpOEh9YcuDen7DE,,https://youtube.com/watch?v=HP1U2CMx9QE,https://www.makerprojectlab.com/switch-on-the-power-maker-update/
Arduino powered PECS board,awall99,project,arduino; communication; assistive-tech,Arduino PECS communication board for AAC assistance,low,242,2021-07-22,main,https://www.instructables.com/PECS-Communication-Board/,,https://youtube.com/watch?v=HP1U2CMx9QE,https://www.makerprojectlab.com/switch-on-the-power-maker-update/
Making Music with Crypto,Esteffanie and Look Mum No Computer,project,music; crypto; electronic-instruments,Music creation with cryptocurrency blockchain technology,low,242,2021-07-22,main,https://www.youtube.com/watch?v=OubZbNV3NLo,,https://youtube.com/watch?v=HP1U2CMx9QE,https://www.makerprojectlab.com/switch-on-the-power-maker-update/
https://www.youtube.com/watch?v=Qn7Gqv9vIgQ&t=0s,,project,music; electronic-performance,Electronic music performance demonstration,low,242,2021-07-22,main,https://www.youtube.com/watch?v=Qn7Gqv9vIgQ&t=0s,,https://youtube.com/watch?v=HP1U2CMx9QE,https://www.makerprojectlab.com/switch-on-the-power-maker-update/
Jigsaw Puzzle Generator,,tip,web-tool; game,Interactive jigsaw puzzle generator tool,high,242,2021-07-22,main,https://draradech.github.io/jigsaw/index.html,,https://youtube.com/watch?v=HP1U2CMx9QE,https://www.makerprojectlab.com/switch-on-the-power-maker-update/
The best 3d printed gear,Maker's Muse,tip,3d-printing; mechanical-design,3D printed gear comparison and performance analysis,low,242,2021-07-22,main,https://www.youtube.com/watch?v=UtRJ4lnNAXY,,https://youtube.com/watch?v=HP1U2CMx9QE,https://www.makerprojectlab.com/switch-on-the-power-maker-update/
Silicone Measuring Cups,,tip,kitchenware; measurement,Silicone measuring cups review and tips,low,242,2021-07-22,main,https://www.youtube.com/watch?v=GAmkjS2jg3s,,https://youtube.com/watch?v=HP1U2CMx9QE,https://www.makerprojectlab.com/switch-on-the-power-maker-update/
Extension Cord Tips with the Essential Craftsman,,tip,workshop-safety,Extension cord electrical safety tips,low,242,2021-07-22,main,https://www.youtube.com/watch?v=EwaGcPmtTsQ,,https://youtube.com/watch?v=HP1U2CMx9QE,https://www.makerprojectlab.com/switch-on-the-power-maker-update/
Nova Jigsaw Puzzle,Nadieh Bremer,project,puzzle; laser-cutting; mechanical,Nova Jigsaw Puzzle mechanical laser-cut project,low,241,2021-07-15,main,http://fab.academany.org/2021/labs/waag/students/nadieh-bremer/final-project/?s=03,,https://youtube.com/watch?v=cP3-3EK7WSI,https://www.makerprojectlab.com/puzzle-pixels-maker-update/
Kitty Toe Bean Keypad with Color TFT,Ruiz Brothers & Liz Clark,project,keyboard; electronics; soldering,Kitty Toe Bean keypad with color TFT display,low,241,2021-07-15,main,https://learn.adafruit.com/kitty-toe-bean-paw-keypad-color-tct,,https://youtube.com/watch?v=cP3-3EK7WSI,https://www.makerprojectlab.com/puzzle-pixels-maker-update/
Plush Pal,"Tiffany Tseng, Yumiko Murai, Natalie Freed, Deanna Gelosi, Tung D. Ta, Yoshihiro Kawahara",project,plush-toys; tactile-robotics,Plush Pal wearable companion robotics project,low,241,2021-07-15,main,https://www.plushpal.app/,vid: https://youtu.be/Pez3hD0dRVU; https://twitter.com/scientiffic/status/1410622580155772931?s=20,https://youtube.com/watch?v=cP3-3EK7WSI,https://www.makerprojectlab.com/puzzle-pixels-maker-update/
Cyborg Control,Niklas Roy,project,wearables; electronics; controls,Cyborg Control exoskeleton interface system,low,241,2021-07-15,main,https://niklasroy.com/cyborg_control/,https://makerprojectlab.com/toy-story-maker-update/,https://youtube.com/watch?v=cP3-3EK7WSI,https://www.makerprojectlab.com/puzzle-pixels-maker-update/
Robosapien IR codes,,tip,robotics; infrared; controls,Robosapien IR control codes reference,low,241,2021-07-15,main,https://www.markcra.com/robot/ir_codes.php,,https://youtube.com/watch?v=cP3-3EK7WSI,https://www.makerprojectlab.com/puzzle-pixels-maker-update/
Astro Pneumatic Tool ADR14 XL Blind Rivet Adapter Kit review,,tip,hand-tools; riveting,Astro Pneumatic blind rivet adapter kit review,low,241,2021-07-15,main,https://youtu.be/V9qEyvfLdwQ,,https://youtube.com/watch?v=cP3-3EK7WSI,https://www.makerprojectlab.com/puzzle-pixels-maker-update/
Guide to 'Bending' an LCD screen v1.0,Stuart Brand,tip,electronics; display,LCD screen bending and modification techniques,low,241,2021-07-15,main,https://github.com/jamhamster/Bending-an-LCD/blob/main/Guide%20to%20'Bending'%20an%20LCD%20screen%20v1.0.pdf,vids: https://www.raspberrypi.org/blog/collection-of-raspberry-pi-retro-tech-projects/,https://youtube.com/watch?v=cP3-3EK7WSI,https://www.makerprojectlab.com/puzzle-pixels-maker-update/
Desoldering Header Pins,Liz Clark,tip,soldering; electronics,Header pin desoldering techniques and tips,low,241,2021-07-15,main,https://youtu.be/ATeRNgOUX3o,,https://youtube.com/watch?v=cP3-3EK7WSI,https://www.makerprojectlab.com/puzzle-pixels-maker-update/
Fractal Vise,Borgey,tip,3d-printing,Fractal vise 3D-printed workshop clamping tool,low,241,2021-07-15,main,https://www.thingiverse.com/thing:4897556,video: https://youtu.be/DbcEL514FV4; https://www.core77.com/posts/109366/Product-Designer-Chris-Borge-3D-Printed-That-Fractal-Vise-That-Can-Hold-Any-Shape,https://youtube.com/watch?v=cP3-3EK7WSI,https://www.makerprojectlab.com/puzzle-pixels-maker-update/
How To Make Alcohol Inks from Old Markers!,Kayte Sabicer,tip,markers; dyes; inks,Alcohol ink creation from old markers,low,241,2021-07-15,main,https://youtu.be/s8idSAuc7uI,,https://youtube.com/watch?v=cP3-3EK7WSI,https://www.makerprojectlab.com/puzzle-pixels-maker-update/
Breathing computer,DIY Perks,project,electronics; cooling; case,Breathing computer with active thermal cooling,low,240,2021-07-08,main,https://www.youtube.com/watch?v=C3GKe7eXbPE,,https://youtube.com/watch?v=wvgiW-MYTDo,https://www.makerprojectlab.com/aspirational-computer-maker-update/
Anatomical cross-section sculpture,Norm Chan,project,woodworking; carving; sculpture,Anatomical cross-section wood sculpture,low,240,2021-07-08,main,https://www.youtube.com/watch?v=oClWPnCphfA,,https://youtube.com/watch?v=wvgiW-MYTDo,https://www.makerprojectlab.com/aspirational-computer-maker-update/
Beating Battlebots with Trash,Allen Pan,project,robotics; competition; design,Beating BattleBots with upcycled materials strategy,low,240,2021-07-08,main,https://www.youtube.com/watch?v=4Ex1F6k3OVs,,https://youtube.com/watch?v=wvgiW-MYTDo,https://www.makerprojectlab.com/aspirational-computer-maker-update/
Upcycled Lego table,,project,toy; upcycling; furniture,Upcycled LEGO building blocks table,low,240,2021-07-08,main,https://www.instructables.com/Upcycled-LEGO-Table/,,https://youtube.com/watch?v=wvgiW-MYTDo,https://www.makerprojectlab.com/aspirational-computer-maker-update/
Impossible Wind vehicle,Xyla Foxlin and Veritasium,project,wind-power; physics; vehicles,Impossible wind-powered vehicle physics demonstration,low,240,2021-07-08,main,https://www.youtube.com/watch?v=VUgajGv4Aok,,https://youtube.com/watch?v=wvgiW-MYTDo,https://www.makerprojectlab.com/aspirational-computer-maker-update/
3d Printing for outdoor use,Mike in the Woods,tip,3d-printing; outdoor-durability,3D printing materials and durability for outdoor use,low,240,2021-07-08,main,https://www.youtube.com/watch?v=YbrBuoKMbgc,,https://youtube.com/watch?v=wvgiW-MYTDo,https://www.makerprojectlab.com/aspirational-computer-maker-update/
Fractal Vise,Hand Tool Rescue,tip,hand-tools; restoration,Fractal vise hand tool restoration project,low,240,2021-07-08,main,https://youtu.be/QBeOgGt_oWU,,https://youtube.com/watch?v=wvgiW-MYTDo,https://www.makerprojectlab.com/aspirational-computer-maker-update/
Measuring Resin by Weight,TotalBoat,tip,casting; epoxy; resin,Resin measuring by weight for casting projects,low,240,2021-07-08,main,https://www.youtube.com/watch?v=VkN-tOdZkP0,,https://youtube.com/watch?v=wvgiW-MYTDo,https://www.makerprojectlab.com/aspirational-computer-maker-update/
"Tips, Tools & Shop Tales",Gareth Branwyn,tip,newsletter,Tips tools and shop tales maker newsletter,low,240,2021-07-08,main,https://www.getrevue.co/profile/garethbranwyn/issues/gareth-s-tips-tools-and-shop-tales-issue-92-651285,,https://youtube.com/watch?v=wvgiW-MYTDo,https://www.makerprojectlab.com/aspirational-computer-maker-update/
The Science of Making Clear Wood,Xyla Foxlin,project,woodworking; chemistry; optical,Clear wood creation through chemical treatment,low,239,2021-07-01,main,https://www.youtube.com/watch?v=5qS9AKzXYOY,,https://youtube.com/watch?v=5PXNlkIql4o,https://www.makerprojectlab.com/in-the-interest-of-transparency-maker-update/
Frightening Doorbell,Esser50K,project,electronics; sound-effects,Frightening doorbell project with sound effects,low,239,2021-07-01,main,https://youtu.be/hId3HtBwPKo,,https://youtube.com/watch?v=5PXNlkIql4o,https://www.makerprojectlab.com/in-the-interest-of-transparency-maker-update/
Collapsible Table,Laura Kampf,project,furniture; mechanics; design,Collapsible table compact storage furniture,low,239,2021-07-01,main,https://www.youtube.com/watch?v=XXSwTssXQ-c,,https://youtube.com/watch?v=5PXNlkIql4o,https://www.makerprojectlab.com/in-the-interest-of-transparency-maker-update/
Pen Wiggler,Scanlime,project,art; kinetic-sculpture,Pen Wiggler kinetic art drawing machine,low,239,2021-07-01,main,https://www.youtube.com/watch?v=3a4-ZxISiRM,,https://youtube.com/watch?v=5PXNlkIql4o,https://www.makerprojectlab.com/in-the-interest-of-transparency-maker-update/
Low Cost DIY Spectrometer,Technovation,project,optics; spectroscopy; science,DIY low-cost spectrometer optical instrument,low,239,2021-07-01,main,https://www.instructables.com/DIY-Low-Cost-Spectrometer/,,https://youtube.com/watch?v=5PXNlkIql4o,https://www.makerprojectlab.com/in-the-interest-of-transparency-maker-update/
Easy Upcycling of failed prints,Blorgggg,tip,upcycling; 3d-printing; plastic,Upcycling failed 3D prints into pride flag art,high,239,2021-07-01,main,https://www.instructables.com/Plastic-to-Pride-Flag-Easy-Upcycling/,,https://youtube.com/watch?v=5PXNlkIql4o,https://www.makerprojectlab.com/in-the-interest-of-transparency-maker-update/
6 Jigs to improve your Electric Hand Plany,JSK-Koubou,tip,hand-tools; woodworking,Electric hand planer jigs and rigging techniques,low,239,2021-07-01,main,https://www.youtube.com/watch?v=8XC2WYFhlvE,,https://youtube.com/watch?v=5PXNlkIql4o,https://www.makerprojectlab.com/in-the-interest-of-transparency-maker-update/
"Scoppy, Pico Based Oscilloscope",fhdm-dev,tip,oscilloscope; raspberry-pi; measurement,Scoppy Pico-based oscilloscope for Android devices,high,239,2021-07-01,main,https://github.com/fhdm-dev/scoppy,,https://youtube.com/watch?v=5PXNlkIql4o,https://www.makerprojectlab.com/in-the-interest-of-transparency-maker-update/
How to make Apple Boxes,Tyler Winegarner,tip,woodworking; furniture; storage,Apple boxes multipurpose wooden shop furniture,low,239,2021-07-01,main,https://www.youtube.com/watch?v=7r0ebHiU1OM,,https://youtube.com/watch?v=5PXNlkIql4o,https://www.makerprojectlab.com/in-the-interest-of-transparency-maker-update/
"The Singularitron: My Massive, Modular Smartwatch",Zack Freedman,project,smartwatch; modular; wearables,Singularitron sci-fi modular smartwatch by Zack Freedman,high,238,2021-06-24,main,https://hackaday.com/2021/06/11/a-massive-modular-smartwatch-to-match-your-sci-fi-fantasies/,,https://youtube.com/watch?v=RnA2BELtiXI,https://www.makerprojectlab.com/snap-on-lasers-maker-update/
Ferris Bueller's Intercom,Aaron Newcomb,project,electronics; intercom; arduino,Ferris Bueller's Day Off inspired intercom system,low,238,2021-06-24,main,https://youtu.be/9Vd-yOBCuxE,https://www.hackster.io/news/maker-recreates-ferris-bueller-s-legendary-intercom-635e9a67ae6c,https://youtube.com/watch?v=RnA2BELtiXI,https://www.makerprojectlab.com/snap-on-lasers-maker-update/
https://github.com/aaronnewcomb/esp-now-doorbell,,project,arduino; wireless; doorbell,ESP-NOW wireless custom doorbell with MP3 audio,high,238,2021-06-24,main,https://github.com/aaronnewcomb/esp-now-doorbell,,https://youtube.com/watch?v=RnA2BELtiXI,https://www.makerprojectlab.com/snap-on-lasers-maker-update/
Arduino M&M Color Sorter,Jackofalltrades,project,arduino; color-sorting; automation,Arduino M&M candy color sorter robot,low,238,2021-06-24,main,https://www.instructables.com/Arduino-MM-Color-Sorter/,https://www.hackster.io/news/compact-arduino-controlled-machine-sorts-m-ms-by-color-095971569911,https://youtube.com/watch?v=RnA2BELtiXI,https://www.makerprojectlab.com/snap-on-lasers-maker-update/
Robot Archer,Kamal Carter,project,robotics; computer-vision; archery,Robot Archer using computer vision for autonomous targeting,high,238,2021-06-24,main,https://hackaday.io/project/179680-robot-archer,https://www.hackster.io/news/never-miss-another-arrow-with-this-autonomous-robotic-archer-c0b4167a59cc,https://youtube.com/watch?v=RnA2BELtiXI,https://www.makerprojectlab.com/snap-on-lasers-maker-update/
Mount Head Zip Ties,,tip,organization; cable-management,Zip tie head mount for cable organization,low,238,2021-06-24,main,https://youtu.be/6Xt0m29sa58,,https://youtube.com/watch?v=RnA2BELtiXI,https://www.makerprojectlab.com/snap-on-lasers-maker-update/
How to wirelessly plot with the AxiDraw,Monokai,tip,axidraw; plotting; wireless,AxiDraw pen plotter wireless setup via Bluetooth,low,238,2021-06-24,main,https://monokai.medium.com/how-to-wirelessly-plot-with-the-axidraw-f9e0a872138e,,https://youtube.com/watch?v=RnA2BELtiXI,https://www.makerprojectlab.com/snap-on-lasers-maker-update/
Adam Savage’s Guide to Workshop Hammers!,,tip,hand-tools,Adam Savage's workshop hammer guide and types,low,238,2021-06-24,main,https://www.tested.com/making/tools/adam-savages-guide-to-workshop-hammers/,,https://youtube.com/watch?v=RnA2BELtiXI,https://www.makerprojectlab.com/snap-on-lasers-maker-update/
15 Tips That'll Improve Your Woodworking! Must Know Tricks and Techniques!,David Picciuto,tip,woodworking; carpentry,Woodworking tips tricks and advanced techniques,low,238,2021-06-24,main,https://youtu.be/WbkZLHWl0po,,https://youtube.com/watch?v=RnA2BELtiXI,https://www.makerprojectlab.com/snap-on-lasers-maker-update/
Cheap Expandable Floor Piano,FredTSL,project,music; interactive; floor-piano,Cheap expandable floor piano musical instrument,low,237,2021-06-17,main,https://www.instructables.com/Cheap-Expandable-Floor-Piano/,,https://youtube.com/watch?v=umKfsHgOiCo,https://www.makerprojectlab.com/no-stairway-maker-update/
Simple Animatronic with Microbit,CoHillway,project,microbit; animation; mechanics,Micro:bit microcontroller simple animatronic project,low,237,2021-06-17,main,https://www.instructables.com/Simple-Animatronic-With-Microbit/,,https://youtube.com/watch?v=umKfsHgOiCo,https://www.makerprojectlab.com/no-stairway-maker-update/
Dynamo Dream Part 1,Ian Hubert,project,animation; 3d-graphics; film,Dynamo Dream animation project by Ian Hubert,low,237,2021-06-17,main,https://www.youtube.com/watch?v=LsGZ_2RuJ2A,,https://youtube.com/watch?v=umKfsHgOiCo,https://www.makerprojectlab.com/no-stairway-maker-update/
Ramen Noodle Knife Scales,Peter Brown,project,knives; scale-work,Ramen noodle knife scales DIY handle material,low,237,2021-06-17,main,https://www.youtube.com/watch?v=olCI-c7I5xE,,https://youtube.com/watch?v=umKfsHgOiCo,https://www.makerprojectlab.com/no-stairway-maker-update/
Pizza Rube Goldberg Machine,Joseph's Machines,project,rube-goldberg; pizza; mechanics,Pizza-themed Rube Goldberg machine contraption,low,237,2021-06-17,main,https://youtu.be/I85afIyu0IU,,https://youtube.com/watch?v=umKfsHgOiCo,https://www.makerprojectlab.com/no-stairway-maker-update/
Make your own Jumper Wires,Charles Platt,tip,electronics; wiring; assembly,Making custom jumper wires for electronics,low,237,2021-06-17,main,https://youtu.be/ver-Av8vr1Q,,https://youtube.com/watch?v=umKfsHgOiCo,https://www.makerprojectlab.com/no-stairway-maker-update/
Angle Grinder hack,Jimmy Diresta,tip,power-tools; metalworking,Angle grinder modification and hacks,low,237,2021-06-17,main,https://www.youtube.com/watch?v=Eu1mLIRYyBg,,https://youtube.com/watch?v=umKfsHgOiCo,https://www.makerprojectlab.com/no-stairway-maker-update/
Make your own Font,Crafsman,tip,typography; design; font,Creating custom fonts for lettering and design,low,237,2021-06-17,main,https://www.youtube.com/watch?v=4edSwS_cIDU,,https://youtube.com/watch?v=umKfsHgOiCo,https://www.makerprojectlab.com/no-stairway-maker-update/
Milling keycaps,the ruiz brothers,tip,keyboard; 3d-printing; keycaps,Milling custom keycaps for mechanical keyboards,low,237,2021-06-17,main,https://www.youtube.com/watch?v=fBpIwxwFgG4,,https://youtube.com/watch?v=umKfsHgOiCo,https://www.makerprojectlab.com/no-stairway-maker-update/
How Fast Can I Skate With A Jetpack?,Ian Charnas,project,propulsion; jetpack; extreme-sports,Jet-powered skateboard speed demonstration,low,236,2021-06-10,main,https://youtu.be/9ImTH9gUAvU,,https://youtube.com/watch?v=4ScfwQ3kn-0,https://www.makerprojectlab.com/wheres-my-jetpack-maker-update/
Motion Controlled Street Fighter,Charlie Gerard,project,machine-learning; gesture-recognition,Motion-controlled Street Fighter game with computer vision,low,236,2021-06-10,main,https://github.com/charliegerard/street-fighter-arduino-tflite,,https://youtube.com/watch?v=4ScfwQ3kn-0,https://www.makerprojectlab.com/wheres-my-jetpack-maker-update/
https://air-street-fighter.netlify.app/,,project,web-app; interactive-game,Street Fighter AI game web application,low,236,2021-06-10,main,https://air-street-fighter.netlify.app/,,https://youtube.com/watch?v=4ScfwQ3kn-0,https://www.makerprojectlab.com/wheres-my-jetpack-maker-update/
Invisible Roomates,Nicole He and Eran Hilleli,project,ai-voice; smart-home; robotics,Invisible Roommates ambient AI assistant project,low,236,2021-06-10,main,https://nicolehe.substack.com/p/behind-the-scenes-on-invisible-roommates,Videos: https://everydayexperiments.com/invisible-roommates,https://youtube.com/watch?v=4ScfwQ3kn-0,https://www.makerprojectlab.com/wheres-my-jetpack-maker-update/
Infrared Mirror,Reuben Strangelove,project,infrared; display-technology,Infrared mirror thermal imaging art project,low,236,2021-06-10,main,https://hackaday.io/project/180101-infrared-mirror,video1: https://metaphasiclabs.com/wp-content/uploads/2021/03/infrared-mirror-video-cold-and-hot.mp4; video2: https://metaphasiclabs.com/wp-content/uploads/2021/03/infrared-mirror-video-noise-effect.mp4; https://www.hackster.io/news/hot-or-not-efbb5b1189cd,https://youtube.com/watch?v=4ScfwQ3kn-0,https://www.makerprojectlab.com/wheres-my-jetpack-maker-update/
Articulating Electric Mechanical Wings,OhioFlyer,project,mechanics; articulation; cosplay,Electric mechanical wings articulation system,low,236,2021-06-10,main,https://www.instructables.com/Articulating-Electric-Mechanical-Wings/,,https://youtube.com/watch?v=4ScfwQ3kn-0,https://www.makerprojectlab.com/wheres-my-jetpack-maker-update/
Soldering With A Hand Tremor: The Camera Gimbal Hack,Caleb Kraft,tip,soldering; accessibility; assistive,Camera gimbal for stable hand soldering with tremor,low,236,2021-06-10,main,https://makezine.com/2021/06/01/soldering-with-a-hand-tremor-the-camera-gimbal-hack/,,https://youtube.com/watch?v=4ScfwQ3kn-0,https://www.makerprojectlab.com/wheres-my-jetpack-maker-update/
Solid Core Jumper Wires Review,,tip,electronics; wiring,Solid core jumper wires review and comparison,low,236,2021-06-10,main,https://youtu.be/YDuFrRUCfaU,,https://youtube.com/watch?v=4ScfwQ3kn-0,https://www.makerprojectlab.com/wheres-my-jetpack-maker-update/
"Maker Pi RP2040, a Robot Controller Board",,tip,robotics; rp2040; microcontroller,Maker Pi RP2040 robot controller board with PWM support,low,236,2021-06-10,main,https://www.seeedstudio.com/MAKER-PI-RP2040-p-4961.html,https://www.hackster.io/news/meet-the-maker-pi-rp2040-a-robot-controller-board-a0a0470ccb54,https://youtube.com/watch?v=4ScfwQ3kn-0,https://www.makerprojectlab.com/wheres-my-jetpack-maker-update/
Testing Ball-Shaped Wheels on an Omni-Directional Robot,James Bruton,project,robotics; wheels; mobility,Ball-shaped omni-directional wheels robot testing,low,235,2021-06-03,main,https://www.youtube.com/watch?v=zKLMCO0-How,,https://youtube.com/watch?v=HPhYEJpSQLk,https://www.makerprojectlab.com/roll-with-it-maker-update/
Easy DIY Planters,DIY Huntress,project,gardening; diy; containers,Easy DIY upcycled planters for gardening,low,235,2021-06-03,main,https://www.youtube.com/watch?v=cvZRnRpSztI,,https://youtube.com/watch?v=HPhYEJpSQLk,https://www.makerprojectlab.com/roll-with-it-maker-update/
2 Wheel Drive Fatbike,The Q,project,bike; mechanics; conversion,Two-wheel drive fatbike conversion and build,low,235,2021-06-03,main,https://youtu.be/MJpqJFE5L-g,,https://youtube.com/watch?v=HPhYEJpSQLk,https://www.makerprojectlab.com/roll-with-it-maker-update/
Motorized Turn Signals for a Bike,Tom Ouwerkerk,project,bicycle; electronics; turn-signals,Motorized bike turn signal system project,low,235,2021-06-03,main,https://blog.arduino.cc/2021/05/24/super-compact-motorized-turn-signals-for-a-bike/,,https://youtube.com/watch?v=HPhYEJpSQLk,https://www.makerprojectlab.com/roll-with-it-maker-update/
Arduino WiFi Tetris Clock,Brian Lough,project,arduino; display; game,Arduino Tetris clock with WiFi connectivity,low,235,2021-06-03,main,https://www.instructables.com/Arduino-WiFi-Tetris-Clock/,,https://youtube.com/watch?v=HPhYEJpSQLk,https://www.makerprojectlab.com/roll-with-it-maker-update/
Giant Rubik's Cube Drawer Box,Justin Weiss,project,toy; storage; puzzle,Giant Rubik's Cube drawer storage box furniture,low,235,2021-06-03,main,https://www.instructables.com/Giant-Rubiks-Cube-Drawer-Box/,,https://youtube.com/watch?v=HPhYEJpSQLk,https://www.makerprojectlab.com/roll-with-it-maker-update/
MenuTriaxial Motorized Tourbillon,McMaven,project,watches; mechanical-movement; tourbillon,Triaxial motorized tourbillon watch mechanism,low,235,2021-06-03,main,https://www.instructables.com/Triaxial-Motorized-Tourbillon,,https://youtube.com/watch?v=HPhYEJpSQLk,https://www.makerprojectlab.com/roll-with-it-maker-update/
3D Printed Flip Dots,Larry Builds,project,3d-printing; mechanical-art,3D printed flip dot kinetic art display mechanism,low,235,2021-06-03,main,https://hackaday.com/2021/05/29/3d-printed-flip-dots/,,https://youtube.com/watch?v=HPhYEJpSQLk,https://www.makerprojectlab.com/roll-with-it-maker-update/
Webcam Privacy Friend,Becky Stern,project,3d-printing; servo; electronics; privacy-tech,Motorized 3D-printed eyeball for webcam privacy with servo control.,high,235,2021-06-03,main,https://beckystern.com/2021/06/02/webcam-privacy-friend-3d-printed-eyeball/,,https://youtube.com/watch?v=HPhYEJpSQLk,https://www.makerprojectlab.com/roll-with-it-maker-update/
Nova Spot Micro 3 Quadraped Robot Dog,Chris Locke,project,3d-printing; robotics; servo; quadruped,Quadruped robot dog modeled after Boston Dynamics Spot Mini design.,high,235,2021-06-03,main,https://www.instructables.com/Nova-Spot-Micro-a-Spot-Mini-Clone/,,https://youtube.com/watch?v=HPhYEJpSQLk,https://www.makerprojectlab.com/roll-with-it-maker-update/
Building my Dream Workshop,Ruth Amos,tip,workshop-setup; organization,Workshop design and tool organization walkthrough.,low,235,2021-06-03,main,https://www.youtube.com/watch?v=cPbL-fosCaU,,https://youtube.com/watch?v=HPhYEJpSQLk,https://www.makerprojectlab.com/roll-with-it-maker-update/
Garage Floor Upgrade,DIY Creators,tip,flooring; home-improvement; diy,Garage floor upgrade and installation techniques.,low,235,2021-06-03,main,https://www.youtube.com/watch?v=o-LEpiFFoa8,,https://youtube.com/watch?v=HPhYEJpSQLk,https://www.makerprojectlab.com/roll-with-it-maker-update/
How To Professionally Frame Your Artwork at Home,Jen Schachter,tip,framing; art; woodworking,Professional artwork framing techniques at home.,low,235,2021-06-03,main,https://www.youtube.com/watch?v=0wxpcfMB-qc,,https://youtube.com/watch?v=HPhYEJpSQLk,https://www.makerprojectlab.com/roll-with-it-maker-update/
How to Turn Boring Projects Into Mesmerizing Videos,Zack Freedman,tip,video-production; cinematography; documentary,Video production techniques for project documentation.,low,235,2021-06-03,main,https://youtu.be/cusFLqzHc3k,,https://youtube.com/watch?v=HPhYEJpSQLk,https://www.makerprojectlab.com/roll-with-it-maker-update/
Parsing Data From an API using ArduinoJSON,Brian Lough,tip,arduino; programming; json; data-parsing,Working with JSON data and Arduino libraries for API integration.,low,235,2021-06-03,main,https://www.youtube.com/watch?v=NYP_CxdYzLo,,https://youtube.com/watch?v=HPhYEJpSQLk,https://www.makerprojectlab.com/roll-with-it-maker-update/
Solar Powered Boat,PeterSripol,project,solar; water-transport; electronics,Solar-powered boat design and construction.,low,234,2021-05-27,main,https://www.youtube.com/watch?v=_n-8dYlqV0s,,https://youtube.com/watch?v=HduK5Qrow88,https://www.makerprojectlab.com/schooner-or-later-maker-update/
Part 2: https://www.youtube.com/watch?v=XyFNmRIzPH4,,project,,Maker project: Part 2: https://www.youtube.com/watch?v=XyFNmRIzPH4.,low,234,2021-05-27,main,,,https://youtube.com/watch?v=HduK5Qrow88,https://www.makerprojectlab.com/schooner-or-later-maker-update/
Squirrel Maze 2.0,Mark Rober,project,puzzle; mechanical; kinetic-art,Mechanical maze puzzle project with moving elements.,low,234,2021-05-27,main,https://www.youtube.com/watch?v=DTvS9lvRxZ8,,https://youtube.com/watch?v=HduK5Qrow88,https://www.makerprojectlab.com/schooner-or-later-maker-update/
Meteor Hits Building Diorama,4thecraft,project,miniature-modeling; scenery; special-effects,Tabletop diorama with meteor impact special effects.,low,234,2021-05-27,main,https://www.youtube.com/watch?v=i4S44PYc2uk,,https://youtube.com/watch?v=HduK5Qrow88,https://www.makerprojectlab.com/schooner-or-later-maker-update/
Slide & Swing drawer,Dekay Crafts,project,woodworking; furniture; mechanism,Sliding and swinging drawer furniture design.,low,234,2021-05-27,main,https://www.youtube.com/watch?v=naUzeYJ3hl4,,https://youtube.com/watch?v=HduK5Qrow88,https://www.makerprojectlab.com/schooner-or-later-maker-update/
Robotic Luxo Jr lamp from Allyson,,project,robotics; animation; servo; lamp,Motorized desk lamp based on Luxo Jr design.,low,234,2021-05-27,main,https://www.youtube.com/watch?v=_yW5P49TVJ8,,https://youtube.com/watch?v=HduK5Qrow88,https://www.makerprojectlab.com/schooner-or-later-maker-update/
Din Rails!,Makers Mashup,tip,electrical-organization; rack-mount,Din rails for electrical component organization.,low,234,2021-05-27,main,https://www.youtube.com/watch?v=x_K3h05tQXc,,https://youtube.com/watch?v=HduK5Qrow88,https://www.makerprojectlab.com/schooner-or-later-maker-update/
i2c Rotary Encoder from Adafruit,,tip,arduino; electronics; i2c; encoder,I2C-based rotary encoder breakout with NeoPixel feedback.,high,234,2021-05-27,main,https://learn.adafruit.com/adafruit-i2c-qt-rotary-encoder,,https://youtube.com/watch?v=HduK5Qrow88,https://www.makerprojectlab.com/schooner-or-later-maker-update/
Replacing the Polarized film in your printer,Make,tip,optics; repair; precision,Polarized film replacement technique for devices.,low,234,2021-05-27,main,https://www.youtube.com/watch?v=Mt3E-M1xVF4,,https://youtube.com/watch?v=HduK5Qrow88,https://www.makerprojectlab.com/schooner-or-later-maker-update/
Portable Spray Booth,Tyler Winegarner,tip,finishing; ventilation; spray-booth,DIY portable spray booth for painting projects.,low,234,2021-05-27,main,https://www.youtube.com/watch?v=9jkrLgCgghA,,https://youtube.com/watch?v=HduK5Qrow88,https://www.makerprojectlab.com/schooner-or-later-maker-update/
Kerf Bending with Laura Kampf,,tip,woodworking; bending,Kerf bending technique for curved wood assembly.,low,234,2021-05-27,main,https://www.youtube.com/watch?v=4ckMj_wSZRw,,https://youtube.com/watch?v=HduK5Qrow88,https://www.makerprojectlab.com/schooner-or-later-maker-update/
Naomi Wu’s Cyberpunk Ultrasonic Microphone Jammer Build,,project,electronics; wearables; sound; privacy,Ultrasonic microphone jammer wearable device project.,low,233,2021-05-20,main,https://youtu.be/H1rozZ7ebxQ,,https://youtube.com/watch?v=vYdpOjoxPKk,https://www.makerprojectlab.com/jam-on-it-maker-update/
Based on: Wearable Microphone Jamming Yuxin Chen  Huiying Li  Shan-Yuan Teng  Steven Nagels  Zhijing Li  Pedro Lopes  Ben Y. Zhao  Haitao Zheng,,project,electronics; sound; privacy; research,Academic research on ultrasonic microphone jamming technology.,low,233,2021-05-20,main,https://sandlab.cs.uchicago.edu/jammer/,,https://youtube.com/watch?v=vYdpOjoxPKk,https://www.makerprojectlab.com/jam-on-it-maker-update/
Reflection,Adam Cigler and Petr Vacek,project,art-installation; signal-processing; light,Light-based art installation with signal modulation.,low,233,2021-05-20,main,https://prusalab.cz/en/portfolio-item/reflexe-signal-festival/,https://makezine.com/2021/05/11/these-91-undulating-mirrors-will-boggle-your-eyes/,https://youtube.com/watch?v=vYdpOjoxPKk,https://www.makerprojectlab.com/jam-on-it-maker-update/
The Songbird 3D printable turntable,Charlie Ransford,project,3d-printing; mechanical; education,Educational 3D-printable turntable kit with assembly guide.,high,233,2021-05-20,main,https://gallery.shu.ac.uk/work/the-songbird/,On Kickstarter: https://www.kickstarter.com/projects/frametheory/songbird-the-3d-printable-turntable-kit/description,https://youtube.com/watch?v=vYdpOjoxPKk,https://www.makerprojectlab.com/jam-on-it-maker-update/
Digital Super-8 camera,Xabi Z,project,raspberry-pi; retro-tech; camera,Vintage Super-8 camera retrofitted with Raspberry Pi digital sensor.,high,233,2021-05-20,main,https://hackaday.io/project/178439-digital-super-8-camera,https://hackaday.com/2021/05/04/soviet-super-8-camera-hides-raspberry-pi-zero/,https://youtube.com/watch?v=vYdpOjoxPKk,https://www.makerprojectlab.com/jam-on-it-maker-update/
Chintoo FM,Mohit Bhoite,project,electronics; music; synthesizer,Compact DIY synthesizer or musical instrument project.,low,233,2021-05-20,main,https://twitter.com/MohitBhoite/status/1391816025776148484,https://www.hackster.io/news/mohit-bhoite-s-chintoo-fm-is-undeniably-the-cutest-freeform-fm-radio-in-the-world-6a8dfa37f656,https://youtube.com/watch?v=vYdpOjoxPKk,https://www.makerprojectlab.com/jam-on-it-maker-update/
Jen Schachter Reviews a Soldering Fume Extractor,,tip,soldering; ventilation; tool-review,Soldering fume extractor product review and evaluation.,low,233,2021-05-20,main,https://www.tested.com/making/tools/tested-favorite-tools-soldering-fume-extractor/,,https://youtube.com/watch?v=vYdpOjoxPKk,https://www.makerprojectlab.com/jam-on-it-maker-update/
How to get Super Glossy Finish on Prototype Parts,Eric Strebel,tip,finishing; prototype,Achieving glossy finishes on prototype and fabricated parts.,low,233,2021-05-20,main,https://youtu.be/4_Oq-5xlblE,,https://youtube.com/watch?v=vYdpOjoxPKk,https://www.makerprojectlab.com/jam-on-it-maker-update/
Make 3D Prints Look Like Distressed Painted Metal,Emily Velasco,tip,metal; 3d-printing; painting; ai,"Practical guide to metal, 3d-printing and related techniques.",high,233,2021-05-20,main,https://youtu.be/tpFE_XsS5rE,,https://youtube.com/watch?v=vYdpOjoxPKk,https://www.makerprojectlab.com/jam-on-it-maker-update/
$50 diy cnc router,DAZ Projects,project,cnc; router; woodworking,Budget-friendly CNC router build for under 50 dollars.,low,232,2021-05-13,main,https://www.youtube.com/watch?v=xfFhh5kzQms,,https://youtube.com/watch?v=-IOtufNoWc0,https://www.makerprojectlab.com/the-impossible-cnc-maker-update/
3d printed harmonic drive,3d Printed Life,project,3d-printing; robotics; mechanical,Harmonic drive mechanism 3D-printed for robotics applications.,low,232,2021-05-13,main,https://www.youtube.com/watch?v=Emvo3bLT-Z4,,https://youtube.com/watch?v=-IOtufNoWc0,https://www.makerprojectlab.com/the-impossible-cnc-maker-update/
Balisong Scissors,Contraption Collection,project,metalworking; knife; tool-design,Folding scissors with balisong (butterfly knife) mechanism.,low,232,2021-05-13,main,https://www.youtube.com/watch?v=mQhm9aX8l38,,https://youtube.com/watch?v=-IOtufNoWc0,https://www.makerprojectlab.com/the-impossible-cnc-maker-update/
Jitterbugs,Shang Ke,project,animation; mechanical; kinetic-art,Mechanical animation sculptures with motion effects.,low,232,2021-05-13,main,https://www.youtube.com/watch?v=HZvQ35DDeGs,,https://youtube.com/watch?v=-IOtufNoWc0,https://www.makerprojectlab.com/the-impossible-cnc-maker-update/
Repairing Vintage Safety Glasses,Switch & Lever,project,glass; retro-tech; ai,"DIY project combining glass, retro-tech and more.",high,232,2021-05-13,main,https://www.youtube.com/watch?v=SQfrIi5AnAo,,https://youtube.com/watch?v=-IOtufNoWc0,https://www.makerprojectlab.com/the-impossible-cnc-maker-update/
What happens when someone steals your design,Make Anything,tip,intellectual-property; design; law,Design theft and intellectual property protection in making.,low,232,2021-05-13,main,https://www.youtube.com/watch?v=ly02Lve1K0s,,https://youtube.com/watch?v=-IOtufNoWc0,https://www.makerprojectlab.com/the-impossible-cnc-maker-update/
Mark Setrakian interview,Tested,tip,mechanical-art; sculpture; artist-interview,Interview with kinetic sculpture artist Mark Setrakian.,low,232,2021-05-13,main,https://www.youtube.com/watch?v=NsFBHqbNKvA,,https://youtube.com/watch?v=-IOtufNoWc0,https://www.makerprojectlab.com/the-impossible-cnc-maker-update/
3d printing deals at HF,Uncle Jessey,tip,3d-printing; shopping-guide,Discount deals on 3D printing equipment at Harbor Freight.,low,232,2021-05-13,main,https://www.youtube.com/watch?v=yPLAmqLY-9I,,https://youtube.com/watch?v=-IOtufNoWc0,https://www.makerprojectlab.com/the-impossible-cnc-maker-update/
Turn images into 3d prints,Print Dogs,tip,3d-printing; image-processing; software,Converting 2D images into 3D-printable models using software.,low,232,2021-05-13,main,https://www.youtube.com/watch?v=aVirbHHsMuc,,https://youtube.com/watch?v=-IOtufNoWc0,https://www.makerprojectlab.com/the-impossible-cnc-maker-update/
Pizza Finder,Joe Grand,project,gps; electronics; food-finder,GPS-based handheld device locating nearest pizzeria.,high,231,2021-05-06,main,http://www.grandideastudio.com/pizza-compass/,video: https://youtu.be/aY0OtOy6lcE; https://hackaday.com/2021/04/28/open-source-pizza-compass-will-show-you-the-way/; https://aapcb.com/,https://youtube.com/watch?v=V6zsyaubnLw,https://www.makerprojectlab.com/pizza-navigation-maker-update/
Building a High Powered Rocket in 5 Days,Xyla Foxlin,project,rockets; aerospace; pyrotechnics,High-power rocket design and launch in compressed timeframe.,low,231,2021-05-06,main,https://youtu.be/CKqrQUHYgrM,,https://youtube.com/watch?v=V6zsyaubnLw,https://www.makerprojectlab.com/pizza-navigation-maker-update/
Lemon Mechanical Keypad,Ruiz Brothers,project,3d-printing; electronics; mechanical-switches; macropad,Fruit-shaped USB keypad with mechanical switches and NeoPixels.,high,231,2021-05-06,main,https://learn.adafruit.com/qtpy-lemon-mechanical-keypad-macropad,,https://youtube.com/watch?v=V6zsyaubnLw,https://www.makerprojectlab.com/pizza-navigation-maker-update/
Your Pet Eye: The Worst Fake Video Game,Emily Velasco,project,electronics; entertainment; retro-tech,Interactive fake video game project with visual novelty.,low,231,2021-05-06,main,https://youtu.be/H7eNHkZovpQ,https://youtu.be/cL66zMolxGM,https://youtube.com/watch?v=V6zsyaubnLw,https://www.makerprojectlab.com/pizza-navigation-maker-update/
https://github.com/emilyvelasco/eyeball_simulator/blob/main/eye_w_sleep.ino,,project,arduino; electronics; tvout; animation,Arduino eyeball animation simulator for video output.,high,231,2021-05-06,main,https://github.com/emilyvelasco/eyeball_simulator/blob/main/eye_w_sleep.ino,,https://youtube.com/watch?v=V6zsyaubnLw,https://www.makerprojectlab.com/pizza-navigation-maker-update/
MIT's Missing Lectures,,tip,education; lecture-series; physics,Collection of physics and engineering lectures from MIT.,low,231,2021-05-06,main,https://www.youtube.com/playlist?list=PLyzOVJj3bHQuloKGG59rS43e29ro7I57J,,https://youtube.com/watch?v=V6zsyaubnLw,https://www.makerprojectlab.com/pizza-navigation-maker-update/
Collin's Labs Notes,,tip,education; electronics,Educational electronics tips and demonstrations series.,low,231,2021-05-06,main,https://www.youtube.com/hashtag/collinslabnotes,,https://youtube.com/watch?v=V6zsyaubnLw,https://www.makerprojectlab.com/pizza-navigation-maker-update/
"Adam Savage: ""Why I Actually Hate Duct Tape""",,tip,material-science; tool-review; opinion,Critical discussion of duct tape uses and limitations.,low,231,2021-05-06,main,https://youtu.be/jEfQAo-BuB0,,https://youtube.com/watch?v=V6zsyaubnLw,https://www.makerprojectlab.com/pizza-navigation-maker-update/
Hydraulic Bicycle,Colin Furze,project,hydraulics; cycling; engineering,Hydraulic-powered bicycle with pressure-based propulsion.,low,230,2021-04-29,main,https://www.youtube.com/watch?v=MAPumW_wYKc,,https://youtube.com/watch?v=tntvaE1CjBU,https://www.makerprojectlab.com/extensive-modifications/
Glowing etch a sketch,,project,led; nostalgia; hacking; display,Etch A Sketch toy retrofitted with LED illumination.,low,230,2021-04-29,main,https://www.youtube.com/watch?v=bas-eybX3JA,,https://youtube.com/watch?v=tntvaE1CjBU,https://www.makerprojectlab.com/extensive-modifications/
Fixing a bench with Trash,Laura Kampf,project,upcycling; woodworking; furniture,Repurposed trash materials for furniture repair and building.,low,230,2021-04-29,main,https://www.youtube.com/watch?v=RbQGLaLDEA4,,https://youtube.com/watch?v=tntvaE1CjBU,https://www.makerprojectlab.com/extensive-modifications/
Building your own prosthetic hand with Ian Davis,,project,prosthetics; wearables; 3d-printing; fabrication,DIY prosthetic hand building project with expert guidance.,high,230,2021-04-29,main,https://www.youtube.com/watch?v=yk36WKSlsqA,,https://youtube.com/watch?v=tntvaE1CjBU,https://www.makerprojectlab.com/extensive-modifications/
Vaccination Card Multipass,Adafruit,project,rfid; electronics; fabrication,RFID-enabled vaccination card holder with customizable design.,high,230,2021-04-29,main,https://blog.adafruit.com/2021/04/22/multi-pass-holder-3dthursday-3dprinting/,,https://youtube.com/watch?v=tntvaE1CjBU,https://www.makerprojectlab.com/extensive-modifications/
How to use any filament,,tip,3d-printing; filament,Guide to using alternative filaments in 3D printers.,high,230,2021-04-29,main,https://youtu.be/vSwumoSlZTo,,https://youtube.com/watch?v=tntvaE1CjBU,https://www.makerprojectlab.com/extensive-modifications/
Secret life of components: Glue,,tip,adhesive; chemistry,Exploration of industrial glues and their maker applications.,high,230,2021-04-29,main,https://www.youtube.com/watch?v=qDwdFmU6A_w,,https://youtube.com/watch?v=tntvaE1CjBU,https://www.makerprojectlab.com/extensive-modifications/
Why is Lumber so expensive,Belinda Carr,tip,wood; economics,Discussion of lumber pricing and market factors.,high,230,2021-04-29,main,https://www.youtube.com/watch?v=HIBAvyt88To,,https://youtube.com/watch?v=tntvaE1CjBU,https://www.makerprojectlab.com/extensive-modifications/
Tips Tools & Shop Tales,,tip,,Weekly tips and shop tales from makers.,high,230,2021-04-29,main,https://www.getrevue.co/profile/garethbranwyn/issues/gareth-s-tips-tools-and-shop-tales-issue-88-565731,,https://youtube.com/watch?v=tntvaE1CjBU,https://www.makerprojectlab.com/extensive-modifications/
Lucas VRTech Open Source VR Gloves,,project,vr; wearables; electronics; 3d-printing,Open-source VR glove tracking system.,high,229,2021-04-22,main,https://hackaday.io/project/178243-lucidvr-budget-haptic-glove,https://3dprintingindustry.com/news/youtuber-develops-open-source-3d-printed-vr-gloves-for-just-22-188555/,https://youtube.com/watch?v=usVfokYDB0g,https://www.makerprojectlab.com/virtual-high-five-maker-update/
LED Snowboard with Motion-Reactive Animation,Erin St Blaine,project,led; snowboard; wearables; motion-sensing,LED-animated snowboard with sound reactivity.,high,229,2021-04-22,main,https://learn.adafruit.com/led-snowboard-with-motion-reactive-animation,,https://youtube.com/watch?v=usVfokYDB0g,https://www.makerprojectlab.com/virtual-high-five-maker-update/
Sound-Reactive Ferrofluid Display,Dakd Jung,project,ferrofluid; kinetic-art; display; electronics,Ferrofluid display synchronized to audio input.,high,229,2021-04-22,main,https://hackaday.io/project/179136-ferrofluid-display-cell-bluetooth-speaker,https://www.hackster.io/news/this-bluetooth-speaker-features-an-amazing-sound-reactive-ferrofluid-display-c927d0af876b,https://youtube.com/watch?v=usVfokYDB0g,https://www.makerprojectlab.com/virtual-high-five-maker-update/
Anthropomorphic Webcam,Marc Teyssier,project,robotics; vision; webcam; anthropomorphic,Robotic webcam with expressive movement.,high,229,2021-04-22,main,https://marcteyssier.com/projects/eyecam/,https://blog.arduino.cc/2021/04/08/eyecam-is-a-creepy-webcam-shaped-like-a-human-eye/,https://youtube.com/watch?v=usVfokYDB0g,https://www.makerprojectlab.com/virtual-high-five-maker-update/
Flux: Scale Collective's Incredible Kinetic Light Installation,,project,kinetic-art; light-installation; installation-art,Large-scale dynamic light sculpture with motion.,high,229,2021-04-22,main,https://www.collectifscale.com/flux,https://www.core77.com/posts/108422/Flux-Scale-Collectives-Incredible-Kinetic-Light-Installation,https://youtube.com/watch?v=usVfokYDB0g,https://www.makerprojectlab.com/virtual-high-five-maker-update/
32x32 Square Pixel Art Animation Display,Ruiz Brothers,project,pixel-art; led-display; animation; electronics,Programmable 32x32 pixel animation display.,high,229,2021-04-22,main,https://learn.adafruit.com/32x32-square-pixel-display,,https://youtube.com/watch?v=usVfokYDB0g,https://www.makerprojectlab.com/virtual-high-five-maker-update/
Tiny Tools list,Everest Pipkin,tip,maker-resources,Curated list of essential tiny tools.,high,229,2021-04-22,main,https://tinytools.directory/,https://twitter.com/everestpipkin/status/1382041649006706690?s=03,https://youtube.com/watch?v=usVfokYDB0g,https://www.makerprojectlab.com/virtual-high-five-maker-update/
Levitating Screwdriver,Ian Charnas,tip,magnetism; physics,Levitating screwdriver desk toy and tool.,high,229,2021-04-22,main,https://youtu.be/nrxOnLntHM0,,https://youtube.com/watch?v=usVfokYDB0g,https://www.makerprojectlab.com/virtual-high-five-maker-update/
Caleb Kraft of Make: Reviews the Latest Cerambot Eazao 3D Ceramics Printer,,tip,ceramics; 3d-printing; tool-review,Review of Cerambot Eazao ceramic 3D printer capabilities.,low,229,2021-04-22,main,https://www.youtube.com/watch?v=56Cv3HEnIvQ,,https://youtube.com/watch?v=usVfokYDB0g,https://www.makerprojectlab.com/virtual-high-five-maker-update/
Electronic Epoxy Tap,Narwhal Labs,project,electronics; fluid-dynamics; mechanism,Electronic valve mechanism for water or epoxy distribution.,low,228,2021-04-15,main,https://www.youtube.com/watch?v=pefYJN5pV2Y,,https://youtube.com/watch?v=UT7QtMkAUmY,https://www.makerprojectlab.com/a-stiff-drink-maker-update/
Tape Measure Yagi Antenna,Becky Stern,project,3d-printing; rf-engineering; antenna,Yagi antenna built from tape measure and 3D-printed couplers.,high,228,2021-04-15,main,https://www.instructables.com/Tape-Measure-Yagi-Antenna-With-3D-Printed-Couplers/,,https://youtube.com/watch?v=UT7QtMkAUmY,https://www.makerprojectlab.com/a-stiff-drink-maker-update/
Benchtop Router Table,DIY Creators,project,woodworking; router,Benchtop router table for precision cuts.,high,228,2021-04-15,main,https://www.youtube.com/watch?v=jKUsfOAakEs,,https://youtube.com/watch?v=UT7QtMkAUmY,https://www.makerprojectlab.com/a-stiff-drink-maker-update/
Making a log carving robot,,project,robotics; cnc; woodworking; automation,Automated log carving robot project.,high,228,2021-04-15,main,https://www.youtube.com/watch?v=ix68oRfI5Gw,,https://youtube.com/watch?v=UT7QtMkAUmY,https://www.makerprojectlab.com/a-stiff-drink-maker-update/
P7 Tactical Cyberdeck,Make n Modify,project,cyberdeck; pi; portable-computer; cyberpunk,Cyberpunk-themed portable Raspberry Pi computer.,high,228,2021-04-15,main,https://www.youtube.com/watch?v=zdqot8xYeFM,,https://youtube.com/watch?v=UT7QtMkAUmY,https://www.makerprojectlab.com/a-stiff-drink-maker-update/
Four Workbench Mistakes,Rex Kruger,tip,woodworking,Four common benchtop woodworking mistakes.,high,228,2021-04-15,main,https://www.youtube.com/watch?v=5CwIX6jE-qA,,https://youtube.com/watch?v=UT7QtMkAUmY,https://www.makerprojectlab.com/a-stiff-drink-maker-update/
The tools you need for woodworking,3x3 customs,tip,woodworking,Essential tools for starting woodworking.,high,228,2021-04-15,main,https://www.youtube.com/watch?v=0_BEhdEvLUo,,https://youtube.com/watch?v=UT7QtMkAUmY,https://www.makerprojectlab.com/a-stiff-drink-maker-update/
Soldering Tips from Twinkle Twinkie & The Tech Pod,,tip,soldering; electronics,Soldering tips from experienced makers.,high,228,2021-04-15,main,https://techpod.content.town/,,https://youtube.com/watch?v=UT7QtMkAUmY,https://www.makerprojectlab.com/a-stiff-drink-maker-update/
Cold Casting techniques,the CrafsMan,tip,casting; cold-casting; fabrication,Cold-casting methods for metal effects.,high,228,2021-04-15,main,https://www.youtube.com/watch?v=f0a8wzhnOT0,,https://youtube.com/watch?v=UT7QtMkAUmY,https://www.makerprojectlab.com/a-stiff-drink-maker-update/
Portable Portrait Painter,Ben Lucy,project,portrait; painting; kinetic-art; portable,Portable robotic portrait painter device.,high,227,2021-04-08,main,https://www.instructables.com/Portable-Portrait-Painter/,,https://youtube.com/watch?v=kc3hP2JC3Cg,https://www.makerprojectlab.com/take-my-picture-maker-update/
RC Sno-Speeder,Simple Electronics,project,rc-vehicle; electronics; speed-racer,RC snow vehicle with responsive controls.,high,227,2021-04-08,main,https://www.youtube.com/watch?v=LxnLXHB2Wzc,,https://youtube.com/watch?v=kc3hP2JC3Cg,https://www.makerprojectlab.com/take-my-picture-maker-update/
Rug Tufting 101,BrittLiv,project,rug-tufting; fiber-art; textile-craft,Rug tufting technique introduction and examples.,high,227,2021-04-08,main,https://www.instructables.com/Rug-Tufting-101/,,https://youtube.com/watch?v=kc3hP2JC3Cg,https://www.makerprojectlab.com/take-my-picture-maker-update/
Example of rug tufting #1: Shmoxd YouTube channel,,project,textile-arts; fiber-crafts; tufting,Rug tufting technique demonstration and project showcase.,low,227,2021-04-08,main,https://www.youtube.com/watch?v=KLJNd0z1Hp4,,https://youtube.com/watch?v=kc3hP2JC3Cg,https://www.makerprojectlab.com/take-my-picture-maker-update/
https://www.youtube.com/watch?v=by9DDnMZumw,,project,video-reference,Link to tufting technique video reference.,low,227,2021-04-08,main,https://www.youtube.com/watch?v=by9DDnMZumw,,https://youtube.com/watch?v=kc3hP2JC3Cg,https://www.makerprojectlab.com/take-my-picture-maker-update/
Example of rug tufting #2: CurieGOAT YouTube channel,,project,textile-arts; fiber-crafts; tufting,Advanced rug tufting tutorial from CurieGOAT creator.,low,227,2021-04-08,main,https://www.youtube.com/watch?v=ZYf8vlabTp0,,https://youtube.com/watch?v=kc3hP2JC3Cg,https://www.makerprojectlab.com/take-my-picture-maker-update/
https://www.youtube.com/watch?v=GlJm_zphSj4,,project,,YouTube video unavailable for analysis.,low,227,2021-04-08,main,https://www.youtube.com/watch?v=GlJm_zphSj4,,https://youtube.com/watch?v=kc3hP2JC3Cg,https://www.makerprojectlab.com/take-my-picture-maker-update/
Fist-Controlled Orbiting Camera Robot,Pave Workshop,project,robotics; gesture-control; camera; hand-tracking,Fist-controlled overhead camera robot system.,high,227,2021-04-08,main,https://www.instructables.com/Orbital-Filmmaking-Robot-Controlled-With-Your-Fist/,,https://youtube.com/watch?v=kc3hP2JC3Cg,https://www.makerprojectlab.com/take-my-picture-maker-update/
Automated Overhead Camera Assistant,KronBjorn,project,robotics; automation; video-production,Automated overhead camera assistant for filming.,high,227,2021-04-08,main,https://www.instructables.com/Automated-Overhead-Camera-Assistant-for-Instructio/,,https://youtube.com/watch?v=kc3hP2JC3Cg,https://www.makerprojectlab.com/take-my-picture-maker-update/
7-Axis Articulated Robot,Jeremy Fielding,project,robotics; cnc; servo-control; arm,7-axis articulated robot arm construction.,high,227,2021-04-08,main,https://www.youtube.com/watch?v=HMSLPefUVeE,,https://youtube.com/watch?v=kc3hP2JC3Cg,https://www.makerprojectlab.com/take-my-picture-maker-update/
LED Stick Person Costume,Erin St. Blaine,project,led; wearables; costume; clothing,LED stick figure costume for performances.,high,227,2021-04-08,main,https://learn.adafruit.com/led-neon-stick-person-costume,,https://youtube.com/watch?v=kc3hP2JC3Cg,https://www.makerprojectlab.com/take-my-picture-maker-update/
Miami PCB Vice,Colin Hickey,tip,pcb; vise; precision-tools,Magnetic vice for PCB assembly and soldering.,high,227,2021-04-08,main,https://youtu.be/imiprMexdSE,,https://youtube.com/watch?v=kc3hP2JC3Cg,https://www.makerprojectlab.com/take-my-picture-maker-update/
Replace Batteries in an Old UPS,MKme Lab,tip,uptime-power-supply; battery; electronics; maintenance,UPS battery replacement and refurbishment guide.,high,227,2021-04-08,main,https://www.youtube.com/watch?v=K7srJagLVWg,,https://youtube.com/watch?v=kc3hP2JC3Cg,https://www.makerprojectlab.com/take-my-picture-maker-update/
Arduino vs 555 Timer Comparison,Clem/Mayer Makes for element14,tip,electronics; timer-circuit; comparison,Arduino vs 555 timer circuit comparison.,high,227,2021-04-08,main,https://www.youtube.com/watch?v=mYfef5qissU,,https://youtube.com/watch?v=kc3hP2JC3Cg,https://www.makerprojectlab.com/take-my-picture-maker-update/
DIY Super Smart Chessboard,DIY Machines,project,chess; game-tech; ai; electronics; interactive,Smart chessboard with AI and move validation.,high,226,2021-04-01,main,https://www.instructables.com/DIY-Super-Smart-Chessboard-Play-Online-or-Against-/,,https://youtube.com/watch?v=zcuX52dUyz8,https://www.makerprojectlab.com/your-move-maker-update/
DiResta 2 Giant Epoxy Panels,,project,epoxy; resin; art; woodworking,Giant epoxy panel art projects and techniques.,high,226,2021-04-01,main,https://youtu.be/2MGtiM_ux0I,,https://youtube.com/watch?v=zcuX52dUyz8,https://www.makerprojectlab.com/your-move-maker-update/
Oskitone APC,Oskitone,project,music-synthesizer; electronic-instruments; diy,Desktop APC-style music production controller.,high,226,2021-04-01,main,https://blog.tommy.sh/posts/oskitone-makes-an-atari-punk-console/,https://blog.oshpark.com/2021/03/18/oskitone-makes-an-atari-punk-console/,https://youtube.com/watch?v=zcuX52dUyz8,https://www.makerprojectlab.com/your-move-maker-update/
Interactive origami art with Raspberry Pi,Ross Symons,project,origami; interactive-art; raspberry-pi; sensor,Interactive origami artwork with motion sensing.,high,226,2021-04-01,main,https://www.raspberrypi.org/blog/interactive-origami-art-with-raspberry-pi/,,https://youtube.com/watch?v=zcuX52dUyz8,https://www.makerprojectlab.com/your-move-maker-update/
The Data Blaster,Zack Freedman,project,electronics; device; maker,Data Blaster electronic device project by Zack Freedman.,low,226,2021-04-01,main,https://www.youtube.com/watch?v=guGffGw3uDg,https://hackaday.com/2021/03/25/data-blaster-is-a-hip-rpi-cyberdeck/,https://youtube.com/watch?v=zcuX52dUyz8,https://www.makerprojectlab.com/your-move-maker-update/
Making Money as a Maker,Laura Kampf,tip,maker-business; marketing; creator-economy,Making money as an independent maker.,high,226,2021-04-01,main,https://youtu.be/l-JiIpSWdNY?t=769,,https://youtube.com/watch?v=zcuX52dUyz8,https://www.makerprojectlab.com/your-move-maker-update/
CircuitPython LED Animations,Kattni Rembor,tip,led; animation; circuitpython; wearables,LED animation programming with CircuitPython.,high,226,2021-04-01,main,https://learn.adafruit.com/circuitpython-led-animations,,https://youtube.com/watch?v=zcuX52dUyz8,https://www.makerprojectlab.com/your-move-maker-update/
Laser Cutter Safety Essentials with Ian Charnas,,tip,laser-cutting; safety,Laser cutter safety fundamentals with expert.,high,226,2021-04-01,main,https://youtu.be/X0wk_9p9VxU,,https://youtube.com/watch?v=zcuX52dUyz8,https://www.makerprojectlab.com/your-move-maker-update/
SWITCHES - The Secret Life of Components,,tip,electronics; switches,Detailed breakdown of switch mechanics and design.,high,226,2021-04-01,main,https://youtu.be/bno0HeQfxrU,,https://youtube.com/watch?v=zcuX52dUyz8,https://www.makerprojectlab.com/your-move-maker-update/
Leaf Canopy Bed,Simone Giertz,project,woodworking; furniture; bed; craftsmanship,Handmade leaf canopy bed construction.,high,225,2021-03-25,main,https://www.youtube.com/watch?v=inVvXS6gA8c,,https://youtube.com/watch?v=jUnAA68SWE4,https://www.makerprojectlab.com/lofty-designs-maker-update/
Thread Art portraits,Jenny Ma,project,thread-art; fiber-art; portrait; craftsmanship,Thread art portrait creation techniques.,high,225,2021-03-25,main,https://youtu.be/UsbBSttaJos,,https://youtube.com/watch?v=jUnAA68SWE4,https://www.makerprojectlab.com/lofty-designs-maker-update/
Tabletop Vise,Adam Savage,project,woodworking; vise; shop-tools,Precision benchtop vise construction.,high,225,2021-03-25,main,https://www.youtube.com/watch?v=of9qY62tWKo,,https://youtube.com/watch?v=jUnAA68SWE4,https://www.makerprojectlab.com/lofty-designs-maker-update/
Pico Midi Fighter,Blitz Ciy DIY,project,midi; electronic-music; microcontroller; pico,MIDI fighter controller based on Pico board.,high,225,2021-03-25,main,https://www.youtube.com/watch?v=zm90guAoNeI,,https://youtube.com/watch?v=jUnAA68SWE4,https://www.makerprojectlab.com/lofty-designs-maker-update/
Pi Digit Spigot,bornach,project,math-visualization; led-display; raspberry-pi,Pi digit display using Spigot algorithm.,high,225,2021-03-25,main,https://www.instructables.com/A-Spigot-That-Streams-Digits-of-Pi/,,https://youtube.com/watch?v=jUnAA68SWE4,https://www.makerprojectlab.com/lofty-designs-maker-update/
Robotic Kinematics Study,,tip,robotics; kinematics; mechanics,Robotic kinematics study and mechanical principles.,low,225,2021-03-25,main,https://www.youtube.com/watch?v=3fbmguBgVPA,,https://youtube.com/watch?v=jUnAA68SWE4,https://www.makerprojectlab.com/lofty-designs-maker-update/
Your Very First Circuit Sculpture,Jeff Epler,tip,circuit-sculpture; electronics; wire-art,Introduction to circuit sculpture as art form.,high,225,2021-03-25,main,https://learn.adafruit.com/first-simple-circuit-sculpture,,https://youtube.com/watch?v=jUnAA68SWE4,https://www.makerprojectlab.com/lofty-designs-maker-update/
Adafruit ItsyBitsy Airlift add-on guide,Brian Siepert,tip,microcontroller; feather; iot; wireless,Adafruit Feather wireless prototyping guide.,high,225,2021-03-25,main,https://learn.adafruit.com/adafruit-airlift-bitsy-add-on-esp32-wifi-co-processor,,https://youtube.com/watch?v=jUnAA68SWE4,https://www.makerprojectlab.com/lofty-designs-maker-update/
Guide: making your first mechanical keyboard,Zach Freedman,tip,mechanical-keyboard; electronics; assembly,DIY mechanical keyboard building fundamentals.,high,225,2021-03-25,main,https://www.youtube.com/watch?v=yYcNi9hKxDk,,https://youtube.com/watch?v=jUnAA68SWE4,https://www.makerprojectlab.com/lofty-designs-maker-update/
Zach Frew’s Liquid Lite Brite creates low-res art out of liquid dye,,project,kinetic-art; light-installation; liquid-dye,Liquid color mixing art installation project.,high,224,2021-03-18,main,https://frew.io/work/liquid-lite-brite,https://blog.arduino.cc/2021/03/04/zach-frews-robotic-liquid-handling-workstation-creates-images-out-of-dyes/,https://youtube.com/watch?v=R0ost6f2aI8,https://www.makerprojectlab.com/paint-by-numbers-maker-update/
A Modern Take on the Phenakistoscope,jollifactory,project,animation; kinetic-art; mechanical; vintage-tech,Modern recreation of phenakistoscope animation device.,high,224,2021-03-18,main,https://www.instructables.com/A-Modern-Take-on-the-Phenakistoscope/,,https://youtube.com/watch?v=R0ost6f2aI8,https://www.makerprojectlab.com/paint-by-numbers-maker-update/
Public Domain Phenakistoscopes (1833),,project,optical-illusion; animation-history; vintage; contraption; optical-device,Victorian optical devices creating animated illusions through spinning discs and mirrors.,high,224,2021-03-18,main,https://publicdomainreview.org/collection/phenakistoscopes-1833,,https://youtube.com/watch?v=R0ost6f2aI8,https://www.makerprojectlab.com/paint-by-numbers-maker-update/
Tape Measure Kinetic Sculpture,Parker Heyl,project,kinetic-art; tape-measure; sculpture; mechanism,Kinetic sculpture using retractable tape measures.,high,224,2021-03-18,main,https://www.instagram.com/p/CLmjsQiMYDn/?igshid=5vwxy3189fd6,,https://youtube.com/watch?v=R0ost6f2aI8,https://www.makerprojectlab.com/paint-by-numbers-maker-update/
Zodiac Embroidery,bekathwia,project,embroidery; zodiac; fiber-art; craftsmanship,Embroidered zodiac sign patterns and stitching.,high,224,2021-03-18,main,https://www.instructables.com/Zodiac-Embroidery/,,https://youtube.com/watch?v=R0ost6f2aI8,https://www.makerprojectlab.com/paint-by-numbers-maker-update/
Helen Leigh's Favorite Soldering Tools,,tip,soldering; electronics,Expert soldering tool recommendations.,high,224,2021-03-18,main,https://youtu.be/Ye84EQe0rLk,,https://youtube.com/watch?v=R0ost6f2aI8,https://www.makerprojectlab.com/paint-by-numbers-maker-update/
LEDs -The Secret Life of components,Tim Hunkin,tip,electronics; led; design,LED technology and design principles breakdown.,high,224,2021-03-18,main,https://youtu.be/yvcITqw5iDY,,https://youtube.com/watch?v=R0ost6f2aI8,https://www.makerprojectlab.com/paint-by-numbers-maker-update/
30 FPS Flip-Dot Display Uses Cool Capacitor Trick,Pierre Muth,tip,flip-dot; display; capacitor; electronics,Flip-dot display using novel capacitor technique.,high,224,2021-03-18,main,https://pierremuth.wordpress.com/2021/02/17/flipping-dots-fast/,https://hackaday.com/2021/02/24/30-fps-flip-dot-display-uses-cool-capacitor-trick/,https://youtube.com/watch?v=R0ost6f2aI8,https://www.makerprojectlab.com/paint-by-numbers-maker-update/
Cuttle (via WolfCatWorkshop),,tip,design-software; pcb; front-panel,Cuttle front panel design tool introduction.,high,224,2021-03-18,main,https://cuttle.xyz/,https://www.patreon.com/posts/zine-progress-47970749,https://youtube.com/watch?v=R0ost6f2aI8,https://www.makerprojectlab.com/paint-by-numbers-maker-update/
Cricut Tool Holder Organizer,Bill Nace,tip,cricut; storage; organization,Cricut machine tool organizer design.,high,224,2021-03-18,main,https://www.prusaprinters.org/prints/57771-cricut-tool-holder-organizer,,https://youtube.com/watch?v=R0ost6f2aI8,https://www.makerprojectlab.com/paint-by-numbers-maker-update/
The Micro-Scope,Greg_The_Maker,project,microscopy; optics; magnification; diy,DIY compound microscope project.,high,223,2021-03-11,main,https://www.instructables.com/The-Micro-Scope-a-Miniture-GOTO-Telescope/,,https://youtube.com/watch?v=8q8zVzq328s,https://www.makerprojectlab.com/among-the-stars-maker-update/
$7 DIY Hakko soldering Station,TechBuilder,project,soldering; electronics; diy-equipment,Budget-friendly DIY soldering station build.,high,223,2021-03-11,main,https://www.instructables.com/DIY-Digital-Soldering-Station/,,https://youtube.com/watch?v=8q8zVzq328s,https://www.makerprojectlab.com/among-the-stars-maker-update/
Volumetric Display,Sean Hodgins,project,volumetric-display; 3d-projection; voxel; optics,Volumetric 3D display project showcase.,high,223,2021-03-11,main,https://www.youtube.com/watch?v=sVv1oc14X1w&fbclid=IwAR2RHX81IQXLgkMlav7lHl69lAtmChx1kyUbcVxLgI3sRBjD55QrNEQjww0,,https://youtube.com/watch?v=8q8zVzq328s,https://www.makerprojectlab.com/among-the-stars-maker-update/
Arduino Art Clock,ihart,project,art; clock; led-display; electronics,Arduino-controlled art clock display.,high,223,2021-03-11,main,https://www.instructables.com/3D-Printed-Arduino-Based-Analog-Digital-Clock/,,https://youtube.com/watch?v=8q8zVzq328s,https://www.makerprojectlab.com/among-the-stars-maker-update/
Animatoronic Cosplay wings,The Ruiz Brothers,project,cosplay; wearables; animation; wings,Animatronic cosplay wings with servo control.,high,223,2021-03-11,main,https://learn.adafruit.com/animatronic-cosplay-wings,,https://youtube.com/watch?v=8q8zVzq328s,https://www.makerprojectlab.com/among-the-stars-maker-update/
Tim Hunkin - Secret Life of Components series,,tip,electronics; engineering; design; education,Secret Life of Components video series.,high,223,2021-03-11,main,https://www.youtube.com/playlist?list=PLtaR0lZhSyANYB0Xxb9OSp47pHuQmj3Ol,,https://youtube.com/watch?v=8q8zVzq328s,https://www.makerprojectlab.com/among-the-stars-maker-update/
Handlettering live stream with Laura Kampf,,tip,lettering; design; live-stream; art,Handlettering art demonstration and techniques.,high,223,2021-03-11,main,https://www.youtube.com/watch?v=r-RJmmuXzgE&t=18s,,https://youtube.com/watch?v=8q8zVzq328s,https://www.makerprojectlab.com/among-the-stars-maker-update/
Clean 3d printing timelapses,Geeky faye Art,tip,3d-printing; video-production; time-lapse,Clean 3D printing timelapse filming techniques.,high,223,2021-03-11,main,https://www.youtube.com/watch?v=NgZZzi6sRDU,,https://youtube.com/watch?v=8q8zVzq328s,https://www.makerprojectlab.com/among-the-stars-maker-update/
1-2-3 block uses in a wood shop,Stumpy Nubs,tip,woodworking; shop-tools; 123-block; precision,1-2-3 blocks use in precision woodworking.,high,223,2021-03-11,main,https://www.youtube.com/watch?v=91XuX8hqfY0,,https://youtube.com/watch?v=8q8zVzq328s,https://www.makerprojectlab.com/among-the-stars-maker-update/
Gingham Dress from The Queen's Gambit,Angela Clayton,project,sewing; fashion; costume; tv-series,Gingham dress from Queen's Gambit recreation.,high,222,2021-03-04,main,https://youtu.be/pTHgIBew6so,,https://youtube.com/watch?v=UfrT2ZgMNpU,https://www.makerprojectlab.com/say-chess-to-the-dress-maker-update/
I taught my 3D printer to play chess,Matou Makes,project,3d-printing; chess; automation; robot,3D printer programmed to play chess game.,high,222,2021-03-04,main,https://www.youtube.com/watch?v=6b2As388-Ro,,https://youtube.com/watch?v=UfrT2ZgMNpU,https://www.makerprojectlab.com/say-chess-to-the-dress-maker-update/
Insulated Doghouse for 2 - April Wilkerson,,project,woodworking; pet-furniture; insulation,Insulated two-dog doghouse construction.,high,222,2021-03-04,main,https://www.youtube.com/watch?v=1LZKsnqa6Uk,,https://youtube.com/watch?v=UfrT2ZgMNpU,https://www.makerprojectlab.com/say-chess-to-the-dress-maker-update/
(and congrats to April on her new TV show!),,project,maker,Video project featuring maker content and congratulations.,low,222,2021-03-04,main,https://www.youtube.com/watch?v=b2yrdwEHs2g,,https://youtube.com/watch?v=UfrT2ZgMNpU,https://www.makerprojectlab.com/say-chess-to-the-dress-maker-update/
The AI Label Maker,8 Bits and a Byte,project,ai; labeling-machine; electronics; automation,AI-powered label maker project.,high,222,2021-03-04,main,https://www.youtube.com/watch?v=hlpnbiDAdCg&feature=youtu.be,,https://youtube.com/watch?v=UfrT2ZgMNpU,https://www.makerprojectlab.com/say-chess-to-the-dress-maker-update/
Zodiac Embroidery,Becky Stern,project,embroidery; zodiac; fiber-art; craftsmanship,Embroidered zodiac sign designs and techniques.,high,222,2021-03-04,main,https://www.youtube.com/watch?v=CSdNQlm7PiI&feature=youtu.be,,https://youtube.com/watch?v=UfrT2ZgMNpU,https://www.makerprojectlab.com/say-chess-to-the-dress-maker-update/
My Cyberpunk LED Jacket with 3D Printing,,project,led; jacket; cyberpunk; 3d-printing; wearables,Cyberpunk LED jacket with 3D-printed elements.,high,222,2021-03-04,main,https://www.youtube.com/watch?v=qCOanCRQQJQ&t=6s,,https://youtube.com/watch?v=UfrT2ZgMNpU,https://www.makerprojectlab.com/say-chess-to-the-dress-maker-update/
Channel Spotlight,,project,maker-profile; channel-spotlight; creator-interview,Channel spotlight and creator showcase.,low,222,2021-03-04,main,,,https://youtube.com/watch?v=UfrT2ZgMNpU,https://www.makerprojectlab.com/say-chess-to-the-dress-maker-update/
Anika's DIY Life,,project,diy; channel; content,Anika's DIY Life YouTube channel with maker content.,low,222,2021-03-04,main,https://www.youtube.com/channel/UCgOvuAMPW7iMr5mNQxjHpfA,,https://youtube.com/watch?v=UfrT2ZgMNpU,https://www.makerprojectlab.com/say-chess-to-the-dress-maker-update/
Woodworking 101 playlist from Anika's DIY Life,,tip,woodworking; playlist; education,Woodworking fundamentals video playlist.,high,222,2021-03-04,main,https://www.youtube.com/playlist?list=PLd1dJLmn4xwlZYs-yt02nr929aOBBKBoT,,https://youtube.com/watch?v=UfrT2ZgMNpU,https://www.makerprojectlab.com/say-chess-to-the-dress-maker-update/
Trying airbrushing with The Crafsman,,tip,airbrushing; painting; art,Airbrushing techniques and tool demonstration.,high,222,2021-03-04,main,https://www.youtube.com/watch?v=Xlv1w0HTCmA,,https://youtube.com/watch?v=UfrT2ZgMNpU,https://www.makerprojectlab.com/say-chess-to-the-dress-maker-update/
I made a custom fit pinnable dressform with $40 - Claire Zhang,,tip,sewing; fashion; dress-form; customization,DIY custom-fit dress form on budget.,high,222,2021-03-04,main,https://www.youtube.com/watch?v=eOXT0nq19y0,,https://youtube.com/watch?v=UfrT2ZgMNpU,https://www.makerprojectlab.com/say-chess-to-the-dress-maker-update/
SJ's Declassified Metal Survival Guide (Additive manufacturing),,tip,metal-fabrication; additive-manufacturing,Metal working guide for makers.,high,222,2021-03-04,main,https://www.youtube.com/watch?v=Y6qIeI4hNCI,,https://youtube.com/watch?v=UfrT2ZgMNpU,https://www.makerprojectlab.com/say-chess-to-the-dress-maker-update/
SJ on Twitter,,tip,twitter; maker,SJ's Twitter profile focusing on maker community.,low,222,2021-03-04,main,https://twitter.com/inconelle,,https://youtube.com/watch?v=UfrT2ZgMNpU,https://www.makerprojectlab.com/say-chess-to-the-dress-maker-update/
Automatic Pool Cue,Stuff Made Here,project,robotics; pool-cue; automation; mechanical,Automatic pool cue shooting machine.,high,221,2021-02-25,main,https://www.youtube.com/watch?v=vsTTXYxydOE,,https://youtube.com/watch?v=n-lnGmF1k0k,https://www.makerprojectlab.com/winning-with-the-wiggle-stick-maker-update/
Sawblade Bicycle,The Q,project,bicycle; welding; metal-fabrication; saw-blade,Bicycle frame made from saw blades.,high,221,2021-02-25,main,https://youtu.be/y_bwKW6V1lw,,https://youtube.com/watch?v=n-lnGmF1k0k,https://www.makerprojectlab.com/winning-with-the-wiggle-stick-maker-update/
Floating Desk with Secret Compartment,DIY CReators,project,furniture; floating-desk; secret-compartment,Floating desk with hidden storage compartment.,high,221,2021-02-25,main,https://www.youtube.com/watch?v=Vk4RuYIxROo,,https://youtube.com/watch?v=n-lnGmF1k0k,https://www.makerprojectlab.com/winning-with-the-wiggle-stick-maker-update/
ESP32 Asteroids,Atomic 14,project,microcontroller; game-emulation; esp32,Asteroids game on ESP32 microcontroller.,high,221,2021-02-25,main,https://hackaday.com/2021/02/18/laser-galvos-and-an-esp32-recreate-old-school-asteroids/,,https://youtube.com/watch?v=n-lnGmF1k0k,https://www.makerprojectlab.com/winning-with-the-wiggle-stick-maker-update/
Denture Bit Holder w/ Magnets,iPlop,project,woodworking; tool-organizer; denture-bits,Magnetic bit holder using denture containers.,high,221,2021-02-25,main,https://www.thingiverse.com/thing:4745852,,https://youtube.com/watch?v=n-lnGmF1k0k,https://www.makerprojectlab.com/winning-with-the-wiggle-stick-maker-update/
Cardboard Whale,XaioQianFeng,project,cardboard; sculpture; whale; papercraft,Cardboard whale sculpture project.,high,221,2021-02-25,main,https://www.youtube.com/watch?v=PHrh_jVjxqE,,https://youtube.com/watch?v=n-lnGmF1k0k,https://www.makerprojectlab.com/winning-with-the-wiggle-stick-maker-update/
Make 3d prints look like Wood,Off-World,tip,3d-printing; finishing; wood-effect,Techniques for wood-like finish on 3D prints.,high,221,2021-02-25,main,https://www.youtube.com/watch?v=5NBW7uJnJGo,,https://youtube.com/watch?v=n-lnGmF1k0k,https://www.makerprojectlab.com/winning-with-the-wiggle-stick-maker-update/
Adafruit GPIO Extender,Kattni Rembor,tip,electronics; gpio; microcontroller; expansion,GPIO expander for Raspberry Pi projects.,high,221,2021-02-25,main,https://learn.adafruit.com/adafruit-aw9523-gpio-expander-and-led-driver,,https://youtube.com/watch?v=n-lnGmF1k0k,https://www.makerprojectlab.com/winning-with-the-wiggle-stick-maker-update/
Avoid Bubbles in casts without a Pressure Pot,Crafsman,tip,casting; resin; bubble-removal,Resin casting bubble reduction without vacuum.,high,221,2021-02-25,main,https://www.youtube.com/watch?v=iOuLRMgDzVs,,https://youtube.com/watch?v=n-lnGmF1k0k,https://www.makerprojectlab.com/winning-with-the-wiggle-stick-maker-update/
The perfect pencil (almost),Make Something,tip,drawing; sketching; craftsmanship,Perfect pencil selection for artists.,high,221,2021-02-25,main,https://www.youtube.com/watch?v=37QXtOToaZE,,https://youtube.com/watch?v=n-lnGmF1k0k,https://www.makerprojectlab.com/winning-with-the-wiggle-stick-maker-update/
Custom LEGO Machine Cracks & Separates Eggs,AstonishingStudios,project,lego; automation; egg-sorting; mechanical,LEGO machine for cracking and sorting eggs.,high,220,2021-02-18,main,https://youtu.be/o91D0Oiw5n4,https://www.youtube.com/watch?v=G38JK2mizJo,https://youtube.com/watch?v=X6UfTMHl8Ms,https://www.makerprojectlab.com/you-cant-make-an-omelette-maker-update/
Infinity Mirror Collar,Debra Ansell,project,infinity-mirror; led; fashion; collar-accessory,Infinity mirror LED collar jewelry piece.,high,220,2021-02-18,main,https://learn.adafruit.com/infinity-mirror-collar,Video: https://twitter.com/GeekMomProjects/status/1356738829370056708,https://youtube.com/watch?v=X6UfTMHl8Ms,https://www.makerprojectlab.com/you-cant-make-an-omelette-maker-update/
Darth 2: a 3D Printed Animated Darth Vader Helmet.,gzumwalt,project,3d-printing; darth-vader; animation; cosplay,Animated 3D-printed Darth Vader helmet.,high,220,2021-02-18,main,https://www.instructables.com/Darth-2-a-3D-Printed-Animated-Darth-Vader-Helmet/,https://www.atlasobscura.com/places/david-cerny-s-metamorphosis,https://youtube.com/watch?v=X6UfTMHl8Ms,https://www.makerprojectlab.com/you-cant-make-an-omelette-maker-update/
Scandy Pro for iOS review,Sophy Wong,tip,3d-scanning; mobile-app; ios; software,Scandy Pro 3D scanning app review.,high,220,2021-02-18,main,https://kk.org/cooltools/scan-objects-in-3d-using-your-phone/,,https://youtube.com/watch?v=X6UfTMHl8Ms,https://www.makerprojectlab.com/you-cant-make-an-omelette-maker-update/
The Wondercutter S: A Handheld Ultrasonic Cutter That's Like a Power X-Acto Knife,,tip,ultrasonic-cutter; handheld,Wondercutter ultrasonic handheld cutting tool.,high,220,2021-02-18,main,https://www.core77.com/posts/105391/The-Wondercutter-S-A-Handheld-Ultrasonic-Cutter-Thats-Like-a-Power-X-Acto-Knife,,https://youtube.com/watch?v=X6UfTMHl8Ms,https://www.makerprojectlab.com/you-cant-make-an-omelette-maker-update/
Visual Studio Code comes to Raspberry Pi,,tip,raspberry-pi; software; development-environment,Visual Studio Code for Raspberry Pi.,high,220,2021-02-18,main,https://www.raspberrypi.org/blog/visual-studio-code-comes-to-raspberry-pi/,,https://youtube.com/watch?v=X6UfTMHl8Ms,https://www.makerprojectlab.com/you-cant-make-an-omelette-maker-update/
Standing Desk Welding Table,Jeremy Fielding,project,welding; furniture; standing-desk; metal-fabrication,Welded metal standing desk workbench.,high,219,2021-02-11,main,https://www.youtube.com/watch?v=U1b0we6HfUo,,https://youtube.com/watch?v=wP4GvGFthQU,https://www.makerprojectlab.com/elevator-action-maker-update/
Bic Mac Photo Hack,Philippe Echaroux,tip,photography; lens-hacking; bic-mac; diy-optics,BIC pen macro lens photography hack.,high,219,2021-02-11,main,https://mymodernmet.com/mcdonalds-big-mac-box-photography-hack/?fbclid=IwAR0GfmhEGWcocDCilv2AQklVVQX1ZA--SN1e2Cqn92v6Jj41FhYSmvF4qBk,,https://youtube.com/watch?v=wP4GvGFthQU,https://www.makerprojectlab.com/elevator-action-maker-update/
DIY Copper Plating using a tampon,Laura Kampf,tip,electroplating; copper-plating; diy-technique,DIY copper electroplating using household items.,high,219,2021-02-11,main,https://www.youtube.com/watch?v=iThTSojG7QA,,https://youtube.com/watch?v=wP4GvGFthQU,https://www.makerprojectlab.com/elevator-action-maker-update/
Screen Printing Basics,Get Hands Dirty,tip,screen-printing; textile-arts; printing-techniques,Screen printing fundamentals and process.,high,219,2021-02-11,main,https://www.youtube.com/watch?v=vicNkwvuE80,,https://youtube.com/watch?v=wP4GvGFthQU,https://www.makerprojectlab.com/elevator-action-maker-update/
Argon Case for Raspberry Pi 4,Jeff Geerling,tip,case; enclosure; raspberry-pi; heatsink,Argon aluminum case for Raspberry Pi 4.,high,219,2021-02-11,main,https://www.youtube.com/watch?v=rLBdi8B5Wgk,,https://youtube.com/watch?v=wP4GvGFthQU,https://www.makerprojectlab.com/elevator-action-maker-update/
Top Ten Tools in 2020,Project Farm,tip,equipment-review; power-tools; testing,Top tools and equipment ratings for 2020.,high,219,2021-02-11,main,https://blog.adafruit.com/2021/02/06/top-ten-tools-tested-on-project-farm-in-2020/,,https://youtube.com/watch?v=wP4GvGFthQU,https://www.makerprojectlab.com/elevator-action-maker-update/
Birthday Machine Embroidery With LEDs,bekathwia,project,embroidery; led; electronics; birthday-decoration,Machine embroidery with integrated LEDs.,high,218,2021-02-04,main,https://www.instructables.com/Birthday-Machine-Embroidery-With-LEDs/,,https://youtube.com/watch?v=4HbTysr4dvU,https://www.makerprojectlab.com/a-stitch-in-time-maker-update/
PEmbroidery,,project,embroidery; conductive-thread; wearables,Programmable embroidery technique.,high,218,2021-02-04,main,https://github.com/CreativeInquiry/PEmbroider,,https://youtube.com/watch?v=4HbTysr4dvU,https://www.makerprojectlab.com/a-stitch-in-time-maker-update/
Disaster Terrarium,Estefannie Explains It All,project,terrarium; plants; landscape; diorama,Miniature disaster-themed terrarium project.,high,218,2021-02-04,main,https://www.estefannie.com/blog/76u2tt4egzdrddwd1usfoerujyqqq0,,https://youtube.com/watch?v=4HbTysr4dvU,https://www.makerprojectlab.com/a-stitch-in-time-maker-update/
Mandalorian Helmets Using Small 3d Printers,Bob Clagett,project,3d-printing; mandalorian; cosplay; helmet,Mandalorian helmet printed on small 3D printers.,high,218,2021-02-04,main,https://youtu.be/z7rOsba3WbY,,https://youtube.com/watch?v=4HbTysr4dvU,https://www.makerprojectlab.com/a-stitch-in-time-maker-update/
Neopixel Crystal Chandelier with CircuitPython Animations and Speed Control,Erin St Blaine,project,neopixel; led; chandelier; circuitpython,LED crystal chandelier with animations.,high,218,2021-02-04,main,https://learn.adafruit.com/neopixel-crystal-chandelier-with-circuitpython-animations-and-speed-control/overview,,https://youtube.com/watch?v=4HbTysr4dvU,https://www.makerprojectlab.com/a-stitch-in-time-maker-update/
Laser Cut Raised Street Map of New York,This is How I Made It,project,laser-cutting; relief-map; street-cartography,Laser-cut street map wall art project.,high,218,2021-02-04,main,https://youtu.be/RW1ppYu7Vn8,,https://youtube.com/watch?v=4HbTysr4dvU,https://www.makerprojectlab.com/a-stitch-in-time-maker-update/
Killer Switches Featuring the Best in 1960s Human Factors Design Practices,,tip,switches; electronics; industrial-design; vintage,Vintage 1960s human-factors switches.,high,218,2021-02-04,main,https://www.core77.com/posts/104543/Killer-Switches-Featuring-the-Best-in-1960s-Human-Factors-Design-Practices,,https://youtube.com/watch?v=4HbTysr4dvU,https://www.makerprojectlab.com/a-stitch-in-time-maker-update/
Concord Aerospace Replica Switches,,tip,switches; aerospace; mechanical; collectible,Concord aerospace replica switches design.,high,218,2021-02-04,main,https://www.concordaerospace.com/,,https://youtube.com/watch?v=4HbTysr4dvU,https://www.makerprojectlab.com/a-stitch-in-time-maker-update/
"Cheapest, Easiest Portable Bandsaw Stand",,tip,bandsaw; tool-stand; portable,Budget bandsaw portable stand build.,high,218,2021-02-04,main,https://youtu.be/o07fOySR5AU,,https://youtube.com/watch?v=4HbTysr4dvU,https://www.makerprojectlab.com/a-stitch-in-time-maker-update/
Carbon Fiber RipSurf with Narwhal Labs,,project,carbon-fiber; skateboard; material-innovation,Carbon fiber ripsurf skateboard project.,high,217,2021-01-28,main,https://www.youtube.com/watch?v=5uKJHssExbk,,https://youtube.com/watch?v=FDvh6lPyklU,https://www.makerprojectlab.com/surfing-with-the-bern-maker-update/
Braille Skateboarding's test of the CF Ripsurf,,project,skateboard; testing; carbon-fiber,Skateboard testing and performance review.,high,217,2021-01-28,main,https://www.youtube.com/watch?v=KsSUyWYGYeA,,https://youtube.com/watch?v=FDvh6lPyklU,https://www.makerprojectlab.com/surfing-with-the-bern-maker-update/
Thin Floating Shelves,Alexandre Chappel,project,shelving; floating-shelf; woodworking; furniture,Thin-profile floating shelf construction.,high,217,2021-01-28,main,https://www.youtube.com/watch?v=LR-Fq9tO1-Q,,https://youtube.com/watch?v=FDvh6lPyklU,https://www.makerprojectlab.com/surfing-with-the-bern-maker-update/
Electronic Liar's Dice,Alec Sunyecz,project,electronics; game-mechanics; dice-roller,Electronic liars dice game project.,high,217,2021-01-28,main,https://www.instructables.com/Pocket-Dice-Electronic-Dice-for-Liars-Dice-and-Mor/,,https://youtube.com/watch?v=FDvh6lPyklU,https://www.makerprojectlab.com/surfing-with-the-bern-maker-update/
Hoodie Arcade Emulator,Rafael Rubio,project,arcade; hoodie; wearables; game-emulation,Hooded arcade game emulator in fabric.,high,217,2021-01-28,main,https://hackaday.com/2021/01/20/3d-printed-pi-arcade-is-an-emulation-horn-of-plenty/,,https://youtube.com/watch?v=FDvh6lPyklU,https://www.makerprojectlab.com/surfing-with-the-bern-maker-update/
3d printed Snake Automaton,Greg Zumwalt,project,3d-printing; automaton; snake; kinetic-art,3D-printed snake kinetic automaton.,high,217,2021-01-28,main,https://www.instructables.com/A-3D-Printed-Snake-Automaton/,https://www.thingiverse.com/thing:4718956,https://youtube.com/watch?v=FDvh6lPyklU,https://www.makerprojectlab.com/surfing-with-the-bern-maker-update/
Bundled Bernie stl,Chaos Core Tech,project,3d-printing; bernie-sanders; figurine,3D-printed Bernie Sanders figurine.,high,217,2021-01-28,main,https://thangs.com/model/10524,,https://youtube.com/watch?v=FDvh6lPyklU,https://www.makerprojectlab.com/surfing-with-the-bern-maker-update/
Cut List Optimizer,,tip,software; woodworking; cutting-optimization,Cut list optimizer software for woodworking.,high,217,2021-01-28,main,https://cutlistoptimizer.com/,,https://youtube.com/watch?v=FDvh6lPyklU,https://www.makerprojectlab.com/surfing-with-the-bern-maker-update/
Make Front Panels for your DIY project,Killawhat,tip,pcb; front-panel; prototyping; diy,Front panel fabrication for DIY projects.,high,217,2021-01-28,main,https://www.instructables.com/Make-Professional-Looking-Front-Panels-for-Your-Ne/,,https://youtube.com/watch?v=FDvh6lPyklU,https://www.makerprojectlab.com/surfing-with-the-bern-maker-update/
Animated Mechanisms,Thang010146,tip,cad; animation; mechanism,Animated mechanism design reference resource.,high,217,2021-01-28,main,https://www.youtube.com/user/thang010146/videos,,https://youtube.com/watch?v=FDvh6lPyklU,https://www.makerprojectlab.com/surfing-with-the-bern-maker-update/
Foaming TPU with CNC Kitchen,,tip,cnc; filament; tpu; foaming,CNC processing of foaming thermoplastic materials.,high,217,2021-01-28,main,https://www.youtube.com/watch?v=K7LDY7EJKFU,,https://youtube.com/watch?v=FDvh6lPyklU,https://www.makerprojectlab.com/surfing-with-the-bern-maker-update/
End of Days Clock,rabbitcreek,project,clock; vintage; mechanical; electro-mechanical,Vintage-inspired electronic end-times clock.,high,216,2021-01-21,main,https://www.instructables.com/End-of-Days-Clock/,,https://youtube.com/watch?v=kuwPW5E0Txc,https://www.makerprojectlab.com/life-among-the-hexels-maker-update/
Invisibility Shield,IanCharnas,project,optics; invisibility; mirror-illusion,Invisibility shield using mirror projection.,high,216,2021-01-21,main,https://www.instructables.com/Invisibility-Shield/,,https://youtube.com/watch?v=kuwPW5E0Txc,https://www.makerprojectlab.com/life-among-the-hexels-maker-update/
DotStar Fortune Necklace with Bluetooth and Touch,Charlyn G,project,wearables; neopixel; jewelry; bluetooth,LED fortune necklace with Bluetooth control.,high,216,2021-01-21,main,https://learn.adafruit.com/dotstar-fortune-necklace,https://twitter.com/chardane/status/1341563063141449729; https://www.instagram.com/p/CJJiJRqrn2-/,https://youtube.com/watch?v=kuwPW5E0Txc,https://www.makerprojectlab.com/life-among-the-hexels-maker-update/
The Machine That Erases What It Creates,Simon Sörensen,project,kinetic-art; machine-art; self-erasing,Machine that erases and recreates its art.,high,216,2021-01-21,main,https://youtu.be/rXCHn9B5dH0,https://sandify.org/,https://youtube.com/watch?v=kuwPW5E0Txc,https://www.makerprojectlab.com/life-among-the-hexels-maker-update/
Quickly Sketch Escher-type Repeats Using Inkscape,wolfCatWorkshop,tip,vector-graphics; inkscape; pattern-design; repeats,Escher-style repeating pattern sketching technique.,high,216,2021-01-21,main,https://www.instructables.com/Quickly-Sketch-Escher-type-Repeats-Using-Inkscape/,,https://youtube.com/watch?v=kuwPW5E0Txc,https://www.makerprojectlab.com/life-among-the-hexels-maker-update/
Ferrule Crimping Tool Kit,,tip,electronics; connector; crimping-tools,Ferrule crimper tool kit and technique.,high,216,2021-01-21,main,https://kk.org/cooltools/a-better-way-to-wire-screw-terminals/,,https://youtube.com/watch?v=kuwPW5E0Txc,https://www.makerprojectlab.com/life-among-the-hexels-maker-update/
Custom Painting Shop Tools,Adam Savage,tip,painting; organization,Custom shop tool storage and organization.,high,216,2021-01-21,main,https://www.tested.com/one-day-builds/adam-savages-one-day-builds-custom-painting-shop-tools/,,https://youtube.com/watch?v=kuwPW5E0Txc,https://www.makerprojectlab.com/life-among-the-hexels-maker-update/
3 Strategies to FINISH YOUR PROJECTS!,Zack Freedman,tip,maker-mindset; productivity; project-completion,Strategies for finishing and shipping projects.,high,216,2021-01-21,main,https://youtu.be/L1j93RnIxEo,,https://youtube.com/watch?v=kuwPW5E0Txc,https://www.makerprojectlab.com/life-among-the-hexels-maker-update/
Xyla Foxlin's Party Canoe,,project,transportation; watercraft; party-canoe; inflatable,Party canoe with entertainment features.,high,215,2021-01-14,main,https://www.youtube.com/watch?v=Qg-Exm8oRP8&feature=emb_title,,https://youtube.com/watch?v=WY5A72b6K9I,https://www.makerprojectlab.com/rgb-raft-on-blue-water-maker-update/
DIY CNC foam cutter,,project,cnc; foam-cutting; laser-cutter,DIY CNC foam cutting machine project.,high,215,2021-01-14,main,https://www.youtube.com/watch?v=oIKEYM-lMWQ,,https://youtube.com/watch?v=WY5A72b6K9I,https://www.makerprojectlab.com/rgb-raft-on-blue-water-maker-update/
DIY Laser Tag,,project,laser-tag; electronics; game-mechanics,DIY laser tag system and gameplay.,high,215,2021-01-14,main,https://hackaday.io/project/160804-lzrtag-flexible-diy-lasertag,,https://youtube.com/watch?v=WY5A72b6K9I,https://www.makerprojectlab.com/rgb-raft-on-blue-water-maker-update/
Building an artificial sun light,,project,led; light-installation; artificial-lighting,Artificial sun light installation project.,high,215,2021-01-14,main,https://www.youtube.com/watch?v=6bqBsHSwPgw,,https://youtube.com/watch?v=WY5A72b6K9I,https://www.makerprojectlab.com/rgb-raft-on-blue-water-maker-update/
How To Make Your Own Glowing Thermal Katana from Cyberpunk 2077,,project,cyberpunk; led; katana; props; glowing,Glowing thermal katana prop from Cyberpunk 2077.,high,215,2021-01-14,main,https://www.youtube.com/watch?v=nDVh4aR6suo,,https://youtube.com/watch?v=WY5A72b6K9I,https://www.makerprojectlab.com/rgb-raft-on-blue-water-maker-update/
Hole measuring feet for calipers,,tip,measurement-tool; calipers; precision-instruments,Hole measuring feet attachment for calipers.,high,215,2021-01-14,main,https://www.thingiverse.com/thing:4630199,,https://youtube.com/watch?v=WY5A72b6K9I,https://www.makerprojectlab.com/rgb-raft-on-blue-water-maker-update/
Flex PCB  Battery Tester,,tip,pcb; battery-tester; flexible-circuit,Flex PCB battery testing circuit.,high,215,2021-01-14,main,https://github.com/OSHPark/flextester/,,https://youtube.com/watch?v=WY5A72b6K9I,https://www.makerprojectlab.com/rgb-raft-on-blue-water-maker-update/
Adam Savage rebuilding his electronics cart,,tip,tool-cart; electronics-organization,Electronics workbench cart rebuild project.,high,215,2021-01-14,main,https://www.youtube.com/watch?v=gCva75a8ATQ,,https://youtube.com/watch?v=WY5A72b6K9I,https://www.makerprojectlab.com/rgb-raft-on-blue-water-maker-update/
Weird Displays with Raspberry Pi,,tip,display; pi; weird-tech; odd-displays,Unusual display projects using Raspberry Pi.,high,215,2021-01-14,main,https://learn.adafruit.com/using-weird-displays-with-raspberry-pi,,https://youtube.com/watch?v=WY5A72b6K9I,https://www.makerprojectlab.com/rgb-raft-on-blue-water-maker-update/
Quick and dirty vacuum chamber,,tip,vacuum; vacuum-chamber; diy-equipment,Quick vacuum chamber construction guide.,high,215,2021-01-14,main,https://www.youtube.com/watch?v=nDVh4aR6suo,,https://youtube.com/watch?v=WY5A72b6K9I,https://www.makerprojectlab.com/rgb-raft-on-blue-water-maker-update/
RC & Programmable Domino Laying Machine,DIY Machines,project,robotics; domino-machine; automation; programmable,Domino-laying robot with programmable patterns.,high,214,2021-01-07,main,https://www.diymachines.co.uk/rc-domino-laying-machine,,https://youtube.com/watch?v=74rezMKrOY8,https://www.makerprojectlab.com/domino-effect-maker-update/
Control your TV using The Force,Sudomod,project,gesture-recognition; tv-remote; force-control,TV control using gesture recognition interface.,high,214,2021-01-07,main,https://sudomod.com/force-remote/,,https://youtube.com/watch?v=74rezMKrOY8,https://www.makerprojectlab.com/domino-effect-maker-update/
Nasa Control Panel for Kids,r570sv,project,space-aesthetic; control-panel; retro-tech,NASA-inspired control panel for kids.,high,214,2021-01-07,main,https://www.instructables.com/Nasa-Control-Panel-for-Kids/,,https://youtube.com/watch?v=74rezMKrOY8,https://www.makerprojectlab.com/domino-effect-maker-update/
Over-the-Top Rocket Ship Panel,r570sv,project,space-aesthetic; control-panel; retro-tech,Over-the-top rocket ship control panel.,high,214,2021-01-07,main,https://www.instructables.com/Rocket-Ship-Panel/,,https://youtube.com/watch?v=74rezMKrOY8,https://www.makerprojectlab.com/domino-effect-maker-update/
CheApR - Open Source Augmented Reality Smart Glasses,a-RN-au-D,project,ar-glasses; augmented-reality; open-source,CheApR open-source AR smart glasses.,high,214,2021-01-07,main,https://www.instructables.com/CheApR-Open-Source-Augmented-Reality-Smart-Glasses/,https://hackaday.com/2020/12/31/augmented-reality-on-the-cheap-with-esp32/,https://youtube.com/watch?v=74rezMKrOY8,https://www.makerprojectlab.com/domino-effect-maker-update/
DIY Palm Router Hacks,Mike Warren,tip,router; woodworking; palm-router; hacks,Palm router tricks and modifications.,high,214,2021-01-07,main,https://youtu.be/j6SCkmlIsgc,,https://youtube.com/watch?v=74rezMKrOY8,https://www.makerprojectlab.com/domino-effect-maker-update/
Soldering Crash Course,Sudomod,tip,soldering; electronics; tutorial; fundamentals,Soldering crash course for beginners.,high,214,2021-01-07,main,https://sudomod.com/soldering-crash-course/,,https://youtube.com/watch?v=74rezMKrOY8,https://www.makerprojectlab.com/domino-effect-maker-update/
Adam Savage’s Favorite Tools: Hot Wire Cutter!,,tip,hot-wire-cutter; foam-cutting,Hot wire foam cutter tool guide.,high,214,2021-01-07,main,https://www.tested.com/making/tools/adam-savages-favorite-tools-hot-wire-cutter/,,https://youtube.com/watch?v=74rezMKrOY8,https://www.makerprojectlab.com/domino-effect-maker-update/
PrusaSlicer 2.3.0 Review,Thomas Sanladerer,tip,3d-printing; slicing-software; prusaslicer-review,PrusaSlicer 3D printing software review.,high,214,2021-01-07,main,https://youtu.be/Wz2Soog4HkQ,,https://youtube.com/watch?v=74rezMKrOY8,https://www.makerprojectlab.com/domino-effect-maker-update/
https://github.com/prusa3d/PrusaSlicer/releases,,tip,3d-printing; software; slicing; open-source,Open-source G-code slicing software for FDM and SLA 3D printers.,high,214,2021-01-07,main,https://github.com/prusa3d/PrusaSlicer/releases,,https://youtube.com/watch?v=74rezMKrOY8,https://www.makerprojectlab.com/domino-effect-maker-update/
Guide to Ironing: How to make top surfaces smooth with PrusaSlicer,,tip,3d-printing; surface-finishing; smoothing-technique,Top surface smoothing technique using PrusaSlicer.,high,214,2021-01-07,main,https://youtu.be/xa8jNJjowvI,,https://youtube.com/watch?v=74rezMKrOY8,https://www.makerprojectlab.com/domino-effect-maker-update/
How to make food-safe 3D printed models,Prusa,tip,3d-printing; food-safety; resin-printing,Food-safe 3D printing materials and methods.,high,214,2021-01-07,main,https://youtu.be/D-SKMdlegdU,,https://youtube.com/watch?v=74rezMKrOY8,https://www.makerprojectlab.com/domino-effect-maker-update/
Digi-Key/Product Spotlight,,tip,electronics; sensor; microcontroller; diy,Curated collection of new electronics components and development boards.,high,214,2021-01-07,main,https://www.adafruit.com/new,,https://youtube.com/watch?v=74rezMKrOY8,https://www.makerprojectlab.com/domino-effect-maker-update/
CYBERDECK HAT for Raspberry Pi 400,,tip,cyberdeck; raspberry-pi; portable-computer; hat,Cyberdeck add-on hat for Raspberry Pi 400.,high,214,2021-01-07,main,https://www.adafruit.com/product/4863,,https://youtube.com/watch?v=74rezMKrOY8,https://www.makerprojectlab.com/domino-effect-maker-update/
CYBERDECK Bonnet for Raspberry Pi 400,,tip,cyberdeck; raspberry-pi; portable-computer; bonnet,Cyberdeck add-on bonnet for Raspberry Pi 400.,high,214,2021-01-07,main,https://www.adafruit.com/product/4862,,https://youtube.com/watch?v=74rezMKrOY8,https://www.makerprojectlab.com/domino-effect-maker-update/
Lucas VRTech Open Source VR Gloves,,project,vr; haptics; electronics; open-source,Lucas VRTech open-source budget haptic gloves.,high,263,2021-12-23,main,https://hackaday.io/project/178243-lucidvr-budget-haptic-glove,,https://youtube.com/watch?v=ZLpjrUxZx40,https://www.makerprojectlab.com/2021-wrap-up-maker-update/
Howl's Moving Castle made from Trash,Studson Studio,project,cosplay; electronics; recycling,Howl's Moving Castle costume built from trash.,high,263,2021-12-23,main,https://www.youtube.com/watch?v=FDQ-sDDqWvk,,https://youtube.com/watch?v=ZLpjrUxZx40,https://www.makerprojectlab.com/2021-wrap-up-maker-update/
How Fast Can I Skate With A Jetpack?,Ian Charnas,project,sports; jetpack; engineering,Jetpack-enhanced skateboard speed trial by Ian Charnas.,high,263,2021-12-23,main,https://youtu.be/9ImTH9gUAvU,,https://youtube.com/watch?v=ZLpjrUxZx40,https://www.makerprojectlab.com/2021-wrap-up-maker-update/
Upside down printer,Krayln 3d,project,3d-printing; recycling,Inverted/upside-down 3D printer modification.,high,263,2021-12-23,main,https://www.youtube.com/watch?v=ZAPaOevoeX0,,https://youtube.com/watch?v=ZLpjrUxZx40,https://www.makerprojectlab.com/2021-wrap-up-maker-update/
Graffomat,Niklas Roy,project,plotter; cnc; art,Graffomat wall-drawing robot by Niklas Roy.,high,263,2021-12-23,main,https://niklasroy.com/graffomat/,video 1: https://www.youtube.com/watch?v=Pz5CftU_bJw; video 2: https://youtu.be/zSIdvQsu27s,https://youtube.com/watch?v=ZLpjrUxZx40,https://www.makerprojectlab.com/2021-wrap-up-maker-update/
Fixing a bench with Trash,Laura Kampf,project,woodworking; furniture; recycling,Reclaimed furniture restoration from salvaged materials.,high,263,2021-12-23,main,https://www.youtube.com/watch?v=RbQGLaLDEA4,,https://youtube.com/watch?v=ZLpjrUxZx40,https://www.makerprojectlab.com/2021-wrap-up-maker-update/
Introducing the Raspberry Pi Pico,,tip,raspberry-pi; microcontroller; electronics,Raspberry Pi Pico new microcontroller announcement.,high,263,2021-12-23,main,https://www.raspberrypi.org/blog/raspberry-pi-silicon-pico-now-on-sale/,,https://youtube.com/watch?v=ZLpjrUxZx40,https://www.makerprojectlab.com/2021-wrap-up-maker-update/
The Great Search: SP4T Switches!,,tip,electronics; digikey,SP4T switches component feature from Adafruit series.,high,263,2021-12-23,main,https://blog.adafruit.com/2021/08/31/the-great-search-sp4t-slide-switch-thegreatsearch-digikey-adafruit-digikey-adafruit/,,https://youtube.com/watch?v=ZLpjrUxZx40,https://www.makerprojectlab.com/2021-wrap-up-maker-update/
Raspberry Pi Zero 2,,tip,raspberry-pi; iot; electronics,Raspberry Pi Zero 2 new board announcement.,high,263,2021-12-23,main,https://www.raspberrypi.com/news/new-raspberry-pi-zero-2-w-2/,,https://youtube.com/watch?v=ZLpjrUxZx40,https://www.makerprojectlab.com/2021-wrap-up-maker-update/
Sound in your videos,Crafsman,tip,video-production; audio,Sound design and audio tips for video content.,high,263,2021-12-23,main,https://www.youtube.com/watch?v=7yuo4ALLz2A,,https://youtube.com/watch?v=ZLpjrUxZx40,https://www.makerprojectlab.com/2021-wrap-up-maker-update/
Tim Hunkin - Secret Life of Components series,,tip,electronics; educational,Tim Hunkin component teardown educational video series.,high,263,2021-12-23,main,https://www.youtube.com/playlist?list=PLtaR0lZhSyANYB0Xxb9OSp47pHuQmj3Ol,,https://youtube.com/watch?v=ZLpjrUxZx40,https://www.makerprojectlab.com/2021-wrap-up-maker-update/
Wireless LEDs for Model Making,,tip,led; modeling; electronics,Wireless LED lighting technique for scale models.,high,263,2021-12-23,main,https://learn.adafruit.com/wireless-leds-for-model-making,,https://youtube.com/watch?v=ZLpjrUxZx40,https://www.makerprojectlab.com/2021-wrap-up-maker-update/
CutList Optimizer,,tip,woodworking; optimization; software,CutList Optimizer software for material planning.,high,263,2021-12-23,main,https://cutlistoptimizer.com/,,https://youtube.com/watch?v=ZLpjrUxZx40,https://www.makerprojectlab.com/2021-wrap-up-maker-update/
Donald's 22 tips for Working Faster in Tinkercad,,tip,3d-design; tinkercad; workflow,22 productivity tips for Tinkercad 3D design tool.,high,263,2021-12-23,main,https://blog.tinkercad.com/22-tips-for-working-faster-in-tinkercad,,https://youtube.com/watch?v=ZLpjrUxZx40,https://www.makerprojectlab.com/2021-wrap-up-maker-update/
HexMatrixClock,w.r.simpson,project,led; electronics; matrix-display; time; diy-electronics,Hexagonal LED matrix clock display.,high,216,2021-01-21,main,https://www.instructables.com/HexMatrixClock/,https://github.com/BillSimpson/HexMatrixClock/blob/main/Media/HexMatrixClockConway.mov; https://hackaday.com/2021/01/13/hex-matrix-clock-does-it-with-six-sides/,https://youtube.com/watch?v=kuwPW5E0Txc,https://www.makerprojectlab.com/life-among-the-hexels-maker-update/
