Title,Creator,Category,Tags,Synopsis,Confidence,Episode Number,Episode Date,Edition,Source URL,Secondary URLs,Episode Video URL,Episode Blog URL
Best of 2020 - Adafruit Edition,,tip,3d-printing; holiday-ornament,Custom 3D-printed holiday ornament project.,high,213,2020-12-17,main,https://makerprojectlab.com/2020-besties-maker-update-adafruit-edition/,,https://youtube.com/watch?v=kvv-IW3m0fk,https://www.makerprojectlab.com/best-pandemic-projects-of-2020-maker-update/
2020 Holiday ornament.,Gabriel Nagmay,tip,water-cooling; computer; pet-bed,Dog bed using recycled PC water cooling system.,high,213,2020-12-17,main,https://www.thingiverse.com/thing:4670812,,https://youtube.com/watch?v=kvv-IW3m0fk,https://www.makerprojectlab.com/best-pandemic-projects-of-2020-maker-update/
Ice Cold Husky Bed From PC Water Cooling Parts,Naomi Wu,project,electronics; game-controller; animation,Controlling Bongo Cat game animation.,high,212,2020-12-10,main,https://www.youtube.com/watch?v=oKYzdqoyPN4,,https://youtube.com/watch?v=s0Rb1uSoJ7k,https://www.makerprojectlab.com/hot-dog-maker-update/
Controlling Bongo Cat with PicoPlanet,Liz / Blitz City DIY,project,electric-vehicle; robotics; toy,Electric sleigh with gift launcher mechanism.,high,212,2020-12-10,main,https://www.youtube.com/watch?v=dZcdZGo-rLo,,https://youtube.com/watch?v=s0Rb1uSoJ7k,https://www.makerprojectlab.com/hot-dog-maker-update/
Building An Electric Sleigh With Present Launcher,Kids Invent Stuff,project,3d-printing; foam-cutter; hot-wire,3D-printed hot wire foam cutting tool.,high,212,2020-12-10,main,https://www.youtube.com/watch?v=adzafQx9uio,,https://youtube.com/watch?v=s0Rb1uSoJ7k,https://www.makerprojectlab.com/hot-dog-maker-update/
3D Printed Hot Wire Foam Cutter,Elite Worm,project,diorama; papercraft; book-nook,Hidden miniature diorama inside book spine.,high,212,2020-12-10,main,https://youtu.be/xu-eiGxpc9k and https://www.thingiverse.com/thing:4670285,,https://youtube.com/watch?v=s0Rb1uSoJ7k,https://www.makerprojectlab.com/hot-dog-maker-update/
Making a Hidden World Book Nook Diorama,Jen Schachter on Tested,project,woodworking; plywood; clock,Bent plywood mantle clock design.,high,212,2020-12-10,main,https://www.youtube.com/watch?v=EmoB4tds0dM,,https://youtube.com/watch?v=s0Rb1uSoJ7k,https://www.makerprojectlab.com/hot-dog-maker-update/
Bent Plywood Mantle Clock,Ethan Carter Designs,project,raspberry-pi; touch-interface,FreeTouchDeck customizable touch control panel.,high,212,2020-12-10,main,https://www.instructables.com/How-to-Make-a-Bent-Plywood-Modern-Mantel-Clock/,,https://youtube.com/watch?v=s0Rb1uSoJ7k,https://www.makerprojectlab.com/hot-dog-maker-update/
FreeTouchDeck,Dustin Watts,project,microcontroller; teensy,Teensy microcontroller advantages over Arduino.,high,212,2020-12-10,main,https://www.instructables.com/A-Bluetooth-ESP32-TFT-Touch-Macro-Keypad/,,https://youtube.com/watch?v=s0Rb1uSoJ7k,https://www.makerprojectlab.com/hot-dog-maker-update/
Why the Teensy is the Best Arduino (although it's not),Zack Freedman,tip,3d-printing; drawing; template,3D-printed sketchbook templates for drawing.,high,212,2020-12-10,main,https://www.youtube.com/watch?v=75IvTqRwNsE,,https://youtube.com/watch?v=s0Rb1uSoJ7k,https://www.makerprojectlab.com/hot-dog-maker-update/
3D Printed Sketchbook Templates,Sophy Wong,tip,3d-printing; sketching-tools; design,3D printed sketchbook templates for artists.,low,212,2020-12-10,main,https://www.youtube.com/watch?v=1bn5baWig0w,,https://youtube.com/watch?v=s0Rb1uSoJ7k,https://www.makerprojectlab.com/hot-dog-maker-update/
Smart Fairy Tale,Niklas Roy and Felix Fisgus,project,assistive-technology; wheelchair; electronics,Mind-controlled wheelchair using brain sensors.,high,210,2020-12-03,main,https://www.niklasroy.com/smartfairytale/,,https://youtube.com/watch?v=vn2wPB9kzH0,https://www.makerprojectlab.com/toy-story-maker-update/
Mindwave Wheelchair,Mohammed Alrafia,project,neon-sign; lighting; diy,How to create old-school neon street signs.,high,210,2020-12-03,main,https://www.instructables.com/Mindwave-Wheelchair/,,https://youtube.com/watch?v=vn2wPB9kzH0,https://www.makerprojectlab.com/toy-story-maker-update/
How to Make an Old-school Neon Street Sign,gabbapeople,project,art-installation; inflatable; giant,LUMA large inflatable air giant sculptures.,high,210,2020-12-03,main,https://www.instructables.com/How-to-Make-an-Old-school-Neon-Street-Sign/,,https://youtube.com/watch?v=vn2wPB9kzH0,https://www.makerprojectlab.com/toy-story-maker-update/
LUMA,Air Giants,project,art-installation; creative-project,LUMA art project by Air Giants (video).,low,210,2020-12-03,main,https://youtu.be/sbwkjgIFW1w,https://youtu.be/rRBBofe7Wx0,https://youtube.com/watch?v=vn2wPB9kzH0,https://www.makerprojectlab.com/toy-story-maker-update/
Astro Botanicals,,project,silicone; material-guide,Guide to selecting silicone types for projects.,high,210,2020-12-03,main,https://astrobotanicals.com/,,https://youtube.com/watch?v=vn2wPB9kzH0,https://www.makerprojectlab.com/toy-story-maker-update/
Choosing Silicones // Bits | I Like To Make Stuff,,tip,laser-cutter; tool-review; 90w,90-watt laser cutter review and assessment.,high,210,2020-12-03,main,https://youtu.be/M5K6LT6KpXI,,https://youtube.com/watch?v=vn2wPB9kzH0,https://www.makerprojectlab.com/toy-story-maker-update/
90W Laser cutter review,Mike Warren,tip,laser-cutter; software; lightburn,Lightburn laser cutter design software.,high,210,2020-12-03,main,https://youtu.be/7P661CYrgh4,,https://youtube.com/watch?v=vn2wPB9kzH0,https://www.makerprojectlab.com/toy-story-maker-update/
Lightburn laser cutter software,,tip,fabric; fasteners; hook-and-loop,Ultra-thin adhesive hook and loop fasteners.,high,210,2020-12-03,main,https://lightburnsoftware.com/,,https://youtube.com/watch?v=vn2wPB9kzH0,https://www.makerprojectlab.com/toy-story-maker-update/
Ultra-thin hook and loop fasteners,,tip,3d-printing; mechanism; snap-action,Fully 3D-printed linear snap mechanism.,high,210,2020-12-03,main,https://www.etsy.com/ie/listing/722493801/ultra-thin-hook-and-loop-fasteners-super,https://www.tested.com/making/inside-adams-cave/adam-savages-favorite-things-of-2020/,https://youtube.com/watch?v=vn2wPB9kzH0,https://www.makerprojectlab.com/toy-story-maker-update/
A 100% 3D Printed Linear Snap Action Mechanism.,gzumwalt,tip,dollhouse; miniature; architecture,Addams Family-themed miniature dollhouse.,high,210,2020-12-03,main,https://www.instructables.com/100-3D-Printed-Linear-Snap-Action-Mechanism/,,https://youtube.com/watch?v=vn2wPB9kzH0,https://www.makerprojectlab.com/toy-story-maker-update/
The Addams Family Dollhouse,Ara Bentley,project,costume; mask; fashion,Glamorous handmade costume masks.,high,209,2020-11-19,main,https://www.youtube.com/watch?v=F6guChlumcs&t=873s,,https://youtube.com/watch?v=VPaLtD4prbI,https://www.makerprojectlab.com/dream-house-maker-update/
Glamourous Masks,Gertie,project,photography; lighting; product-setup,DIY photography lighting setup for food blogs.,high,209,2020-11-19,main,https://www.youtube.com/watch?v=Rgz_rPeSn94,,https://youtube.com/watch?v=VPaLtD4prbI,https://www.makerprojectlab.com/dream-house-maker-update/
DIY Photography Station for Food Bloggers,Homemade Modern,project,food-art; chocolate-sculpting,Chocolate pikachu sculpture and art.,high,209,2020-11-19,main,https://www.youtube.com/watch?v=7cghu0HUMnI,,https://youtube.com/watch?v=VPaLtD4prbI,https://www.makerprojectlab.com/dream-house-maker-update/
How to Make a Chocolate Pikachu,Alexandre Chappel,project,art-installation; sculpture; trash,Lamp created from repurposed trash materials.,high,209,2020-11-19,main,https://www.youtube.com/watch?v=bPWZu7I710Q,,https://youtube.com/watch?v=VPaLtD4prbI,https://www.makerprojectlab.com/dream-house-maker-update/
Lamp Made out of Trash,Laura Kampf,project,sculpture; lighting; trash-art,Lamp made from reclaimed trash by Laura Kampf.,low,209,2020-11-19,main,https://www.youtube.com/watch?v=hydYBk0CC20,,https://youtube.com/watch?v=VPaLtD4prbI,https://www.makerprojectlab.com/dream-house-maker-update/
DIY Smart glasses,Sam March,project,3d-printing; musical-instrument; guitar,Fully 3D-printed guitar instrument.,high,209,2020-11-19,main,https://imgur.com/gallery/8lY43kp,,https://youtube.com/watch?v=VPaLtD4prbI,https://www.makerprojectlab.com/dream-house-maker-update/
3D Printed Guitar,Joshendy via Hackaday,project,cosplay; led-costume; fashion,Lady Gaga LED costume from 2020 VMAs.,high,209,2020-11-19,main,https://hackaday.com/2020/11/14/illuminated-3d-printed-guitar-is-ready-to-rock/,,https://youtube.com/watch?v=VPaLtD4prbI,https://www.makerprojectlab.com/dream-house-maker-update/
Lady Gaga Halloween Costume,Techno Chic,project,costume; cosplay; sewing,Lady Gaga Halloween costume construction guide.,low,209,2020-11-19,main,https://www.instructables.com/Lady-Gaga-Cosplay-2020-VMAs-Halloween-Costume/,https://technochic.net/blogs/technochic-diy-projects/diy-lady-gaga-led-mask-from-the-2020-vmas?_pos=1&_sid=615e2222e&_ss=r,https://youtube.com/watch?v=VPaLtD4prbI,https://www.makerprojectlab.com/dream-house-maker-update/
SheProp YouTube Channel & Podcast,,project,3d-printing; pla; finishing; markers,Coloring 3D prints with alcohol-based markers.,high,209,2020-11-19,main,https://www.youtube.com/c/SheProp/videos,,https://youtube.com/watch?v=VPaLtD4prbI,https://www.makerprojectlab.com/dream-house-maker-update/
Coloring PLA 3D prints with alcohol-based markers,Geeky Faye Art,tip,workspace-organization,Tips for making in limited workshop space.,high,209,2020-11-19,main,https://www.youtube.com/watch?v=cvFcvzN1Kic,,https://youtube.com/watch?v=VPaLtD4prbI,https://www.makerprojectlab.com/dream-house-maker-update/
Tips for Projects in a Limited Workspace,,tip,3d-printing; belt-printer; continuous,Creality CR-30 3D print mill review.,high,209,2020-11-19,main,https://www.youtube.com/watch?v=jp2wZ4q68FQ&t=127s,,https://youtube.com/watch?v=VPaLtD4prbI,https://www.makerprojectlab.com/dream-house-maker-update/
Creality CR-30 3D Print Mill in action - 3D Printing Nerd,,tip,wood-finishing; whitewash,Five DIY whitewash finishes for wood.,high,209,2020-11-19,main,https://www.youtube.com/watch?v=T7pg-k28_RQ,,https://youtube.com/watch?v=VPaLtD4prbI,https://www.makerprojectlab.com/dream-house-maker-update/
5 DIY White Wash Finishes for Wood,Homemade Modern,tip,cutting-machine; scan-and-cut,Brother Scan and Cut machine review.,high,209,2020-11-19,main,https://www.youtube.com/watch?v=p5LrV5-aAdg,,https://youtube.com/watch?v=VPaLtD4prbI,https://www.makerprojectlab.com/dream-house-maker-update/
Quick Look: Brother Scan and Cut - Make: Workshop,,tip,electronics; assembly; pcb-service,Sparkfun ALC service for custom PCBs.,high,209,2020-11-19,main,https://www.youtube.com/watch?v=uV3SXQkgQ8s,,https://youtube.com/watch?v=VPaLtD4prbI,https://www.makerprojectlab.com/dream-house-maker-update/
Getting Started with Sparkfun's ALC Service - Shawn Hymel for DigiKey,,tip,sewing; mask; fit; pattern-adjustment,Adjusting face mask patterns for better fit.,high,209,2020-11-19,main,https://www.youtube.com/watch?v=cc7S4nZpc3Q,,https://youtube.com/watch?v=VPaLtD4prbI,https://www.makerprojectlab.com/dream-house-maker-update/
How to adjust sewn mask patterns for better fit,,tip,cosplay; 3d-printing; helmet,3D-printed Mandalorian helmet cosplay.,high,209,2020-11-19,main,https://www.youtube.com/watch?v=y2VjruBJjFM,,https://youtube.com/watch?v=VPaLtD4prbI,https://www.makerprojectlab.com/dream-house-maker-update/
CoreGeek Gold Mandalorian Helmet,,tip,sound-reactive; music; instrument; percussion,Electromechanical shaker and guiro instrument.,high,209,2020-11-19,main,https://www.youtube.com/watch?v=ive71w8VS2E,,https://youtube.com/watch?v=VPaLtD4prbI,https://www.makerprojectlab.com/dream-house-maker-update/
I Made An Electromechanical Shaker/Guiro out of a very modified bit of test equipment,,project,3d-printing; game-controller; hotas,3D-printed DualShock 4 flight stick.,high,208,2020-11-12,main,https://www.youtube.com/watch?v=VLroMYb-xH8,,https://youtube.com/watch?v=-7dJHyFiEow,https://www.makerprojectlab.com/counter-rhythm-maker-update/
3d printed DualShock 4 HOTAS,,project,electronics; indicator; camera; privacy,Shield camera and microphone privacy indicator.,high,208,2020-11-12,main,https://www.thingiverse.com/thing:4618312,,https://youtube.com/watch?v=-7dJHyFiEow,https://www.makerprojectlab.com/counter-rhythm-maker-update/
SHIELD Cam & Mic Indicator,,project,electronics; nerf-gun; light-gun,Nerf gun converted to video game light controller.,high,208,2020-11-12,main,https://www.instructables.com/SHIELD-Is-Someone-Watching-You/,,https://youtube.com/watch?v=-7dJHyFiEow,https://www.makerprojectlab.com/counter-rhythm-maker-update/
Nerf Light Gun Controller,,project,led; 3d-printing; vase; flower,LED-lit 3D-printed vase sculpture.,high,208,2020-11-12,main,https://www.instructables.com/Nerf-Light-Gun-Controller/,,https://youtube.com/watch?v=-7dJHyFiEow,https://www.makerprojectlab.com/counter-rhythm-maker-update/
Neopixel Vase,,project,electronics; console-teardown; ps5,PlayStation 5 controller teardown analysis.,high,208,2020-11-12,main,https://www.instructables.com/The-Neopixel-LED-Vase/,,https://youtube.com/watch?v=-7dJHyFiEow,https://www.makerprojectlab.com/counter-rhythm-maker-update/
PS5 Controller Teardown,,tip,cutting; circles; precision,Four methods for cutting perfect circles.,high,208,2020-11-12,main,https://www.youtube.com/watch?v=4rNITneXnCo,,https://youtube.com/watch?v=-7dJHyFiEow,https://www.makerprojectlab.com/counter-rhythm-maker-update/
"Cutting Perfect Circles, 4 methods",,tip,felt; textile,9mm polyester felt material for crafts.,high,208,2020-11-12,main,https://www.instructables.com/How-to-Cut-Circles-4-Methods/,,https://youtube.com/watch?v=-7dJHyFiEow,https://www.makerprojectlab.com/counter-rhythm-maker-update/
9mm PET Felt Material,,tip,robotics; motion; design-software,Motion Gen software for designing robot movement.,high,208,2020-11-12,main,https://www.youtube.com/watch?v=PbMyVUxYuTc,,https://youtube.com/watch?v=-7dJHyFiEow,https://www.makerprojectlab.com/counter-rhythm-maker-update/
Motion Gen - Designing Robotic Motions,,tip,cad; 3d-modeling; complex-shapes,Techniques for designing complex 3D geometries.,high,208,2020-11-12,main,https://motiongenpro.appspot.com/,,https://youtube.com/watch?v=-7dJHyFiEow,https://www.makerprojectlab.com/counter-rhythm-maker-update/
Designing for complex 3d shapes,,tip,kinetic-art; movement; sculpture; breathing,Astable oscillator breathing sculpture.,high,208,2020-11-12,main,https://youtu.be/2Gj2HqlANm4,,https://youtube.com/watch?v=-7dJHyFiEow,https://www.makerprojectlab.com/counter-rhythm-maker-update/
Astable Exhalation,Bornach,project,robotics; frog; flexible-pcb,Frog robot built from flexible printed circuit.,high,207,2020-11-05,main,https://hackaday.io/project/175570-astable-exhalation,,https://youtube.com/watch?v=es7cSl4Sjdc,https://www.makerprojectlab.com/deep-breath-maker-update/
FlexFrog Robot Frog Prototype made from a flexible PCB,Carl Bugeja,project,book-shelving; optical-illusion; led,Infinite library bookshelf with LED illusion.,high,207,2020-11-05,main,https://hackaday.io/project/175657-flexfrog,,https://youtube.com/watch?v=es7cSl4Sjdc,https://www.makerprojectlab.com/deep-breath-maker-update/
Making an Infinite Library in my Bookshelf,Nerdforge,project,led-art; geometry; textile,Half square triangles LED geometric art.,high,207,2020-11-05,main,https://youtu.be/oR80TuOCoic,,https://youtube.com/watch?v=es7cSl4Sjdc,https://www.makerprojectlab.com/deep-breath-maker-update/
Half Square Triangles LED Art,andrei.erdei,project,magnetic-craft; hat; 3d-printing,Magnetic hat decals and adornments.,high,207,2020-11-05,main,https://www.instructables.com/Half-Square-Triangles-LED-Art/,,https://youtube.com/watch?v=es7cSl4Sjdc,https://www.makerprojectlab.com/deep-breath-maker-update/
Magnetic Hat Decals,mikeasaurus,project,3d-printing; flexible-material,Underextruding technique for flexible prints.,high,207,2020-11-05,main,https://www.instructables.com/Magnetic-Hat-Decals/,,https://youtube.com/watch?v=es7cSl4Sjdc,https://www.makerprojectlab.com/deep-breath-maker-update/
"The ""Underextruding"" Technique for 3D Printing Flexible Fabrics",,tip,tool-review; vacuum; auto-switch,Tool Vac automatic dust collection switch.,high,207,2020-11-05,main,https://www.media.mit.edu/projects/defextiles/overview/,,https://youtube.com/watch?v=es7cSl4Sjdc,https://www.makerprojectlab.com/deep-breath-maker-update/
Tool Vac Auto Switch review,Sean Michael Ragan,tip,tool-review; vacuum; dust-collection; automation,Tool Vac automatic dust collection switch review.,high,207,2020-11-05,main,https://kk.org/cooltools/tool-vac-auto-switch/,,https://youtube.com/watch?v=es7cSl4Sjdc,https://www.makerprojectlab.com/deep-breath-maker-update/
Making a Perfect Table Top - The Easy Way,Laura Kampf,tip,woodworking; wood,How-to guide: Making a Perfect Table Top - The Easy Way. Laura Kampf's project.,high,207,2020-11-05,main,https://youtu.be/jycXYcFAigY,,https://youtube.com/watch?v=es7cSl4Sjdc,https://www.makerprojectlab.com/deep-breath-maker-update/
Remote Control Candy Dispenser Ghost,,project,foam-craft; halloween; adafruit,Remote Control Candy Dispenser Ghost.,high,206,2020-11-01,adafruit,https://learn.adafruit.com/ble-claw,,https://youtube.com/watch?v=2yRqJRdFEH8,https://www.makerprojectlab.com/ballot-dropper-maker-update-adafruit-edition/
Adafruit QT Py Activity Timer and Hydration Reminder,,project,arduino; adafruit,Adafruit QT Py Activity Timer and Hydration Reminder.,high,206,2020-11-01,adafruit,https://learn.adafruit.com/qt-py-activity-timer-and-hydration-reminder,,https://youtube.com/watch?v=2yRqJRdFEH8,https://www.makerprojectlab.com/ballot-dropper-maker-update-adafruit-edition/
Neopixel Frankenstein,,project,arduino; neopixel; halloween; adafruit,Neopixel Frankenstein.,high,206,2020-11-01,adafruit,https://learn.adafruit.com/neopixel-frankenstein,,https://youtube.com/watch?v=2yRqJRdFEH8,https://www.makerprojectlab.com/ballot-dropper-maker-update-adafruit-edition/
Matrix Portal RGB Display Handbag,,project,arduino; adafruit,Matrix Portal RGB Display Handbag.,high,206,2020-11-01,adafruit,https://learn.adafruit.com/matrix-portal-rgb-display-handbag,,https://youtube.com/watch?v=2yRqJRdFEH8,https://www.makerprojectlab.com/ballot-dropper-maker-update-adafruit-edition/
Color Mixing QT Py Cuff Bracelet,,project,arduino; adafruit,Color Mixing QT Py Cuff Bracelet.,high,206,2020-11-01,adafruit,https://learn.adafruit.com/color-mixing-qt-py-cuff,,https://youtube.com/watch?v=2yRqJRdFEH8,https://www.makerprojectlab.com/ballot-dropper-maker-update-adafruit-edition/
Pi Trash Classifier with Lobe,,project,adafruit; craft,Pi Trash Classifier with Lobe.,high,206,2020-11-01,adafruit,https://learn.adafruit.com/lobe-trash-classifier-machine-learning,,https://youtube.com/watch?v=2yRqJRdFEH8,https://www.makerprojectlab.com/ballot-dropper-maker-update-adafruit-edition/
The Great Search: M.2 “E Key” Connectors,,tip,robotics; soldering; adafruit,How-to guide: The Great Search: M.2 “E Key” Connectors.,high,206,2020-11-01,adafruit,https://youtu.be/x-5s5v1I3Rk,,https://youtube.com/watch?v=2yRqJRdFEH8,https://www.makerprojectlab.com/ballot-dropper-maker-update-adafruit-edition/
Adafruit Voice Bonnet,,tip,arduino; adafruit,How-to guide: Adafruit Voice Bonnet.,high,206,2020-11-01,adafruit,https://learn.adafruit.com/adafruit-voice-bonnet,,https://youtube.com/watch?v=2yRqJRdFEH8,https://www.makerprojectlab.com/ballot-dropper-maker-update-adafruit-edition/
How E-Ink Displays refresh,,tip,adafruit; howto,How-to guide: How E-Ink Displays refresh.,high,206,2020-11-01,adafruit,https://www.youtube.com/watch?v=FXIh4Ejwzaw,,https://youtube.com/watch?v=2yRqJRdFEH8,https://www.makerprojectlab.com/ballot-dropper-maker-update-adafruit-edition/
Adafruit QT Py and NeoPixel LEDs,,tip,arduino; neopixel; adafruit,How-to guide: Adafruit QT Py and NeoPixel LEDs.,high,206,2020-11-01,adafruit,https://learn.adafruit.com/qt-py-and-neopixel-leds,,https://youtube.com/watch?v=2yRqJRdFEH8,https://www.makerprojectlab.com/ballot-dropper-maker-update-adafruit-edition/
Gigantic pumpkin dispenses candy at the push of a button,Brankly,project,craft,Gigantic pumpkin dispenses candy at the push of a. Brankly's project.,high,205,2020-10-29,main,https://blog.arduino.cc/2020/10/21/gigantic-pumpkin-dispenses-candy-at-the-push-of-a-button/,,https://youtube.com/watch?v=yYigyEFckcA,https://www.makerprojectlab.com/hands-free-pumpkin-maker-update/
Making an EVA Foam Wig for Cosplay and Halloween!,Jen Schachter,project,fabric; sewing; foam-craft; cosplay; halloween,Making an EVA Foam Wig for Cosplay and Halloween!. Jen Schachter's project.,high,205,2020-10-29,main,https://youtu.be/wInlwbGet5A,,https://youtube.com/watch?v=yYigyEFckcA,https://www.makerprojectlab.com/hands-free-pumpkin-maker-update/
Project Discussion,,project,project-discussion,Project discussion and community chat video.,low,205,2020-10-29,main,https://youtu.be/EEgc5m5LWPk,,https://youtube.com/watch?v=yYigyEFckcA,https://www.makerprojectlab.com/hands-free-pumpkin-maker-update/
Little Halloween Glowing Ghost,Jiri Praus,project,foam-craft; halloween,Little Halloween Glowing Ghost. Jiri Praus's project.,high,205,2020-10-29,main,https://youtu.be/xe5E9Fbc9vo,,https://youtube.com/watch?v=yYigyEFckcA,https://www.makerprojectlab.com/hands-free-pumpkin-maker-update/
NoodleFeet is Cow Udders for Halloween 2020,Sarah Petkus,project,foam-craft; halloween,NoodleFeet is Cow Udders for Halloween 2020. Sarah Petkus's project.,high,205,2020-10-29,main,https://youtu.be/PnQaRgP7BLc,,https://youtube.com/watch?v=yYigyEFckcA,https://www.makerprojectlab.com/hands-free-pumpkin-maker-update/
How to Make Creepy Plaster Hand Casts for Halloween!,Kayte Sabicer,project,foam-craft; halloween,How to Make Creepy Plaster Hand Casts for Halloween!. Kayte Sabicer's project.,high,205,2020-10-29,main,https://youtu.be/12RwfqvTMZk,,https://youtube.com/watch?v=yYigyEFckcA,https://www.makerprojectlab.com/hands-free-pumpkin-maker-update/
"Tsugite, a software system for interactively designing and fabricating complex wooden joints",,tip,woodworking; wood; fabric; sewing; programming,"How-to guide: Tsugite, a software system for interactively designing.",high,205,2020-10-29,main,https://hackaday.com/2020/10/23/complex-wood-joints-thanks-to-new-softwares-interactive-features/,,https://youtube.com/watch?v=yYigyEFckcA,https://www.makerprojectlab.com/hands-free-pumpkin-maker-update/
Inside My Prototype Developer Tool Bag,Zack Freedman,tip,hand-tools; howto,How-to guide: Inside My Prototype Developer Tool Bag. Zack Freedman's project.,high,205,2020-10-29,main,https://youtu.be/Okl5-KfSZ4w,,https://youtube.com/watch?v=yYigyEFckcA,https://www.makerprojectlab.com/hands-free-pumpkin-maker-update/
LED Programming with Arduino and FastLED,Mirabelle Jones,tip,arduino; 3d-printing; programming,How-to guide: LED Programming with Arduino and FastLED. Mirabelle Jones's project.,high,205,2020-10-29,main,https://www.youtube.com/playlist?list=PL_tws4AXg7atkI8qUCpRBAhtGpEbTg3TA,,https://youtube.com/watch?v=yYigyEFckcA,https://www.makerprojectlab.com/hands-free-pumpkin-maker-update/
Meshmixer | How to fix holes in 3D models,Billie Ruben,tip,3d-printing; howto,How-to guide: Meshmixer | How to fix holes in 3D models. Billie Ruben's project.,high,205,2020-10-29,main,https://youtu.be/_NBm2GQqybk,,https://youtube.com/watch?v=yYigyEFckcA,https://www.makerprojectlab.com/hands-free-pumpkin-maker-update/
Adam Savage’s Favorite Tools: Wire Twisting Pliers!,,tip,soldering; hand-tools,How-to guide: Adam Savage’s Favorite Tools: Wire Twisting Pliers!.,high,205,2020-10-29,main,https://www.tested.com/making/916705-adam-savages-favorite-tools-wire-twisting-pliers/,,https://youtube.com/watch?v=yYigyEFckcA,https://www.makerprojectlab.com/hands-free-pumpkin-maker-update/
Star Wars Inspired Entertainment Center,I Like To Make Stuff,project,programming; cosplay,Star Wars Inspired Entertainment Center. I Like To Make Stuff's project.,high,204,2020-10-22,main,https://youtu.be/VxoV90loo4A,,https://youtube.com/watch?v=20tSip3ob-A,https://www.makerprojectlab.com/dont-forget-the-greeblies-maker-update/
I built my dog a selfie booth so she can take photos of herself,Simone Giertz,project,imaging; craft,I built my dog a selfie booth so she can take photos of. Simone Giertz's project.,high,204,2020-10-22,main,https://youtu.be/rvG6V_BXsTE,,https://youtube.com/watch?v=20tSip3ob-A,https://www.makerprojectlab.com/dont-forget-the-greeblies-maker-update/
Animatronic Cosplay Wing Mechanics,Honus,project,cosplay; craft,Animatronic Cosplay Wing Mechanics. Honus's project.,high,204,2020-10-22,main,https://www.instructables.com/Animatronic-Cosplay-Wing-Mechanics/,,https://youtube.com/watch?v=20tSip3ob-A,https://www.makerprojectlab.com/dont-forget-the-greeblies-maker-update/
Laura Kampf Makes a Coffee Grinder from Shop Junk,,project,craft,Laura Kampf Makes a Coffee Grinder from Shop Junk.,high,204,2020-10-22,main,https://youtu.be/-jrI5EC0n7k,,https://youtube.com/watch?v=20tSip3ob-A,https://www.makerprojectlab.com/dont-forget-the-greeblies-maker-update/
"Top 10 3D Printable Tools Every Maker Should, Like, Make",Zack Freedman,tip,3d-printing; woodworking; wood; hand-tools,"How-to guide: Top 10 3D Printable Tools Every Maker Should, Like,. Zack Freedman's project.",high,204,2020-10-22,main,https://youtu.be/1kG1D-e284A,,https://youtube.com/watch?v=20tSip3ob-A,https://www.makerprojectlab.com/dont-forget-the-greeblies-maker-update/
$80 Solid Titanium Crowbar From Russia,,tip,metalworking; howto,How-to guide: $80 Solid Titanium Crowbar From Russia.,high,204,2020-10-22,main,https://kk.org/cooltools/80-solid-titanium-crowbar-from-russia/,,https://youtube.com/watch?v=20tSip3ob-A,https://www.makerprojectlab.com/dont-forget-the-greeblies-maker-update/
Meshmixer | Getting Started,Billie Ruben,tip,3d-printing; kinetic-art,How-to guide: Meshmixer | Getting Started. Billie Ruben's project.,high,204,2020-10-22,main,https://youtu.be/BcPfXa5f3oU,,https://youtube.com/watch?v=20tSip3ob-A,https://www.makerprojectlab.com/dont-forget-the-greeblies-maker-update/
FastLED Basics Episode 1 - Getting started,,tip,arduino; 3d-printing; kinetic-art,How-to guide: FastLED Basics Episode 1 - Getting started.,high,204,2020-10-22,main,https://youtu.be/4Ut4UK7612M,Mask tutorial referenced in script: https://youtu.be/zYZkbfmCuEY,https://youtube.com/watch?v=20tSip3ob-A,https://www.makerprojectlab.com/dont-forget-the-greeblies-maker-update/
Adam Savage's Favorite Tools: Folding Rulers!,,tip,hand-tools; howto,How-to guide: Adam Savage's Favorite Tools: Folding Rulers!.,high,204,2020-10-22,main,https://www.tested.com/art/makers/916517-adam-savages-favorite-tools-folding-rulers/,,https://youtube.com/watch?v=20tSip3ob-A,https://www.makerprojectlab.com/dont-forget-the-greeblies-maker-update/
Adam Savage's Favorite Tools: Angle Finder!,,tip,hand-tools; howto,How-to guide: Adam Savage's Favorite Tools: Angle Finder!.,high,204,2020-10-22,main,https://www.tested.com/art/makers/916338-adam-savages-favorite-tools-angle-finder/,,https://youtube.com/watch?v=20tSip3ob-A,https://www.makerprojectlab.com/dont-forget-the-greeblies-maker-update/
Digital Angle Finder Review,,tip,tool-review; howto,How-to guide: Digital Angle Finder Review.,high,204,2020-10-22,main,https://youtu.be/Atsn0rel7ZA,,https://youtube.com/watch?v=20tSip3ob-A,https://www.makerprojectlab.com/dont-forget-the-greeblies-maker-update/
PIXIE - Chainable 5*7 Micro-LED Displays,,tip,arduino; programming,How-to guide: PIXIE - Chainable 5*7 Micro-LED Displays.,high,204,2020-10-22,main,https://www.tindie.com/products/connornishijima/pixie-chainable-dual-57-micro-led-displays/,,https://youtube.com/watch?v=20tSip3ob-A,https://www.makerprojectlab.com/dont-forget-the-greeblies-maker-update/
Mechanical-Digital Steel Ball Clock,Eric Nguyen,project,metalworking; craft,Mechanical-Digital Steel Ball Clock. Eric Nguyen's project.,high,203,2020-10-15,main,https://www.instructables.com/Mechanical-Digital-Steel-Ball-Clock/,,https://youtube.com/watch?v=6DN--DJ2cM0,https://www.makerprojectlab.com/dropping-the-ball-maker-update/
LED Cylon Scooter - 80s Larson Scanner,bekathwia,project,arduino; craft,LED Cylon Scooter - 80s Larson Scanner. bekathwia's project.,high,203,2020-10-15,main,https://www.instructables.com/LED-Cylon-Scooter-80s-Larson-Scanner/,,https://youtube.com/watch?v=6DN--DJ2cM0,https://www.makerprojectlab.com/dropping-the-ball-maker-update/
3D Printed Card Model Kits,Nakozen,project,3d-printing; craft,3D Printed Card Model Kits. Nakozen's project.,high,203,2020-10-15,main,https://www.thingiverse.com/search?q=nakozen+sprue&type=things&sort=relevant,,https://youtube.com/watch?v=6DN--DJ2cM0,https://www.makerprojectlab.com/dropping-the-ball-maker-update/
The Lil' Box of Life,Emily Velasco,project,craft,The Lil' Box of Life. Emily Velasco's project.,high,203,2020-10-15,main,https://youtu.be/utt3tJ99TU4,https://github.com/emilyvelasco/TVGOL,https://youtube.com/watch?v=6DN--DJ2cM0,https://www.makerprojectlab.com/dropping-the-ball-maker-update/
PixelMask,Build XYZ,project,foam-craft; craft,PixelMask. Build XYZ's project.,high,203,2020-10-15,main,https://www.buildxyz.xyz/pixelmask-covid-19-halloween-mask/,,https://youtube.com/watch?v=6DN--DJ2cM0,https://www.makerprojectlab.com/dropping-the-ball-maker-update/
How To Pick The Right Size Motor For Homemade / DIY Projects,Jeremy Fielding,tip,home-automation; howto,How-to guide: How To Pick The Right Size Motor For Homemade / DIY. Jeremy Fielding's project.,high,203,2020-10-15,main,https://youtu.be/64Ky4mJE7bU,,https://youtube.com/watch?v=6DN--DJ2cM0,https://www.makerprojectlab.com/dropping-the-ball-maker-update/
Best Pocket Tripod review,Tyler Winegarner,tip,tool-review; howto,How-to guide: Best Pocket Tripod review. Tyler Winegarner's project.,high,203,2020-10-15,main,https://youtu.be/4IJQyw0Hd4E,,https://youtube.com/watch?v=6DN--DJ2cM0,https://www.makerprojectlab.com/dropping-the-ball-maker-update/
Building a Video Deck in Two(ish) Days,Zack Freedman,tip,imaging; howto,How-to guide: Building a Video Deck in Two(ish) Days. Zack Freedman's project.,high,203,2020-10-15,main,https://youtu.be/72a85tWOJVY,,https://youtube.com/watch?v=6DN--DJ2cM0,https://www.makerprojectlab.com/dropping-the-ball-maker-update/
Light[s]well,Brian Harms,project,craft,Light[s]well. Brian Harms's project.,high,202,2020-10-08,main,https://www.nstrmnt.com/#/lightswell/,https://blog.arduino.cc/2020/09/30/lightswell-is-a-voice-controlled-custom-lighting-installation/,https://youtube.com/watch?v=46DrbPvRk-k,https://www.makerprojectlab.com/slice-of-light-maker-update/
Folding Bike,Laura Kampf,project,craft,Folding Bike. Laura Kampf's project.,high,202,2020-10-08,main,https://youtu.be/bxdSBVeseM8,,https://youtube.com/watch?v=46DrbPvRk-k,https://www.makerprojectlab.com/slice-of-light-maker-update/
3D Printed Hacker Console,Purkkaviritys,project,3d-printing; retro-tech,3D Printed Hacker Console. Purkkaviritys's project.,high,202,2020-10-08,main,https://hackaday.com/2020/10/01/3d-printed-video-terminal-dials-c-for-cyberpunk/,https://www.thingiverse.com/thing:4610186,https://youtube.com/watch?v=46DrbPvRk-k,https://www.makerprojectlab.com/slice-of-light-maker-update/
THOR Rh150 Split Head Hammer Hide 900G Size 2,,tip,hand-tools; howto,How-to guide: THOR Rh150 Split Head Hammer Hide 900G Size 2.,high,202,2020-10-08,main,https://kk.org/cooltools/thor-split-head-hammer/,,https://youtube.com/watch?v=46DrbPvRk-k,https://www.makerprojectlab.com/slice-of-light-maker-update/
Choosing the right RTC for your project,,tip,tool-review; howto,How-to guide: Choosing the right RTC for your project.,high,202,2020-10-08,main,https://hackaday.com/2020/09/30/choosing-the-right-rtc-for-your-project/,,https://youtube.com/watch?v=46DrbPvRk-k,https://www.makerprojectlab.com/slice-of-light-maker-update/
Tape Measure Basics,Make Build Modify,tip,hand-tools; howto,How-to guide: Tape Measure Basics. Make Build Modify's project.,high,202,2020-10-08,main,https://youtu.be/s8UzG9-qvNU,,https://youtube.com/watch?v=46DrbPvRk-k,https://www.makerprojectlab.com/slice-of-light-maker-update/
Adafruit October Edition of Maker Update,,tip,arduino; howto,How-to guide: Adafruit October Edition of Maker Update.,high,202,2020-10-08,main,https://youtu.be/yQRj66Gqp4s,,https://youtube.com/watch?v=46DrbPvRk-k,https://www.makerprojectlab.com/slice-of-light-maker-update/
MIDI Melody maker,,project,music; adafruit,MIDI Melody maker.,high,201,2020-10-06,adafruit,https://learn.adafruit.com/midi-melody-maker,,https://youtube.com/watch?v=yQRj66Gqp4s,https://www.makerprojectlab.com/midi-monster-mash-maker-update-adafruit-edition/
Matrix Portal Bonanza!,,project,arduino; adafruit,Matrix Portal Bonanza!.,high,201,2020-10-06,adafruit,https://learn.adafruit.com/adafruit-matrixportal-m4,,https://youtube.com/watch?v=yQRj66Gqp4s,https://www.makerprojectlab.com/midi-monster-mash-maker-update-adafruit-edition/
Matrix Portal Creature Eyes,,project,arduino; adafruit,Matrix Portal Creature Eyes.,high,201,2020-10-06,adafruit,https://learn.adafruit.com/matrix-portal-creature-eyes,,https://youtube.com/watch?v=yQRj66Gqp4s,https://www.makerprojectlab.com/midi-monster-mash-maker-update-adafruit-edition/
Halloween Countdown Clock,,project,foam-craft; halloween; adafruit,Halloween Countdown Clock.,high,201,2020-10-06,adafruit,https://learn.adafruit.com/halloween-countdown-display-matrix,,https://youtube.com/watch?v=yQRj66Gqp4s,https://www.makerprojectlab.com/midi-monster-mash-maker-update-adafruit-edition/
Matrix Portal Sand Handles,,project,arduino; adafruit,Matrix Portal Sand Handles.,high,201,2020-10-06,adafruit,https://learn.adafruit.com/matrix-portal-sand,,https://youtube.com/watch?v=yQRj66Gqp4s,https://www.makerprojectlab.com/midi-monster-mash-maker-update-adafruit-edition/
Neopixel LED Necklace,,project,arduino; neopixel; adafruit,Neopixel LED Necklace.,high,201,2020-10-06,adafruit,https://learn.adafruit.com/neopixel-led-necklace-insert-with-usb-charging,,https://youtube.com/watch?v=yQRj66Gqp4s,https://www.makerprojectlab.com/midi-monster-mash-maker-update-adafruit-edition/
BusyBox Interruption Sign,,project,adafruit; craft,BusyBox Interruption Sign.,high,201,2020-10-06,adafruit,https://learn.adafruit.com/busy-box-interruption-sign,,https://youtube.com/watch?v=yQRj66Gqp4s,https://www.makerprojectlab.com/midi-monster-mash-maker-update-adafruit-edition/
I Vote(d) Pin,,project,adafruit; craft,I Vote(d) Pin.,high,201,2020-10-06,adafruit,https://learn.adafruit.com/i-vote-d-pin,https://learn.adafruit.com/vote-keyboard; https://blog.adafruit.com/2020/07/07/new-guide-pyportal-us-election-calendar-adafruit-learning-system-circuitpython-pyportal-voting-adafruit/,https://youtube.com/watch?v=yQRj66Gqp4s,https://www.makerprojectlab.com/midi-monster-mash-maker-update-adafruit-edition/
Rock Paper Scissors Clue Game,,project,retro-tech; adafruit,Rock Paper Scissors Clue Game.,high,201,2020-10-06,adafruit,https://learn.adafruit.com/rock-paper-scissors-circuitpython,,https://youtube.com/watch?v=yQRj66Gqp4s,https://www.makerprojectlab.com/midi-monster-mash-maker-update-adafruit-edition/
Stemma Lego Baseplates,,tip,adafruit; howto,How-to guide: Stemma Lego Baseplates.,high,201,2020-10-06,adafruit,https://learn.adafruit.com/stemma-lego-base-plates,,https://youtube.com/watch?v=yQRj66Gqp4s,https://www.makerprojectlab.com/midi-monster-mash-maker-update-adafruit-edition/
Universal USB DC Solar Breakout,,tip,adafruit; howto,How-to guide: Universal USB DC Solar Breakout.,high,201,2020-10-06,adafruit,https://learn.adafruit.com/adafruit-bq24074-universal-usb-dc-solar-charger-breakout,,https://youtube.com/watch?v=yQRj66Gqp4s,https://www.makerprojectlab.com/midi-monster-mash-maker-update-adafruit-edition/
Neopixel Graphics with the FrameBuf library,,tip,arduino; neopixel; adafruit,How-to guide: Neopixel Graphics with the FrameBuf library.,high,201,2020-10-06,adafruit,https://learn.adafruit.com/easy-neopixel-graphics-with-the-circuitpython-pixel-framebuf-library,,https://youtube.com/watch?v=yQRj66Gqp4s,https://www.makerprojectlab.com/midi-monster-mash-maker-update-adafruit-edition/
Wooden Disc Player,jbumstead,project,woodworking; wood,Wooden Disc Player. jbumstead's project.,high,200,2020-10-01,main,https://www.instructables.com/id/Wooden-Disc-Player/,,https://youtube.com/watch?v=5oakaYeGsj8,https://www.makerprojectlab.com/binary-revolution-maker-update-200/
God's clock 64-bit binary counter Tauno Erik,,project,hand-tools; craft,God's clock 64-bit binary counter Tauno Erik.,high,200,2020-10-01,main,https://hackaday.io/project/175011-gods-clock,,https://youtube.com/watch?v=5oakaYeGsj8,https://www.makerprojectlab.com/binary-revolution-maker-update-200/
Accurate Apollo DSKY Replica,M.daSilva,project,craft,Accurate Apollo DSKY Replica. M.daSilva's project.,high,200,2020-10-01,main,https://hackaday.io/project/174524-accurate-apollo-dsky-replica,https://hackaday.com/2020/09/23/apollo-dsky-replica-looks-the-part/,https://youtube.com/watch?v=5oakaYeGsj8,https://www.makerprojectlab.com/binary-revolution-maker-update-200/
Creative sign making,Make Something,tip,tool-review; howto,How-to guide: Creative sign making. Make Something's project.,high,200,2020-10-01,main,https://youtu.be/tRagjHpF5fE,,https://youtube.com/watch?v=5oakaYeGsj8,https://www.makerprojectlab.com/binary-revolution-maker-update-200/
Thingiverse Competitor Called Thangs,,tip,arduino; 3d-printing,How-to guide: Thingiverse Competitor Called Thangs.,high,200,2020-10-01,main,https://thangs.com/,https://www.core77.com/posts/102035/A-Thingiverse-Competitor-Called-Thangs,https://youtube.com/watch?v=5oakaYeGsj8,https://www.makerprojectlab.com/binary-revolution-maker-update-200/
Gerber EAB Lite Pocket Knife,,tip,hand-tools; howto,How-to guide: Gerber EAB Lite Pocket Knife.,high,200,2020-10-01,main,https://kk.org/cooltools/smallest-utility-knife/,,https://youtube.com/watch?v=5oakaYeGsj8,https://www.makerprojectlab.com/binary-revolution-maker-update-200/
Adam Savage's Favorite Tools: Trammel Points and Rotape Beam Compass!,,tip,hand-tools; howto,How-to guide: Adam Savage's Favorite Tools: Trammel Points and Rotape.,high,200,2020-10-01,main,https://www.tested.com/art/makers/914304-adam-savages-favorite-tools-trammel-points-and-rotape-beam-compass/,,https://youtube.com/watch?v=5oakaYeGsj8,https://www.makerprojectlab.com/binary-revolution-maker-update-200/
"3D Printing a $10,000 Camera Arm",Alexandre Chappel,project,3d-printing; robotics; imaging,"3D Printing a $10,000 Camera Arm. Alexandre Chappel's project.",high,199,2020-09-24,main,https://www.youtube.com/watch?v=V9e9ZWflCQU,,https://youtube.com/watch?v=ongNzH9qbcw,https://www.makerprojectlab.com/pan-tilt-zoom-maker-update-199/
Animal Crossing Nova Light Clock,Charlyn Gonda,project,craft,Animal Crossing Nova Light Clock. Charlyn Gonda's project.,high,199,2020-09-24,main,https://charlyn.codes/ac-nova-light-clock/,,https://youtube.com/watch?v=ongNzH9qbcw,https://www.makerprojectlab.com/pan-tilt-zoom-maker-update-199/
Circuit Board Origami,Stephen Hawes,project,robotics; soldering,Circuit Board Origami. Stephen Hawes's project.,high,199,2020-09-24,main,https://www.youtube.com/watch?v=uk_gvd5PMLI,,https://youtube.com/watch?v=ongNzH9qbcw,https://www.makerprojectlab.com/pan-tilt-zoom-maker-update-199/
CNC Table Saw,Jeremy Fielding,project,woodworking; wood; metalworking; cnc; hand-tools,CNC Table Saw. Jeremy Fielding's project.,high,199,2020-09-24,main,https://www.youtube.com/watch?v=JEImn7s7x1o,,https://youtube.com/watch?v=ongNzH9qbcw,https://www.makerprojectlab.com/pan-tilt-zoom-maker-update-199/
Carving a Spoon from Firewood,Anne of All Trades,project,woodworking; wood,Carving a Spoon from Firewood. Anne of All Trades's project.,high,199,2020-09-24,main,https://www.youtube.com/watch?v=CqiSBhmw8-Q,,https://youtube.com/watch?v=ongNzH9qbcw,https://www.makerprojectlab.com/pan-tilt-zoom-maker-update-199/
Building a Musical Instrument Out Of Teeth,Simone Giertz,project,music; craft,Building a Musical Instrument Out Of Teeth. Simone Giertz's project.,high,199,2020-09-24,main,https://www.youtube.com/watch?v=83yXCMHGr9A,,https://youtube.com/watch?v=ongNzH9qbcw,https://www.makerprojectlab.com/pan-tilt-zoom-maker-update-199/
Half-Life: Alyx Grenade Prop Tape Measure,Punished Props,project,foam-craft; hand-tools,Half-Life: Alyx Grenade Prop Tape Measure. Punished Props's project.,high,199,2020-09-24,main,https://www.youtube.com/watch?v=pqnkX5em7f0,,https://youtube.com/watch?v=ongNzH9qbcw,https://www.makerprojectlab.com/pan-tilt-zoom-maker-update-199/
Modern Writing Desk w/ Cool Hinge,Laura Kampf,project,woodworking; wood,Modern Writing Desk w/ Cool Hinge. Laura Kampf's project.,high,199,2020-09-24,main,https://www.youtube.com/watch?v=L4qoTQWXVnY,,https://youtube.com/watch?v=ongNzH9qbcw,https://www.makerprojectlab.com/pan-tilt-zoom-maker-update-199/
Crank Shaft for a Model Steam Engine,Blondihacks,project,craft,Crank Shaft for a Model Steam Engine. Blondihacks's project.,high,199,2020-09-24,main,https://www.youtube.com/watch?v=K0ebn19zjiA,,https://youtube.com/watch?v=ongNzH9qbcw,https://www.makerprojectlab.com/pan-tilt-zoom-maker-update-199/
Annealing 3D Printed parts in plaster - CNC Kitchen,,tip,3d-printing; metalworking; cnc; foam-craft; kinetic-art,How-to guide: Annealing 3D Printed parts in plaster - CNC Kitchen.,high,199,2020-09-24,main,https://www.youtube.com/watch?v=bG8dlxTX3AI,,https://youtube.com/watch?v=ongNzH9qbcw,https://www.makerprojectlab.com/pan-tilt-zoom-maker-update-199/
11 Solutions for Tricky Clamping Situations,April Wilkerson,tip,hand-tools; howto,How-to guide: 11 Solutions for Tricky Clamping Situations. April Wilkerson's project.,high,199,2020-09-24,main,https://www.youtube.com/watch?v=O3xEYs9y9Ls,,https://youtube.com/watch?v=ongNzH9qbcw,https://www.makerprojectlab.com/pan-tilt-zoom-maker-update-199/
Strong Glues for Plastic,The Craftsman,tip,tool-review; howto,How-to guide: Strong Glues for Plastic. The Craftsman's project.,high,199,2020-09-24,main,https://www.youtube.com/watch?v=415PbkBeqw4,,https://youtube.com/watch?v=ongNzH9qbcw,https://www.makerprojectlab.com/pan-tilt-zoom-maker-update-199/
Best Adhesives for EVA Foam,Punished Props,tip,foam-craft; howto,How-to guide: Best Adhesives for EVA Foam. Punished Props's project.,high,199,2020-09-24,main,https://www.youtube.com/watch?v=9An0ZK1Oz8g,,https://youtube.com/watch?v=ongNzH9qbcw,https://www.makerprojectlab.com/pan-tilt-zoom-maker-update-199/
Adam Savage's One Day Builds: New Cut and Sew Station!,,tip,fabric; sewing,How-to guide: Adam Savage's One Day Builds: New Cut and Sew Station!.,high,199,2020-09-24,main,https://www.youtube.com/watch?v=BbrQ4OX-1-E,,https://youtube.com/watch?v=ongNzH9qbcw,https://www.makerprojectlab.com/pan-tilt-zoom-maker-update-199/
Paint booth upgrades from I Like to Make Stuff,,tip,programming; howto,How-to guide: Paint booth upgrades from I Like to Make Stuff.,high,199,2020-09-24,main,https://www.youtube.com/watch?v=X-FFDnAM3oo,,https://youtube.com/watch?v=ongNzH9qbcw,https://www.makerprojectlab.com/pan-tilt-zoom-maker-update-199/
Scrap Metal Storage Upgrade from Tyler Bell,,tip,metalworking; howto,How-to guide: Scrap Metal Storage Upgrade from Tyler Bell.,high,199,2020-09-24,main,https://www.youtube.com/watch?v=N5ZrULhZ6dQ,,https://youtube.com/watch?v=ongNzH9qbcw,https://www.makerprojectlab.com/pan-tilt-zoom-maker-update-199/
Painting Faux Wood made of foam from Monster Tutorials,,tip,woodworking; wood; foam-craft; programming,How-to guide: Painting Faux Wood made of foam from Monster Tutorials.,high,199,2020-09-24,main,https://www.youtube.com/watch?v=NOSmYMlBA0g,,https://youtube.com/watch?v=ongNzH9qbcw,https://www.makerprojectlab.com/pan-tilt-zoom-maker-update-199/
Monster Tutorials Channel,,tip,tool-review; howto,How-to guide: Monster Tutorials Channel.,high,199,2020-09-24,main,https://www.youtube.com/c/MonsterTutorials/videos?view=0&sort=dd&shelf_id=2,,https://youtube.com/watch?v=ongNzH9qbcw,https://www.makerprojectlab.com/pan-tilt-zoom-maker-update-199/
DIY Halloween Foam Coffin,Monster Tutorials,tip,foam-craft; halloween,How-to guide: DIY Halloween Foam Coffin. Monster Tutorials's project.,high,199,2020-09-24,main,https://www.youtube.com/watch?v=NOSmYMlBA0g,,https://youtube.com/watch?v=ongNzH9qbcw,https://www.makerprojectlab.com/pan-tilt-zoom-maker-update-199/
The Circadian Machine,Daric Gill,project,robotics; craft,The Circadian Machine. Daric Gill's project.,high,198,2020-09-17,main,https://dgillart.wordpress.com/2020/09/08/circadian-machine/,https://blog.adafruit.com/2020/09/09/new-interactive-light-sound-sculpture-shifts-time-by-daric-gill-studios-dgillstudios/,https://youtube.com/watch?v=tOf3mGb34Ek,https://www.makerprojectlab.com/circadian-sound-maker-update-198/
Timelapse Build video,,project,imaging; craft,Timelapse Build video.,high,198,2020-09-17,main,https://youtu.be/J3rv3q4Aqaw,,https://youtube.com/watch?v=tOf3mGb34Ek,https://www.makerprojectlab.com/circadian-sound-maker-update-198/
FLEXBALL - a Hundred Pixel Flexible PCB Ball With WiFi,moekoe,project,arduino; soldering,FLEXBALL - a Hundred Pixel Flexible PCB Ball With WiFi. moekoe's project.,high,198,2020-09-17,main,https://www.instructables.com/id/FLEXBALL-a-Hundred-Pixel-Flexible-PCB-Ball-With-Wi/,https://www.hackster.io/news/flexball-is-a-flexible-pcb-ball-with-100-leds-and-wifi-aa28c4ceeb32,https://youtube.com/watch?v=tOf3mGb34Ek,https://www.makerprojectlab.com/circadian-sound-maker-update-198/
"A Simple 3D Printed ""Walking"" Mechanism.",gzumwalt,project,3d-printing; robotics,"A Simple 3D Printed ""Walking"" Mechanism.. gzumwalt's project.",high,198,2020-09-17,main,https://www.instructables.com/id/A-Simple-3D-Printed-Walking-Mechanism/,,https://youtube.com/watch?v=tOf3mGb34Ek,https://www.makerprojectlab.com/circadian-sound-maker-update-198/
Adam Savage's One Day Builds: Thread Tapping Guide Block!,,tip,programming; howto,How-to guide: Adam Savage's One Day Builds: Thread Tapping Guide.,high,198,2020-09-17,main,https://www.tested.com/art/makers/913438-adam-savages-one-day-builds-thread-tapping-guide-block/,,https://youtube.com/watch?v=tOf3mGb34Ek,https://www.makerprojectlab.com/circadian-sound-maker-update-198/
How to Make Metal Rust Instantly,Make Something,tip,metalworking; howto,How-to guide: How to Make Metal Rust Instantly. Make Something's project.,high,198,2020-09-17,main,https://youtu.be/dA58Ar_9Gcw,,https://youtube.com/watch?v=tOf3mGb34Ek,https://www.makerprojectlab.com/circadian-sound-maker-update-198/
How to Use a Speed Square | the Basics,Woodbrew,tip,tool-review; howto,How-to guide: How to Use a Speed Square | the Basics. Woodbrew's project.,high,198,2020-09-17,main,https://www.instructables.com/id/How-to-Use-a-Speed-Square-the-Basics/,,https://youtube.com/watch?v=tOf3mGb34Ek,https://www.makerprojectlab.com/circadian-sound-maker-update-198/
How I tune in new filaments!,Thomas Sanladerer,tip,3d-printing; howto,How-to guide: How I tune in new filaments!. Thomas Sanladerer's project.,high,198,2020-09-17,main,https://youtu.be/FasWH3_gdlY,,https://youtube.com/watch?v=tOf3mGb34Ek,https://www.makerprojectlab.com/circadian-sound-maker-update-198/
Pangolin,Anouk Wipprecht,project,craft,Pangolin. Anouk Wipprecht's project.,high,197,2020-09-10,main,https://makezine.com/2020/08/31/driving-fashion-with-brain-waves-the-pangolin/,http://www.gtec.at/bci-fashion-tech-2020/,https://youtube.com/watch?v=Ff7-rIdCktw,https://www.makerprojectlab.com/servo-seamstress-maker-update-197/
NeuroSky MindWave Mobile Teardown + Customized EEG Headpiece,anoukwipprecht,project,wearables; craft,NeuroSky MindWave Mobile Teardown + Customized EEG. anoukwipprecht's project.,high,197,2020-09-10,main,https://www.instructables.com/id/NeuroSky-MindWave-Mobile-Teardown-to-customized-EE/,,https://youtube.com/watch?v=Ff7-rIdCktw,https://www.makerprojectlab.com/servo-seamstress-maker-update-197/
Hacking MindWave Mobile,,project,craft,Hacking MindWave Mobile.,high,197,2020-09-10,main,https://learn.sparkfun.com/tutorials/hackers-in-residence---hacking-mindwave-mobile,,https://youtube.com/watch?v=Ff7-rIdCktw,https://www.makerprojectlab.com/servo-seamstress-maker-update-197/
MyoWare Muscle Sensor Kit,,project,wearables; craft,MyoWare Muscle Sensor Kit.,high,197,2020-09-10,main,https://learn.sparkfun.com/tutorials/myoware-muscle-sensor-kit,,https://youtube.com/watch?v=Ff7-rIdCktw,https://www.makerprojectlab.com/servo-seamstress-maker-update-197/
Waldian a wall-hanging sound and light sculpture,Eirik Brandal,project,music; kinetic-art,Waldian a wall-hanging sound and light sculpture. Eirik Brandal's project.,high,197,2020-09-10,main,https://hackaday.io/project/174560-waldian,https://eirikbrandal.com/,https://youtube.com/watch?v=Ff7-rIdCktw,https://www.makerprojectlab.com/servo-seamstress-maker-update-197/
Light Up Spider-Man Lenses With Circuit Playground via Kieran Meadows,,project,arduino; robotics; imaging,Light Up Spider-Man Lenses With Circuit Playground via.,high,197,2020-09-10,main,http://www.kieranmeadows.co.uk/project_lenses.html,https://www.youtube.com/watch?v=dv3GG8XsF0U,https://youtube.com/watch?v=Ff7-rIdCktw,https://www.makerprojectlab.com/servo-seamstress-maker-update-197/
Solderless Wire Splice,,tip,soldering; howto,How-to guide: Solderless Wire Splice.,high,197,2020-09-10,main,https://kk.org/cooltools/solderless-wire-splicer/,,https://youtube.com/watch?v=Ff7-rIdCktw,https://www.makerprojectlab.com/servo-seamstress-maker-update-197/
Techniques and Strategies for Building Electronic Circuits,Leo Fernekes,tip,robotics; howto,How-to guide: Techniques and Strategies for Building Electronic. Leo Fernekes's project.,high,197,2020-09-10,main,https://youtu.be/vq968AFgPhg,https://hackaday.com/2020/05/24/ironclad-tips-for-copper-clad-prototyping/,https://youtube.com/watch?v=Ff7-rIdCktw,https://www.makerprojectlab.com/servo-seamstress-maker-update-197/
Raspberry Pi retro player,TeCoEd,tip,retro-tech; raspberry-pi,How-to guide: Raspberry Pi retro player. TeCoEd's project.,high,197,2020-09-10,main,https://www.raspberrypi.org/blog/raspberry-pi-retro-player/,,https://youtube.com/watch?v=Ff7-rIdCktw,https://www.makerprojectlab.com/servo-seamstress-maker-update-197/
Direct from Shenzhen – USB-C power supply,,tip,tool-review; howto,How-to guide: Direct from Shenzhen – USB-C power supply.,high,197,2020-09-10,main,https://hackspace.raspberrypi.org/articles/direct-from-shenzhen-usb-c-power-supply,,https://youtube.com/watch?v=Ff7-rIdCktw,https://www.makerprojectlab.com/servo-seamstress-maker-update-197/
An Autofeeding Screwdriver,,tip,tool-review; howto,How-to guide: An Autofeeding Screwdriver.,high,197,2020-09-10,main,https://www.core77.com/posts/101632/Cool-Tool-An-Autofeeding-Screwdriver,,https://youtube.com/watch?v=Ff7-rIdCktw,https://www.makerprojectlab.com/servo-seamstress-maker-update-197/
SHOOTING SCREWS THROUGH A FRAMING NAILER,Izzy Swan,tip,programming; howto,How-to guide: SHOOTING SCREWS THROUGH A FRAMING NAILER. Izzy Swan's project.,high,197,2020-09-10,main,https://youtu.be/HpJQpwZYXqI,,https://youtube.com/watch?v=Ff7-rIdCktw,https://www.makerprojectlab.com/servo-seamstress-maker-update-197/
Self-driving trash can controlled by Raspberry Pi,Ahad Cove,project,arduino; raspberry-pi,Self-driving trash can controlled by Raspberry Pi. Ahad Cove's project.,high,196,2020-09-03,main,https://www.raspberrypi.org/blog/self-driving-trash-can-controlled-by-raspberry-pi/,,https://youtube.com/watch?v=x7Uchcp2UiM,https://www.makerprojectlab.com/smart-garbage-maker-update-196/
Slack Status Updater With ESP8266,bekathwia,project,arduino; 3d-printing; esp32,Slack Status Updater With ESP8266. bekathwia's project.,high,196,2020-09-03,main,https://www.instructables.com/id/Slack-Status-Updater-With-ESP8266/,,https://youtube.com/watch?v=x7Uchcp2UiM,https://www.makerprojectlab.com/smart-garbage-maker-update-196/
Mollusca,Jiani Zeng,project,craft,Mollusca. Jiani Zeng's project.,high,196,2020-09-03,main,https://vimeo.com/403116454,,https://youtube.com/watch?v=x7Uchcp2UiM,https://www.makerprojectlab.com/smart-garbage-maker-update-196/
Folding 3D printed mechanisms,Federico Tobon,project,3d-printing; robotics,Folding 3D printed mechanisms. Federico Tobon's project.,high,196,2020-09-03,main,https://www.patreon.com/posts/41003741,https://www.prusaprinters.org/prints/39707-folding-mechanism-3d-printed-on-fabric,https://youtube.com/watch?v=x7Uchcp2UiM,https://www.makerprojectlab.com/smart-garbage-maker-update-196/
Back7.co Mil-Plastic Cyberdeck,,project,retro-tech; craft,Back7.co Mil-Plastic Cyberdeck.,high,196,2020-09-03,main,https://back7.co/home/back7co-mil-plastic,https://hackaday.com/2020/08/27/mil-spec-looks-without-defense-department-budget/; https://www.thingiverse.com/thing:4579460,https://youtube.com/watch?v=x7Uchcp2UiM,https://www.makerprojectlab.com/smart-garbage-maker-update-196/
MCP - Cassette player,Love Hulten,project,craft,MCP - Cassette player. Love Hulten's project.,high,196,2020-09-03,main,https://www.lovehulten.com/mcp.html,,https://youtube.com/watch?v=x7Uchcp2UiM,https://www.makerprojectlab.com/smart-garbage-maker-update-196/
Variable power for your projects,,tip,tool-review; howto,How-to guide: Variable power for your projects.,high,196,2020-09-03,main,https://hackspace.raspberrypi.org/articles/variable-power-for-your-projects,,https://youtube.com/watch?v=x7Uchcp2UiM,https://www.makerprojectlab.com/smart-garbage-maker-update-196/
Big Idea Design Titanium Pocket Bit review,Matt Stultz,tip,metalworking; hand-tools,How-to guide: Big Idea Design Titanium Pocket Bit review. Matt Stultz's project.,high,196,2020-09-03,main,https://kk.org/cooltools/edc-titanium-screwdriver/,,https://youtube.com/watch?v=x7Uchcp2UiM,https://www.makerprojectlab.com/smart-garbage-maker-update-196/
Folding paint rack for 25mm bottles,Feday,tip,programming; howto,How-to guide: Folding paint rack for 25mm bottles. Feday's project.,high,196,2020-09-03,main,https://www.prusaprinters.org/prints/32348-folding-paint-rack-for-25mm-bottles,,https://youtube.com/watch?v=x7Uchcp2UiM,https://www.makerprojectlab.com/smart-garbage-maker-update-196/
Solenoid Drum Kit,,project,music; adafruit,Solenoid Drum Kit.,high,195,2020-09-01,adafruit,https://learn.adafruit.com/midi-solenoid-drum-kit,,https://youtube.com/watch?v=JwMOcx1fIf4,https://www.makerprojectlab.com/drum-break-maker-update-195-adafruit-edition/
Automatic On-Air Sign,,project,programming; adafruit,Automatic On-Air Sign.,high,195,2020-09-01,adafruit,https://learn.adafruit.com/rgb-matrix-automatic-youtube-on-air-sign,,https://youtube.com/watch?v=JwMOcx1fIf4,https://www.makerprojectlab.com/drum-break-maker-update-195-adafruit-edition/
Lego Neon NeoPixel Sign,,project,arduino; neopixel; adafruit,Lego Neon NeoPixel Sign.,high,195,2020-09-01,adafruit,https://learn.adafruit.com/lego-neon-sign,,https://youtube.com/watch?v=JwMOcx1fIf4,https://www.makerprojectlab.com/drum-break-maker-update-195-adafruit-edition/
DIY Robotic Sky Tracking Astrophotography Mount,,project,robotics; imaging; adafruit,DIY Robotic Sky Tracking Astrophotography Mount.,high,195,2020-09-01,adafruit,https://learn.adafruit.com/diy-robotic-sky-tracking-astrophotography-mount/parts-and-tools,,https://youtube.com/watch?v=JwMOcx1fIf4,https://www.makerprojectlab.com/drum-break-maker-update-195-adafruit-edition/
PyRuler Video Chat Panic Button,,project,imaging; adafruit,PyRuler Video Chat Panic Button.,high,195,2020-09-01,adafruit,https://learn.adafruit.com/PyRulerVideoPanic,,https://youtube.com/watch?v=JwMOcx1fIf4,https://www.makerprojectlab.com/drum-break-maker-update-195-adafruit-edition/
PyPortal voting calendar,,project,arduino; adafruit,PyPortal voting calendar.,high,195,2020-09-01,adafruit,https://learn.adafruit.com/pyportal-electioncal-us,,https://youtube.com/watch?v=JwMOcx1fIf4,https://www.makerprojectlab.com/drum-break-maker-update-195-adafruit-edition/
EYE SHOOTOUT: Contrasting Open Source and Big Retail Electronics,,tip,robotics; programming; adafruit,How-to guide: EYE SHOOTOUT: Contrasting Open Source and Big Retail.,high,195,2020-09-01,adafruit,https://learn.adafruit.com/eye-shootout-contrasting-open-source-and-big-retail-electronics,,https://youtube.com/watch?v=JwMOcx1fIf4,https://www.makerprojectlab.com/drum-break-maker-update-195-adafruit-edition/
Raspberry Pi HQ Camera Lenses,,tip,imaging; raspberry-pi; adafruit,How-to guide: Raspberry Pi HQ Camera Lenses.,high,195,2020-09-01,adafruit,https://learn.adafruit.com/raspberry-pi-hq-camera-lenses,,https://youtube.com/watch?v=JwMOcx1fIf4,https://www.makerprojectlab.com/drum-break-maker-update-195-adafruit-edition/
Adafruit MicroSD SPI or SDIO Card Breakout Board,,tip,arduino; adafruit,How-to guide: Adafruit MicroSD SPI or SDIO Card Breakout Board.,high,195,2020-09-01,adafruit,https://learn.adafruit.com/adafruit-microsd-spi-sdio,,https://youtube.com/watch?v=JwMOcx1fIf4,https://www.makerprojectlab.com/drum-break-maker-update-195-adafruit-edition/
The Encouragement Machine,JBV Creative,project,craft,The Encouragement Machine. JBV Creative's project.,high,194,2020-08-27,main,https://hackaday.com/2020/08/18/encouragement-machine-battles-your-inner-bully/,,https://youtube.com/watch?v=muphgh0BiKM,https://www.makerprojectlab.com/you-cant-do-it-maker-update-194/
Hyper Light Drifter Stat Tracker,Albert Phan,project,craft,Hyper Light Drifter Stat Tracker. Albert Phan's project.,high,194,2020-08-27,main,https://hackaday.io/project/174090-hyper-light-drifter-stat-tracker,,https://youtube.com/watch?v=muphgh0BiKM,https://www.makerprojectlab.com/you-cant-do-it-maker-update-194/
Wearable Sanitizer,MIT Media Lab,project,wearables; craft,Wearable Sanitizer. MIT Media Lab's project.,high,194,2020-08-27,main,https://www.media.mit.edu/projects/wearable-sanitizer/overview/,https://www.hackster.io/news/this-mit-designed-wearable-hand-sanitizer-dispenser-will-keep-you-germ-free-0c4ad72e6f6e; https://github.com/mitmedialab/Wearable-Sanitizer,https://youtube.com/watch?v=muphgh0BiKM,https://www.makerprojectlab.com/you-cant-do-it-maker-update-194/
Mini Burning Man Home Burn Kit,Bryan Serinese,project,craft,Mini Burning Man Home Burn Kit. Bryan Serinese's project.,high,194,2020-08-27,main,https://www.instructables.com/id/Mini-Burning-Man-Home-Burn-Kit/,,https://youtube.com/watch?v=muphgh0BiKM,https://www.makerprojectlab.com/you-cant-do-it-maker-update-194/
Balsa Man,Trammell Hudson,project,craft,Balsa Man. Trammell Hudson's project.,high,194,2020-08-27,main,https://www.thingiverse.com/thing:3078950,,https://youtube.com/watch?v=muphgh0BiKM,https://www.makerprojectlab.com/you-cant-do-it-maker-update-194/
Hand-Stitched Keycaps,Billie Ruben,tip,tool-review; howto,How-to guide: Hand-Stitched Keycaps. Billie Ruben's project.,high,194,2020-08-27,main,https://hackaday.com/2020/08/21/hand-stitched-keycaps-for-truly-luxurious-typing/,,https://youtube.com/watch?v=muphgh0BiKM,https://www.makerprojectlab.com/you-cant-do-it-maker-update-194/
Punch Drunk Part 3: Transfer Punches,Sean Michael Ragan,tip,hand-tools; kinetic-art,How-to guide: Punch Drunk Part 3: Transfer Punches. Sean Michael Ragan's project.,high,194,2020-08-27,main,https://kk.org/cooltools/punch-drunk-part-3-transfer-punches/,,https://youtube.com/watch?v=muphgh0BiKM,https://www.makerprojectlab.com/you-cant-do-it-maker-update-194/
SmartLED Shield for Teensy 4,Pixelmatix,tip,arduino; kinetic-art,How-to guide: SmartLED Shield for Teensy 4. Pixelmatix's project.,high,194,2020-08-27,main,https://www.crowdsupply.com/pixelmatix/smartled-shield-for-teensy-4/,,https://youtube.com/watch?v=muphgh0BiKM,https://www.makerprojectlab.com/you-cant-do-it-maker-update-194/
3D Printed Pneumatic Actuators,Suzimori Endo Lab,tip,3d-printing; robotics,How-to guide: 3D Printed Pneumatic Actuators. Suzimori Endo Lab's project.,high,194,2020-08-27,main,https://youtu.be/HS893g-pH1M,,https://youtube.com/watch?v=muphgh0BiKM,https://www.makerprojectlab.com/you-cant-do-it-maker-update-194/
Peopoly Phenom L SLA 3D Printer Review,,tip,3d-printing; howto,How-to guide: Peopoly Phenom L SLA 3D Printer Review.,high,194,2020-08-27,main,https://www.tested.com/tech/3d-printing/911256-tested-peopoly-phenom-l-sla-3d-printer-review/,,https://youtube.com/watch?v=muphgh0BiKM,https://www.makerprojectlab.com/you-cant-do-it-maker-update-194/
Top 10 Ways to Cut Metal - Without an Angle Grinder!,Yonatan24,tip,metalworking; howto,How-to guide: Top 10 Ways to Cut Metal - Without an Angle Grinder!. Yonatan24's project.,high,194,2020-08-27,main,https://www.instructables.com/id/Top-10-Ways-to-Cut-Metal-Without-an-Angle-Grinder/,,https://youtube.com/watch?v=muphgh0BiKM,https://www.makerprojectlab.com/you-cant-do-it-maker-update-194/
Mask Launcher,Allen Pan,project,foam-craft; craft,Mask Launcher. Allen Pan's project.,high,193,2020-08-20,main,https://youtu.be/pa6BlJlrL-k,,https://youtube.com/watch?v=Rfn0obYECkQ,https://www.makerprojectlab.com/mad-mask-maker-update-193/
Star Wars Book Nook Diorama Build!,Norm Chan,project,foam-craft; cosplay,Star Wars Book Nook Diorama Build!. Norm Chan's project.,high,193,2020-08-20,main,https://www.tested.com/art/makers/910752-star-wars-book-nook-diorama-build/,,https://youtube.com/watch?v=Rfn0obYECkQ,https://www.makerprojectlab.com/mad-mask-maker-update-193/
How To Make a Star Wars Action Figure Diorama,Norm Chan,project,foam-craft; cosplay,How To Make a Star Wars Action Figure Diorama. Norm Chan's project.,high,193,2020-08-20,main,https://www.tested.com/art/makers/910789-how-make-star-wars-action-figure-diorama/,,https://youtube.com/watch?v=Rfn0obYECkQ,https://www.makerprojectlab.com/mad-mask-maker-update-193/
FlexBot,Carl Bugeja,project,craft,FlexBot. Carl Bugeja's project.,high,193,2020-08-20,main,https://hackaday.io/project/174265-flexbot,(https://twitter.com/BugejaCarl/status/1293077558800658432?s=03),https://youtube.com/watch?v=Rfn0obYECkQ,https://www.makerprojectlab.com/mad-mask-maker-update-193/
Mini Star Wars Arcade Game,Jamie McShan,project,robotics; retro-tech; cosplay,Mini Star Wars Arcade Game. Jamie McShan's project.,high,193,2020-08-20,main,https://hackaday.com/2020/08/12/miniature-star-wars-arcade-lets-you-blow-up-the-death-star-on-the-go/,,https://youtube.com/watch?v=Rfn0obYECkQ,https://www.makerprojectlab.com/mad-mask-maker-update-193/
DeWalt Welding Table vs. Harbor Freight,,tip,woodworking; wood; metalworking,How-to guide: DeWalt Welding Table vs. Harbor Freight.,high,193,2020-08-20,main,https://kk.org/cooltools/dewalt-welding-table-vs-harbor-freight/,,https://youtube.com/watch?v=Rfn0obYECkQ,https://www.makerprojectlab.com/mad-mask-maker-update-193/
Adam Savage's Favorite Tools: Best Hot Glue Gun!,,tip,hand-tools; howto,How-to guide: Adam Savage's Favorite Tools: Best Hot Glue Gun!.,high,193,2020-08-20,main,https://www.tested.com/art/makers/910611-adam-savages-favorite-tools-best-hot-glue-gun/,,https://youtube.com/watch?v=Rfn0obYECkQ,https://www.makerprojectlab.com/mad-mask-maker-update-193/
My Cool Tools review of the FastenMaster,,tip,hand-tools; howto,How-to guide: My Cool Tools review of the FastenMaster.,high,193,2020-08-20,main,https://youtu.be/XUxyjFphWZk,,https://youtube.com/watch?v=Rfn0obYECkQ,https://www.makerprojectlab.com/mad-mask-maker-update-193/
Painting Plywood Edges,Design Craft Workshop,tip,woodworking; wood; programming,How-to guide: Painting Plywood Edges. Design Craft Workshop's project.,high,193,2020-08-20,main,https://www.instructables.com/id/Painting-Plywood-Edges/,,https://youtube.com/watch?v=Rfn0obYECkQ,https://www.makerprojectlab.com/mad-mask-maker-update-193/
3D Printed High Torque Gearbox,Brian Brocken,tip,3d-printing; howto,How-to guide: 3D Printed High Torque Gearbox. Brian Brocken's project.,high,193,2020-08-20,main,https://hackaday.io/project/173854-3d-printed-high-torque-servogearbox-version-2,https://hackaday.com/2020/08/13/a-high-torque-gearbox-you-can-print-at-home/; https://www.thingiverse.com/thing:4547703,https://youtube.com/watch?v=Rfn0obYECkQ,https://www.makerprojectlab.com/mad-mask-maker-update-193/
Kinetic Driver,Giaco Whatever,tip,kinetic-art; howto,How-to guide: Kinetic Driver. Giaco Whatever's project.,high,193,2020-08-20,main,https://www.kickstarter.com/projects/1496249101/kinetic-driver,,https://youtube.com/watch?v=Rfn0obYECkQ,https://www.makerprojectlab.com/mad-mask-maker-update-193/
Wrap Text in Fusion 360 using Emboss,,tip,tool-review; howto,How-to guide: Wrap Text in Fusion 360 using Emboss.,high,193,2020-08-20,main,https://youtu.be/Taymf_INu_U,https://youtu.be/aAjhTFxi2_w,https://youtube.com/watch?v=Rfn0obYECkQ,https://www.makerprojectlab.com/mad-mask-maker-update-193/
Making a Magic Witch's Broom,Make Anything,project,craft,Making a Magic Witch's Broom. Make Anything's project.,high,192,2020-08-13,main,https://youtu.be/8I-eUvV-u8I,,https://youtube.com/watch?v=gzSXwv50tAc,https://www.makerprojectlab.com/witchcraft-maker-update-192/
Orrery – a laser cut wood project,Zhao,project,woodworking; wood; laser-cutting,Orrery – a laser cut wood project. Zhao's project.,high,192,2020-08-13,main,https://eleccelerator.com/orrery-laser-cut-wood-project/,https://eleccelerator.com/files/orrery_spin_tiny.mp4,https://youtube.com/watch?v=gzSXwv50tAc,https://www.makerprojectlab.com/witchcraft-maker-update-192/
Custom Starburst Digits,Mangus Tiranus,project,craft,Custom Starburst Digits. Mangus Tiranus's project.,high,192,2020-08-13,main,https://hackaday.io/project/174193-custom-starburst-digits,https://youtu.be/8Z4wVTcbU8Q,https://youtube.com/watch?v=gzSXwv50tAc,https://www.makerprojectlab.com/witchcraft-maker-update-192/
ThreadPlotter,"Shiqing He, and Eytan Adar",project,craft,"ThreadPlotter. Shiqing He, and Eytan Adar's project.",high,192,2020-08-13,main,https://github.com/LiciaHe/threadPlotter,,https://youtube.com/watch?v=gzSXwv50tAc,https://www.makerprojectlab.com/witchcraft-maker-update-192/
The Moving OLOID - a Different Pet in Different Times,lopal,project,craft,The Moving OLOID - a Different Pet in Different Times. lopal's project.,high,192,2020-08-13,main,https://www.instructables.com/id/The-Moving-OLOID-a-Different-Pet-in-Different-Time/,,https://youtube.com/watch?v=gzSXwv50tAc,https://www.makerprojectlab.com/witchcraft-maker-update-192/
Heartree,Helen Kwok & Israel Carter,project,kinetic-art; craft,Heartree. Helen Kwok & Israel Carter's project.,high,192,2020-08-13,main,http://shakethatbutton.com/heartree/,,https://youtube.com/watch?v=gzSXwv50tAc,https://www.makerprojectlab.com/witchcraft-maker-update-192/
Organize your cables in a closet shoe organizer,,tip,tool-review; howto,How-to guide: Organize your cables in a closet shoe organizer.,high,192,2020-08-13,main,https://techpod.content.town/episodes/46-the-suborbitable-caterpillar,,https://youtube.com/watch?v=gzSXwv50tAc,https://www.makerprojectlab.com/witchcraft-maker-update-192/
Adam Savage's One Day Builds: Lathe Chuck Rolling Rack!,,tip,woodworking; wood,How-to guide: Adam Savage's One Day Builds: Lathe Chuck Rolling.,high,192,2020-08-13,main,https://www.tested.com/art/makers/910360-adam-savages-one-day-builds-lathe-chuck-rolling-rack/,,https://youtube.com/watch?v=gzSXwv50tAc,https://www.makerprojectlab.com/witchcraft-maker-update-192/
"The next ""BIG"" thing: Prusa Mini review!",Thomas Sanladerer,tip,3d-printing; howto,"How-to guide: The next ""BIG"" thing: Prusa Mini review!. Thomas Sanladerer's project.",high,192,2020-08-13,main,https://youtu.be/Ce4oluQxyc0,,https://youtube.com/watch?v=gzSXwv50tAc,https://www.makerprojectlab.com/witchcraft-maker-update-192/
Spring Tools Double Punch review,Sean Michael Ragan,tip,hand-tools; howto,How-to guide: Spring Tools Double Punch review. Sean Michael Ragan's project.,high,192,2020-08-13,main,https://youtu.be/dxr4uo0eTm4,,https://youtube.com/watch?v=gzSXwv50tAc,https://www.makerprojectlab.com/witchcraft-maker-update-192/
Print-In-Place Spring Loaded Box,Turbo_SunShine,tip,tool-review; howto,How-to guide: Print-In-Place Spring Loaded Box. Turbo_SunShine's project.,high,192,2020-08-13,main,https://www.thingiverse.com/thing:4382544,,https://youtube.com/watch?v=gzSXwv50tAc,https://www.makerprojectlab.com/witchcraft-maker-update-192/
Water Pump With 4 Different Turbines,LetsPrintYT,tip,retro-tech; howto,How-to guide: Water Pump With 4 Different Turbines. LetsPrintYT's project.,high,192,2020-08-13,main,https://www.thingiverse.com/thing:4382059,,https://youtube.com/watch?v=gzSXwv50tAc,https://www.makerprojectlab.com/witchcraft-maker-update-192/
Wobble Sphere,Robin Baumgarten,project,craft,Wobble Sphere. Robin Baumgarten's project.,high,191,2020-08-06,main,https://wobblylabs.com/projects/wobblesphere,https://www.hackster.io/news/though-it-looks-like-covid-19-there-s-no-need-to-fear-come-and-play-with-the-wobble-sphere-f46e6be882b9,https://youtube.com/watch?v=YvN7oPAYxrM,https://www.makerprojectlab.com/touchy-subject-maker-update-191/
PongMate CyberCannon Mark III,Grant Galloway,project,robotics; craft,PongMate CyberCannon Mark III. Grant Galloway's project.,high,191,2020-08-06,main,https://www.instructables.com/id/PongMate-CyberCannon-Mark-III/,https://www.hackster.io/news/you-ll-never-lose-another-game-of-beer-pong-thanks-to-this-arm-mounted-cannon-48fefcb0fb5e,https://youtube.com/watch?v=YvN7oPAYxrM,https://www.makerprojectlab.com/touchy-subject-maker-update-191/
Underground Drinks Cooler,Well Done Tips,project,craft,Underground Drinks Cooler. Well Done Tips's project.,high,191,2020-08-06,main,https://www.instructables.com/id/Underground-Drinks-Cooler/,,https://youtube.com/watch?v=YvN7oPAYxrM,https://www.makerprojectlab.com/touchy-subject-maker-update-191/
The Internet Controlled Bubble Machine,8BitsAndAByte,project,arduino; craft,The Internet Controlled Bubble Machine. 8BitsAndAByte's project.,high,191,2020-08-06,main,https://www.instructables.com/id/The-Internet-Controlled-Bubble-Machine/,,https://youtube.com/watch?v=YvN7oPAYxrM,https://www.makerprojectlab.com/touchy-subject-maker-update-191/
Simple folding table with wooden hinges,Laura Kampf,project,woodworking; wood,Simple folding table with wooden hinges. Laura Kampf's project.,high,191,2020-08-06,main,https://youtu.be/tQfZhdyXJ54,,https://youtube.com/watch?v=YvN7oPAYxrM,https://www.makerprojectlab.com/touchy-subject-maker-update-191/
Adam Savage's Favorite Tools: Safety Goggles!,,tip,hand-tools; howto,How-to guide: Adam Savage's Favorite Tools: Safety Goggles!.,high,191,2020-08-06,main,https://www.tested.com/art/makers/910118-adam-savages-favorite-tools-safety-goggles/,,https://youtube.com/watch?v=YvN7oPAYxrM,https://www.makerprojectlab.com/touchy-subject-maker-update-191/
3M Virtua Safety Glasses & Earplugs,,tip,tool-review; howto,How-to guide: 3M Virtua Safety Glasses & Earplugs.,high,191,2020-08-06,main,https://youtu.be/ViXoGnAUSqo,,https://youtube.com/watch?v=YvN7oPAYxrM,https://www.makerprojectlab.com/touchy-subject-maker-update-191/
Leatherman Free P4 reviewed,Matt Stultz,tip,fabric; sewing,How-to guide: Leatherman Free P4 reviewed. Matt Stultz's project.,high,191,2020-08-06,main,https://kk.org/cooltools/a-leatherman-you-can-open-single-handed/,,https://youtube.com/watch?v=YvN7oPAYxrM,https://www.makerprojectlab.com/touchy-subject-maker-update-191/
Amazon Echo Frames Teardown,,tip,tool-review; howto,How-to guide: Amazon Echo Frames Teardown.,high,191,2020-08-06,main,https://youtu.be/V4O-SvFd1GM,,https://youtube.com/watch?v=YvN7oPAYxrM,https://www.makerprojectlab.com/touchy-subject-maker-update-191/
Making a two part Silicone Mold: Advanced Technique,Eric Strebel,tip,kinetic-art; howto,How-to guide: Making a two part Silicone Mold: Advanced Technique. Eric Strebel's project.,high,191,2020-08-06,main,https://youtu.be/mM0BoVD1b_s,,https://youtube.com/watch?v=YvN7oPAYxrM,https://www.makerprojectlab.com/touchy-subject-maker-update-191/
Maker Update #190 (Adafruit Edition),,tip,arduino; howto,How-to guide: Maker Update #190 (Adafruit Edition).,high,191,2020-08-06,main,https://youtu.be/AT6E3XgeZcY,,https://youtube.com/watch?v=YvN7oPAYxrM,https://www.makerprojectlab.com/touchy-subject-maker-update-191/
Key Proximity Tracker,,project,adafruit; craft,Key Proximity Tracker.,high,190,2020-08-03,adafruit,https://learn.adafruit.com/bluetooth-restroom-key-proximity-tracker,,https://youtube.com/watch?v=AT6E3XgeZcY,https://www.makerprojectlab.com/keyed-in-maker-update-190-adafruit-edition/
Glowing Capacitive Touch Piano,,project,music; adafruit,Glowing Capacitive Touch Piano.,high,190,2020-08-03,adafruit,https://learn.adafruit.com/glowing-bottle-castle-and-capacitive-touch-piano,,https://youtube.com/watch?v=AT6E3XgeZcY,https://www.makerprojectlab.com/keyed-in-maker-update-190-adafruit-edition/
Pixel Chase Game,,project,retro-tech; adafruit,Pixel Chase Game.,high,190,2020-08-03,adafruit,https://learn.adafruit.com/pixel-chase-game,,https://youtube.com/watch?v=AT6E3XgeZcY,https://www.makerprojectlab.com/keyed-in-maker-update-190-adafruit-edition/
Lucio Blaser 2020 edition,,project,laser-cutting; adafruit,Lucio Blaser 2020 edition.,high,190,2020-08-03,adafruit,https://learn.adafruit.com/lucio-blaster-2020-circuitpython-advanced-prop-making,,https://youtube.com/watch?v=AT6E3XgeZcY,https://www.makerprojectlab.com/keyed-in-maker-update-190-adafruit-edition/
PyPortal Roku Remote,,project,arduino; adafruit,PyPortal Roku Remote.,high,190,2020-08-03,adafruit,https://learn.adafruit.com/pyportal-roku-remote,,https://youtube.com/watch?v=AT6E3XgeZcY,https://www.makerprojectlab.com/keyed-in-maker-update-190-adafruit-edition/
Vote Keyboard,,tip,adafruit; howto,How-to guide: Vote Keyboard.,high,190,2020-08-03,adafruit,https://learn.adafruit.com/vote-keyboard,,https://youtube.com/watch?v=AT6E3XgeZcY,https://www.makerprojectlab.com/keyed-in-maker-update-190-adafruit-edition/
Perma-Proto Feather Case,,tip,adafruit; howto,How-to guide: Perma-Proto Feather Case.,high,190,2020-08-03,adafruit,https://learn.adafruit.com/permaproto-feather-case,,https://youtube.com/watch?v=AT6E3XgeZcY,https://www.makerprojectlab.com/keyed-in-maker-update-190-adafruit-edition/
74HC595 Shift Register,,tip,adafruit; howto,How-to guide: 74HC595 Shift Register.,high,190,2020-08-03,adafruit,https://learn.adafruit.com/74hc595,,https://youtube.com/watch?v=AT6E3XgeZcY,https://www.makerprojectlab.com/keyed-in-maker-update-190-adafruit-edition/
VK-01 Off World Bartender,Donald Bell,project,kinetic-art; craft,VK-01 Off World Bartender. Donald Bell's project.,high,189,2020-07-30,main,https://www.instructables.com/id/VK-01-Off-World-Bartender/,,https://youtube.com/watch?v=na5wh3XJJXg,https://www.makerprojectlab.com/fog-cutter-maker-update-189/
Sinusoidal Noise,Kai Lab,project,craft,Sinusoidal Noise. Kai Lab's project.,high,189,2020-07-30,main,https://kailaboratory.com/sinusoidal-noise,https://www.instagram.com/p/CC8ek_xFli5/; https://www.instagram.com/p/CCTHy66FXk_/,https://youtube.com/watch?v=na5wh3XJJXg,https://www.makerprojectlab.com/fog-cutter-maker-update-189/
Neon Pixels,Pierre Muth,project,craft,Neon Pixels. Pierre Muth's project.,high,189,2020-07-30,main,https://hackaday.com/2020/07/23/384-neon-bulbs-become-attractive-display/,https://pierremuth.wordpress.com/2020/07/08/neon-pixel/,https://youtube.com/watch?v=na5wh3XJJXg,https://www.makerprojectlab.com/fog-cutter-maker-update-189/
Mechanical 7 Segment Display,indoorgeek,project,craft,Mechanical 7 Segment Display. indoorgeek's project.,high,189,2020-07-30,main,https://www.instructables.com/id/Mechanical-7-Segment-Display/,,https://youtube.com/watch?v=na5wh3XJJXg,https://www.makerprojectlab.com/fog-cutter-maker-update-189/
"Levitation, a 3D Printed Automaton Illusion",gzumwalt,project,3d-printing; robotics,"Levitation, a 3D Printed Automaton Illusion. gzumwalt's project.",high,189,2020-07-30,main,https://www.instructables.com/id/Levitation-a-3D-Printed-Automaton-Illusion/,,https://youtube.com/watch?v=na5wh3XJJXg,https://www.makerprojectlab.com/fog-cutter-maker-update-189/
DiResta Push Stick Development,,tip,tool-review; howto,How-to guide: DiResta Push Stick Development.,high,189,2020-07-30,main,https://youtu.be/E-V2TrXMk0g,,https://youtube.com/watch?v=na5wh3XJJXg,https://www.makerprojectlab.com/fog-cutter-maker-update-189/
Adam Savage's Favorite Tools: Ratchet and Socket Set!,,tip,hand-tools; howto,How-to guide: Adam Savage's Favorite Tools: Ratchet and Socket Set!.,high,189,2020-07-30,main,https://www.tested.com/art/makers/909821-adam-savages-favorite-tools-ratchet-and-socket-set/,,https://youtube.com/watch?v=na5wh3XJJXg,https://www.makerprojectlab.com/fog-cutter-maker-update-189/
5 Common Connectors and How to Handle Them!,,tip,soldering; howto,How-to guide: 5 Common Connectors and How to Handle Them!.,high,189,2020-07-30,main,https://youtu.be/KfLrBR8DP8g,,https://youtube.com/watch?v=na5wh3XJJXg,https://www.makerprojectlab.com/fog-cutter-maker-update-189/
Touch Light Hand Loupe,,tip,tool-review; howto,How-to guide: Touch Light Hand Loupe.,high,189,2020-07-30,main,https://youtu.be/z6Wl6M9lmnQ,,https://youtube.com/watch?v=na5wh3XJJXg,https://www.makerprojectlab.com/fog-cutter-maker-update-189/
Re-positioning casters,SeeJaneDrill,tip,tool-review; howto,How-to guide: Re-positioning casters. SeeJaneDrill's project.,high,189,2020-07-30,main,https://youtu.be/YjPzjTi-xy0,,https://youtube.com/watch?v=na5wh3XJJXg,https://www.makerprojectlab.com/fog-cutter-maker-update-189/
5 Weird Tools from Izzy Swan,,tip,hand-tools; howto,How-to guide: 5 Weird Tools from Izzy Swan.,high,189,2020-07-30,main,https://youtu.be/oJqNxjMrb2I,,https://youtube.com/watch?v=na5wh3XJJXg,https://www.makerprojectlab.com/fog-cutter-maker-update-189/
I made a robot to cut my hair with scissors,Shane Wighton,project,robotics; programming,I made a robot to cut my hair with scissors. Shane Wighton's project.,high,188,2020-07-23,main,https://youtu.be/7zBrbdU_y0s,https://hackaday.com/2020/07/14/a-robotic-stylist-for-your-lockdown-lengthened-locks/,https://youtube.com/watch?v=wIAC44UqgEg,https://www.makerprojectlab.com/servo-salon-maker-update-188/
The Atomic TV,The Garage Journal,project,craft,The Atomic TV. The Garage Journal's project.,high,188,2020-07-23,main,https://youtu.be/PUcWXzSy7yk,,https://youtube.com/watch?v=wIAC44UqgEg,https://www.makerprojectlab.com/servo-salon-maker-update-188/
Ray Gun With Sound Effects V2,lonesoulsurfer,project,music; craft,Ray Gun With Sound Effects V2. lonesoulsurfer's project.,high,188,2020-07-23,main,https://www.instructables.com/id/Ray-Gun-With-Sound-Effects-V2/,,https://youtube.com/watch?v=wIAC44UqgEg,https://www.makerprojectlab.com/servo-salon-maker-update-188/
Zoom Meetings Physical Mute Button,elliotmade,project,craft,Zoom Meetings Physical Mute Button. elliotmade's project.,high,188,2020-07-23,main,https://www.instructables.com/id/Zoom-Meetings-Physical-Mute-Button/,,https://youtube.com/watch?v=wIAC44UqgEg,https://www.makerprojectlab.com/servo-salon-maker-update-188/
"Incra 12"" Marking Rule Set",,tip,tool-review; howto,"How-to guide: Incra 12"" Marking Rule Set.",high,188,2020-07-23,main,https://kk.org/cooltools/best-precision-marking-ruler-set/,,https://youtube.com/watch?v=wIAC44UqgEg,https://www.makerprojectlab.com/servo-salon-maker-update-188/
Print-in-Place PCB Holder/Gripper created,SunShine,tip,soldering; howto,How-to guide: Print-in-Place PCB Holder/Gripper created. SunShine's project.,high,188,2020-07-23,main,https://hackaday.com/2020/07/15/printed-it-print-in-place-pcb-gripper/,,https://youtube.com/watch?v=wIAC44UqgEg,https://www.makerprojectlab.com/servo-salon-maker-update-188/
Articulated finger extensions,JulienJeanroy,tip,kinetic-art; howto,How-to guide: Articulated finger extensions. JulienJeanroy's project.,high,188,2020-07-23,main,https://www.thingiverse.com/thing:4342323,https://youtu.be/gaZWjItCFYg,https://youtube.com/watch?v=wIAC44UqgEg,https://www.makerprojectlab.com/servo-salon-maker-update-188/
Skeleton skin for my Articulated finger extensions,JulienJeanroy,tip,kinetic-art; howto,How-to guide: Skeleton skin for my Articulated finger extensions. JulienJeanroy's project.,high,188,2020-07-23,main,https://www.thingiverse.com/thing:4391928,https://youtu.be/NpBUuZ4EfRY,https://youtube.com/watch?v=wIAC44UqgEg,https://www.makerprojectlab.com/servo-salon-maker-update-188/
Missile Switch Cover,ProDo5,tip,tool-review; howto,How-to guide: Missile Switch Cover. ProDo5's project.,high,188,2020-07-23,main,https://www.thingiverse.com/thing:4206096,,https://youtube.com/watch?v=wIAC44UqgEg,https://www.makerprojectlab.com/servo-salon-maker-update-188/
Parametric Hinge,Danebae,tip,woodworking; wood,How-to guide: Parametric Hinge. Danebae's project.,high,188,2020-07-23,main,https://www.thingiverse.com/thing:4345322,,https://youtube.com/watch?v=wIAC44UqgEg,https://www.makerprojectlab.com/servo-salon-maker-update-188/
Building a Cedar Strip Canoe in 30 Days,Xyla Foxlin,project,woodworking; wood,Building a Cedar Strip Canoe in 30 Days. Xyla Foxlin's project.,high,187,2020-07-16,main,https://www.youtube.com/watch?v=mWvIqGlFhIo&feature=youtu.be,,https://youtube.com/watch?v=k8m0CiOn42I,https://www.makerprojectlab.com/maker-update-187/
DIY Machines CNC drawing machine,,project,metalworking; cnc; retro-tech,DIY Machines CNC drawing machine.,high,187,2020-07-16,main,https://www.youtube.com/watch?v=XYqx5wg4oLU,,https://youtube.com/watch?v=k8m0CiOn42I,https://www.makerprojectlab.com/maker-update-187/
3D Printed Hive Lamp,tlevis on Instructables,project,3d-printing; craft,3D Printed Hive Lamp. tlevis on Instructables's project.,high,187,2020-07-16,main,https://www.instructables.com/id/Hive-Lamp/,,https://youtube.com/watch?v=k8m0CiOn42I,https://www.makerprojectlab.com/maker-update-187/
Impossible Origami Folding Door,Jonny Builds on YouTube,project,craft,Impossible Origami Folding Door. Jonny Builds on YouTube's project.,high,187,2020-07-16,main,https://www.youtube.com/watch?v=XnNk647Ko0E,,https://youtube.com/watch?v=k8m0CiOn42I,https://www.makerprojectlab.com/maker-update-187/
Warwick Turvey's Folding Door w/NFC Lock,,project,craft,Warwick Turvey's Folding Door w/NFC Lock.,high,187,2020-07-16,main,https://www.instagram.com/p/B3WJtK7Hn4v/,,https://youtube.com/watch?v=k8m0CiOn42I,https://www.makerprojectlab.com/maker-update-187/
Making a Simple Potting Bench from iliketomakestuff,,project,craft,Making a Simple Potting Bench from iliketomakestuff.,high,187,2020-07-16,main,https://iliketomakestuff.com/making-a-simple-potting-bench/,,https://youtube.com/watch?v=k8m0CiOn42I,https://www.makerprojectlab.com/maker-update-187/
Star Wars Death Star Corridor Figure Diorama,,project,foam-craft; cosplay,Star Wars Death Star Corridor Figure Diorama.,high,187,2020-07-16,main,https://www.youtube.com/watch?v=R7LGexbvOKE,,https://youtube.com/watch?v=k8m0CiOn42I,https://www.makerprojectlab.com/maker-update-187/
Cricut Maker Joy Storage,ijessup,project,cricut; craft,Cricut Maker Joy Storage. ijessup's project.,high,187,2020-07-16,main,https://www.youtube.com/watch?v=lHcOKa8_P-k,,https://youtube.com/watch?v=k8m0CiOn42I,https://www.makerprojectlab.com/maker-update-187/
How to Build an Outdoor Folding Chair,Get Hands Dirty,project,woodworking; wood; programming,How to Build an Outdoor Folding Chair. Get Hands Dirty's project.,high,187,2020-07-16,main,https://www.youtube.com/watch?v=IpksTpYD_QU,,https://youtube.com/watch?v=k8m0CiOn42I,https://www.makerprojectlab.com/maker-update-187/
Doweling jig,Get Hands Dirty,tip,woodworking; wood,How-to guide: Doweling jig. Get Hands Dirty's project.,high,187,2020-07-16,main,https://www.youtube.com/watch?v=IpksTpYD_QU,,https://youtube.com/watch?v=k8m0CiOn42I,https://www.makerprojectlab.com/maker-update-187/
Simple Branding Iron,Laura Kampf,tip,tool-review; howto,How-to guide: Simple Branding Iron. Laura Kampf's project.,high,187,2020-07-16,main,https://www.youtube.com/watch?v=7l9l4PN18n4,,https://youtube.com/watch?v=k8m0CiOn42I,https://www.makerprojectlab.com/maker-update-187/
DIY Custom Rubber Stamps,,tip,tool-review; howto,How-to guide: DIY Custom Rubber Stamps.,high,187,2020-07-16,main,https://www.youtube.com/watch?v=15lOKAq0SF0,,https://youtube.com/watch?v=k8m0CiOn42I,https://www.makerprojectlab.com/maker-update-187/
Maker Channel Spotlight: Jeremy Fielding,,tip,tool-review; howto,How-to guide: Maker Channel Spotlight: Jeremy Fielding.,high,187,2020-07-16,main,https://www.youtube.com/watch?v=-puYg4p-AkM,https://www.youtube.com/playlist?list=PL4njCTv7IRbxIdFCId8ZsOnAwWU6hnlZJ,https://youtube.com/watch?v=k8m0CiOn42I,https://www.makerprojectlab.com/maker-update-187/
Poison Ivy Dog Robot,Sciencish,project,robotics; craft,Poison Ivy Dog Robot. Sciencish's project.,high,186,2020-07-09,main,https://youtu.be/gm-EslOemfE,,https://youtube.com/watch?v=ogrI7kvDk2w,https://www.makerprojectlab.com/housebreaking-your-robot-maker-update-186/
Auto PetFeeder,gilian13,project,craft,Auto PetFeeder. gilian13's project.,high,186,2020-07-09,main,https://www.instructables.com/id/Auto-PetFeeder/,,https://youtube.com/watch?v=ogrI7kvDk2w,https://www.makerprojectlab.com/housebreaking-your-robot-maker-update-186/
GPAGD (General Purpose Automatic Grain Dispenser),gtsianak,project,programming; craft,GPAGD (General Purpose Automatic Grain Dispenser). gtsianak's project.,high,186,2020-07-09,main,https://www.thingiverse.com/thing:2953499,,https://youtube.com/watch?v=ogrI7kvDk2w,https://www.makerprojectlab.com/housebreaking-your-robot-maker-update-186/
How to Make a Sword,Essential Craftsman,project,metalworking; craft,How to Make a Sword. Essential Craftsman's project.,high,186,2020-07-09,main,https://youtu.be/YI9uI_x3Y-o,,https://youtube.com/watch?v=ogrI7kvDk2w,https://www.makerprojectlab.com/housebreaking-your-robot-maker-update-186/
Maker Update #185 Adafruit Edition,,tip,arduino; howto,How-to guide: Maker Update #185 Adafruit Edition.,high,186,2020-07-09,main,https://youtu.be/ktj7Z1UW_HI,,https://youtube.com/watch?v=ogrI7kvDk2w,https://www.makerprojectlab.com/housebreaking-your-robot-maker-update-186/
"Adam Savage's Favorite Tools: 4"" Calipers",,tip,hand-tools; howto,"How-to guide: Adam Savage's Favorite Tools: 4"" Calipers.",high,186,2020-07-09,main,https://www.tested.com/art/makers/909038-adam-savages-favorite-tools-4-calipers/,,https://youtube.com/watch?v=ogrI7kvDk2w,https://www.makerprojectlab.com/housebreaking-your-robot-maker-update-186/
Best Task Light for Tools,,tip,hand-tools; howto,How-to guide: Best Task Light for Tools.,high,186,2020-07-09,main,https://kk.org/cooltools/best-task-light-for-tools/,,https://youtube.com/watch?v=ogrI7kvDk2w,https://www.makerprojectlab.com/housebreaking-your-robot-maker-update-186/
Displaying Patterns on an Irregular LED Matrix,Scott Marley,tip,arduino; neopixel,How-to guide: Displaying Patterns on an Irregular LED Matrix. Scott Marley's project.,high,186,2020-07-09,main,https://youtu.be/zYZkbfmCuEY,,https://youtube.com/watch?v=ogrI7kvDk2w,https://www.makerprojectlab.com/housebreaking-your-robot-maker-update-186/
3D Printing Basics: When things go wrong!,,tip,3d-printing; howto,How-to guide: 3D Printing Basics: When things go wrong!.,high,186,2020-07-09,main,https://youtu.be/R-CMotQ-nqI,,https://youtube.com/watch?v=ogrI7kvDk2w,https://www.makerprojectlab.com/housebreaking-your-robot-maker-update-186/
RGB Matrix Slot Machine,,project,adafruit; craft,RGB Matrix Slot Machine.,high,185,2020-07-06,adafruit,https://learn.adafruit.com/rgb-matrix-slot-machine,,https://youtube.com/watch?v=ktj7Z1UW_HI,https://www.makerprojectlab.com/are-friends-electric-maker-update-185-adafruit-edition/
Pathfinder Robot Companion,,project,robotics; adafruit,Pathfinder Robot Companion.,high,185,2020-07-06,adafruit,https://learn.adafruit.com/pathfinder,,https://youtube.com/watch?v=ktj7Z1UW_HI,https://www.makerprojectlab.com/are-friends-electric-maker-update-185-adafruit-edition/
No-Sew Cotton Face Mask with a Window,,project,fabric; sewing; foam-craft; adafruit,No-Sew Cotton Face Mask with a Window.,high,185,2020-07-06,adafruit,https://learn.adafruit.com/no-sew-cotton-face-mask-with-a-window,,https://youtube.com/watch?v=ktj7Z1UW_HI,https://www.makerprojectlab.com/are-friends-electric-maker-update-185-adafruit-edition/
Blinka Jump Pybadge Game,,project,arduino; retro-tech; adafruit,Blinka Jump Pybadge Game.,high,185,2020-07-06,adafruit,https://learn.adafruit.com/blinka-jump-pybadge-game,,https://youtube.com/watch?v=ktj7Z1UW_HI,https://www.makerprojectlab.com/are-friends-electric-maker-update-185-adafruit-edition/
Circuit Playground Bluefruit Automatic Bike Brake Light,,project,arduino; robotics; adafruit,Circuit Playground Bluefruit Automatic Bike Brake.,high,185,2020-07-06,adafruit,https://learn.adafruit.com/circuit-playground-bluefruit-brake-light,,https://youtube.com/watch?v=ktj7Z1UW_HI,https://www.makerprojectlab.com/are-friends-electric-maker-update-185-adafruit-edition/
"Adafruit 1.3"" Color TFT Bonnet for Raspberry Pi",,tip,arduino; raspberry-pi; adafruit,"How-to guide: Adafruit 1.3"" Color TFT Bonnet for Raspberry Pi.",high,185,2020-07-06,adafruit,https://learn.adafruit.com/adafruit-1-3-color-tft-bonnet-for-raspberry-pi,,https://youtube.com/watch?v=ktj7Z1UW_HI,https://www.makerprojectlab.com/are-friends-electric-maker-update-185-adafruit-edition/
Raspberry Pi HQ Camera Case,,tip,imaging; raspberry-pi; adafruit,How-to guide: Raspberry Pi HQ Camera Case.,high,185,2020-07-06,adafruit,https://learn.adafruit.com/raspberry-pi-hq-camera-case,,https://youtube.com/watch?v=ktj7Z1UW_HI,https://www.makerprojectlab.com/are-friends-electric-maker-update-185-adafruit-edition/
First TileMap game with Circuitpython,,tip,arduino; robotics; retro-tech; programming; adafruit,How-to guide: First TileMap game with Circuitpython.,high,185,2020-07-06,adafruit,https://learn.adafruit.com/creating-your-first-tilemap-game-with-circuitpython,,https://youtube.com/watch?v=ktj7Z1UW_HI,https://www.makerprojectlab.com/are-friends-electric-maker-update-185-adafruit-edition/
Sand Drawing Robot,Ivan Miranda,project,robotics; craft,Sand Drawing Robot. Ivan Miranda's project.,high,184,2020-07-02,main,https://youtu.be/i6IIcoQ3-C0,https://www.core77.com/posts/100381/Ivan-Mirandas-Sand-Drawing-Robot,https://youtube.com/watch?v=xAj3_eYhM34,https://www.makerprojectlab.com/beachcomber-maker-update-184/
Making the Blue Spirit Mask from Avatar,I Like to Make Stuff,project,foam-craft; craft,Making the Blue Spirit Mask from Avatar. I Like to Make Stuff's project.,high,184,2020-07-02,main,https://youtu.be/1LNn-zuF2lw,,https://youtube.com/watch?v=xAj3_eYhM34,https://www.makerprojectlab.com/beachcomber-maker-update-184/
Electric Thrush,rabbitcreek,project,craft,Electric Thrush. rabbitcreek's project.,high,184,2020-07-02,main,https://www.instructables.com/id/Electric-Thrush/,,https://youtube.com/watch?v=xAj3_eYhM34,https://www.makerprojectlab.com/beachcomber-maker-update-184/
Building a custom scissor lamp,Simone Giertz,project,craft,Building a custom scissor lamp. Simone Giertz's project.,high,184,2020-07-02,main,https://youtu.be/fUq7htzSmGY,,https://youtube.com/watch?v=xAj3_eYhM34,https://www.makerprojectlab.com/beachcomber-maker-update-184/
LED strip repair kit -3pin,BlinkinLabs,tip,arduino; programming,How-to guide: LED strip repair kit -3pin. BlinkinLabs's project.,high,184,2020-07-02,main,https://www.tindie.com/products/blinkinlabs/led-strip-repair-kit-3pin/,,https://youtube.com/watch?v=xAj3_eYhM34,https://www.makerprojectlab.com/beachcomber-maker-update-184/
Adam Savage's Favorite Tools: Heavy Duty Bearing Swivel,,tip,hand-tools; howto,How-to guide: Adam Savage's Favorite Tools: Heavy Duty Bearing.,high,184,2020-07-02,main,https://www.tested.com/art/makers/908461-adam-savages-favorite-tools-heavy-duty-bearing-swivel/,,https://youtube.com/watch?v=xAj3_eYhM34,https://www.makerprojectlab.com/beachcomber-maker-update-184/
Dupont Connectors - Quickly and easily make your own,DIY Machines,tip,soldering; howto,How-to guide: Dupont Connectors - Quickly and easily make your own. DIY Machines's project.,high,184,2020-07-02,main,https://youtu.be/jET1QTP1B7c,,https://youtube.com/watch?v=xAj3_eYhM34,https://www.makerprojectlab.com/beachcomber-maker-update-184/
Best Raspberry Pi HATs: Expansion Boards for Every Project,,tip,raspberry-pi; howto,How-to guide: Best Raspberry Pi HATs: Expansion Boards for Every.,high,184,2020-07-02,main,https://www.tomshardware.com/best-picks/best-raspberry-pi-hats,,https://youtube.com/watch?v=xAj3_eYhM34,https://www.makerprojectlab.com/beachcomber-maker-update-184/
Which Step Drill Bit is Best?,Project Farm,tip,hand-tools; howto,How-to guide: Which Step Drill Bit is Best?. Project Farm's project.,high,184,2020-07-02,main,https://youtu.be/nGbMQul6_Bc,https://www.getrevue.co/profile/garethbranwyn/issues/gareth-s-tips-tools-and-shop-tales-issue-52-257676,https://youtube.com/watch?v=xAj3_eYhM34,https://www.makerprojectlab.com/beachcomber-maker-update-184/
Makita Ultra-Magnetic Torsion Insert Bit Holder,,tip,hand-tools; howto,How-to guide: Makita Ultra-Magnetic Torsion Insert Bit Holder.,high,184,2020-07-02,main,https://youtu.be/PiNZM9df6Bg,,https://youtube.com/watch?v=xAj3_eYhM34,https://www.makerprojectlab.com/beachcomber-maker-update-184/
Bikelangelo: the Graffiti Maker Bike,sagarrabanana,project,craft,Bikelangelo: the Graffiti Maker Bike. sagarrabanana's project.,high,183,2020-06-25,main,https://www.instructables.com/id/Bikelangelo-the-Graffiti-Maker-Bike/,,https://youtube.com/watch?v=V1zzTUGfbSw,https://www.makerprojectlab.com/bike-messenger-maker-update-183/
Arduino Barrel Piano,gabbapeople,project,arduino; music,Arduino Barrel Piano. gabbapeople's project.,high,183,2020-06-25,main,https://www.instructables.com/id/Arduino-Barrel-Piano/,,https://youtube.com/watch?v=V1zzTUGfbSw,https://www.makerprojectlab.com/bike-messenger-maker-update-183/
Related: Optical Drum Machine,John Park,project,music; craft,Related: Optical Drum Machine. John Park's project.,high,183,2020-06-25,main,https://learn.adafruit.com/spinning-disc-step-sequencer/overview,,https://youtube.com/watch?v=V1zzTUGfbSw,https://www.makerprojectlab.com/bike-messenger-maker-update-183/
Electronic Connect Four (arduino),Kelly Bodeman and Jack Whelan,project,arduino; craft,Electronic Connect Four (arduino). Kelly Bodeman and Jack Whelan's project.,high,183,2020-06-25,main,https://www.instructables.com/id/Electronic-Connect-Four-arduino/,https://youtu.be/iOVdD7y2BZc?t=431,https://youtube.com/watch?v=V1zzTUGfbSw,https://www.makerprojectlab.com/bike-messenger-maker-update-183/
Fiber Optic Star Ceiling | Music Reactive,Centas,project,music; craft,Fiber Optic Star Ceiling | Music Reactive. Centas's project.,high,183,2020-06-25,main,https://www.instructables.com/id/Fiber-Optic-Star-Ceiling-Music-Reactive/,,https://youtube.com/watch?v=V1zzTUGfbSw,https://www.makerprojectlab.com/bike-messenger-maker-update-183/
Safe Box with Lockable Door,ragde54,project,craft,Safe Box with Lockable Door. ragde54's project.,high,183,2020-06-25,main,https://www.thingiverse.com/thing:4460465,,https://youtube.com/watch?v=V1zzTUGfbSw,https://www.makerprojectlab.com/bike-messenger-maker-update-183/
Making R2-D2 Part 4 // Electronics & Remote Control,Bob Clagett,tip,kinetic-art; howto,How-to guide: Making R2-D2 Part 4 // Electronics & Remote Control. Bob Clagett's project.,high,183,2020-06-25,main,https://youtu.be/qlDWWugFml8,,https://youtube.com/watch?v=V1zzTUGfbSw,https://www.makerprojectlab.com/bike-messenger-maker-update-183/
Adam Savage's Favorite Tools: Essential Shop Rags!,,tip,hand-tools; howto,How-to guide: Adam Savage's Favorite Tools: Essential Shop Rags!.,high,183,2020-06-25,main,https://www.tested.com/art/makers/908212-adam-savages-favorite-tools-essential-shop-rags/,,https://youtube.com/watch?v=V1zzTUGfbSw,https://www.makerprojectlab.com/bike-messenger-maker-update-183/
BuildTak BT30185 Spatula Review,,tip,tool-review; howto,How-to guide: BuildTak BT30185 Spatula Review.,high,183,2020-06-25,main,https://youtu.be/3SB7yfKWlGw,,https://youtube.com/watch?v=V1zzTUGfbSw,https://www.makerprojectlab.com/bike-messenger-maker-update-183/
"3D Modeling ""Lazy Tutorials - For Lazy People,","Lazy People""",tip,tool-review; howto,"How-to guide: 3D Modeling ""Lazy Tutorials - For Lazy People,. Lazy People""'s project.",high,183,2020-06-25,main,https://www.core77.com/posts/100294/3D-Modeling-Lazy-Tutorials-For-Lazy-People-By-Lazy-People,,https://youtube.com/watch?v=V1zzTUGfbSw,https://www.makerprojectlab.com/bike-messenger-maker-update-183/
Button box for 12mm switches and buttons,agmcmll,tip,tool-review; howto,How-to guide: Button box for 12mm switches and buttons. agmcmll's project.,high,183,2020-06-25,main,https://www.thingiverse.com/thing:4183553,,https://youtube.com/watch?v=V1zzTUGfbSw,https://www.makerprojectlab.com/bike-messenger-maker-update-183/
How to Easily Sharpen Spade Bits to like New Condition,See Jane Drill,tip,hand-tools; howto,How-to guide: How to Easily Sharpen Spade Bits to like New Condition. See Jane Drill's project.,high,183,2020-06-25,main,https://youtu.be/IfOphkRskNI,,https://youtube.com/watch?v=V1zzTUGfbSw,https://www.makerprojectlab.com/bike-messenger-maker-update-183/
4K LoFi Technicolor Vibes,Dom Riccobene,tip,tool-review; howto,How-to guide: 4K LoFi Technicolor Vibes. Dom Riccobene's project.,high,183,2020-06-25,main,https://youtu.be/85zwm21IDys,,https://youtube.com/watch?v=V1zzTUGfbSw,https://www.makerprojectlab.com/bike-messenger-maker-update-183/
Robotic Golf Club,Shane Wighton,project,robotics; craft,Robotic Golf Club. Shane Wighton's project.,high,182,2020-06-18,main,https://hackaday.com/2020/06/11/a-robotic-golf-club-to-possibly-boost-your-game/,,https://youtube.com/watch?v=ukcpuFfghdk,https://www.makerprojectlab.com/bending-the-rules-maker-update-182/
Winning Scrabble With Raspberry Pi,Wayne Covell,project,raspberry-pi; craft,Winning Scrabble With Raspberry Pi. Wayne Covell's project.,high,182,2020-06-18,main,https://youtu.be/gcsv1fnDZzU,https://github.com/wazcov/devscover-youtube/tree/master/scrabble,https://youtube.com/watch?v=ukcpuFfghdk,https://www.makerprojectlab.com/bending-the-rules-maker-update-182/
Tetrahedral LED Hat (Deichkind Style) V1,Kuchbert,project,arduino; craft,Tetrahedral LED Hat (Deichkind Style) V1. Kuchbert's project.,high,182,2020-06-18,main,https://www.instructables.com/id/Tetrahedral-LED-Hat-Deichkind-Style-V1/,,https://youtube.com/watch?v=ukcpuFfghdk,https://www.makerprojectlab.com/bending-the-rules-maker-update-182/
This Robot Arm gets really REALLY Long,Allen Pan,project,robotics; craft,This Robot Arm gets really REALLY Long. Allen Pan's project.,high,182,2020-06-18,main,https://youtu.be/33GQ2vgASBk,,https://youtube.com/watch?v=ukcpuFfghdk,https://www.makerprojectlab.com/bending-the-rules-maker-update-182/
See-Through Arduino UNO,jiripraus,project,arduino; craft,See-Through Arduino UNO. jiripraus's project.,high,182,2020-06-18,main,https://www.instructables.com/id/See-Through-Arduino-UNO/,,https://youtube.com/watch?v=ukcpuFfghdk,https://www.makerprojectlab.com/bending-the-rules-maker-update-182/
MIT App Inventor,,tip,programming; howto,How-to guide: MIT App Inventor.,high,182,2020-06-18,main,https://appinventor.mit.edu/,,https://youtube.com/watch?v=ukcpuFfghdk,https://www.makerprojectlab.com/bending-the-rules-maker-update-182/
Adam Savage's Favorite Tools: Awesome Circle Drawing Tools!,,tip,robotics; hand-tools,How-to guide: Adam Savage's Favorite Tools: Awesome Circle Drawing.,high,182,2020-06-18,main,https://www.tested.com/art/makers/907945-adam-savages-favorite-tools-awesome-circle-drawing-tools/,,https://youtube.com/watch?v=ukcpuFfghdk,https://www.makerprojectlab.com/bending-the-rules-maker-update-182/
Breadboard-friendly button from AtomSoft,,tip,soldering; howto,How-to guide: Breadboard-friendly button from AtomSoft.,high,182,2020-06-18,main,https://blog.oshpark.com/2020/06/10/tindie-breadboard-friendly-button-from-atomsoft/,,https://youtube.com/watch?v=ukcpuFfghdk,https://www.makerprojectlab.com/bending-the-rules-maker-update-182/
Making a Small Parts Storage Rack,Get Hands Dirty,tip,kinetic-art; howto,How-to guide: Making a Small Parts Storage Rack. Get Hands Dirty's project.,high,182,2020-06-18,main,https://youtu.be/iDJ-9dyQ4WY,,https://youtube.com/watch?v=ukcpuFfghdk,https://www.makerprojectlab.com/bending-the-rules-maker-update-182/
Rotating Vise V shape jaws,revsin,tip,hand-tools; howto,How-to guide: Rotating Vise V shape jaws. revsin's project.,high,182,2020-06-18,main,https://blog.adafruit.com/2020/06/11/mini-vise-timelapse-3dthursday-3dprinting/,https://www.thingiverse.com/thing:4300167,https://youtube.com/watch?v=ukcpuFfghdk,https://www.makerprojectlab.com/bending-the-rules-maker-update-182/
Customizable revised Ultimate Box Maker,jbebel,tip,hand-tools; howto,How-to guide: Customizable revised Ultimate Box Maker. jbebel's project.,high,182,2020-06-18,main,https://www.thingiverse.com/thing:2938921,,https://youtube.com/watch?v=ukcpuFfghdk,https://www.makerprojectlab.com/bending-the-rules-maker-update-182/
"To Protect Drive-Thru Workers, a Simple, Mechanical, Extendable Window Tray",,tip,tool-review; howto,"How-to guide: To Protect Drive-Thru Workers, a Simple, Mechanical,.",high,182,2020-06-18,main,https://www.core77.com/posts/100089/To-Protect-Drive-Thru-Workers-a-Simple-Mechanical-Extendable-Window-Tray?utm_source=core77&utm_medium=from_title,,https://youtube.com/watch?v=ukcpuFfghdk,https://www.makerprojectlab.com/bending-the-rules-maker-update-182/
How to make a voice activated LED facemask,Tyler Glaiel,project,arduino; foam-craft,How to make a voice activated LED facemask. Tyler Glaiel's project.,high,181,2020-06-11,main,https://medium.com/@tglaiel/how-to-make-a-voice-activated-led-facemask-diy-guide-b300bc146f38,https://twitter.com/TylerGlaiel/status/1265035386109128704,https://youtube.com/watch?v=k1q7YYx1SC4,https://www.makerprojectlab.com/grin-and-wear-it-maker-update-181/
Cyberdeck ZBS,facelesstech,project,retro-tech; craft,Cyberdeck ZBS. facelesstech's project.,high,181,2020-06-11,main,https://facelesstech.wordpress.com/2020/06/02/cyberdeck-zbs/,,https://youtube.com/watch?v=k1q7YYx1SC4,https://www.makerprojectlab.com/grin-and-wear-it-maker-update-181/
Dual Screen Cyberdeck,dapperrogue,project,retro-tech; craft,Dual Screen Cyberdeck. dapperrogue's project.,high,181,2020-06-11,main,https://hackaday.com/2020/06/03/a-dual-screen-luggable-with-integrated-rtl-sdr/,https://imgur.com/a/k2Re4Ok,https://youtube.com/watch?v=k1q7YYx1SC4,https://www.makerprojectlab.com/grin-and-wear-it-maker-update-181/
Pi MixMakr,balmy-summer,project,raspberry-pi; automation; beverage-dispensing,Pi MixMakr automated drink dispensing system.,low,181,2020-06-11,main,https://www.reddit.com/r/raspberry_pi/comments/g7ybgp/pi_mixmakr_you_can_order_your_favourite_drinks/,https://photos.google.com/share/AF1QipNq8Mwzx4jmtojbICSZAhXiGsSOEIBk4WTE8FAuDzaZrOlqNcKCt5j3TvKi3J4WIQ?key=OUZ1VnFYbGhScmZHbnhBTGM4OGFLZnF6RVNNeFFB; https://github.com/thijsbouwes/mixmakr; https://mixmakr.nl/,https://youtube.com/watch?v=k1q7YYx1SC4,https://www.makerprojectlab.com/grin-and-wear-it-maker-update-181/
3D Print Infill Jewelry,Penolopy Bulnick,project,diy; jewelry; 3d-printing; wearables,3D printed jewelry with customizable infill patterns.,high,181,2020-06-11,main,https://www.instructables.com/id/3D-Print-Infill-Jewelry/,,https://youtube.com/watch?v=k1q7YYx1SC4,https://www.makerprojectlab.com/grin-and-wear-it-maker-update-181/
Redesigning My Biomimetic Mechatronic Hand,,tip,robotics; prosthetics; biomimetic; 3d-printing; engineering,Biomimetic mechanical hand with advanced joint articulation.,high,181,2020-06-11,main,https://youtu.be/-zqZ-izx-7w,,https://youtube.com/watch?v=k1q7YYx1SC4,https://www.makerprojectlab.com/grin-and-wear-it-maker-update-181/
Cutting Mat Riser and Lighting Platform,Norman Chan,tip,organization; lighting,Cutting mat platform with integrated riser and work lighting.,high,181,2020-06-11,main,https://www.tested.com/art/makers/907806-making-cutting-mat-riser-and-lighting-platform/,,https://youtube.com/watch?v=k1q7YYx1SC4,https://www.makerprojectlab.com/grin-and-wear-it-maker-update-181/
Adam Savage's Favorite Tools: Extended Grabber Micro Forceps!,,tip,hand-tools; precision,Extended-reach grabber for precision workshop tasks.,high,181,2020-06-11,main,https://www.tested.com/art/makers/907850-adam-savages-favorite-tools-extended-grabber-micro-forceps/,,https://youtube.com/watch?v=k1q7YYx1SC4,https://www.makerprojectlab.com/grin-and-wear-it-maker-update-181/
DeWALT Router DWP611 Review,Matt Stultz,tip,power-tools; router; woodworking,DeWALT router review for versatile wood and material shaping.,high,181,2020-06-11,main,https://youtu.be/fzeQxVgwnsY,,https://youtube.com/watch?v=k1q7YYx1SC4,https://www.makerprojectlab.com/grin-and-wear-it-maker-update-181/
PROJECT PROXIMITY ‘Proximity Dress’ - Robotic Personal Space Defender Series || Anouk Wipprecht,,project,wearables; robotics; fashion; 3d-printing; proximity-sensor,Robotic dress that detects and responds to personal space.,high,180,2020-06-04,main,https://youtu.be/QkzD8oQa9qc,,https://youtube.com/watch?v=A1rmh44CvJg,https://www.makerprojectlab.com/dress-defender-maker-update-180/
"Crack the Code Game, Arduino Based Puzzle Box",Michael Klements,project,arduino; electronics; puzzle; game; 3d-printing,Arduino-based puzzle box with code-cracking game mechanics.,high,180,2020-06-04,main,https://www.instructables.com/id/Crack-the-Code-Game-Arduino-Based-Puzzle-Box/,,https://youtube.com/watch?v=A1rmh44CvJg,https://www.makerprojectlab.com/dress-defender-maker-update-180/
Hole 1 & 2,DNA,project,3d-printing; gaming; mini-golf,3D printed mini golf course (Hole 1 & 2).,low,180,2020-06-04,main,https://www.prusaprinters.org/prints/31445-hole-1-mini-golf-course,https://www.youtube.com/watch?v=Lc5S70oKyKg; https://www.prusaprinters.org/prints/31457,https://youtube.com/watch?v=A1rmh44CvJg,https://www.makerprojectlab.com/dress-defender-maker-update-180/
Prairie Dogs Kinetic LEGO Sculpture,JK Brickworks,project,lego; kinetic-art; mechanics; automaton,LEGO ball machine with prairie dog themed kinetic sculpture.,high,180,2020-06-04,main,https://youtu.be/qTrLNLMI_Ek,,https://youtube.com/watch?v=A1rmh44CvJg,https://www.makerprojectlab.com/dress-defender-maker-update-180/
Customisable Latching Broom Holder,GregFrost,tip,home-organization; 3d-printing; storage; broom-holder,3D printed customizable latch for wall-mounted broom storage.,high,180,2020-06-04,main,https://www.thingiverse.com/thing:2029895,,https://youtube.com/watch?v=A1rmh44CvJg,https://www.makerprojectlab.com/dress-defender-maker-update-180/
Wall Mount Thread Checker,,tip,3d-printing; measurement,Wall-mounted threaded rod checker for fastener sorting.,high,180,2020-06-04,main,https://kk.org/cooltools/wall-mount-thread-checker/,,https://youtube.com/watch?v=A1rmh44CvJg,https://www.makerprojectlab.com/dress-defender-maker-update-180/
Adam Savage's Favorite Tools: Glass-Cutting Rotary Bit,,tip,precision; hand-tools,Rotary cutting bit for precision glass work in detail tasks.,high,180,2020-06-04,main,https://www.tested.com/art/makers/907452-adam-savages-favorite-tools-glass-cutting-rotary-bit/,,https://youtube.com/watch?v=A1rmh44CvJg,https://www.makerprojectlab.com/dress-defender-maker-update-180/
Gandalf the White Staff,Oddworks,tip,props; cosplay; staff; cardboard,Gandalf staff cosplay prop with detailed carved cardboard sections.,high,180,2020-06-04,main,https://www.prusaprinters.org/prints/31956-gandalf-the-white-staff,,https://youtube.com/watch?v=A1rmh44CvJg,https://www.makerprojectlab.com/dress-defender-maker-update-180/
First Look: Oranje Desktop CNC Foam Cutter,,tip,cnc; foam-cutting,Desktop CNC foam cutter for rapid model and prototype iteration.,high,180,2020-06-04,main,https://youtu.be/hFKG1i6KcR8,,https://youtube.com/watch?v=A1rmh44CvJg,https://www.makerprojectlab.com/dress-defender-maker-update-180/
TOP 4 SCULPTING TRICKS,The Crafsman,tip,sculpting; crafting,Sculpting techniques and tips for polymer and organic forms.,high,180,2020-06-04,main,https://youtu.be/Bpuwd1wCgxc,,https://youtube.com/watch?v=A1rmh44CvJg,https://www.makerprojectlab.com/dress-defender-maker-update-180/
Crafters of the Universe,,tip,crafting,Crafters of the Universe Facebook community group.,low,180,2020-06-04,main,https://www.facebook.com/groups/210440823595522/,,https://youtube.com/watch?v=A1rmh44CvJg,https://www.makerprojectlab.com/dress-defender-maker-update-180/
Maker Update #179 (Adafruit Edition),,tip,adafruit; maker-video,Maker Update episode featuring Adafruit projects.,low,180,2020-06-04,main,https://youtu.be/fMSLFVk7d50,,https://youtube.com/watch?v=A1rmh44CvJg,https://www.makerprojectlab.com/dress-defender-maker-update-180/
Wireless BLE MIDI Robot Xylophone,Liz Clark,project,music; audio; xylophone; robot; ble-wireless; percussion,BLE wireless-controlled robotic xylophone for music performance.,high,179,2020-06-01,adafruit,https://learn.adafruit.com/wireless-ble-midi-robot-xylophone,,https://youtube.com/watch?v=fMSLFVk7d50,https://www.makerprojectlab.com/symphony-of-solenoids-maker-update-179-adafruit-edition/
Clue Teletype Transmitter,John Park,project,circuitpython; microcontroller; radio-transmission; diy-electronics,Clue microcontroller radio transmitter for data communication.,high,179,2020-06-01,adafruit,https://learn.adafruit.com/clue-teletype-transmitter,,https://youtube.com/watch?v=fMSLFVk7d50,https://www.makerprojectlab.com/symphony-of-solenoids-maker-update-179-adafruit-edition/
Clue Light Paintstick,Phillip Burgess,project,led; neopixel; light-painting; circuitpython; wearables,Light stick for painting and drawing with programmable LEDs.,high,179,2020-06-01,adafruit,https://learn.adafruit.com/clue-light-paintstick,,https://youtube.com/watch?v=fMSLFVk7d50,https://www.makerprojectlab.com/symphony-of-solenoids-maker-update-179-adafruit-edition/
Textable Sensor with FONA and CircuitPython,Brent Rubell,project,circuitpython; sensor; sms; mobile; fona,SMS-enabled sensor interface using FONA mobile modem.,high,179,2020-06-01,adafruit,https://learn.adafruit.com/textable-sensor-with-fona-and-circuitpython/overview,,https://youtube.com/watch?v=fMSLFVk7d50,https://www.makerprojectlab.com/symphony-of-solenoids-maker-update-179-adafruit-edition/
Clue Metal Detector,Kevin Walters,project,microcontroller; sensor; metal-detection; circuitpython,Metal detector using microcontroller and sensor array.,high,179,2020-06-01,adafruit,https://learn.adafruit.com/clue-metal-detector-circuitpython,,https://youtube.com/watch?v=fMSLFVk7d50,https://www.makerprojectlab.com/symphony-of-solenoids-maker-update-179-adafruit-edition/
Mouse and Keyboard Control Using TinyUSB and BLE,,tip,usb; keyboard; mouse; ble; circuitpython; hid,Bluetooth HID keyboard and mouse control via microcontroller.,high,179,2020-06-01,adafruit,https://learn.adafruit.com/mouse-and-keyboard-control-using-tinyusb-and-ble,,https://youtube.com/watch?v=fMSLFVk7d50,https://www.makerprojectlab.com/symphony-of-solenoids-maker-update-179-adafruit-edition/
Cellular Data for CircuitPython with FONA,,tip,circuitpython; cellular; modem; iot; data-transfer,Cellular data connectivity guide for IoT projects.,high,179,2020-06-01,adafruit,https://learn.adafruit.com/cellular-data-for-circuitpython-with-fona,,https://youtube.com/watch?v=fMSLFVk7d50,https://www.makerprojectlab.com/symphony-of-solenoids-maker-update-179-adafruit-edition/
Adafruit Protomatter RGB Matrix Library,,tip,led-matrix; rgb-display; adafruit; circuitpython,Adafruit Protomatter RGB matrix library overview and implementation guide.,low,179,2020-06-01,adafruit,https://learn.adafruit.com/adafruit-protomatter-rgb-matrix-library/overview,,https://youtube.com/watch?v=fMSLFVk7d50,https://www.makerprojectlab.com/symphony-of-solenoids-maker-update-179-adafruit-edition/
Pi Commander,Adrien (Gathno Brain),project,raspberry-pi; portable-computing; custom-hardware; diy-gamepad,Portable Raspberry Pi custom controller for gaming and computing.,high,178,2020-05-28,main,https://www.gathnobrain.net/en/2020/05/17/pi_commander_en/,https://youtu.be/lee3-AWeF9Q,https://youtube.com/watch?v=eFJxbrZwxWw,https://www.makerprojectlab.com/pi-way-to-the-danger-zone-maker-update-178/
Flat Ribbon HDMI Cable on Amazon,,project,electronics; display; cables,Flat ribbon HDMI cable for video display projects.,low,178,2020-05-28,main,https://www.amazon.com/exec/obidos/ASIN/B07F59KDZ3/makerprojec0c-20,,https://youtube.com/watch?v=eFJxbrZwxWw,https://www.makerprojectlab.com/pi-way-to-the-danger-zone-maker-update-178/
PleasureBot 9000,Ian Charnas,project,robot; automation; entertainment,PleasureBot 9000 automated entertainment robot by Ian Charnas.,low,178,2020-05-28,main,https://youtu.be/wULncdSh8hk,,https://youtube.com/watch?v=eFJxbrZwxWw,https://www.makerprojectlab.com/pi-way-to-the-danger-zone-maker-update-178/
Fallout Inspired Guitar,Tim Sway,project,guitar; music; props; fallout; cosplay,Fallout-inspired guitar with custom finishes and hardware.,high,178,2020-05-28,main,https://youtu.be/H40kfH_Ix4E,,https://youtube.com/watch?v=eFJxbrZwxWw,https://www.makerprojectlab.com/pi-way-to-the-danger-zone-maker-update-178/
Spherical Quadruped Arduino Robot,Gregory Leveque,project,robotics; quadruped; arduino; 3d-printing,Spherical quadruped robot with 3D printed frame and arduino control.,high,178,2020-05-28,main,https://www.instructables.com/id/Spherical-Quadruped-Arduino-Robot/,,https://youtube.com/watch?v=eFJxbrZwxWw,https://www.makerprojectlab.com/pi-way-to-the-danger-zone-maker-update-178/
Sonos Spotify Vinyl Emulator,markhank01,project,music; vinyl; emulator; electronics; sonos,Vinyl record emulator with Spotify integration for nostalgic listening.,high,178,2020-05-28,main,https://www.instructables.com/id/Sonos-Spotify-Vinyl-Emulator-SSVE/,,https://youtube.com/watch?v=eFJxbrZwxWw,https://www.makerprojectlab.com/pi-way-to-the-danger-zone-maker-update-178/
4 Cool Ways to Bend Plastic!,Make Something,tip,plastic-bending; tutorial,Plastic bending methods for model and prop construction.,high,178,2020-05-28,main,https://youtu.be/mBxutE97Jf4,,https://youtube.com/watch?v=eFJxbrZwxWw,https://www.makerprojectlab.com/pi-way-to-the-danger-zone-maker-update-178/
Hands-free 3D Printed Adapters,John Opsahl,tip,3d-printing; assistive-device; disability-access; hands-free,Hands-free 3D printed adapters for accessibility needs.,high,178,2020-05-28,main,https://www.instructables.com/id/Hands-free-Door-Unlatching/,https://www.instructables.com/id/Hands-free-Toilet-Flush-Foot-Pedal/; https://www.instructables.com/id/Hands-free-Forearm-Deadbolt-Turn/; https://www.instructables.com/id/Hands-free-Forearm-Door-Pull/,https://youtube.com/watch?v=eFJxbrZwxWw,https://www.makerprojectlab.com/pi-way-to-the-danger-zone-maker-update-178/
Hardware Storage System,makendo,tip,workshop-organization; hardware-storage; tool-organizer,Hardware and fastener storage and organization system.,high,178,2020-05-28,main,https://www.instructables.com/id/Hardware-Storage-System/,,https://youtube.com/watch?v=eFJxbrZwxWw,https://www.makerprojectlab.com/pi-way-to-the-danger-zone-maker-update-178/
Wowstick 1F+ Electric Screwdriver,,tip,electric-screwdriver,Electric screwdriver for efficient fastening and assembly.,high,178,2020-05-28,main,https://kk.org/cooltools/best-electric-precision-driver/,,https://youtube.com/watch?v=eFJxbrZwxWw,https://www.makerprojectlab.com/pi-way-to-the-danger-zone-maker-update-178/
A web-based LCD Character Editor for Arduino code,,tip,arduino; lcd-display; programming; tutorial,Web-based LCD character design tool for Arduino projects.,high,178,2020-05-28,main,https://chareditor.com/,https://blog.adafruit.com/2020/05/21/a-web-based-lcd-character-editor-for-arduino-code-alestiago3/,https://youtube.com/watch?v=eFJxbrZwxWw,https://www.makerprojectlab.com/pi-way-to-the-danger-zone-maker-update-178/
Sophy Wong Workshop Tour,,tip,workshop-tour; artist-profile,Sophy Wong workshop tour and creative process video.,low,178,2020-05-28,main,https://youtu.be/7aYi3lGs96s,,https://youtube.com/watch?v=eFJxbrZwxWw,https://www.makerprojectlab.com/pi-way-to-the-danger-zone-maker-update-178/
"Alexa-controlled, face-tracking candy launcher",Harrison McIntyre,project,robotics; motion-control; alexa; facial-recognition; candy-launcher,Alexa-voice-controlled face-tracking candy launcher robot.,high,177,2020-05-21,main,https://blog.arduino.cc/2020/05/14/beat-boredom-with-a-alexa-controlled-face-tracking-candy-launcher/,https://github.com/hamac2003/M-M_Launcher,https://youtube.com/watch?v=nmHfLi90NuQ,https://www.makerprojectlab.com/chocolate-volume-maker-update-177/
Building a quadruped robot using a Raspberry Pi 4,Stanford Student Robotics group,project,robotics; quadruped; raspberry-pi; diy-kit,Quadruped robot kit using Raspberry Pi for autonomous movement.,high,177,2020-05-21,main,https://www.recantha.co.uk/blog/?p=20156,https://docs.google.com/document/d/1Ofrtlmh0dQoEvRji5PUVH9bgwHnR-8KkTXR1eMLzXh0/edit,https://youtube.com/watch?v=nmHfLi90NuQ,https://www.makerprojectlab.com/chocolate-volume-maker-update-177/
Aladdin's Hand Sanitizer,Yele Labs,project,hand-sanitizer; covid-19; 3d-printing; public-health,Hand sanitizer dispenser design for pandemic response.,high,177,2020-05-21,main,https://hackaday.io/project/171349-aladdins-hand-sanitizer,https://www.hackster.io/news/no-genie-just-germ-x-aladdin-s-flaming-hand-sanitizer-1056d2e98d38,https://youtube.com/watch?v=nmHfLi90NuQ,https://www.makerprojectlab.com/chocolate-volume-maker-update-177/
3D Printing Project: Steampunk Tap Valve Handle,LostWax,project,steampunk; 3d-printing; props; valve-handle,Steampunk-themed 3D printed valve handle for decoration.,high,177,2020-05-21,main,https://www.instructables.com/id/3D-Printing-Project-Steampunk-Tap-Valve-Handle/,,https://youtube.com/watch?v=nmHfLi90NuQ,https://www.makerprojectlab.com/chocolate-volume-maker-update-177/
Automated mask closes when others are near,Chen the DesignMaker,project,wearables; proximity-sensor; mask; arduino,Automated face mask that closes with proximity detection.,high,177,2020-05-21,main,https://blog.arduino.cc/2020/05/11/this-automated-mask-closes-when-others-are-near/,,https://youtube.com/watch?v=nmHfLi90NuQ,https://www.makerprojectlab.com/chocolate-volume-maker-update-177/
Videodrome Pi Player,Max Haesslein,project,raspberry-pi; video-player; media-center; retro-tech,Portable video player using Raspberry Pi for media streaming.,high,177,2020-05-21,main,https://maxhaesslein.blog/videodrome/,,https://youtube.com/watch?v=nmHfLi90NuQ,https://www.makerprojectlab.com/chocolate-volume-maker-update-177/
Adam Savage's Favorite Tools: Workshop Utility Apron + Everyday Carry!,,tip,apron; everyday-carry,Workshop utility apron and personal carry item recommendations.,high,177,2020-05-21,main,https://www.tested.com/art/makers/907079-adam-savages-favorite-tools-workshop-utility-apron-everyday-carry/,,https://youtube.com/watch?v=nmHfLi90NuQ,https://www.makerprojectlab.com/chocolate-volume-maker-update-177/
Why You Need a Quarter-Inch Ratcheting Box End,,tip,wrench; socket,Quarter-inch ratcheting box-end wrench for fastening tasks.,high,177,2020-05-21,main,https://www.youtube.com/watch?v=B7It0y0qK54,,https://youtube.com/watch?v=nmHfLi90NuQ,https://www.makerprojectlab.com/chocolate-volume-maker-update-177/
Telepresence Robot,Hunter Irving,project,robotics; telepresence; remote-operation; mobile-robot,Mobile telepresence robot for remote presence and communication.,high,176,2020-05-14,main,https://hackaday.com/2020/05/09/nightmare-fuel-telepresence-bot-may-become-your-last-friend/,https://hackaday.io/project/171339-telebot; https://www.youtube.com/watch?v=XXLaeMre5Ac&feature=youtu.be,https://youtube.com/watch?v=T-otyq6n7gI,https://www.makerprojectlab.com/thank-you-for-being-a-friend-maker-update-176/
Wooden Zoetrope,Coby Unger,project,kinetic-art; woodworking; zoetrope; animation,Wooden zoetrope animation disk for optical illusion effects.,high,176,2020-05-14,main,https://www.instructables.com/id/Wooden-Zoetrope/,,https://youtube.com/watch?v=T-otyq6n7gI,https://www.makerprojectlab.com/thank-you-for-being-a-friend-maker-update-176/
Revenge of the 5th Necklace,Amie Dansby,project,jewelry; wearables; star-wars; necklace; cosplay,Star Wars Revenge of the Fifth-themed pendant jewelry.,high,176,2020-05-14,main,https://www.instructables.com/id/Revenge-of-the-Sith-Glow-PCB-Necklace/,,https://youtube.com/watch?v=T-otyq6n7gI,https://www.makerprojectlab.com/thank-you-for-being-a-friend-maker-update-176/
Cryptic Wall Clock,Tomatoskins on Instructables,project,clock; cryptic; puzzle; electronics,Puzzle clock with cryptic display for timekeeping enthusiasts.,high,176,2020-05-14,main,https://www.instructables.com/id/Circular-Mengenlehreuhr/,,https://youtube.com/watch?v=T-otyq6n7gI,https://www.makerprojectlab.com/thank-you-for-being-a-friend-maker-update-176/
Horsebox Camper,Laura Kampf - Design and Materials,project,carpentry; camper-van; mobile-dwelling; woodworking,Converted horsebox camper-van with custom interior design.,high,176,2020-05-14,main,https://www.youtube.com/watch?v=yCKQSLxp5k8,,https://youtube.com/watch?v=T-otyq6n7gI,https://www.makerprojectlab.com/thank-you-for-being-a-friend-maker-update-176/
3D Printed Articulated Lamp,Heliox Lab,project,lamp; 3d-printing; articulated-joints; lighting,3D printed articulated lamp with poseable joints and LED lighting.,high,176,2020-05-14,main,https://www.youtube.com/watch?v=bKq9psMT-do,,https://youtube.com/watch?v=T-otyq6n7gI,https://www.makerprojectlab.com/thank-you-for-being-a-friend-maker-update-176/
Raised Garden Beds,I Like to Make Stuff,project,gardening; raised-beds; woodworking; outdoor,Raised garden beds for vegetable growing and landscaping.,high,176,2020-05-14,main,https://iliketomakestuff.com/making-raised-garden-beds/,,https://youtube.com/watch?v=T-otyq6n7gI,https://www.makerprojectlab.com/thank-you-for-being-a-friend-maker-update-176/
Laura Kampf's 10 makers series,,project,youtube-series; crafting-tutorials,Laura Kampf's 10 makers video series.,low,176,2020-05-14,main,https://www.youtube.com/watch?v=d4uLEv8mfNI&list=PLLsyCFICnr80G5O2THOhdgmY0CJzRE7P1,,https://youtube.com/watch?v=T-otyq6n7gI,https://www.makerprojectlab.com/thank-you-for-being-a-friend-maker-update-176/
Adam Savage's One Day Builds,,project,youtube-playlist; diy-builds,Adam Savage's one day build projects playlist.,low,176,2020-05-14,main,https://www.youtube.com/playlist?list=PLJtitKU0CAej22ZWBqrimPkn0Bbo6ci-r,,https://youtube.com/watch?v=T-otyq6n7gI,https://www.makerprojectlab.com/thank-you-for-being-a-friend-maker-update-176/
Wintergatan Marble Machine X,,project,kinetic-art; marble-machine; mechanics; music,Marble machine with mechanical sorting and musical output.,high,176,2020-05-14,main,https://www.youtube.com/user/wintergatan2000,,https://youtube.com/watch?v=T-otyq6n7gI,https://www.makerprojectlab.com/thank-you-for-being-a-friend-maker-update-176/
"Steady Craftin' with The CrafsMan (YouTube channel filled with how-tos, tips, crafting techniques)",,project,youtube-channel; crafting-tutorials,Steady Craftin' YouTube channel with DIY crafting techniques.,low,176,2020-05-14,main,https://www.youtube.com/channel/UCzsjHlc0WRwZYwlinsmtM4w,,https://youtube.com/watch?v=T-otyq6n7gI,https://www.makerprojectlab.com/thank-you-for-being-a-friend-maker-update-176/
Direct Drive Printers Megareview from Devon Montes at Make Anything,,tip,3d-printing; direct-drive-printer,3D printer review comparing direct-drive extruder models.,high,176,2020-05-14,main,https://www.youtube.com/watch?v=TuUixpP9bHU,,https://youtube.com/watch?v=T-otyq6n7gI,https://www.makerprojectlab.com/thank-you-for-being-a-friend-maker-update-176/
Drilling Jig for dowels Adam Savage's One Day Build: Sword Rack,,tip,woodworking; drill-jig; dowel; sword-rack,Drill jig for precision dowel placement in woodworking projects.,high,176,2020-05-14,main,https://youtu.be/nCrB0FnW__s?t=948,,https://youtube.com/watch?v=T-otyq6n7gI,https://www.makerprojectlab.com/thank-you-for-being-a-friend-maker-update-176/
Templated Sketchbooks for wearables,,tip,wearables; pattern-templates; sketchbook,Design templates and sketchbooks for wearable creation.,high,176,2020-05-14,main,https://www.amazon.com/PRO-Fashion-Sketchpad-Accessories-Templates/dp/1719342504/ref=sr_1_1_sspa?crid=289EMGWPYREBB&dchild=1&keywords=fashionary+sketchbooks&qid=1589221348&sprefix=fashionary%2Caps%2C378&sr=8-1-spons&psc=1&spLa=ZW5jcnlwdGVkUXVhbGlmaWVyPUExU1dXQlBVUTBWMklLJmVuY3J5cHRlZElkPUEwNzc3NjEyMUtOOExINUVLV09SMiZlbmNyeXB0ZWRBZElkPUEwNTk0NDA5TE1GOFFGUUlXQTRUJndpZGdldE5hbWU9c3BfYXRmJmFjdGlvbj1jbGlja1JlZGlyZWN0JmRvTm90TG9nQ2xpY2s9dHJ1ZQ==,https://fashionary.org/products/womens-a4,https://youtube.com/watch?v=T-otyq6n7gI,https://www.makerprojectlab.com/thank-you-for-being-a-friend-maker-update-176/
"Animatronic Mouth Using 3D Printing, Arduino and Python",Will Cogley,project,animatronics; 3d-printing; arduino; python; mouth,3D printed animatronic mouth driven by Arduino and Python control.,high,175,2020-05-07,main,https://www.instructables.com/id/Simple-Animatronic-Mouth-Using-3D-Printing-Arduino/,https://youtu.be/mEAz-72ZjKE,https://youtube.com/watch?v=qsFWNe33qBM,https://www.makerprojectlab.com/monster-chompers-maker-update-175/
Create an electronic affirmation mirror,Becky Stern,project,electronics; diy-mirror; arduino; affirmation-display,DIY electronic mirror that displays motivational affirmations.,high,175,2020-05-07,main,https://hackspace.raspberrypi.org/articles/create-an-electronic-affirmation-mirror,https://youtu.be/kueeMawNy_0,https://youtube.com/watch?v=qsFWNe33qBM,https://www.makerprojectlab.com/monster-chompers-maker-update-175/
Code available from resources download,,project,raspberry-pi; code-resources,Code resources and downloads from Hackspace magazine.,low,175,2020-05-07,main,https://hackspace.raspberrypi.org/issues/30,,https://youtube.com/watch?v=qsFWNe33qBM,https://www.makerprojectlab.com/monster-chompers-maker-update-175/
Toilet Paper Roll Choir,Max Björverud,project,kinetic-art; music; toilet-paper-choir,Kinetic musical installation using toilet paper rolls as percussion.,high,175,2020-05-07,main,https://www.raspberrypi.org/blog/these-loo-rolls-formed-a-choir/,,https://youtube.com/watch?v=qsFWNe33qBM,https://www.makerprojectlab.com/monster-chompers-maker-update-175/
Cycloidal Gear Clock,EammonL,project,clock; gears; mechanical; cycloidal,Mechanical clock with cycloidal gear design for precise timekeeping.,high,175,2020-05-07,main,https://www.instructables.com/id/Cycloidal-Gear-Clock/,,https://youtube.com/watch?v=qsFWNe33qBM,https://www.makerprojectlab.com/monster-chompers-maker-update-175/
Adam Savage's Favorite Tools: Wearable Magnifiers!,,tip,magnifier; wearables,Wearable magnifiers for precision workshop tasks.,high,175,2020-05-07,main,https://www.tested.com/art/makers/906623-adam-savages-favorite-tools-wearable-magnifiers/,,https://youtube.com/watch?v=qsFWNe33qBM,https://www.makerprojectlab.com/monster-chompers-maker-update-175/
New version out of Open Source Medical Supply Guide (v2.0),,tip,medical-supplies; open-source; covid-19; public-health,Open source medical supply design guide for pandemic preparedness.,high,175,2020-05-07,main,https://docs.google.com/document/d/1-71FJTmI1Q1kjSDLP0EegMERjg_0kk_7UfaRE4r66Mg/preview?fbclid=IwAR2cHvsJFwB1BBOLnSdQGMLUBPS2odjiU2GsPQmcW1uLLlV-Lq82IOUOEjo,,https://youtube.com/watch?v=qsFWNe33qBM,https://www.makerprojectlab.com/monster-chompers-maker-update-175/
Servo Robotic Claw,cynahsy,tip,robotics; servo-claw; mechanics,Servo-driven robotic claw mechanism for grasping and manipulation.,high,175,2020-05-07,main,https://www.thingiverse.com/thing:4249843,,https://youtube.com/watch?v=qsFWNe33qBM,https://www.makerprojectlab.com/monster-chompers-maker-update-175/
Oiler Pen Review,,tip,pen-review,Specialty oil pen tool review for workshop maintenance.,high,175,2020-05-07,main,https://youtu.be/jfg_EUCFMvU,,https://youtube.com/watch?v=qsFWNe33qBM,https://www.makerprojectlab.com/monster-chompers-maker-update-175/
Maker Update #174 *Adafruit Edition*,,tip,adafruit; maker-video,Maker Update episode featuring Adafruit projects.,low,175,2020-05-07,main,https://youtu.be/ynL6NJ074F0,,https://youtube.com/watch?v=qsFWNe33qBM,https://www.makerprojectlab.com/monster-chompers-maker-update-175/
Power Glove Midi Controller,,project,music; gloves; midi-controller; wearables,Power Glove adapted as MIDI controller for music production.,high,174,2020-05-04,adafruit,https://learn.adafruit.com/power-glove-bluetooth-midi-controller,,https://youtube.com/watch?v=ynL6NJ074F0,https://www.makerprojectlab.com/handwavey-details-maker-update-174-adafruit-edition/
Pybadge Thermal Camera,,project,thermal-imaging; microcontroller; camera; sensor,Thermal camera implementation using microcontroller board.,high,174,2020-05-04,adafruit,https://learn.adafruit.com/pybadge-thermal-camera-case,,https://youtube.com/watch?v=ynL6NJ074F0,https://www.makerprojectlab.com/handwavey-details-maker-update-174-adafruit-edition/
PyPortal Quarantine Clock,,project,clock; internet-connected; iot; display; quarantine,Internet-connected clock display for timekeeping and awareness.,high,174,2020-05-04,adafruit,https://learn.adafruit.com/pyportal-quarantine-clock/overview,,https://youtube.com/watch?v=ynL6NJ074F0,https://www.makerprojectlab.com/handwavey-details-maker-update-174-adafruit-edition/
Clue Step Counter,,project,wearables; step-counter; fitness; sensor,Step counter wearable for fitness and activity tracking.,high,174,2020-05-04,adafruit,https://learn.adafruit.com/clue-step-counter-st-lsm6ds33,,https://youtube.com/watch?v=ynL6NJ074F0,https://www.makerprojectlab.com/handwavey-details-maker-update-174-adafruit-edition/
CLUE Inspiration,,project,adafruit; creative-inspiration; clue,Creative inspiration activity generator for Adafruit CLUE platform.,low,174,2020-05-04,adafruit,https://learn.adafruit.com/creative-inspiration-activity-generator,,https://youtube.com/watch?v=ynL6NJ074F0,https://www.makerprojectlab.com/handwavey-details-maker-update-174-adafruit-edition/
CircuitPython Weather Cloud,,project,circuitpython; weather-display; iot; cloud,Cloud-connected weather display using Python and IoT.,high,174,2020-05-04,adafruit,https://learn.adafruit.com/circuitpython-connected-weather-cloud,,https://youtube.com/watch?v=ynL6NJ074F0,https://www.makerprojectlab.com/handwavey-details-maker-update-174-adafruit-edition/
Using the RockBLOCK Iridium Modem,,tip,satellite-modem; circuitpython; communication; iot,Iridium satellite modem integration for remote communication.,high,174,2020-05-04,adafruit,https://learn.adafruit.com/using-the-rockblock-iridium-modem,,https://youtube.com/watch?v=ynL6NJ074F0,https://www.makerprojectlab.com/handwavey-details-maker-update-174-adafruit-edition/
Using LittlevGL with Adafruit Displays,,tip,led-display; ui-library; graphics; microcontroller,UI graphics library for LED display development.,high,174,2020-05-04,adafruit,https://learn.adafruit.com/using-littlevgl-with-adafruit-displays,,https://youtube.com/watch?v=ynL6NJ074F0,https://www.makerprojectlab.com/handwavey-details-maker-update-174-adafruit-edition/
First Projects,Erin St Blaine,tip,beginner-projects; tutorial; circuitpython,Beginner-friendly first projects guide for makers.,high,174,2020-05-04,adafruit,https://learn.adafruit.com/beginner-first-project-power-switch-relay-circuit-playground-smart-plug,https://learn.adafruit.com/make-it-glow-your-first-neopixel-project,https://youtube.com/watch?v=ynL6NJ074F0,https://www.makerprojectlab.com/handwavey-details-maker-update-174-adafruit-edition/
Manic Toilet Paper Shopping Simulator,Jelle Vermandere,project,game; motion-control; simulation; arduino; panic-buying,Motion-controlled simulation game about pandemic shopping chaos.,high,173,2020-04-30,main,https://blog.arduino.cc/2020/04/22/manic-toilet-paper-shopping-simulated-with-arduino/,https://github.com/Jellevermandere/ArduinoMotionControls/blob/master/Assets/Arduino/ArduinoCode/CartControllerArduinoCircuit.png,https://youtube.com/watch?v=Sywbqn4qe3M,https://www.makerprojectlab.com/supermarket-sweep-maker-update-173/
Xbox Controller Arm,Little French Kev,project,robotics; arm-controller; gaming; custom-hardware; xbox,Custom Xbox controller arm for adaptive gaming setup.,high,173,2020-04-30,main,https://www.littlefrenchkev.com/xbox-controller-arm,,https://youtube.com/watch?v=Sywbqn4qe3M,https://www.makerprojectlab.com/supermarket-sweep-maker-update-173/
Making a Charging Station from Walnut & Brass,I Like to Make Stuff,project,woodworking; charging-station; brass; furniture,Wooden and brass charging station for devices and accessories.,high,173,2020-04-30,main,https://youtu.be/g7Cj6T2ZF5g,,https://youtube.com/watch?v=Sywbqn4qe3M,https://www.makerprojectlab.com/supermarket-sweep-maker-update-173/
How to Make a Mid-century Modern Frank Lloyd Wright Birdhouse,Make Something,project,architecture; birdhouse; frank-lloyd-wright; woodworking,Mid-century modern architectural birdhouse design.,high,173,2020-04-30,main,https://youtu.be/e3cHVqjtwus,,https://youtube.com/watch?v=Sywbqn4qe3M,https://www.makerprojectlab.com/supermarket-sweep-maker-update-173/
Office Worker - LEGO Automaton,JK Brickworks,project,lego; automaton; office-worker; kinetic-art,LEGO automaton depicting office worker activities.,high,173,2020-04-30,main,https://jkbrickworks.com/office-worker,,https://youtube.com/watch?v=Sywbqn4qe3M,https://www.makerprojectlab.com/supermarket-sweep-maker-update-173/
Adam Savage's Favorite Tools: Precision Rotary Tool!,,tip,rotary-tools; precision,Precision rotary tool for detailed work and detail removal.,high,173,2020-04-30,main,https://www.tested.com/art/makers/906396-adam-savages-favorite-tools-precision-rotary-tool/,,https://youtube.com/watch?v=Sywbqn4qe3M,https://www.makerprojectlab.com/supermarket-sweep-maker-update-173/
JB-Weld SteelStik review,Sophy Wong,tip,adhesive; metal-putty; tool-review,JB Weld metal epoxy putty tool review and applications.,high,173,2020-04-30,main,https://youtu.be/7Vi546QmobE,,https://youtube.com/watch?v=Sywbqn4qe3M,https://www.makerprojectlab.com/supermarket-sweep-maker-update-173/
"Lockdown Lecture 1: ""Rough 'n' Ready Prototyping"" - Jude Pullen",,tip,fabrication-technique; prototyping; video-lecture,Prototyping technique lecture for rapid fabrication methods.,high,173,2020-04-30,main,https://youtu.be/c_5vQex8two,,https://youtube.com/watch?v=Sywbqn4qe3M,https://www.makerprojectlab.com/supermarket-sweep-maker-update-173/
Collet Drill Stop (<1mm to 14mm),QuadeHale,tip,drill-tool; 3d-printing; precision-stop,3D printed drill stop for precision hole depth control.,high,173,2020-04-30,main,https://hackaday.com/2020/04/22/printed-it-collet-drill-stop/,https://www.thingiverse.com/thing:3177276,https://youtube.com/watch?v=Sywbqn4qe3M,https://www.makerprojectlab.com/supermarket-sweep-maker-update-173/
CR2032 Battery Eliminator,,tip,battery-eliminator; electronics; cr2032,CR2032 battery eliminator circuit for continuous power.,high,173,2020-04-30,main,https://hackaday.com/2020/04/24/a-cr2032-battery-eliminator/,,https://youtube.com/watch?v=Sywbqn4qe3M,https://www.makerprojectlab.com/supermarket-sweep-maker-update-173/
Simone Giertz built herself a proud parent,,project,robot; 3d-printer; parenting-bot; novelty,Simone Giertz's parental care robot for humorous demonstration.,high,172,2020-04-23,main,https://youtu.be/M1B3gATS0GE,,https://youtube.com/watch?v=g9PuLVRAV0g,https://www.makerprojectlab.com/coin-op-pop-maker-update-172/
Coffee Table,Love Hulten,project,furniture; coffee-table; arcade; custom-hardware; retro-tech,Custom arcade coffee table with integrated gaming surface.,high,172,2020-04-23,main,http://www.lovehulten.com/coffeetable.html,,https://youtube.com/watch?v=g9PuLVRAV0g,https://www.makerprojectlab.com/coin-op-pop-maker-update-172/
No-contact IR Thermometer,twinegarner,project,electronics; thermal-imaging; arduino; sensor,No-contact infrared thermometer using thermal sensor and electronics.,high,172,2020-04-23,main,https://www.instructables.com/id/No-contact-IR-Thermometer/,,https://youtube.com/watch?v=g9PuLVRAV0g,https://www.makerprojectlab.com/coin-op-pop-maker-update-172/
EZGO Sport Golf Cart Conversion,rtkerth,project,vehicle-modification; golf-cart; electric; custom-hardware,Electric golf cart conversion for sustainable transportation.,high,172,2020-04-23,main,https://www.instructables.com/id/EZGO-Sport/,,https://youtube.com/watch?v=g9PuLVRAV0g,https://www.makerprojectlab.com/coin-op-pop-maker-update-172/
Mac N' Cheese,gzumwalt,project,novelty; toy; 3d-printing; pasta-maker,3D printed novelty pasta maker for humorous kitchen tool.,high,172,2020-04-23,main,https://www.instructables.com/id/Mac-N-Cheese/,,https://youtube.com/watch?v=g9PuLVRAV0g,https://www.makerprojectlab.com/coin-op-pop-maker-update-172/
DIY Post-Apocalyptic HOT WHEELS,The CrafsMan,project,customization; hot-wheels; post-apocalyptic; crafting,Post-apocalyptic Hot Wheels car customization techniques.,high,172,2020-04-23,main,https://youtu.be/Nm7SIpaaU24,,https://youtube.com/watch?v=g9PuLVRAV0g,https://www.makerprojectlab.com/coin-op-pop-maker-update-172/
Jamie's Toolkit,,project,tool-review; maker-tools,Comprehensive toolkit and tools review for makers.,high,172,2020-04-23,main,https://youtu.be/Xq7HtTmUMS0,,https://youtube.com/watch?v=g9PuLVRAV0g,https://www.makerprojectlab.com/coin-op-pop-maker-update-172/
Adam Savage's One Day Builds: How To Build a Box!,,project,woodworking; box-building; tutorial,Basic box building and joinery technique tutorial.,high,172,2020-04-23,main,https://www.tested.com/art/makers/906205-adam-savages-one-day-builds-how-build-box/,,https://youtube.com/watch?v=g9PuLVRAV0g,https://www.makerprojectlab.com/coin-op-pop-maker-update-172/
Drop-in Auto-darkening Welding Helmet Lens,Sean Michael Ragan,project,welding; helmet; auto-darkening,Auto-darkening welding helmet lens modification.,high,172,2020-04-23,main,https://youtu.be/-oI7OtaX9bY,,https://youtube.com/watch?v=g9PuLVRAV0g,https://www.makerprojectlab.com/coin-op-pop-maker-update-172/
Colin Furze's workshop tour,,project,workshop-tour; maker-profile,Workshop tour featuring experienced maker and craftsman.,high,172,2020-04-23,main,https://www.youtube.com/watch?v=fqTDfpIpub4,,https://youtube.com/watch?v=g9PuLVRAV0g,https://www.makerprojectlab.com/coin-op-pop-maker-update-172/
The Highcycle - Social Distance Bike,colinfurze,project,bicycle; social-distancing; engineering; custom-design,Tall bicycle design for social distancing outdoors.,high,171,2020-04-16,main,https://youtu.be/vZFDNR9V5Nc,,https://youtube.com/watch?v=DeddWWgjG30,https://www.makerprojectlab.com/onward-and-upward-maker-update-171/
Jen Schachter's Book Nook,,project,diorama; book-shelf; miniature-display,Elaborate book-nook miniature diorama display.,high,171,2020-04-16,main,https://www.tested.com/art/makers/906134-designing-book-nook-laser-cut-kit/,,https://youtube.com/watch?v=DeddWWgjG30,https://www.makerprojectlab.com/onward-and-upward-maker-update-171/
Build a DIY UV-C Sterilization Cabinet to Fight Covid-19,Deeplocal,project,uv-sterilization; cabinet; covid-19; electronics; diy,DIY UV-C sterilization cabinet for pandemic disinfection.,high,171,2020-04-16,main,https://makezine.com/projects/build-a-diy-uv-c-sterilization-cabinet-to-fight-covid-19/,,https://youtube.com/watch?v=DeddWWgjG30,https://www.makerprojectlab.com/onward-and-upward-maker-update-171/
Robot Dreams LEGO GBC - Design Breakdown,JK Brickworks,project,lego; ball-machine; mechanics; kinetic-art,LEGO ball machine with intricate mechanics breakdown.,high,171,2020-04-16,main,https://youtu.be/xz_YZDtC_Cw,,https://youtube.com/watch?v=DeddWWgjG30,https://www.makerprojectlab.com/onward-and-upward-maker-update-171/
Adam Savage's Favorite Tools: Making Circles and Holes!,,project,drilling; precision,Techniques for drilling holes and creating circles with tools.,high,171,2020-04-16,main,https://www.tested.com/art/makers/906052-adam-savages-favorite-tools-making-circles-and-holes/,,https://youtube.com/watch?v=DeddWWgjG30,https://www.makerprojectlab.com/onward-and-upward-maker-update-171/
Control a stepper motor using a laptop touchpad,KushagraK7,project,stepper-motors; controls; electronics; touchpad,Stepper motor control using laptop touchpad as input.,high,171,2020-04-16,main,https://www.instructables.com/id/Reuse-Old-Laptops-Touchpad-to-Control-a-Stepper-Mo/,,https://youtube.com/watch?v=DeddWWgjG30,https://www.makerprojectlab.com/onward-and-upward-maker-update-171/
Welding Tip Cleaners Compared,Jen Herchenroeder,project,welding; tip-cleaning; tool-comparison,Comparison of welding tip cleaning tools and techniques.,high,171,2020-04-16,main,https://youtu.be/Yi4VajBnBA8,,https://youtube.com/watch?v=DeddWWgjG30,https://www.makerprojectlab.com/onward-and-upward-maker-update-171/
Becky Stern's Hakko Wire Strippers,,project,soldering; wire-strippers; electronics; tool-review,Wire stripper tool review for soldering and electronics.,high,171,2020-04-16,main,http://youtu.be/7ueJ3NGpCmM,,https://youtube.com/watch?v=DeddWWgjG30,https://www.makerprojectlab.com/onward-and-upward-maker-update-171/
How to Drill a Hole in a Brick Wall,See Jane Drill,project,masonry; drilling; tutorial,Tutorial for drilling holes in masonry and brick walls.,high,171,2020-04-16,main,https://youtu.be/lR98Jyvfpbk,,https://youtube.com/watch?v=DeddWWgjG30,https://www.makerprojectlab.com/onward-and-upward-maker-update-171/
D-O Droid,Matt Denton,project,droid; robot; star-wars; props,Star Wars D-O droid replica with motorized movement.,high,170,2020-04-09,main,https://www.youtube.com/playlist?list=PLTSAQ5KEjPVCldgA1t-KT1lRTKJdAY7er,,https://youtube.com/watch?v=8Qp0RJg_1yc,https://www.makerprojectlab.com/in-situ-maker-update-170/
Beating LED Heart,jiripraus,project,led; electronics; heart-shaped; decoration,LED heart sculpture with pulsing light effects.,high,170,2020-04-09,main,https://www.instructables.com/id/Beating-LED-Heart/,,https://youtube.com/watch?v=8Qp0RJg_1yc,https://www.makerprojectlab.com/in-situ-maker-update-170/
Particle Sniffer,rabbitcreek,project,sensor; particle-detection; air-quality,Particle detection sensor for air quality monitoring.,high,170,2020-04-09,main,https://www.instructables.com/id/Particle-Sniffer/,https://hackaday.com/2020/04/02/particle-sniffer-for-pollution-point-sources/,https://youtube.com/watch?v=8Qp0RJg_1yc,https://www.makerprojectlab.com/in-situ-maker-update-170/
"The ""Magic Chef"", a 3D Printed Automata.",gzumwalt,project,3d-printing; automaton; mechanical; toy,3D printed magical automaton with mechanical movement.,high,170,2020-04-09,main,https://www.instructables.com/id/The-Magic-Chef-a-3D-Printed-Automata/,,https://youtube.com/watch?v=8Qp0RJg_1yc,https://www.makerprojectlab.com/in-situ-maker-update-170/
Plywood Indoor Swing,Laura Kampf,project,woodworking; furniture; swing; indoor,Indoor plywood swing for home furniture and recreation.,high,170,2020-04-09,main,https://youtu.be/okF7YDdi0EM,,https://youtube.com/watch?v=8Qp0RJg_1yc,https://www.makerprojectlab.com/in-situ-maker-update-170/
Tom Sachs ISRU,,project,space-exploration; isru; nasa-inspired; concept,ISRU space resource utilization concept and design.,high,170,2020-04-09,main,https://www.instagram.com/p/B-Z2beDnQ0z/,,https://youtube.com/watch?v=8Qp0RJg_1yc,https://www.makerprojectlab.com/in-situ-maker-update-170/
DiResta Steel Finger Joint Stool,,project,woodworking; furniture; joinery; stool,Steel finger joint stool with precision joinery techniques.,high,170,2020-04-09,main,https://www.youtube.com/watch?v=aSgAOqvNJlY,,https://youtube.com/watch?v=8Qp0RJg_1yc,https://www.makerprojectlab.com/in-situ-maker-update-170/
"Adam Savage Answers Your Questions! (Live Q&A, Part 1, 2 & 3)",,project,qa-video; maker-culture; youtube,Adam Savage live Q&A series on Tested.,low,170,2020-04-09,main,https://www.tested.com/art/makers/905731-adam-savage-answers-your-questions-live-q-part-1/,https://www.tested.com/art/makers/905783-adam-savage-answers-your-questions-live-q-part-2/; https://www.tested.com/art/makers/905812-adam-savage-answers-your-questions-live-q-part-3/,https://youtube.com/watch?v=8Qp0RJg_1yc,https://www.makerprojectlab.com/in-situ-maker-update-170/
Shop Class Playlist,I Like to Make Stuff,project,youtube-playlist; woodworking; hand-tools,I Like to Make Stuff shop class woodworking playlist.,low,170,2020-04-09,main,https://www.youtube.com/playlist?list=PLice_sU_6Rfib7iG0VPeCwg81DVvHgJBo,,https://youtube.com/watch?v=8Qp0RJg_1yc,https://www.makerprojectlab.com/in-situ-maker-update-170/
Antisocial Art Show,,project,art-exhibition,Antisocial Art Show and online gallery.,low,170,2020-04-09,main,http://antisocialartshow.org/,,https://youtube.com/watch?v=8Qp0RJg_1yc,https://www.makerprojectlab.com/in-situ-maker-update-170/
Pferd File Handles,,project,file-handle; metalworking,Metalworking file handles for precision hand tools.,high,170,2020-04-09,main,https://youtu.be/u85iaV5TAJ8,,https://youtube.com/watch?v=8Qp0RJg_1yc,https://www.makerprojectlab.com/in-situ-maker-update-170/
Pfake Pferd Pfile Pfhandles,,project,3d-printing; files,3D printable design for files (details not accessible).,low,170,2020-04-09,main,https://www.thingiverse.com/thing:4253103,,https://youtube.com/watch?v=8Qp0RJg_1yc,https://www.makerprojectlab.com/in-situ-maker-update-170/
Maker Update #169 (Adafruit Edition),,project,adafruit; maker-video,Maker Update episode featuring Adafruit projects.,low,170,2020-04-09,main,https://youtu.be/7oeCHBWXGxk,,https://youtube.com/watch?v=8Qp0RJg_1yc,https://www.makerprojectlab.com/in-situ-maker-update-170/
MX MIDI Guitar,,project,music; guitar; midi; mx-switches; custom-instrument,Custom MIDI guitar using mechanical MX keyboard switches.,high,169,2020-04-06,adafruit,https://learn.adafruit.com/mx-midi-guitar,,https://youtube.com/watch?v=7oeCHBWXGxk,https://www.makerprojectlab.com/midi-face-melter-maker-update-169/
Sew a cotton face mask,,project,sewing; fabric; face-mask; covid-19; tutorial,Sewn fabric face mask construction tutorial for pandemic.,high,169,2020-04-06,adafruit,https://learn.adafruit.com/sew-a-cotton-face-mask,,https://youtube.com/watch?v=7oeCHBWXGxk,https://www.makerprojectlab.com/midi-face-melter-maker-update-169/
Egg Drop with CLUE,,project,game; microcontroller; electronics; stem-education,Egg drop game using microcontroller and physics.,high,169,2020-04-06,adafruit,https://learn.adafruit.com/egg-drop-clue,,https://youtube.com/watch?v=7oeCHBWXGxk,https://www.makerprojectlab.com/midi-face-melter-maker-update-169/
Game Clock with Circuit Playground & MakeCode,,project,game; clock; music; circuit-playground; coding,Game clock combining music and games for entertainment.,high,169,2020-04-06,adafruit,https://learn.adafruit.com/game-clock-with-circuit-playground-makecode,,https://youtube.com/watch?v=7oeCHBWXGxk,https://www.makerprojectlab.com/midi-face-melter-maker-update-169/
CircuitPython BLE Morse Code Chat,,project,communication; ble; morse-code; chat; circuitpython,Bluetooth LE Morse code chat system using Python.,high,169,2020-04-06,adafruit,https://learn.adafruit.com/circuitpython-ble-wireless-morse-code-chat,,https://youtube.com/watch?v=7oeCHBWXGxk,https://www.makerprojectlab.com/midi-face-melter-maker-update-169/
Open Source Protective Face Shield Designs,,tip,protective-equipment; face-shield; covid-19; medical,Open source protective face shield design patterns.,high,169,2020-04-06,adafruit,https://learn.adafruit.com/open-source-face-shield-designs/introduction,,https://youtube.com/watch?v=7oeCHBWXGxk,https://www.makerprojectlab.com/midi-face-melter-maker-update-169/
Adafruit Feather nRF52840 Sense,,tip,microcontroller; ble; wireless; bluetooth; sensor,Bluetooth-enabled microcontroller board with sensors.,high,169,2020-04-06,adafruit,https://learn.adafruit.com/adafruit-feather-sense,,https://youtube.com/watch?v=7oeCHBWXGxk,https://www.makerprojectlab.com/midi-face-melter-maker-update-169/
¡Bienvenido a CircuitPython!,,tip,circuitpython; programming; language; education,CircuitPython language introduction for beginners.,high,169,2020-04-06,adafruit,https://learn.adafruit.com/bienvenido-a-circuitpython-2,,https://youtube.com/watch?v=7oeCHBWXGxk,https://www.makerprojectlab.com/midi-face-melter-maker-update-169/
Using the Bluefruit Dashboard with Web Bluetooth in Chrome,,tip,ble; bluetooth; dashboard; web-app; mobile,Bluetooth dashboard interface for mobile connectivity.,high,169,2020-04-06,adafruit,https://learn.adafruit.com/bluefruit-dashboard-web-bluetooth-chrome,,https://youtube.com/watch?v=7oeCHBWXGxk,https://www.makerprojectlab.com/midi-face-melter-maker-update-169/
Scrubber Plays Spotify Jams While You Wash Your Hands,Deep Local,project,music; hand-washing; alexa; smart-home; iot,Spotify-playing hand sanitizer dispenser with Alexa control.,high,168,2020-04-02,main,https://github.com/Deeplocal/scrubber,https://www.deeplocal.com/scrubber,https://youtube.com/watch?v=ImXLFxyhcRE,https://www.makerprojectlab.com/scrub-a-dub-maker-update-168/
3D Print Ventilator Valves,rabbitcreek,project,3d-printing; ventilator; valve; covid-19; medical,3D printed ventilator valve parts for medical supply chain.,high,168,2020-04-02,main,https://www.instructables.com/id/3D-Print-Ventilator-Valves/,,https://youtube.com/watch?v=ImXLFxyhcRE,https://www.makerprojectlab.com/scrub-a-dub-maker-update-168/
Cute Little Virus POM POMS,TechnoChic,project,craft; pom-poms; covid-themed; novelty,Cute novelty POM POM decorations with virus theme.,high,168,2020-04-02,main,https://www.instructables.com/id/Cute-Little-Virus-POM-POMS/,,https://youtube.com/watch?v=ImXLFxyhcRE,https://www.makerprojectlab.com/scrub-a-dub-maker-update-168/
Krylon Easy-Tack Adhesive Spray,,project,spray-paint; adhesive,Easy-tack spray adhesive paint for temporary bonding.,high,168,2020-04-02,main,https://youtu.be/Mh0dsenNmu0,,https://youtube.com/watch?v=ImXLFxyhcRE,https://www.makerprojectlab.com/scrub-a-dub-maker-update-168/
Introducing The Hackaday Calendar Of Virtual Events,,project,event-calendar; maker-community; virtual-events,Hackaday calendar of virtual events for remote makers.,high,168,2020-04-02,main,http://blog.oshpark.com/2020/03/27/introducing-the-hackaday-calendar-of-virtual-events/,,https://youtube.com/watch?v=ImXLFxyhcRE,https://www.makerprojectlab.com/scrub-a-dub-maker-update-168/
Safer Tools For Your Kids,Jude Pullen,project,safety; children; kids-workshop,Safer tools designed for kids and young makers.,high,168,2020-04-02,main,https://youtu.be/GZTW4qkAfiY,,https://youtube.com/watch?v=ImXLFxyhcRE,https://www.makerprojectlab.com/scrub-a-dub-maker-update-168/
Old Cabinet Makers trick for fixing a BAD wood joint,See Jane Drill,project,woodworking; joint-repair; tutorial,Woodworking technique for fixing poor wood joints.,high,168,2020-04-02,main,https://youtu.be/oSV9aIXVuWc,,https://youtube.com/watch?v=ImXLFxyhcRE,https://www.makerprojectlab.com/scrub-a-dub-maker-update-168/
How to build a Hidden Shelf Edge Clock,DIY Machines,project,clock; hidden-shelf; electronics; furniture; diy,Hidden shelf edge clock embedded in furniture design.,high,166,2020-03-19,main,https://youtu.be/8E0SeycTzHw,,https://youtube.com/watch?v=UpRqNlbIx5M,https://www.makerprojectlab.com/shelf-life-maker-update-166/
The Watchman robot head,Graham Jessup,project,robot-head; animatronics; mechanical; sculpture,Animatronic robot head with mechanical expressions.,high,166,2020-03-19,main,https://grahamjessup.com/watchman/,,https://youtube.com/watch?v=UpRqNlbIx5M,https://www.makerprojectlab.com/shelf-life-maker-update-166/
How I Made an Illuminated Booknook,Ajaxjones,project,diorama; book-nook; lighting; miniature,Illuminated book-nook miniature diorama with shelf display.,high,166,2020-03-19,main,https://www.instructables.com/id/How-I-Made-an-Illuminated-Booknook/,,https://youtube.com/watch?v=UpRqNlbIx5M,https://www.makerprojectlab.com/shelf-life-maker-update-166/
See also: Sculptures,Monde,project,sculpture; art; social-media,Artist profile and sculpture work (Twitter).,low,166,2020-03-19,main,https://twitter.com/monde55212068,,https://youtube.com/watch?v=UpRqNlbIx5M,https://www.makerprojectlab.com/shelf-life-maker-update-166/
The MagPi magazine half-off US subscriptions,,tip,magazine; raspberry-pi; electronics,MagPi magazine subscription with special offer discount.,high,166,2020-03-19,main,https://magpi.cc/mpl,,https://youtube.com/watch?v=UpRqNlbIx5M,https://www.makerprojectlab.com/shelf-life-maker-update-166/
Adam Savage's Nailer and Stapler Storage Rack,,tip,tool-storage; workshop-organization; nailer-stapler,Workshop storage rack for pneumatic nailer and stapler.,high,166,2020-03-19,main,https://www.tested.com/art/makers/904354-adam-savages-nailer-and-stapler-storage-rack/,,https://youtube.com/watch?v=UpRqNlbIx5M,https://www.makerprojectlab.com/shelf-life-maker-update-166/
BBC micro:bit Go Bundle review,Ryan Jenkins,tip,microcontroller; kit; stem-education,BBC micro:bit Go education kit review and assessment.,high,166,2020-03-19,main,https://youtu.be/KCmYfRvIjgI,,https://youtube.com/watch?v=UpRqNlbIx5M,https://www.makerprojectlab.com/shelf-life-maker-update-166/
Folding at Home,,tip,volunteer-computing; distributed-processing; covid-19,Distributed computing project for pandemic research support.,high,166,2020-03-19,main,https://foldingathome.org/,,https://youtube.com/watch?v=UpRqNlbIx5M,https://www.makerprojectlab.com/shelf-life-maker-update-166/
The Octo-Bouncer,Tobias Kuhn of Electron Dust,project,bouncer; mechanical; ball-balancing; kinetic-art,Mechanical bouncer with ball balancing mechanism.,high,165,2020-03-12,main,https://electrondust.com/2020/03/01/the-octo-bouncer/,https://hackaday.com/2020/03/05/robotic-ball-bouncer-uses-machine-vision-to-stay-on-target/,https://youtube.com/watch?v=OBT1UGk4tPQ,https://www.makerprojectlab.com/bounce-with-me-maker-update-165/
See also: Ball Balancing PID System,Johan Link,project,ball-balancing; pid-control; robotics; engineering,Ball balancing system using PID control algorithm.,high,165,2020-03-12,main,https://www.instructables.com/id/Ball-Balancing-PID-System/,,https://youtube.com/watch?v=OBT1UGk4tPQ,https://www.makerprojectlab.com/bounce-with-me-maker-update-165/
LEGO Adam Savage Robot Rickshaw,JK Brickworks,project,lego; rickshaw; automaton; kinetic-art,LEGO automaton depicting rickshaw puller figure.,high,165,2020-03-12,main,https://jkbrickworks.com/adam-savage-robot-rickshaw/#more-1732,,https://youtube.com/watch?v=OBT1UGk4tPQ,https://www.makerprojectlab.com/bounce-with-me-maker-update-165/
DiResta Bandsaw Bot [In 1 Take],,project,bandsaw; robot; cnc; metalworking; video,DiResta bandsaw robot creation captured in single take.,high,165,2020-03-12,main,https://youtu.be/3VhsZYDktXk,,https://youtube.com/watch?v=OBT1UGk4tPQ,https://www.makerprojectlab.com/bounce-with-me-maker-update-165/
3D Printed Snorkel,rabbitcreek,project,3d-printing; snorkel; diving; gears,3D printed snorkel for diving and water sports.,high,165,2020-03-12,main,https://www.instructables.com/id/3D-Printed-Snorkel/,,https://youtube.com/watch?v=OBT1UGk4tPQ,https://www.makerprojectlab.com/bounce-with-me-maker-update-165/
"Introducing Raspberry Pi Imager, our new imaging utility",,tip,raspberry-pi; software; imaging-tool; os-installation,Raspberry Pi imaging utility for OS setup and installation.,high,165,2020-03-12,main,https://www.raspberrypi.org/blog/raspberry-pi-imager-imaging-utility/,,https://youtube.com/watch?v=OBT1UGk4tPQ,https://www.makerprojectlab.com/bounce-with-me-maker-update-165/
Nickel Plated Nibbling Tool,,tip,nibbling-tool; metalworking; metal-cutting,Nickel-plated metal nibbling tool for sheet metal work.,high,165,2020-03-12,main,https://youtu.be/c03STjTM6wo,,https://youtube.com/watch?v=OBT1UGk4tPQ,https://www.makerprojectlab.com/bounce-with-me-maker-update-165/
Adam Savage's Favorite Tools: Jewelry Clamps,,tip,jewelry-clamps; metalworking; fastening,Jewelry clamps for metalworking and component holding.,high,165,2020-03-12,main,https://youtu.be/HrYrcJTv4H4,,https://youtube.com/watch?v=OBT1UGk4tPQ,https://www.makerprojectlab.com/bounce-with-me-maker-update-165/
Ninja Your Old Wii Nunchuck into Your Next Project!,,tip,gaming; wii-nunchuck; electronics; repurposing,Wii Nunchuck repurposing for electronics projects.,high,165,2020-03-12,main,https://blog.tindie.com/2020/03/ninja-old-wii-nunchuck-next-project/,,https://youtube.com/watch?v=OBT1UGk4tPQ,https://www.makerprojectlab.com/bounce-with-me-maker-update-165/
"SparkFun Launches ""a Better Uno"" with the Arduino-Compatible SparkX BlackBoard C",,tip,microcontroller; arduino-compatible; kit; beginner,Arduino-compatible microcontroller board for beginners.,high,165,2020-03-12,main,https://www.sparkfun.com/products/16282,https://www.hackster.io/news/sparkfun-launches-a-better-uno-with-the-arduino-compatible-sparkx-blackboard-c-437124dcb90e,https://youtube.com/watch?v=OBT1UGk4tPQ,https://www.makerprojectlab.com/bounce-with-me-maker-update-165/
Brain Paper Shredder,Simone Giertz,project,shredder; robot; novelty; humor; 3d-printing,Brain-shaped paper shredder novelty robot.,high,164,2020-03-05,main,https://www.youtube.com/watch?v=AjEDvKFs_78,,https://youtube.com/watch?v=EtsXA8kzjas,https://www.makerprojectlab.com/running-through-my-mind-maker-update-164/
Electronic Dice,Jean Simonet,project,electronics; dice; randomization; circuit,Electronic dice using circuits and random number generation.,high,164,2020-03-05,main,https://hackaday.io/project/28377-electronic-dice,,https://youtube.com/watch?v=EtsXA8kzjas,https://www.makerprojectlab.com/running-through-my-mind-maker-update-164/
MIDI guitar mod,Look Mum No Computer,project,guitar; midi; music; electronics,Guitar modification adding MIDI output capability.,high,164,2020-03-05,main,https://www.youtube.com/watch?v=0gNjU8Pq8cU,,https://youtube.com/watch?v=EtsXA8kzjas,https://www.makerprojectlab.com/running-through-my-mind-maker-update-164/
Simple Work Table,Get Hands Dirty,project,workbench; furniture; diy; simple-design,Simple work table for fabrication and assembly.,high,164,2020-03-05,main,https://www.youtube.com/watch?v=D1qc1XQap6Y,,https://youtube.com/watch?v=EtsXA8kzjas,https://www.makerprojectlab.com/running-through-my-mind-maker-update-164/
Making a Wizard's Staff,Nerdforge,project,props; staff; fantasy; cosplay; crafting,Wizard staff prop for cosplay and fantasy costumes.,high,164,2020-03-05,main,https://www.youtube.com/watch?v=0O1Y7iBORqk,,https://youtube.com/watch?v=EtsXA8kzjas,https://www.makerprojectlab.com/running-through-my-mind-maker-update-164/
Programmable Light Up Matrix Dress,mikaylas123 on Instructables,project,wearables; dress; led-matrix; programmable; light,LED matrix dress with programmable light patterns.,high,164,2020-03-05,main,https://www.instructables.com/id/Programmable-Light-Up-Matrix-Dress/,,https://youtube.com/watch?v=EtsXA8kzjas,https://www.makerprojectlab.com/running-through-my-mind-maker-update-164/
Anemone Sensor,,project,wearables; sensor; gesture-detection; circuitpython,Anemone-inspired wearable sensor for gesture recognition.,high,164,2020-03-05,main,https://www.instructables.com/id/Anenome-Sensor-Silicone-Circuit/,,https://youtube.com/watch?v=EtsXA8kzjas,https://www.makerprojectlab.com/running-through-my-mind-maker-update-164/
Stroke Sensor,,project,wearables; sensor; gesture-detection; fabric,Stroke sensor wearable for fabric and gesture detection.,high,164,2020-03-05,main,https://www.instructables.com/id/Stroke-Sensor/,,https://youtube.com/watch?v=EtsXA8kzjas,https://www.makerprojectlab.com/running-through-my-mind-maker-update-164/
Kobakant: How to get what you want,,tip,wearables; documentation; tutorial; resources,Wearables documentation and how-to guides for makers.,high,164,2020-03-05,main,http://www.kobakant.at/DIY/?p=1733,https://www.youtube.com/watch?v=PDPQXWQUUtw,https://youtube.com/watch?v=EtsXA8kzjas,https://www.makerprojectlab.com/running-through-my-mind-maker-update-164/
Laura Kampf: spray paint can for marking and sanding round corners,,tip,spray-paint; tool-hack; sanding; corner-rounding,Spray paint can modification for sanding rounded corners.,high,164,2020-03-05,main,https://www.youtube.com/watch?v=KOZEHdiRBzY,,https://youtube.com/watch?v=EtsXA8kzjas,https://www.makerprojectlab.com/running-through-my-mind-maker-update-164/
Adam Savage: pneumatic t-50 stapler,,tip,pneumatic-tools; stapler; workshop-tool,Pneumatic T-50 stapler for workshop fastening tasks.,high,164,2020-03-05,main,https://www.youtube.com/watch?v=x8YTMPuvTGw,,https://youtube.com/watch?v=EtsXA8kzjas,https://www.makerprojectlab.com/running-through-my-mind-maker-update-164/
BLE Synth & Amp,,project,synthesizer; ble; bluetooth; music; wearables,Bluetooth wireless synthesizer with amp for music creation.,high,163,2020-03-02,adafruit,https://learn.adafruit.com/ble-synth-with-the-feather-nrf52840-and-circuit-playground-bluefruit,,https://youtube.com/watch?v=6OH4aytKNvI,https://www.makerprojectlab.com/ble-gently-weeps/
Four Seasons Fairy Bottle Lanterns,,project,led-craft; lantern; miniature; decoration; fairy,Fairy bottle lantern with LED lights for seasonal decor.,high,163,2020-03-02,adafruit,https://learn.adafruit.com/four-seasons-fairy-bottle-lanterns,https://learn.adafruit.com/tree-ent-sculpture-with-animated-eyes,https://youtube.com/watch?v=6OH4aytKNvI,https://www.makerprojectlab.com/ble-gently-weeps/
John Park's Pyloton,,project,music; synthesizer; diy-instrument; control-panel,DIY music synthesizer with custom control interface.,high,163,2020-03-02,adafruit,https://learn.adafruit.com/bluetooth-bicycle-speed-cadence-sensor-display-with-clue,,https://youtube.com/watch?v=6OH4aytKNvI,https://www.makerprojectlab.com/ble-gently-weeps/
LED Neopixel Heart Necklace,,project,jewelry; neopixel; led-necklace; wearables; heart,LED heart-shaped necklace with Neopixel programming.,high,163,2020-03-02,adafruit,https://learn.adafruit.com/neopixel-led-heart-necklace,,https://youtube.com/watch?v=6OH4aytKNvI,https://www.makerprojectlab.com/ble-gently-weeps/
Circuit Python Sip & Puff,,project,wearables; accessibility; sip-puff; assistive-tech,Sip-and-puff assistive control for accessibility.,high,163,2020-03-02,adafruit,https://learn.adafruit.com/st-lps33-and-circuitpython-sip-and-puff,,https://youtube.com/watch?v=6OH4aytKNvI,https://www.makerprojectlab.com/ble-gently-weeps/
Introducing Adafruit CLUE,,tip,microcontroller; iot-platform; sensor-board; new-product,Adafruit CLUE microcontroller board introduction.,high,163,2020-03-02,adafruit,https://learn.adafruit.com/adafruit-clue,,https://youtube.com/watch?v=6OH4aytKNvI,https://www.makerprojectlab.com/ble-gently-weeps/
Clue Case,,tip,microcontroller; protective-case; accessories,CLUE protective case for microcontroller storage.,high,163,2020-03-02,adafruit,https://learn.adafruit.com/clue-case,,https://youtube.com/watch?v=6OH4aytKNvI,https://www.makerprojectlab.com/ble-gently-weeps/
How to make a testng fixture,,tip,fixture; testing; fabrication,Testing fixture construction for quality assurance.,high,163,2020-03-02,adafruit,https://learn.adafruit.com/how-to-build-a-testing-fixture/solder-pogo-pins,,https://youtube.com/watch?v=6OH4aytKNvI,https://www.makerprojectlab.com/ble-gently-weeps/
Circuitpython Measures up,,tip,measurement; circuitpython; sensor; calibration,CircuitPython measurement and calibration techniques.,high,163,2020-03-02,adafruit,https://github.com/vifino/CircuitPython-mitutoyo,,https://youtube.com/watch?v=6OH4aytKNvI,https://www.makerprojectlab.com/ble-gently-weeps/
PaintBot,Alexander Leiser,project,robot; painting; art; automation; robotic-arm,Automated painting robot for algorithmic art creation.,high,162,2020-02-27,main,https://www.thingiverse.com/thing:4164851,https://vialps.com/tag/paintbot/; https://hackaday.com/2020/02/22/paintbot-does-the-art-for-you/,https://youtube.com/watch?v=s-SmFTajHXU,https://www.makerprojectlab.com/paint-by-numbers-maker-update-162/
Vintage Flash Clock,lonesoulsurfer,project,clock; vintage; neon-display; electronics; retro-tech,Vintage flash tube clock with retro aesthetic.,high,162,2020-02-27,main,https://www.instructables.com/id/Vintage-Flash-Clock/,,https://youtube.com/watch?v=s-SmFTajHXU,https://www.makerprojectlab.com/paint-by-numbers-maker-update-162/
Rotary Cellphone,Justine Haupt,project,phone; rotary; cellular; custom-device; vintage,Functional rotary phone for nostalgic communication.,high,162,2020-02-27,main,http://justine-haupt.com/rotarycellphone/,,https://youtube.com/watch?v=s-SmFTajHXU,https://www.makerprojectlab.com/paint-by-numbers-maker-update-162/
A sneak peek inside Make: magazine vol. 72,,tip,magazine; make-magazine; content-preview,Make magazine volume 72 preview and announcement.,high,162,2020-02-27,main,https://youtu.be/8WUJ5V3-lPk,,https://youtube.com/watch?v=s-SmFTajHXU,https://www.makerprojectlab.com/paint-by-numbers-maker-update-162/
Breadboard Wire Helper,moononournation,tip,electronics; breadboard; wire-organization,3D printed breadboard wire helper for neater electronics.,high,162,2020-02-27,main,https://www.thingiverse.com/thing:3862775,https://hackaday.com/2020/02/23/3d-printed-breadboard-helper-makes-wiring-neater-and-easier/,https://youtube.com/watch?v=s-SmFTajHXU,https://www.makerprojectlab.com/paint-by-numbers-maker-update-162/
ColorFabb’s new LW (Light Weight) filament tested,CNC Kitchen,tip,3d-printing; filament-review; lightweight,ColorFabb lightweight filament review and testing.,high,162,2020-02-27,main,https://youtu.be/2tmgzwgi2UI,,https://youtube.com/watch?v=s-SmFTajHXU,https://www.makerprojectlab.com/paint-by-numbers-maker-update-162/
Japanese Framing Square,,tip,framing-square; woodworking; measurement,Japanese framing square for woodworking measurement.,high,162,2020-02-27,main,https://youtu.be/9_8HGJSpFps,,https://youtube.com/watch?v=s-SmFTajHXU,https://www.makerprojectlab.com/paint-by-numbers-maker-update-162/
Adam Savage's Favorite Tools: Automatic Wire Strippers,,tip,wire-strippers; soldering; automation,Automatic wire strippers for efficient electronics work.,high,162,2020-02-27,main,https://youtu.be/dvFS_ZEzwKg,,https://youtube.com/watch?v=s-SmFTajHXU,https://www.makerprojectlab.com/paint-by-numbers-maker-update-162/
Animatronic Plush Heart With 3D Printing,Will Cogley,project,animatronics; plush; heart; 3d-printing; mechanical,3D printed animatronic plush heart with movement.,high,161,2020-02-13,main,https://www.instructables.com/id/Animatronic-Plush-Heart-With-3D-Printing/,,https://youtube.com/watch?v=KnnIA7pmZhM,https://www.makerprojectlab.com/be-still-my-heart-maker-update-161/
LEGO GBC Module - Robot Dreams,JK Brickworks,project,lego; ball-machine; mechanics; kinetic-art,LEGO ball machine with robot-themed kinetic mechanics.,high,161,2020-02-13,main,https://youtu.be/4dwXtT21rbw,,https://youtube.com/watch?v=KnnIA7pmZhM,https://www.makerprojectlab.com/be-still-my-heart-maker-update-161/
More Giant Numbers! // the Numbers Project,Make Anything,project,numerals; large-display; fabrication; art; numbers,Giant illuminated numbers for art and display.,high,161,2020-02-13,main,https://youtu.be/fbbf3PqmCP0,,https://youtube.com/watch?v=KnnIA7pmZhM,https://www.makerprojectlab.com/be-still-my-heart-maker-update-161/
"Real-time Object Tracking with TensorFlow, Raspberry Pi, and Pan-Tilt HAT",Leigh Johnson,project,object-tracking; tensorflow; computer-vision; raspberry-pi,Real-time object tracking using TensorFlow and Pan-Tilt.,high,161,2020-02-13,main,https://towardsdatascience.com/real-time-object-tracking-with-tensorflow-raspberry-pi-and-pan-tilt-hat-2aeaef47e134,,https://youtube.com/watch?v=KnnIA7pmZhM,https://www.makerprojectlab.com/be-still-my-heart-maker-update-161/
I lost my voice but check out MuggyWeld!,TheCrafsMan SteadyCraftin,tip,welding; adhesive; brazing; tool-recommendation,Welding and brazing adhesive tool recommendations.,high,161,2020-02-13,main,https://youtu.be/1y17ycCmvUU,,https://youtube.com/watch?v=KnnIA7pmZhM,https://www.makerprojectlab.com/be-still-my-heart-maker-update-161/
Adam Savage's Favorite Tools: Handheld Sheet Metal Brake,,tip,sheet-metal; brake; metalworking; fabrication,Handheld sheet metal brake for bending and fabrication.,high,161,2020-02-13,main,https://youtu.be/m_AB7RnD_FQ,,https://youtube.com/watch?v=KnnIA7pmZhM,https://www.makerprojectlab.com/be-still-my-heart-maker-update-161/
"Soft Baroque's ""Puffy Brick"" Concrete Casting Technique",,tip,concrete-casting; mold-making; crafting,Concrete casting using puffy brick technique.,high,161,2020-02-13,main,https://www.core77.com/posts/93782/Cool-Production-Method-Soft-Baroques-Puffy-Brick-Concrete-Casting-Technique,,https://youtube.com/watch?v=KnnIA7pmZhM,https://www.makerprojectlab.com/be-still-my-heart-maker-update-161/
Impact Driver Vs. Drill Driver,Essential Craftsman,tip,power-tools; drill; comparison; torque; speed,Impact driver vs drill comparison for tool selection.,high,161,2020-02-13,main,https://youtu.be/SJGfl54oegQ,,https://youtube.com/watch?v=KnnIA7pmZhM,https://www.makerprojectlab.com/be-still-my-heart-maker-update-161/
Colored Gels on LEDs,John Park,tip,led; lighting; gel-filters; color-manipulation,Colored gel filters for LED light customization.,high,161,2020-02-13,main,https://learn.adafruit.com/circuitpython-ble-heart-rate-monitor-gizmo/overview,,https://youtube.com/watch?v=KnnIA7pmZhM,https://www.makerprojectlab.com/be-still-my-heart-maker-update-161/
Flat Measuring Tape,,tip,measurement; tape; flat-design,Flat measuring tape for precision measurement work.,high,161,2020-02-13,main,https://youtu.be/1ciysHiqgEI,,https://youtube.com/watch?v=KnnIA7pmZhM,https://www.makerprojectlab.com/be-still-my-heart-maker-update-161/
Pixels Dice,Jean Simonet,project,game; dice; rgb-led; electronics; programmable,RGB LED programmable dice for gaming applications.,high,160,2020-02-06,main,https://hackaday.io/project/28377-electronic-dice,https://www.hackster.io/news/pixels-are-led-and-bluetooth-equipped-dice-for-your-next-game-night-094f3cbbc4e8; https://www.pixels-dice.com/,https://youtube.com/watch?v=mEIA9Xyityg,https://www.makerprojectlab.com/rolling-the-dice-maker-update-160/
The Algorithm Machine,Sam Guyer,project,machine; mechanical-logic; algorithm-visualization; automation,Algorithm machine visualizing computational processes.,high,160,2020-02-06,main,https://www.instructables.com/id/The-Algorithm-Machine/,,https://youtube.com/watch?v=mEIA9Xyityg,https://www.makerprojectlab.com/rolling-the-dice-maker-update-160/
Sequino,ekaggrat singh kalsi,project,synthesizer; step-sequencer; music; diy-instrument,Step sequencer musical instrument for composition.,high,160,2020-02-06,main,https://hackaday.io/project/169664-sequino,,https://youtube.com/watch?v=mEIA9Xyityg,https://www.makerprojectlab.com/rolling-the-dice-maker-update-160/
Adam Savage's Very First Vacuuming Forming Project!,,tip,vacuum-forming; plastic-shaping; tool-technique; adam-savage,Vacuum forming technique demonstration by Adam Savage.,high,160,2020-02-06,main,https://www.youtube.com/watch?v=__kZC06KbTU,,https://youtube.com/watch?v=mEIA9Xyityg,https://www.makerprojectlab.com/rolling-the-dice-maker-update-160/
SVG Emoji files from Twitter,,tip,svg-graphics; emoji; design-asset,SVG emoji graphic files from Twitter design library.,high,160,2020-02-06,main,https://twemoji.twitter.com/,,https://youtube.com/watch?v=mEIA9Xyityg,https://www.makerprojectlab.com/rolling-the-dice-maker-update-160/
Sketch to Functional Prototype,Eric Strebel,tip,prototyping; sketching; design-process; tutorial,Sketch-to-prototype design process tutorial.,high,160,2020-02-06,main,https://youtu.be/xnLTS6vjkoY,,https://youtube.com/watch?v=mEIA9Xyityg,https://www.makerprojectlab.com/rolling-the-dice-maker-update-160/
Best Cordless Circular Saw,"Derek ""Deek"" Diedricksen",tip,power-tools; circular-saw; comparison,Cordless circular saw comparison and tool review.,high,160,2020-02-06,main,https://youtu.be/UE1RhhjBryQ,,https://youtube.com/watch?v=mEIA9Xyityg,https://www.makerprojectlab.com/rolling-the-dice-maker-update-160/
3D printer essential maintenance guide,Teaching Tech,tip,3d-printing; maintenance; printer-care,3D printer maintenance and care guide for longevity.,high,160,2020-02-06,main,https://www.youtube.com/watch?v=kAafiApJs9A,,https://youtube.com/watch?v=mEIA9Xyityg,https://www.makerprojectlab.com/rolling-the-dice-maker-update-160/
Neopixel Infinity Coaster,,project,led; neopixel; coaster; light-effects; decoration,LED Neopixel coaster with infinity mirror light effects.,high,159,2020-02-03,adafruit,https://learn.adafruit.com/infinity-mirror-coaster,,https://youtube.com/watch?v=cqdcXvi5GDQ,https://www.makerprojectlab.com/infinity-machine-maker-update-159-adafruit-edition/
TOTP Authentication Friend,,project,authentication; security; bluetooth; circuitpython,Time-based authentication friend using Bluetooth and Python.,high,159,2020-02-03,adafruit,https://learn.adafruit.com/pyportal-2fa-totp-authentication-friend/internet-connect-2,https://youtu.be/f_L9ZuqXqa8,https://youtube.com/watch?v=cqdcXvi5GDQ,https://www.makerprojectlab.com/infinity-machine-maker-update-159-adafruit-edition/
John Park Bluetooth Projects,,project,bluetooth; music; wireless-audio; playback-control,Bluetooth music playback controller with wireless connectivity.,high,159,2020-02-03,adafruit,https://learn.adafruit.com/bluetooth-le-hid-volume-knob-with-circuitpython,https://learn.adafruit.com/now-playing-bluetooth-apple-media-service-display; https://learn.adafruit.com/ble-hid-keyboard-buttons-with-circuitpython,https://youtube.com/watch?v=cqdcXvi5GDQ,https://www.makerprojectlab.com/infinity-machine-maker-update-159-adafruit-edition/
Machine Learning with Marshmellows,,project,machine-learning; interactive-fun; creative-coding,Machine learning with marshmallow physics simulation.,high,159,2020-02-03,adafruit,https://learn.adafruit.com/machine-learning-with-marshmallows-and-tiny-sorter/train-the-model,,https://youtube.com/watch?v=cqdcXvi5GDQ,https://www.makerprojectlab.com/infinity-machine-maker-update-159-adafruit-edition/
PyPortal MQTT Home Assistant,,project,iot; home-automation; mqtt; smart-home; dashboard,PyPortal MQTT home automation dashboard integration.,high,159,2020-02-03,adafruit,https://learn.adafruit.com/pyportal-mqtt-sensor-node-control-pad-home-assistant,,https://youtube.com/watch?v=cqdcXvi5GDQ,https://www.makerprojectlab.com/infinity-machine-maker-update-159-adafruit-edition/
CLUE Sneak preview,,tip,microcontroller; sneak-preview; new-product,CLUE microcontroller sneak preview and product introduction.,high,159,2020-02-03,adafruit,https://blog.adafruit.com/2020/01/18/latest-clue-design-sneak-preview-nordictweets-arduino-microbit_edu-circuitpython-clue/,,https://youtube.com/watch?v=cqdcXvi5GDQ,https://www.makerprojectlab.com/infinity-machine-maker-update-159-adafruit-edition/
LadyAda Gyroscope calibration.,,tip,sensor-calibration; gyroscope,Gyroscope calibration technique for sensor accuracy.,high,159,2020-02-03,adafruit,https://learn.adafruit.com/adafruit-sensorlab-gyroscope-calibration,,https://youtube.com/watch?v=cqdcXvi5GDQ,https://www.makerprojectlab.com/infinity-machine-maker-update-159-adafruit-edition/
Oculus Quest Sideloading,,tip,vr; mobile-vr; oculus-quest; sideloading; software,Oculus Quest VR headset sideloading guide.,high,159,2020-02-03,adafruit,https://learn.adafruit.com/sideloading-on-oculus-quest,,https://youtube.com/watch?v=cqdcXvi5GDQ,https://www.makerprojectlab.com/infinity-machine-maker-update-159-adafruit-edition/
LadyAda Teachable Machine,,tip,machine-learning; ai; image-recognition; google,Google Teachable Machine for ML model training.,high,159,2020-02-03,adafruit,https://www.youtube.com/watch?v=j43MLLRkTiE&feature=youtu.be,,https://youtube.com/watch?v=cqdcXvi5GDQ,https://www.makerprojectlab.com/infinity-machine-maker-update-159-adafruit-edition/
Millennium Falcon Dashboard (Full Scale Garage Build),kylegilbert,project,star-wars; props; scale-model; millennium-falcon,Full-scale Millennium Falcon cockpit garage build.,high,158,2020-01-30,main,https://www.instructables.com/id/Millennium-Falcon-Dashboard-Full-Scale-Garage-Buil/,,https://youtube.com/watch?v=rmV7erLdlB8,https://www.makerprojectlab.com/engage-hyperdrive-maker-update-158/
Make a Millennium Falcon Playhouse - Massive Update,kylegilbert,project,star-wars; playhouse; diy-construction,Star Wars playhouse construction and design updates.,high,158,2020-01-30,main,https://www.instructables.com/id/Millennium-Falcon-Playhouse-Massive-Update/,,https://youtube.com/watch?v=rmV7erLdlB8,https://www.makerprojectlab.com/engage-hyperdrive-maker-update-158/
Make a Large-Scale Star Wars AT-AT Walker,kylegilbert,project,star-wars; mechanical; props; at-at-walker,Large-scale AT-AT walker robot prop construction.,high,158,2020-01-30,main,https://www.instructables.com/id/Large-Scale-Star-Wars-AT-AT-Walker-Build/,,https://youtube.com/watch?v=rmV7erLdlB8,https://www.makerprojectlab.com/engage-hyperdrive-maker-update-158/
Custom Cricut Maker Vinyl Cutter Workshop Cart!,Jen Schachter,project,cricut; vinyl-cutter; workshop-cart; custom-storage,Cricut Maker vinyl cutter workshop cart build.,high,158,2020-01-30,main,https://youtu.be/Dtkey7YUyPg,,https://youtube.com/watch?v=rmV7erLdlB8,https://www.makerprojectlab.com/engage-hyperdrive-maker-update-158/
Cart Plans on Etsy,,project,furniture; cart; diy-plans; etsy,DIY furniture cart plans available on Etsy.,high,158,2020-01-30,main,https://www.etsy.com/listing/771208385/cricut-cart-plans-vinyl-cutter-mobile,,https://youtube.com/watch?v=rmV7erLdlB8,https://www.makerprojectlab.com/engage-hyperdrive-maker-update-158/
Serenity: An origami wall sculpture connected with Google Home Charlyn Gonda,,project,origami; wall-sculpture; google-home; smart-home; automation,Google Home-controlled origami wall sculpture.,high,158,2020-01-30,main,https://charlyn.codes/origami-wall-art/,,https://youtube.com/watch?v=rmV7erLdlB8,https://www.makerprojectlab.com/engage-hyperdrive-maker-update-158/
Game of Life Coffee Table,andrei.erdei,project,game-of-life; coffee-table; electronics; display,Conway's Game of Life coffee table with LED display.,high,158,2020-01-30,main,https://www.instructables.com/id/Game-of-Life-Coffee-Table/,,https://youtube.com/watch?v=rmV7erLdlB8,https://www.makerprojectlab.com/engage-hyperdrive-maker-update-158/
Flipdigits Player: Processing Tutorial,Ksawery Kirklewski,tip,processing; animation; flipbook; tutorial,Flipbook animation tutorial using Processing language.,high,158,2020-01-30,main,https://www.creativeapplications.net/processing/flipdigits-player-processing-tutorial/,,https://youtube.com/watch?v=rmV7erLdlB8,https://www.makerprojectlab.com/engage-hyperdrive-maker-update-158/
Adam Savage's Favorite Tools: Pica Marker,,tip,markers; labeling,Pica permanent marking tool for workshop labeling.,high,158,2020-01-30,main,https://youtu.be/hmEijVgUKkE,,https://youtube.com/watch?v=rmV7erLdlB8,https://www.makerprojectlab.com/engage-hyperdrive-maker-update-158/
Buy-it-for-life Label Maker,Sean Michael Ragan,tip,label-maker; durable; lifetime-quality,Buy-it-for-life quality label maker tool.,high,158,2020-01-30,main,https://youtu.be/Bzq4MIbqlHo,,https://youtube.com/watch?v=rmV7erLdlB8,https://www.makerprojectlab.com/engage-hyperdrive-maker-update-158/
How to Rotate Raspberry Pi Screen Output,PiMyLifeUp,tip,raspberry-pi; display; rotation; screen-orientation,Raspberry Pi display rotation configuration guide.,high,158,2020-01-30,main,https://pimylifeup.com/raspberry-pi-rotate-screen/,,https://youtube.com/watch?v=rmV7erLdlB8,https://www.makerprojectlab.com/engage-hyperdrive-maker-update-158/
Correction: Gradient Filament,CNC Kitchen,tip,3d-printing; filament; gradient; color-blending,Gradient color filament for 3D printing.,high,158,2020-01-30,main,https://youtu.be/hq53gsYREHU,,https://youtube.com/watch?v=rmV7erLdlB8,https://www.makerprojectlab.com/engage-hyperdrive-maker-update-158/
Adam Savage's One Day Builds: Portable Soldering Iron Station!,,project,soldering; iron-station; portable; diy-workbench,Portable DIY soldering iron station for electronics work.,high,157,2020-01-23,main,https://youtu.be/8uGS11yuVyo,,https://youtube.com/watch?v=48W3reIZT24,https://www.makerprojectlab.com/side-iron-maker-update-157/
Cat Food Access Control (ESP8266 + Servo Motor + 3D Printing),bekathwia,project,cat-feeding; access-control; esp8266; servo; pet-automation,Cat feeder with automated access control using microcontroller.,high,157,2020-01-23,main,https://www.instructables.com/id/Cat-Food-Access-Control-ESP8266-Servo-Motor-3D-Pri/,,https://youtube.com/watch?v=48W3reIZT24,https://www.makerprojectlab.com/side-iron-maker-update-157/
Making a ring with ✨magic✨ acrylic,Charlyn Gonda,project,acrylic; ring-jewelry; casting; special-effects,Magic acrylic ring jewelry with embedded special effects.,high,157,2020-01-23,main,https://charlyn.codes/magic-acrylic-stays-opaque-until-light-shines-through/,,https://youtube.com/watch?v=48W3reIZT24,https://www.makerprojectlab.com/side-iron-maker-update-157/
Reuse Old Mobile Phone Batteries,lonesoulsurfer,tip,battery-recycling; repurposing; electronics; sustainability,Mobile phone battery recycling and repurposing guide.,high,157,2020-01-23,main,https://www.instructables.com/id/Reuse-Old-Mobile-Phone-Batteries/,,https://youtube.com/watch?v=48W3reIZT24,https://www.makerprojectlab.com/side-iron-maker-update-157/
Best Demolition Tool,"Derek ""Deek"" Diedricksen",tip,demolition; pry-bar; construction,Demolition and pry bar tool recommendations.,high,157,2020-01-23,main,https://youtu.be/AxeIm86ZOOc,,https://youtube.com/watch?v=48W3reIZT24,https://www.makerprojectlab.com/side-iron-maker-update-157/
You can now buy a 50 mm LED,,tip,led; lighting-component; new-product,Large 50mm LED component for lighting projects.,high,157,2020-01-23,main,https://www.tindie.com/products/partfusion/giant-led/,,https://youtube.com/watch?v=48W3reIZT24,https://www.makerprojectlab.com/side-iron-maker-update-157/
How to control multiple servo motors with Raspberry Pi,Christopher Barnatt,tip,servo-motors; robotics; raspberry-pi; controls,Servo motor control using Raspberry Pi GPIO.,high,157,2020-01-23,main,https://www.raspberrypi.org/blog/how-to-control-multiple-servo-motors-with-raspberry-pi/,,https://youtube.com/watch?v=48W3reIZT24,https://www.makerprojectlab.com/side-iron-maker-update-157/
Exploring gradient infills for 3D prints via Gareth Branwyn,,tip,3d-printing; infill-pattern; gradient; design-technique,Gradient infill patterns for 3D printing optimization.,high,157,2020-01-23,main,https://blog.adafruit.com/2020/01/12/exploring-gradient-infills-for-3d-prints-3dprinting-cnc_kitchen/,,https://youtube.com/watch?v=48W3reIZT24,https://www.makerprojectlab.com/side-iron-maker-update-157/
Gyroid TV remote box,aljaztitoric,tip,3d-printing; design; organization; remote-box,Gyroid infill 3D printed remote control organizer.,high,157,2020-01-23,main,https://www.thingiverse.com/thing:4061903,,https://youtube.com/watch?v=48W3reIZT24,https://www.makerprojectlab.com/side-iron-maker-update-157/
Freeform LED Sphere,jiripraus,project,led-sphere; freeform-electronics; sculpture; light-art,Freeform LED sphere sculpture with light effects.,high,156,2020-01-16,main,https://www.instructables.com/id/Christmas-LED-Sphere/,,https://youtube.com/watch?v=DMVwoCbu9-s,https://www.makerprojectlab.com/pixel-patience-maker-update-156/
DIY Image Sensor and Digital Camera,seanhodgins,project,sensor; camera; diy-optics; image-capture,DIY image sensor and digital camera construction.,high,156,2020-01-16,main,https://www.instructables.com/id/DIY-Image-Sensor-and-Digital-Camera/,,https://youtube.com/watch?v=DMVwoCbu9-s,https://www.makerprojectlab.com/pixel-patience-maker-update-156/
Light Me Up!,"Hyewon Shin, Eunjeong Ko, Junsung Yi",project,light-installation; interactive-art; led-display; responsive,Interactive LED light installation responsive to motion.,high,156,2020-01-16,main,https://www.instructables.com/id/Light-Me-Up/,,https://youtube.com/watch?v=DMVwoCbu9-s,https://www.makerprojectlab.com/pixel-patience-maker-update-156/
Starwars Sith Wayfinder,JoopB1,project,wayfinder; star-wars; sith; props; cosplay,Star Wars Sith Wayfinder prop for cosplay costumes.,high,156,2020-01-16,main,https://www.instructables.com/id/DIY-Starwars-Sith-Wayfinder/,,https://youtube.com/watch?v=DMVwoCbu9-s,https://www.makerprojectlab.com/pixel-patience-maker-update-156/
Jen Schachter's Favorite Things,,tip,tool-collection; favorite-tools; maker-favorite,Maker's favorite tools and equipment recommendations.,high,156,2020-01-16,main,https://youtu.be/DMVwoCbu9-s,,https://youtube.com/watch?v=DMVwoCbu9-s,https://www.makerprojectlab.com/pixel-patience-maker-update-156/
Recycle Cardboard Into Anything With 3D Printing!,XYZAidan,tip,3d-printing; cardboard; recycling; material-innovation,Cardboard recycling for 3D printing materials.,high,156,2020-01-16,main,https://www.instructables.com/id/Recycle-Cardboard-Into-Anything-With-3D-Printing/,,https://youtube.com/watch?v=DMVwoCbu9-s,https://www.makerprojectlab.com/pixel-patience-maker-update-156/
LED Thread,Effulgent,tip,led; conductive-thread; wearables; sewing,LED conductive thread for sewn electronic textiles.,high,156,2020-01-16,main,https://twitter.com/GeekMomProjects/status/1214009527000911873?s=09,,https://youtube.com/watch?v=DMVwoCbu9-s,https://www.makerprojectlab.com/pixel-patience-maker-update-156/
Hydro Dipping Carbon Fiber Blaster Grips!,,tip,carbon-fiber; hydro-dipping; paint-technique; customization,Hydro dipping carbon fiber for custom finishes.,high,156,2020-01-16,main,https://www.youtube.com/watch?v=t2c6lduDuIA,,https://youtube.com/watch?v=DMVwoCbu9-s,https://www.makerprojectlab.com/pixel-patience-maker-update-156/
Flexbar Optical Punch Set,Sean Michael Ragan,tip,punch-set; precision-tools; metalworking; tool-review,Precision optical punch set for metalworking.,high,156,2020-01-16,main,https://youtu.be/87mOTlifaVQ,,https://youtube.com/watch?v=DMVwoCbu9-s,https://www.makerprojectlab.com/pixel-patience-maker-update-156/
Mask Launcher,Allen Pan,project,robotics; launcher; 3d-printing,Mask Launcher device by Allen Pan on YouTube.,high,213,2020-12-17,main,https://youtu.be/pa6BlJlrL-k,,https://youtube.com/watch?v=kvv-IW3m0fk,https://www.makerprojectlab.com/best-pandemic-projects-of-2020-maker-update/
Scrubber Plays Spotify Jams While You Wash Your Hands,Deep Local,project,electronics; music; raspberry-pi,Scrubber handwashing timer playing Spotify music.,high,213,2020-12-17,main,https://github.com/Deeplocal/scrubber,,https://youtube.com/watch?v=kvv-IW3m0fk,https://www.makerprojectlab.com/best-pandemic-projects-of-2020-maker-update/
Manic Toilet Paper Shopping Simulator,Jelle Vermandere,project,game; arduino; arcade,Toilet paper shopping simulator game by Jelle Vermandere.,high,213,2020-12-17,main,https://blog.arduino.cc/2020/04/22/manic-toilet-paper-shopping-simulated-with-arduino/,,https://youtube.com/watch?v=kvv-IW3m0fk,https://www.makerprojectlab.com/best-pandemic-projects-of-2020-maker-update/
I made a robot to cut my hair with scissors,Shane Wighton,project,robotics; automation,Robot hair-cutting system by Shane Wighton.,high,213,2020-12-17,main,https://youtu.be/7zBrbdU_y0s,,https://youtube.com/watch?v=kvv-IW3m0fk,https://www.makerprojectlab.com/best-pandemic-projects-of-2020-maker-update/
Gigantic pumpkin dispenses candy at the push of a button,Brankly,project,electronics; halloween; pumpkins,Motorized pumpkin candy dispenser by Brankly.,high,213,2020-12-17,main,https://blog.arduino.cc/2020/10/21/gigantic-pumpkin-dispenses-candy-at-the-push-of-a-button/,,https://youtube.com/watch?v=kvv-IW3m0fk,https://www.makerprojectlab.com/best-pandemic-projects-of-2020-maker-update/
Astable Exhalation,Bornach,project,electronics; sound; art,Astable Exhalation electronic sound art by Bornach,low,213,2020-12-17,main,https://hackaday.io/project/175570-astable-exhalation,,https://youtube.com/watch?v=kvv-IW3m0fk,https://www.makerprojectlab.com/best-pandemic-projects-of-2020-maker-update/
Wobble Sphere,Robin Baumgarten,project,robotics; kinetic-art; physics,Wobble Sphere spherical robot by Robin Baumgarten.,high,213,2020-12-17,main,https://wobblylabs.com/projects/wobblesphere,,https://youtube.com/watch?v=kvv-IW3m0fk,https://www.makerprojectlab.com/best-pandemic-projects-of-2020-maker-update/
Plywood Indoor Swing,Laura Kampf,project,woodworking; furniture,Indoor plywood swing by Laura Kampf.,high,213,2020-12-17,main,https://youtu.be/okF7YDdi0EM,,https://youtube.com/watch?v=kvv-IW3m0fk,https://www.makerprojectlab.com/best-pandemic-projects-of-2020-maker-update/
The Highcycle - Social Distance Bike,colinfurze,project,bike; robotics; distance-social,High-speed social-distance bike by colinfurze.,high,213,2020-12-17,main,https://youtu.be/vZFDNR9V5Nc,,https://youtube.com/watch?v=kvv-IW3m0fk,https://www.makerprojectlab.com/best-pandemic-projects-of-2020-maker-update/
Simone Giertz built herself a proud parent,,project,robotics,A build by well-known maker/YouTuber Simone Giertz.,high,213,2020-12-17,main,https://youtu.be/M1B3gATS0GE,,https://youtube.com/watch?v=kvv-IW3m0fk,https://www.makerprojectlab.com/best-pandemic-projects-of-2020-maker-update/
Donald's Cocktail Robot FB Page,,project,robotics; cocktail-robot,Facebook page for host Donald's own cocktail-making robot project.,high,165,2020-03-12,main,https://www.facebook.com/vk01robot/,,https://youtube.com/watch?v=OBT1UGk4tPQ,https://www.makerprojectlab.com/bounce-with-me-maker-update-165/
