Title,Creator,Category,Tags,Synopsis,Confidence,Episode Number,Episode Date,Edition,Source URL,Secondary URLs,Episode Video URL,Episode Blog URL
Generative Art 1€,Niklas Roy,project,generative-art,Generative Art 1€ by Niklas,high,464,2025-12-25,main,https://niklasroy.com/oneEuro/,https://www.creativeapplications.net/objects/generative-art-1e-democratizing-art-consumption-and-collection/; vids: https://archive.org/download/oneEuroGenerativeArt,https://youtube.com/watch?v=5nwDrmrytvo&t=2520s,https://www.makerprojectlab.com/favorite-projects-of-2025-maker-update/
An Exciting Smartphone Case,KARAKURI,project,mechanical,An Exciting Smartphone Case by KARAKURI,high,464,2025-12-25,main,https://www.youtube.com/watch?v=fCv7rs9iOrA,Making of playlist: https://www.youtube.com/playlist?list=PLy5rfu-6V4agyCbQ_z-L_JY8xwgCdaUmD,https://youtube.com/watch?v=5nwDrmrytvo&t=40980s,https://www.makerprojectlab.com/favorite-projects-of-2025-maker-update/
"""Impossible"" Lightsaber",Hero tech,project,prop-replica,"""Impossible"" Lightsaber by Hero",high,464,2025-12-25,main,https://www.youtube.com/watch?v=0QArAMtBGx8,,https://youtube.com/watch?v=5nwDrmrytvo&t=53940s,https://www.makerprojectlab.com/favorite-projects-of-2025-maker-update/
Dream Recorder AI,Modem,project,ai,Dream Recorder AI by Modem,high,464,2025-12-25,main,https://dreamrecorder.ai/,some vids: https://www.instagram.com/modem.works/?hl=en; vids 2: https://x.com/modem_works?lang=en; https://github.com/modem-works/dream-recorder,https://youtube.com/watch?v=5nwDrmrytvo&t=64320s,https://www.makerprojectlab.com/favorite-projects-of-2025-maker-update/
The Light Herder,David Blair,project,kinetic-art,The Light Herder by David,high,464,2025-12-25,main,https://www.youtube.com/watch?v=AlEGpNYjvZc,,https://youtube.com/watch?v=5nwDrmrytvo&t=78480s,https://www.makerprojectlab.com/favorite-projects-of-2025-maker-update/
Dragonfly Electronic Wind Instrument,CatWizard,project,music,Dragonfly Electronic Wind Instrumen... by CatWizard,high,464,2025-12-25,main,https://www.catwizard.org/dragonfly,https://www.gofundme.com/f/help-me-launch-the-dragonfly-wind-synthesizer,https://youtube.com/watch?v=5nwDrmrytvo&t=91800s,https://www.makerprojectlab.com/favorite-projects-of-2025-maker-update/
Commodore 64 Laptop,Kevin Noki,project,retro-tech,Commodore 64 Laptop by Kevin,high,464,2025-12-25,main,https://www.youtube.com/watch?v=H5QQ0ECfwyE,https://www.youtube.com/watch?v=H5QQ0ECfwyE; https://www.youtube.com/watch?v=H5QQ0ECfwyE; https://www.youtube.com/watch?v=H5QQ0ECfwyE,https://youtube.com/watch?v=5nwDrmrytvo&t=107580s,https://www.makerprojectlab.com/favorite-projects-of-2025-maker-update/
Animating Animatronics,John Park,tip,animatronics; electronics; led,Tip: Animating Animatronics,high,464,2025-12-25,main,https://learn.adafruit.com/animating-animatronics,,https://youtube.com/watch?v=5nwDrmrytvo&t=125460s,https://www.makerprojectlab.com/favorite-projects-of-2025-maker-update/
Sparkle Motion,Adafruit,tip,electronics,Tip: Sparkle Motion,high,464,2025-12-25,main,https://learn.adafruit.com/adafruit-sparkle-motion-mini,,https://youtube.com/watch?v=5nwDrmrytvo&t=139440s,https://www.makerprojectlab.com/favorite-projects-of-2025-maker-update/
Seven Tips for 3d Printed Combat Robots,Makers Muse,tip,3d-printing; robotics,Tip: Seven Tips for 3d Printed Combat Robots,high,464,2025-12-25,main,https://www.youtube.com/watch?v=5iYzsogmnac,https://www.youtube.com/watch?v=5iYzsogmnac; https://www.youtube.com/watch?v=5iYzsogmnac; https://www.youtube.com/watch?v=5iYzsogmnac,https://youtube.com/watch?v=5nwDrmrytvo&t=145500s,https://www.makerprojectlab.com/favorite-projects-of-2025-maker-update/
The Most Realistic Animatronic Eyes I've Ever Built,Will Cogley,tip,animatronics,Tip: The Most Realistic Animatronic Eyes I've Ever...,high,464,2025-12-25,main,https://willcogley.notion.site/EyeMech-3-2-1af24779b64d80b19edfdd795d4b90e5,https://www.hackster.io/news/you-can-use-these-incredibly-realistic-animatronic-eyeballs-in-your-projects-96b20b8253a7; vid: https://www.youtube.com/watch?v=bAvuMn8QTo4,https://youtube.com/watch?v=5nwDrmrytvo&t=154440s,https://www.makerprojectlab.com/favorite-projects-of-2025-maker-update/
Gateway,OK Design,tip,design-studio; technical-art; kinetic-sculpture; installation,OK Design: San Francisco creative studio building custom technical art and kinetic installations.,high,464,2025-12-25,main,https://www.okdesignsf.com/,,https://youtube.com/watch?v=5nwDrmrytvo,https://www.makerprojectlab.com/favorite-projects-of-2025-maker-update/
"I 3d Printed a $2,700 Kumiko Panel",Paper View,tip,3d-printing,"I 3d Printed a $2,700 Kumiko Panel project or resource mentioned in Maker Update.",low,464,2025-12-25,main,https://www.youtube.com/watch?v=w5P7E7muk9o,https://hackaday.com/2025/06/25/careful-design-lets-3d-print-emulate-kumiko/,https://youtube.com/watch?v=5nwDrmrytvo&t=10800s,https://www.makerprojectlab.com/favorite-projects-of-2025-maker-update/
I Built Arasaka Elite Armor (Cyberpunk 2077),Zibartas,tip,cosplay,Tip: I Built Arasaka Elite Armor (Cyberpunk 2077),high,464,2025-12-25,main,https://www.youtube.com/watch?v=YraYKR3dcr8,,https://youtube.com/watch?v=5nwDrmrytvo&t=15480s,https://www.makerprojectlab.com/favorite-projects-of-2025-maker-update/
High Precision Robot Dog Using Rope,Aaed Musa,tip,robotics,Tip: High Precision Robot Dog Using Rope,high,464,2025-12-25,main,https://www.youtube.com/watch?v=8s9TjRz01fo,https://www.hackster.io/news/aaed-musa-s-capstan-drive-equipped-robot-dog-amazes-us-9ae9cea22714,https://youtube.com/watch?v=5nwDrmrytvo&t=12540s,https://www.makerprojectlab.com/favorite-projects-of-2025-maker-update/
Wearable Pixel Art Marble Machine,Engineezy,tip,art; mechanical; wearables,Tip: Wearable Pixel Art Marble Machine,high,464,2025-12-25,main,https://www.youtube.com/watch?v=GX8Gq3shYBA,,https://youtube.com/watch?v=5nwDrmrytvo,https://www.makerprojectlab.com/favorite-projects-of-2025-maker-update/
World's Fastest Drone | Design & Aerodynamics,Mike & Luke Bell and AirShaper,tip,drone,World's Fastest Drone | Design & Aerodynamics project or resource mentioned in Maker Update.,low,464,2025-12-25,main,https://www.youtube.com/watch?v=-Iu6k9qJQ4I,,https://youtube.com/watch?v=5nwDrmrytvo&t=1560s,https://www.makerprojectlab.com/favorite-projects-of-2025-maker-update/
Can I Build an Animatronic from Scratch?,Kiara's Workshop,tip,animatronics,Tip: Can I Build an Animatronic from Scratch?,high,464,2025-12-25,main,https://www.youtube.com/watch?v=w_pKglDH2DU,,https://youtube.com/watch?v=5nwDrmrytvo&t=1440s,https://www.makerprojectlab.com/favorite-projects-of-2025-maker-update/
Commodore 64 Laptop,Kevin Noki,project,retro-tech,Commodore 64 Laptop by Kevin,high,463,2025-12-18,main,https://www.youtube.com/watch?v=H5QQ0ECfwyE,,https://youtube.com/watch?v=giq0YNE0O3k&t=2040s,https://www.makerprojectlab.com/loading-ready-run-maker-update/
Fallout Pocket Toy,Dabbble,project,toy,Fallout Pocket Toy project or resource mentioned in Maker Update.,low,463,2025-12-18,main,https://www.youtube.com/watch?v=gyALEhHv8Ww,,https://youtube.com/watch?v=giq0YNE0O3k&t=17100s,https://www.makerprojectlab.com/loading-ready-run-maker-update/
Kitbashing a Robot from just a phone,Roborovski,project,robotics,Kitbashing a Robot from just a phone project or resource mentioned in Maker Update.,low,463,2025-12-18,main,https://www.youtube.com/watch?v=djHA9r8Hrlc,,https://youtube.com/watch?v=giq0YNE0O3k&t=20820s,https://www.makerprojectlab.com/loading-ready-run-maker-update/
Black LED Acrylic,Geeksmithing & When Geeks Craft,tip,plastic; led,Black LED Acrylic project or resource mentioned in Maker Update.,low,463,2025-12-18,main,https://www.youtube.com/watch?v=WsO6myw9gNQ,,https://youtube.com/watch?v=giq0YNE0O3k&t=24000s,https://www.makerprojectlab.com/loading-ready-run-maker-update/
3d printing and metal casting,Chris Borge,tip,metal-casting; 3d-printing; metal,3d printing and metal casting project or resource mentioned in Maker Update.,low,463,2025-12-18,main,https://www.youtube.com/watch?v=lp9xzWZWO_U,,https://youtube.com/watch?v=giq0YNE0O3k&t=26700s,https://www.makerprojectlab.com/loading-ready-run-maker-update/
PHA: Alternative to PLA,JanTec Engineering,tip,plastic,PHA: Alternative to PLA project or resource mentioned in Maker Update.,low,463,2025-12-18,main,https://youtu.be/Me8UEWEKvmA,,https://youtube.com/watch?v=giq0YNE0O3k&t=28920s,https://www.makerprojectlab.com/loading-ready-run-maker-update/
I Built a Robot to Organize My Workbench,Engineezy,project,art; mechanical; robotics,I Built a Robot to Organize My Work... by Engineezy,high,462,2025-12-11,main,https://www.youtube.com/watch?v=iarVef8tFiw,,https://youtube.com/watch?v=RyRfIybAwIA&t=1500s,https://www.makerprojectlab.com/bin-buddy-maker-update/
Christmas Gift Ideas for People Who Like to Work!,Essential Craftsman,tip,woodworking,Tip: Christmas Gift Ideas for People Who Like to W...,high,462,2025-12-11,main,https://www.youtube.com/watch?v=bwTfxh16E80,,https://youtube.com/watch?v=RyRfIybAwIA&t=23460s,https://www.makerprojectlab.com/bin-buddy-maker-update/
Screen Time-Reactive Plant,Simone Giertz,project,3d-filament; robotics,Screen Time-Reactive Plant by Simone,high,461,2025-12-04,main,https://www.youtube.com/watch?v=0rXpncpkLcw,,https://youtube.com/watch?v=mQUXWQRF2kU&t=1920s,https://www.makerprojectlab.com/planting-good-habits-maker-update/
Sound Sculpture Co-Designed by Bees,Daric Gill,project,miniature-sculpting,Sound Sculpture Co-Designed by Bees project or resource mentioned in Maker Update.,low,461,2025-12-04,main,https://www.youtube.com/watch?v=dR9nxHq_I2M,,https://youtube.com/watch?v=mQUXWQRF2kU&t=10320s,https://www.makerprojectlab.com/planting-good-habits-maker-update/
Magikarp Billy Bass,Kiara's Workshop,project,animatronics,Magikarp Billy Bass by Kiara's,high,461,2025-12-04,main,https://www.youtube.com/watch?v=spsPT778ws0,,https://youtube.com/watch?v=mQUXWQRF2kU&t=14220s,https://www.makerprojectlab.com/planting-good-habits-maker-update/
Breathing Mechanism for Puppets,Valentin Felder,project,puppet; mechanics; animation; breathing,Breathing Mechanism for Puppets: mechanical system creating realistic puppet respiration.,low,461,2025-12-04,main,https://www.youtube.com/watch?v=MuPB2bT8l-0,,https://youtube.com/watch?v=mQUXWQRF2kU&t=18180s,https://www.makerprojectlab.com/planting-good-habits-maker-update/
Blooming Mechanical Flower,HuyVector,project,mechanical-art; kinetic-art; light-effects,Mechanical flower that blooms with synchronized light effects.,high,461,2025-12-04,main,https://www.youtube.com/watch?v=JaOaTLKWM1Q,,https://youtube.com/watch?v=mQUXWQRF2kU&t=20280s,https://www.makerprojectlab.com/planting-good-habits-maker-update/
Kiisu v4B Overview,sn0ren,tip,hacking; embedded; flipper-zero,Flipper Zero clone device overview and demonstration.,low,461,2025-12-04,main,https://www.youtube.com/watch?v=yDE8fdXE5us,,https://youtube.com/watch?v=mQUXWQRF2kU&t=22620s,https://www.makerprojectlab.com/planting-good-habits-maker-update/
Turn Filament Scraps Into Earrings,Penelope Bulnick,tip,3d-filament; 3d-printing,Tip: Turn Filament Scraps Into Earrings,high,461,2025-12-04,main,https://www.instructables.com/Melted-Filament-Scraps-Earrings/,,https://youtube.com/watch?v=mQUXWQRF2kU&t=25260s,https://www.makerprojectlab.com/planting-good-habits-maker-update/
Acoustic to Electric Drum Conversion,PocketBoy,tip,drums; piezo; electronics; diy,Converting acoustic drums to electronic via piezo sensor installation for MIDI.,high,461,2025-12-04,main,https://www.instructables.com/Acoustic-to-Electric-A2E-Piezo-Drum-Conversion/,,https://youtube.com/watch?v=mQUXWQRF2kU&t=27540s,https://www.makerprojectlab.com/planting-good-habits-maker-update/
Ambient Video Lighting,Liz Clark,tip,electronics,Tip: Ambient Video Lighting,high,461,2025-12-04,main,https://learn.adafruit.com/ambient-video-lighting-with-hyperhdr,,https://youtube.com/watch?v=mQUXWQRF2kU&t=30180s,https://www.makerprojectlab.com/planting-good-habits-maker-update/
A Machine to Sort a Million Pounds of LEGO,LegoSpencer,project,lego; sorting; automation; robotics,Automated machine for sorting large quantities of LEGO bricks.,low,460,2025-11-20,main,https://www.youtube.com/watch?v=tuIczAiV4_w,,https://youtube.com/watch?v=afyMJSIOtVA&t=1620s,https://www.makerprojectlab.com/sorting-it-out-maker-update/
Sorter V2 resources,,project,lego; sorting; machine; automation; browser-based,Practical LEGO sorter system processing 10k pieces daily with color identification.,high,460,2025-11-20,main,https://basically.website/sorter-v2,,https://youtube.com/watch?v=afyMJSIOtVA,https://www.makerprojectlab.com/sorting-it-out-maker-update/
BJR_019,Tamas Feher,project,electronics,BJR_019 by Tamas,high,460,2025-11-20,main,https://hackaday.io/project/193515-bjr019,vid: https://www.youtube.com/watch?v=aUSQFSbD_Ko; vid2: https://www.youtube.com/watch?v=ar2caCRgkBo,https://youtube.com/watch?v=afyMJSIOtVA&t=11700s,https://www.makerprojectlab.com/sorting-it-out-maker-update/
AI Table Tennis Bat with Edge Impulse,Samuel Alexander,project,ai; robotics,AI Table Tennis Bat with Edge Impul... by Samuel,high,460,2025-11-20,main,https://blog.arduino.cc/2025/11/04/this-electronic-paddle-improves-table-tennis-training/,vid: https://www.youtube.com/watch?v=uuwvcWkOnFA; https://www.hackster.io/s4muela/smart-table-tennis-bat-with-live-analytics-360981,https://youtube.com/watch?v=afyMJSIOtVA&t=15300s,https://www.makerprojectlab.com/sorting-it-out-maker-update/
Star Illusion: Laser Cut Audio-Reactive Light with WLED,Erin St. Blaine,project,electronics; laser-cutting; led; wled,Star Illusion: Laser Cut Audio-Reac... by Erin,high,460,2025-11-20,main,https://learn.adafruit.com/star-illusion-laser-cut-audio-reactive-light-with-wled,,https://youtube.com/watch?v=afyMJSIOtVA,https://www.makerprojectlab.com/sorting-it-out-maker-update/
Linear Actuator Trade Study,Tamas Feher,tip,electronics,Tip: Linear Actuator Trade Study,high,460,2025-11-20,main,https://hackaday.io/project/193515-bjr019/log/225317-bjrlog05-actuator-trade-study,https://www.nanotec.com/eu/en/products/2604-captive-nema8-linear-actuator-lga20,https://youtube.com/watch?v=afyMJSIOtVA&t=17940s,https://www.makerprojectlab.com/sorting-it-out-maker-update/
How Does an RC Car Work?,Hobbies Direct,tip,rc-car; hobbyist; beginner,Educational video explaining how RC cars work for electronics hobbyists.,low,460,2025-11-20,main,https://www.youtube.com/watch?v=TZ_I9gQHgv4,,https://youtube.com/watch?v=afyMJSIOtVA&t=21060s,https://www.makerprojectlab.com/sorting-it-out-maker-update/
"""Impossible"" Lightsaber",Hero tech,project,prop-replica,"""Impossible"" Lightsaber by Hero",high,459,2025-11-13,main,https://www.youtube.com/watch?v=0QArAMtBGx8,,https://youtube.com/watch?v=5KLHOXWWdgM&t=1800s,https://www.makerprojectlab.com/an-elegant-weapon-maker-update/
Making a better tape measure,Uri Trachtman,project,tape-measure; tool-modification; diy,Reverse spring modification for tape measure improvement.,low,459,2025-11-13,main,https://youtu.be/lc45OxOqluw,,https://youtube.com/watch?v=5KLHOXWWdgM&t=10860s,https://www.makerprojectlab.com/an-elegant-weapon-maker-update/
Vacpack replica prop,lightning cosplay,project,cosplay; props; slime-rancher,Creating real-world Vacpack prop from Slime Rancher 2 video game.,high,459,2025-11-13,main,https://www.youtube.com/watch?v=MDquHKKAETE,,https://youtube.com/watch?v=5KLHOXWWdgM&t=15000s,https://www.makerprojectlab.com/an-elegant-weapon-maker-update/
Solar Powered Drone,Luke Maximo Bell,project,drone; solar; renewable-energy,Solar-powered drone build and flight demonstration.,high,459,2025-11-13,main,https://www.youtube.com/watch?v=isAQEU0mZBo,,https://youtube.com/watch?v=5KLHOXWWdgM&t=17640s,https://www.makerprojectlab.com/an-elegant-weapon-maker-update/
Perfect 3d printing bridges,Make Wonderful Things,tip,3d-printing; bridges; support-free,Technique for printing perfectly unsupported 3D bridges without support material.,low,459,2025-11-13,main,https://www.youtube.com/watch?v=eaasEkFULKE&pp=ugUEEgJlbg%3D%3D,,https://youtube.com/watch?v=5KLHOXWWdgM&t=21960s,https://www.makerprojectlab.com/an-elegant-weapon-maker-update/
5 Weird printing problems with wild solutions,Zack Freedman,tip,3d-printing; troubleshooting; problems,Five bizarre 3D printing mysteries and unconventional solutions.,low,459,2025-11-13,main,https://www.youtube.com/watch?v=S6_xnzt9YPU,,https://youtube.com/watch?v=5KLHOXWWdgM&t=24420s,https://www.makerprojectlab.com/an-elegant-weapon-maker-update/
I built a motorized umbrella to protect my outdoor furniture,Simone Giertz,project,robotics,I built a motorized umbrella to pro... by Simone,high,458,2025-11-06,main,https://www.youtube.com/watch?v=bfKoARppLGw,,https://youtube.com/watch?v=stvuv0ATXmA&t=1440s,https://www.makerprojectlab.com/under-the-big-top-maker-update/
Adam Savage Builds a Giant Animatronic Head with Punished Props Academy,,project,props; animatronics; punished-props,Giant animatronic head building with Punished Props Academy.,low,458,2025-11-06,main,https://www.youtube.com/watch?v=g4_2wZC2PVQ,,https://youtube.com/watch?v=stvuv0ATXmA&t=8280s,https://www.makerprojectlab.com/under-the-big-top-maker-update/
Wireless LED Juggling Balls with ESP-NOW,John Park,project,electronics; led,Wireless LED Juggling Balls with ES... by John,high,458,2025-11-06,main,https://learn.adafruit.com/wireless-juggling-balls-esp-now,,https://youtube.com/watch?v=stvuv0ATXmA&t=10440s,https://www.makerprojectlab.com/under-the-big-top-maker-update/
Mirrordome,Lee Wilkins,project,public-art; mirror; led; interactive,12-foot mirror dome public art installation with Arduino-controlled LED lighting.,high,458,2025-11-06,main,https://makezine.com/projects/welcome-to-the-mirrordome/,vid: https://www.instagram.com/p/C4gKpD2AnuH/; photos: https://www.instagram.com/p/C4a68KkgKIF/?img_index=1,https://youtube.com/watch?v=stvuv0ATXmA&t=14400s,https://www.makerprojectlab.com/under-the-big-top-maker-update/
Hackaday Supercon 2025 Video Playlist,,tip,electronics; conference,Hackaday Supercon 2025 conference video collection and presentations.,low,458,2025-11-06,main,https://www.youtube.com/playlist?list=PL_tws4AXg7avJ_LIOgabBGxM065s7Lh0l,,https://youtube.com/watch?v=stvuv0ATXmA&t=16380s,https://www.makerprojectlab.com/under-the-big-top-maker-update/
Why Your USB-C Cable Won't Program Your Microcontroller,PTSolns,tip,usb-c; microcontroller; programming,Why USB-C cables often fail to program microcontroller boards.,low,458,2025-11-06,main,https://www.digikey.com/en/maker/blogs/2025/why-your-usb-c-cable-wont-program-your-microcontroller,,https://youtube.com/watch?v=stvuv0ATXmA&t=17460s,https://www.makerprojectlab.com/under-the-big-top-maker-update/
World's Fastest Drone | Design & Aerodynamics,Mike & Luke Bell and AirShaper,project,drone,World's Fastest Drone | Design & Ae... by Mike,high,457,2025-10-30,main,https://www.youtube.com/watch?v=-Iu6k9qJQ4I,,https://youtube.com/watch?v=bXfEp4JCSrI&t=1560s,https://www.makerprojectlab.com/built-for-speed-maker-update/
Luke's video:,,project,drone; racing; fastest,World's fastest drone V3 build and performance video.,low,457,2025-10-30,main,https://www.youtube.com/watch?v=7PTsHDFMams,,https://youtube.com/watch?v=bXfEp4JCSrI,https://www.makerprojectlab.com/built-for-speed-maker-update/
SoulCage - the Digital Trapped Soul Pendant,ElectroDonut,project,electronics; wearables; pendant,Digital trapped soul pendant with hidden electronics in 3D printed enclosure.,low,457,2025-10-30,main,https://www.instructables.com/SoulCage-the-Digital-Trapped-Soul-Pendant/,vid: https://www.youtube.com/watch?v=NatKi8QtMvc,https://youtube.com/watch?v=bXfEp4JCSrI&t=10380s,https://www.makerprojectlab.com/built-for-speed-maker-update/
I Made a 3D Printed Necklace with an Impressive Secret Ability,Katz Creates and Mr. Volt,project,3d-printing; necklace; jewelry,3D printed necklace with secret embedded functionality or feature.,low,457,2025-10-30,main,https://www.youtube.com/watch?v=L6DcvBOA1pQ,,https://youtube.com/watch?v=bXfEp4JCSrI&t=12780s,https://www.makerprojectlab.com/built-for-speed-maker-update/
Introducing the Bantam Tools EggBot,,tip,ornament-making; glass-sphere; drawing-machine,Bantam Tools EggBot draws custom designs onto glass sphere ornaments.,high,457,2025-10-30,main,https://www.evilmadscientist.com/2025/bantam-tools-eggbot/,,https://youtube.com/watch?v=bXfEp4JCSrI&t=15600s,https://www.makerprojectlab.com/built-for-speed-maker-update/
Adam Savage Learns How Inflatable Costumes Are Made!,,tip,costume; inflatable; fabrication,Adam Savage explores how inflatable costumes are manufactured.,low,457,2025-10-30,main,https://www.youtube.com/watch?v=fuds2A65trU,,https://youtube.com/watch?v=bXfEp4JCSrI&t=18720s,https://www.makerprojectlab.com/built-for-speed-maker-update/
"Tinkercad Introduces Revolve Tool, along with Open paths, Sketch Strokes and more",,tip,cad; 3d-modeling; tinkercad,Tinkercad introduces revolve tool and sketch stroke features for 3D design.,low,457,2025-10-30,main,https://www.tinkercad.com/blog/sketch-revolve,https://hackaday.com/2025/10/21/tinkercad-continues-to-grow-up/; https://www.tinkercad.com/blog/sketch-strokes,https://youtube.com/watch?v=bXfEp4JCSrI&t=20640s,https://www.makerprojectlab.com/built-for-speed-maker-update/
Custom decals using nail art supplies,Tamas Feher,tip,electronics,Tip: Custom decals using nail art supplies,high,457,2025-10-30,main,https://hackaday.io/project/204289-custom-decals-using-nail-art-supplies,vid: https://www.youtube.com/watch?v=NN003vlGLIk,https://youtube.com/watch?v=bXfEp4JCSrI&t=23460s,https://www.makerprojectlab.com/built-for-speed-maker-update/
Superman Robot,Kiara's Workshop,project,animatronics; robotics,Superman Robot by Kiara's,high,456,2025-10-23,main,https://www.youtube.com/watch?v=b3qv66j7VZU,,https://youtube.com/watch?v=jyWTlfnPvZ4&t=1620s,https://www.makerprojectlab.com/man-of-steel-maker-update/
Pushup Machine,ChargedHex,project,fitness-equipment; mechanical; diy,DIY exercise machine for push-ups with mechanical assistance.,low,456,2025-10-23,main,https://www.youtube.com/watch?v=-yOvEYkoePo,,https://youtube.com/watch?v=jyWTlfnPvZ4&t=10080s,https://www.makerprojectlab.com/man-of-steel-maker-update/
LED Persistence of Vision Drone,Concept Crafted Creations,project,drone; led; persistence-of-vision,LED persistence of vision drone creating light patterns in flight.,high,456,2025-10-23,main,https://youtu.be/HgyS1SajC6s,,https://youtube.com/watch?v=jyWTlfnPvZ4&t=13800s,https://www.makerprojectlab.com/man-of-steel-maker-update/
Animatronic Figure,Wicked Makers,project,animatronics,Animatronic Figure by Wicked,high,456,2025-10-23,main,https://www.youtube.com/watch?v=VIJ9qbIX8-o,,https://youtube.com/watch?v=jyWTlfnPvZ4&t=17040s,https://www.makerprojectlab.com/man-of-steel-maker-update/
Spray Foam Pumpkins,Make Strange Things,tip,halloween; pumpkins; foam,Spray foam pumpkin decoration technique for Halloween.,low,456,2025-10-23,main,https://www.youtube.com/watch?v=7OelFABLRi4,,https://youtube.com/watch?v=jyWTlfnPvZ4&t=19260s,https://www.makerprojectlab.com/man-of-steel-maker-update/
Animate Your Skeleton for Halloween,martiro7,tip,skeleton; animation; halloween,Techniques for animating skeleton decorations for Halloween displays.,low,456,2025-10-23,main,https://www.instructables.com/Animate-Your-Skeletons-Head-for-Halloween/,,https://youtube.com/watch?v=jyWTlfnPvZ4&t=21120s,https://www.makerprojectlab.com/man-of-steel-maker-update/
Japanese Framing,Essential Craftsman,tip,woodworking,Tip: Japanese Framing,high,456,2025-10-23,main,https://www.youtube.com/watch?v=Rc7qcooQatQ,,https://youtube.com/watch?v=jyWTlfnPvZ4&t=22740s,https://www.makerprojectlab.com/man-of-steel-maker-update/
3d Printed Folded Drawers Mini Cabinet,Pixel Precision,tip,3d-printing; organizer; drawer,3D printed folded drawer cabinet with nested storage design.,low,456,2025-10-23,main,https://www.youtube.com/watch?v=KBI11ScuB-M,,https://youtube.com/watch?v=jyWTlfnPvZ4&t=24480s,https://www.makerprojectlab.com/man-of-steel-maker-update/
Pawns that can transform into any piece by Works,Design,project,chess; 3d-printing; transforming-piece,Self-transforming chess pawns that become any piece during gameplay.,high,455,2025-10-16,main,https://www.youtube.com/watch?v=5lISr1OjhjQ&pp=ugUHEgVlbi1VUw%3D%3D,,https://youtube.com/watch?v=SSIO6gxezXs&t=1920s,
Fruit Jam Music Video,Liz Clark,project,electronics; music,Fruit Jam Music Video by Liz,high,455,2025-10-16,main,https://learn.adafruit.com/fruit-jam-video-music,,https://youtube.com/watch?v=SSIO6gxezXs&t=12600s,
DIY Walkie Talkies,Electronoobs,project,radio-communication; diy; walkie-talkie,DIY walkie-talkie construction with basic radio communication.,low,455,2025-10-16,main,https://www.youtube.com/watch?v=bNel8NhyIq8,,https://youtube.com/watch?v=SSIO6gxezXs&t=16020s,
A bike with 3d printed gears,Well Done Tips,project,3d-printing; mechanical-design; vehicles,A bike with 3d printed gears by Well,high,455,2025-10-16,main,https://www.youtube.com/watch?v=PHHgMWuk23o,,https://youtube.com/watch?v=SSIO6gxezXs&t=19200s,
I2C scanner,Simple Electronics,tip,electronics; microcontroller; i2c,I2C scanner tool and technique for microcontroller debugging.,low,455,2025-10-16,main,https://www.youtube.com/watch?v=NPpPVw-4qi8,,https://youtube.com/watch?v=SSIO6gxezXs&t=21420s,
Xyla Foxlin has her own Estes Rocket Kit,,tip,rockets; estes; rocketry,Estes rocket kit with custom design by Xyla Foxlin.,low,455,2025-10-16,main,https://estesrockets.com/products/lil-spite?fbclid=IwY2xjawNWeuBleHRuA2FlbQIxMABicmlkETF1ZVhTZVZzSU5BclZ2cnhGAR62SL4ZZzswVX1aJjofaCLazazh3-R77tj2D5ThMEiT82F2cSLW9ch_AYuI4A_aem_v2_l1c24j394bAdi5qxj1Q,,https://youtube.com/watch?v=SSIO6gxezXs&t=22980s,
Better Motor Control,I Got Distracted,tip,motor-control; electronics; arduino,Improved motor control techniques for electronic projects.,low,455,2025-10-16,main,https://www.youtube.com/watch?v=gKdGmkCgGkg,,https://youtube.com/watch?v=SSIO6gxezXs&t=24720s,
Online skateboard ramp building tool.,,tip,skateboard; ramp; building-tool,Online tool for designing and planning skateboard ramp construction.,high,455,2025-10-16,main,https://www.rampnerd.com/,,https://youtube.com/watch?v=SSIO6gxezXs&t=26640s,
Build an ESP32 RC Submarine with FPV Camera (ESP-DIVE),Max Imagination,project,esp32; robotics,Build an ESP32 RC Submarine with FP... by Max,high,454,2025-10-09,main,https://www.youtube.com/watch?v=d-2uSKn9rYs,,https://youtube.com/watch?v=nCgG6V3yXXU,https://www.makerprojectlab.com/off-the-deep-end-maker-update/
3D Printing a Robot Which Moves Naturally,Will Cogley,project,3d-printing; animatronics; robotics,3D Printing a Robot Which Moves Nat... by Will,high,454,2025-10-09,main,https://www.youtube.com/watch?v=EGkv6HqoYZk,,https://youtube.com/watch?v=nCgG6V3yXXU,https://www.makerprojectlab.com/off-the-deep-end-maker-update/
I Built Claptrap But He Yells at You,Emily The Engineer,project,robotics,I Built Claptrap But He Yells at Yo... by Emily,high,454,2025-10-09,main,https://www.youtube.com/watch?v=KuIhEqp2j7w,,https://youtube.com/watch?v=nCgG6V3yXXU,https://www.makerprojectlab.com/off-the-deep-end-maker-update/
Magic Mirror with Glowing Secret Messages,Erin St Blaine,project,electronics; led; lighting-art,Magic Mirror with Glowing Secret Me... by Erin,high,454,2025-10-09,main,https://learn.adafruit.com/magic-mirror-with-glowing-secret-messages,,https://youtube.com/watch?v=nCgG6V3yXXU,https://www.makerprojectlab.com/off-the-deep-end-maker-update/
ProForm: Solder-Free Circuit Assembly Using Thermoforming,ACM SIGCHI,tip,solder-free; electronics; thermoforming,ProForm solder-free circuit assembly using thermoformed connections.,high,454,2025-10-09,main,https://www.youtube.com/watch?v=4lYUpHs-PVs,https://www.hackster.io/news/the-ties-that-bind-circuits-0a5de09cb82a,https://youtube.com/watch?v=nCgG6V3yXXU,https://www.makerprojectlab.com/off-the-deep-end-maker-update/
"Not TPU! Meet PEBA, the Ultimate 3d printing Flex filament",Lost In Tech,tip,filament; peba; 3d-printing-flex,PEBA flexible 3D printing filament as alternative to TPU.,high,454,2025-10-09,main,https://www.youtube.com/watch?v=NlcXz0bmvq8,,https://youtube.com/watch?v=nCgG6V3yXXU,https://www.makerprojectlab.com/off-the-deep-end-maker-update/
Supersonic 3d printed rocket,Xyla Foxlin,project,3d-printing; aerospace,Supersonic 3d printed rocket by Xyla,high,453,2025-10-02,main,https://www.youtube.com/watch?v=HU3YnVzqExA,,https://youtube.com/watch?v=eH1IsjpVqwY,https://www.makerprojectlab.com/pasta-power-maker-update/
3d printed mechanical book,AxelMadeIt,project,3d-printing; mechanical; book,3D printed mechanical book with moving parts and mechanisms.,high,453,2025-10-02,main,https://www.youtube.com/watch?v=RgPqE28IUkw,,https://youtube.com/watch?v=eH1IsjpVqwY,https://www.makerprojectlab.com/pasta-power-maker-update/
Mobile Paint Studio,Nerdforge,project,paint; portable-studio; art,Portable paint studio setup and mobile art creation space.,low,453,2025-10-02,main,https://www.youtube.com/watch?v=EO6wvmaGf8g,,https://youtube.com/watch?v=eH1IsjpVqwY,https://www.makerprojectlab.com/pasta-power-maker-update/
Hitchhiker's guide to the Galaxy Working Prop,Greig Johnson Making,project,props; working-model; hitchhikers-guide,Functional prop of the Hitchhiker's Guide to the Galaxy device.,high,453,2025-10-02,main,https://www.youtube.com/watch?v=IGuooLe8MW8,,https://youtube.com/watch?v=eH1IsjpVqwY,https://www.makerprojectlab.com/pasta-power-maker-update/
Submergence,Squidsoup,project,interactive-art; installation; submergence,Submergence interactive art installation and spatial experience.,low,453,2025-10-02,main,https://www.squidsoup.org/portfolio/submergence-2/,,https://youtube.com/watch?v=eH1IsjpVqwY,https://www.makerprojectlab.com/pasta-power-maker-update/
Cam Claw robot gripper with FPV camera,Gokux,tip,robotics; gripper; 3d-printed-camera,3D printed robotic gripper claw with integrated FPV camera.,high,453,2025-10-02,main,https://www.instructables.com/Cam-Claw-a-3D-Printed-Robotic-Grabber-Equipped-Wit/,,https://youtube.com/watch?v=eH1IsjpVqwY,https://www.makerprojectlab.com/pasta-power-maker-update/
Electronics forr the Curious,Humble Bundle and No Startch Press,tip,electronics; book; learning,Electronics for the Curious book bundle with hands-on projects.,high,453,2025-10-02,main,https://www.humblebundle.com/books/electronics-for-the-curious-no-starch-books,,https://youtube.com/watch?v=eH1IsjpVqwY,https://www.makerprojectlab.com/pasta-power-maker-update/
Drill Press Safety and Performance upgrades,MikeandMertle,tip,drill-press; safety; upgrades,Safety and performance upgrade techniques for drill press machines.,high,453,2025-10-02,main,https://www.instructables.com/Drill-Press-Safety-Performance-Upgrades/,,https://youtube.com/watch?v=eH1IsjpVqwY,https://www.makerprojectlab.com/pasta-power-maker-update/
Making Silicone Molds from Sealant,Do as I Do,tip,molding; silicone; sealant-based,Silicone mold creation using inexpensive sealant materials.,high,453,2025-10-02,main,https://www.youtube.com/watch?v=Q529w3E_Si0,,https://youtube.com/watch?v=eH1IsjpVqwY,https://www.makerprojectlab.com/pasta-power-maker-update/
Comet Crawler Robot v1,Odd-Jayy,project,robotics,Comet Crawler Robot v1 by Odd-Jayy,high,452,2025-09-25,main,https://www.digikey.es/en/maker/projects/how-to-build-a-diy-comet-crawler-robot/b2b8a57bd0594b3d88507aaf84173966,vid: https://www.instagram.com/p/DObQsUMEcEz/; https://www.printables.com/model/1397148-odd-jayys-v1-comet-crawler-robot,https://youtube.com/watch?v=XxWcpAC1yxg&t=2340s,https://www.makerprojectlab.com/crab-craft-maker-update/
Based on: Kame: 8DOF small quadruped robot BQEducacion,,project,robotics,Based on: Kame: 8DOF small quadruped robot BQEduca...,high,452,2025-09-25,main,https://www.thingiverse.com/thing:1265766,,https://youtube.com/watch?v=XxWcpAC1yxg,https://www.makerprojectlab.com/crab-craft-maker-update/
Rumi Sword - KPop Demon Hunters,Ruiz Brothers,project,electronics,Rumi Sword - KPop Demon Hunters by Ruiz,high,452,2025-09-25,main,https://learn.adafruit.com/rumi-sword,vid: https://www.youtube.com/watch?v=xaKFKUycBHk,https://youtube.com/watch?v=XxWcpAC1yxg&t=10800s,https://www.makerprojectlab.com/crab-craft-maker-update/
Extraterrestrial Guitar Thing,Love Hultén,project,music,Extraterrestrial Guitar Thing by Love,high,452,2025-09-25,main,https://www.youtube.com/watch?v=6sPbJwzi87k,,https://youtube.com/watch?v=XxWcpAC1yxg,https://www.makerprojectlab.com/crab-craft-maker-update/
Enclosure for Projects based on Ikea Vårsyren,Julius Curt,tip,enclosure; 3d-printing; ikea,3D printed enclosure design based on Ikea Vårsyren furniture.,high,452,2025-09-25,main,https://www.printables.com/model/1405768-enclosure-for-projects-based-on-ikea-varsyren,vid: https://www.youtube.com/watch?v=IFn1qn9qHpg,https://youtube.com/watch?v=XxWcpAC1yxg,https://www.makerprojectlab.com/crab-craft-maker-update/
xLights for Sparkle Motion Board,Erin St Blaine,tip,electronics; led,Tip: xLights for Sparkle Motion Board,high,452,2025-09-25,main,https://learn.adafruit.com/xlights-for-sparkle-motion-board,vid: https://www.youtube.com/watch?v=FyQ7NioWX7s,https://youtube.com/watch?v=XxWcpAC1yxg,https://www.makerprojectlab.com/crab-craft-maker-update/
"Jointly, the CNC Typeface",CobyUnger,tip,cnc; typeface; lettering,Jointly CNC typeface designed for CNC routing and cutting.,high,452,2025-09-25,main,https://www.instructables.com/Jointly-the-CNC-Typeface/,https://hackaday.com/2025/09/16/jointly-is-a-typeface-designed-for-cnc-joinery/,https://youtube.com/watch?v=XxWcpAC1yxg,https://www.makerprojectlab.com/crab-craft-maker-update/
Secret Library,Morley Kert,project,robotics,Secret Library by Morley,high,451,2025-09-18,main,https://www.youtube.com/watch?v=rwZLV5Kda3Q,,https://youtube.com/watch?v=89ckABOkfEg&t=1620s,https://www.makerprojectlab.com/magic-wherever-you-look-maker-update/
Spinning coffee table,Simone Giertz,project,robotics,Spinning coffee table by Simone,high,451,2025-09-18,main,https://www.youtube.com/watch?v=slVuVPAUNI4,,https://youtube.com/watch?v=89ckABOkfEg&t=8940s,https://www.makerprojectlab.com/magic-wherever-you-look-maker-update/
Kinetic Lamp,Robert Skinner,project,kinetic-art; lighting-art,Kinetic Lamp by Robert,high,451,2025-09-18,main,https://www.youtube.com/watch?v=mKsrxO2bM0c,,https://youtube.com/watch?v=89ckABOkfEg&t=12120s,https://www.makerprojectlab.com/magic-wherever-you-look-maker-update/
I built my own phone,Marcin Plaza,project,electronics,I built my own phone by Marcin,high,451,2025-09-18,main,https://www.youtube.com/watch?v=qy_9w_c2ub0,,https://youtube.com/watch?v=89ckABOkfEg&t=15660s,https://www.makerprojectlab.com/magic-wherever-you-look-maker-update/
Adafruit Fruit Jam Entertainment System,John Park,tip,adafruit; electronics; led,Tip: Adafruit Fruit Jam Entertainment System,high,451,2025-09-18,main,https://learn.adafruit.com/fruit-jam-nintendo-entertainment-system,,https://youtube.com/watch?v=89ckABOkfEg&t=17760s,https://www.makerprojectlab.com/magic-wherever-you-look-maker-update/
Using Glue in Your Resin Castings,Rybonator,tip,resin-casting; glue; material-technique,Techniques for using adhesives in resin casting projects.,low,451,2025-09-18,main,https://www.youtube.com/watch?v=yG4mWIGnlsY,,https://youtube.com/watch?v=89ckABOkfEg&t=19680s,https://www.makerprojectlab.com/magic-wherever-you-look-maker-update/
Robot Vacuum Upgrade Design Contest on Printables,,tip,3d-printing; robot-vacuum; upgrades,Design contest for robot vacuum upgrade modifications on Printables.,low,451,2025-09-18,main,https://www.printables.com/contest/488-robot-vacuum-upgrades,,https://youtube.com/watch?v=89ckABOkfEg&t=21900s,https://www.makerprojectlab.com/magic-wherever-you-look-maker-update/
Robot Factory,Niklas Roy,project,generative-art; robotics,Robot Factory by Niklas,high,450,2025-09-11,main,https://www.niklasroy.com/robotfactory/,,https://youtube.com/watch?v=A5xMMpWG7SE&t=1740s,https://www.makerprojectlab.com/turtle-power-maker-update/
=More Projects=,,project,generative-art; turtle-robot; arduino,Custom Arduino turtle robot for gestalt generative art exploration.,high,450,2025-09-11,main,https://www.hackster.io/news/niklas-roy-investigates-gestalt-generative-art-with-a-custom-arduino-compatible-turtle-robot-902bac083ad1,,https://youtube.com/watch?v=A5xMMpWG7SE,https://www.makerprojectlab.com/turtle-power-maker-update/
I Built Valkyrie’s Helmet and Electroplated It (Rainbow Six Siege X),Zibartas,project,3d-filament; cosplay; electroplating,I Built Valkyrie’s Helmet and Elect... by Zibartas,high,450,2025-09-11,main,https://www.youtube.com/watch?v=hlf9TGeyTh0,,https://youtube.com/watch?v=A5xMMpWG7SE&t=11040s,https://www.makerprojectlab.com/turtle-power-maker-update/
Glowing Lotus Flower - Electronic Origami for Beginners Image for user firepixie,Erin St Blaine,project,electronics; led; lighting-art; papercraft,Glowing Lotus Flower - Electronic O... by Erin,high,450,2025-09-11,main,https://learn.adafruit.com/glowing-lotus-flower-electronic-origami-for-beginners,,https://youtube.com/watch?v=A5xMMpWG7SE&t=16980s,https://www.makerprojectlab.com/turtle-power-maker-update/
Calibrating for Shrinkage is a 3D printer process most ignore,Teaching Tech,tip,3d-printing; shrinkage; calibration,3D printer calibration techniques accounting for material shrinkage.,low,450,2025-09-11,main,https://www.youtube.com/watch?v=HwBweQiFL9g,,https://youtube.com/watch?v=A5xMMpWG7SE&t=19980s,https://www.makerprojectlab.com/turtle-power-maker-update/
IrisOLED,,tip,oled; github; display,IrisOLED project for display integration and design.,low,450,2025-09-11,main,https://github.com/orji123/Irisoled/,https://blog.adafruit.com/2025/08/19/an-arduino-library-for-robotic-oled-eye-expressions/,https://youtube.com/watch?v=A5xMMpWG7SE&t=23460s,https://www.makerprojectlab.com/turtle-power-maker-update/
No Need For Inserts If You’re Prepared To Use Self-Tappers,Jenny List,tip,threaded-inserts; fasteners; 3d-printing,Self-tapping fasteners alternative to traditional threaded inserts.,high,450,2025-09-11,main,https://hackaday.com/2025/09/02/no-need-for-inserts-if-youre-prepared-to-use-self-tappers/,,https://youtube.com/watch?v=A5xMMpWG7SE&t=25440s,https://www.makerprojectlab.com/turtle-power-maker-update/
Perfect Egg Breaker,Stuff Made Here,project,mechanical,Perfect Egg Breaker by Stuff,high,449,2025-09-04,main,https://www.youtube.com/watch?v=vJ43DjwLPGA&pp=ugUEEgJlbg%3D%3D,,https://youtube.com/watch?v=xQgajatkpnk&t=1800s,https://www.makerprojectlab.com/eggselent-engineering-maker-update/
Circuit Bent Speak & Spell,Look Mum No Computer,project,circuit-bending; electronics; speak-and-spell,Circuit bent Speak & Spell vintage toy modification.,high,449,2025-09-04,main,https://www.youtube.com/watch?v=gh6z8XMzY-M,,https://youtube.com/watch?v=xQgajatkpnk&t=9000s,https://www.makerprojectlab.com/eggselent-engineering-maker-update/
Davinci Resolve Speed Editor,Flatlander Tech,project,speed-controller; hardware; diy,DaVinci Resolve speed editor hardware controller DIY build.,low,449,2025-09-04,main,https://www.youtube.com/watch?v=uicp-zqsIKU,,https://youtube.com/watch?v=xQgajatkpnk&t=11820s,https://www.makerprojectlab.com/eggselent-engineering-maker-update/
Lightning Talk Timer,MakeTVee,project,timer; electronics; presentation,Lightning talk timer device for timed presentations.,high,449,2025-09-04,main,https://hackaday.com/2025/08/31/lightning-talks-on-time-with-this-device/,,https://youtube.com/watch?v=xQgajatkpnk&t=15360s,https://www.makerprojectlab.com/eggselent-engineering-maker-update/
Bringing Thing to Life,Raptor House VFX and Jesse Velez,project,animatronics; props; netflix,Animatronic creature prop creation for Netflix production.,high,449,2025-09-04,main,https://makezine.com/article/craft/cosplay-props/bringing-an-animatronic-thing-to-life-for-netflix/,,https://youtube.com/watch?v=xQgajatkpnk&t=17880s,https://www.makerprojectlab.com/eggselent-engineering-maker-update/
Soldering Tips bty Stuck at Prototype,,tip,soldering; electronics,Advanced soldering techniques and tips for circuit board assembly.,low,449,2025-09-04,main,https://www.youtube.com/watch?v=jz67KgHzXVw,,https://youtube.com/watch?v=xQgajatkpnk&t=21180s,https://www.makerprojectlab.com/eggselent-engineering-maker-update/
Photo to Gridfinity Bin,CNC Kitchen,tip,3d-printing,Tip: Photo to Gridfinity Bin,high,449,2025-09-04,main,https://www.youtube.com/watch?v=e3EhJJlWwws,,https://youtube.com/watch?v=xQgajatkpnk&t=22800s,https://www.makerprojectlab.com/eggselent-engineering-maker-update/
Inverse Kinematics for Arduino Robots,Jakob Leander,tip,inverse-kinematics; robotics; arduino,IK algorithms for robotic arm control with Arduino implementation.,high,449,2025-09-04,main,https://www.youtube.com/watch?v=WAsMAeKDc4U,,https://youtube.com/watch?v=xQgajatkpnk&t=24960s,https://www.makerprojectlab.com/eggselent-engineering-maker-update/
Building a Robot that Sees (Through its Own Eyes),Will Cogley,project,animatronics; robotics,Building a Robot that Sees (Through... by Will,high,448,2025-08-28,main,https://www.youtube.com/watch?v=IPBu5Q2aogE,,https://youtube.com/watch?v=Zl1rFMJB2_Q,https://www.makerprojectlab.com/the-eyes-have-it-maker-update/
File download:,,project,robotics; camera-tracking; mechatronics,Camera eye-follower robot with motion tracking capability.,high,448,2025-08-28,main,https://www.notion.so/nilheim-mechatronics/Camera-Eye-Follower-Bot-25524779b64d80969680f8a0c32fa703,,https://youtube.com/watch?v=Zl1rFMJB2_Q&t=1560s,https://www.makerprojectlab.com/the-eyes-have-it-maker-update/
I Over Engineered This Lamp For One Reason Unnecessary Inventions,,project,lamp; engineering; unnecessary-inventions,Over-engineered lamp design with unnecessary complexity.,high,448,2025-08-28,main,https://www.youtube.com/watch?v=KyIJRbBPzHg,https://www.hackster.io/news/bringing-a-product-to-market-with-matty-of-unnecessary-inventions-6e1adb3c1c98,https://youtube.com/watch?v=Zl1rFMJB2_Q&t=10260s,https://www.makerprojectlab.com/the-eyes-have-it-maker-update/
Meet Caroline: Testing ways to build a cheap Robot Arm (for science!) Made with Layers (Thomas Sanladerer),,project,robot-arm; affordable; mechanics,Low-cost robot arm construction techniques and design.,high,448,2025-08-28,main,https://www.youtube.com/watch?v=rKyJm80RxE0,,https://youtube.com/watch?v=Zl1rFMJB2_Q&t=15060s,https://www.makerprojectlab.com/the-eyes-have-it-maker-update/
Innovative Bloom Origami Pattern,Zhongyuan Wang,tip,origami; bloom-pattern; mathematics,Innovative bloom origami folding pattern with mathematical basis.,high,448,2025-08-28,main,https://scholarsarchive.byu.edu/data/85/,,https://youtube.com/watch?v=Zl1rFMJB2_Q&t=18600s,https://www.makerprojectlab.com/the-eyes-have-it-maker-update/
DIY Hidden Capacitive Touch Buttons in 3D Prints for ESP32,John Phillips,tip,capacitive-touch; esp32; 3d-printing,Hidden capacitive touch buttons embedded in 3D printed parts.,high,448,2025-08-28,main,https://www.instructables.com/DIY-Hidden-Capacitive-Touch-Buttons-in-3D-Prints-f/,https://hackaday.com/2025/08/20/hide-capacitive-touch-buttons-in-your-next-3d-print/,https://youtube.com/watch?v=Zl1rFMJB2_Q&t=22020s,https://www.makerprojectlab.com/the-eyes-have-it-maker-update/
Biblically Acurate Nerf Blaster,Zack Freedman,project,nerf; blaster; diy,Biblical accurate angel-inspired Nerf blaster build.,high,447,2025-08-21,main,https://www.youtube.com/watch?v=UqGnPZYXNIc,,https://youtube.com/watch?v=Y4uZM9Yo3xI&t=1860s,https://www.makerprojectlab.com/eyes-on-the-prize-maker-update/
Mixtape MP3 Player,Jonathan Rowney,project,3d-filament; music,Mixtape MP3 Player by Jonathan,high,447,2025-08-21,main,https://www.youtube.com/watch?v=Fh-RK9ZHluA,,https://youtube.com/watch?v=Y4uZM9Yo3xI&t=10260s,https://www.makerprojectlab.com/eyes-on-the-prize-maker-update/
Most Dangerous Job on the Death Star Diorama,Craft and Quest,project,prop-replica,Most Dangerous Job on the Death Sta... by Craft,high,447,2025-08-21,main,https://youtu.be/pTr6b3rtVZk,,https://youtube.com/watch?v=Y4uZM9Yo3xI&t=12840s,https://www.makerprojectlab.com/eyes-on-the-prize-maker-update/
Wearable Pink Gundam,Xiao Qian Feng,project,cosplay; wearables,Wearable Pink Gundam by Xiao,high,447,2025-08-21,main,https://www.youtube.com/watch?v=SaHLoLa7yU4,,https://youtube.com/watch?v=Y4uZM9Yo3xI&t=16140s,https://www.makerprojectlab.com/eyes-on-the-prize-maker-update/
How to Print Carbon Fiber Nylon,CNC Kitchen,tip,3d-filament; 3d-printing; vehicles,Tip: How to Print Carbon Fiber Nylon,high,447,2025-08-21,main,https://www.youtube.com/watch?v=u8dIpwd6tzo,,https://youtube.com/watch?v=Y4uZM9Yo3xI&t=18240s,https://www.makerprojectlab.com/eyes-on-the-prize-maker-update/
How to Hone Your Replaceable Blades,Contour Leather,tip,blade-sharpening; leather-honing; tool-maintenance,Techniques for honing replaceable utility blade edges.,low,447,2025-08-21,main,https://www.youtube.com/watch?v=TiWHmXnnkl0,,https://youtube.com/watch?v=Y4uZM9Yo3xI&t=20100s,https://www.makerprojectlab.com/eyes-on-the-prize-maker-update/
"Jointly, the CNC Typeface",Coby Unger,tip,cnc; typeface; lettering,Jointly CNC typeface for precision lettering and cutting.,high,447,2025-08-21,main,https://www.instructables.com/Jointly-the-CNC-Typeface/,,https://youtube.com/watch?v=Y4uZM9Yo3xI&t=21720s,https://www.makerprojectlab.com/eyes-on-the-prize-maker-update/
I Built the Watch from the Future,Sahko,project,electronics,I Built the Watch from the Future by Sahko,high,446,2025-08-14,main,https://www.youtube.com/watch?v=dBEupkQBFis,vid2: https://www.youtube.com/shorts/3KVxfbN9MZc; https://hackaday.com/2025/08/05/flex-pcb-underlies-the-watch-of-the-future/,https://youtube.com/watch?v=67WEveZ0Zp4&t=1500s,https://www.makerprojectlab.com/flex-time-maker-update/
No-Silicon digital clock,Charles van Den,project,display; electronics,No-Silicon digital clock by Charles,high,446,2025-08-14,main,https://hackaday.io/project/203427-no-silicon-digital-clock,video horz: https://www.youtube.com/watch?v=nT2cuAXLx00; video vert: https://www.youtube.com/watch?v=Ki6lNPu2y6M,https://youtube.com/watch?v=67WEveZ0Zp4&t=7980s,https://www.makerprojectlab.com/flex-time-maker-update/
"Solving ""What to Eat Today?"" with a 3D Mechanical Roulette Smartphone Case!",karakurist,project,mechanical; mechanical-design,"Solving ""What to Eat Today?"" with a... by karakurist",high,446,2025-08-14,main,https://www.youtube.com/watch?v=7o9pTOz4aoM,,https://youtube.com/watch?v=67WEveZ0Zp4&t=12060s,https://www.makerprojectlab.com/flex-time-maker-update/
Making a Literal Video Game Aimbot,Kamal Carter,project,gaming; robotics,Making a Literal Video Game Aimbot by Kamal,high,446,2025-08-14,main,https://www.youtube.com/watch?v=fr02fxc-5jo,https://www.hackster.io/news/this-crazy-aimbot-is-a-literal-aiming-robot-e093664d8d53,https://youtube.com/watch?v=67WEveZ0Zp4&t=14520s,https://www.makerprojectlab.com/flex-time-maker-update/
The Ultimate Guide To Linear Actuators,Jeremy Fielding,tip,electronics,Tip: The Ultimate Guide To Linear Actuators,high,446,2025-08-14,main,https://www.youtube.com/watch?v=YzgFyO_W2nM,,https://youtube.com/watch?v=67WEveZ0Zp4&t=18060s,https://www.makerprojectlab.com/flex-time-maker-update/
8 Things that RUIN 3D print accuracy (and how to fix it),Maker's Muse,tip,3d-printing; accuracy; layer-lines,Eight factors affecting 3D print accuracy and fixing methods.,high,446,2025-08-14,main,https://www.youtube.com/watch?v=I52dAzPiIP8,,https://youtube.com/watch?v=67WEveZ0Zp4&t=21180s,https://www.makerprojectlab.com/flex-time-maker-update/
Wearable Pixel Art Marble Machine,Engineezy,project,art; mechanical; wearables,Wearable Pixel Art Marble Machine by Engineezy,high,445,2025-08-07,main,https://www.youtube.com/watch?v=GX8Gq3shYBA,,https://youtube.com/watch?v=lXmN_6rN77w&t=1680s,https://www.makerprojectlab.com/pixel-perfect-maker-update/
Making Art with an old traffic light,Laura Kampf,project,art,Making Art with an old traffic ligh... by Laura,high,445,2025-08-07,main,https://www.youtube.com/watch?v=WDvYJ9IHFck,,https://youtube.com/watch?v=lXmN_6rN77w&t=9300s,https://www.makerprojectlab.com/pixel-perfect-maker-update/
DUal Screen Cyberdeck,Sector 07,project,electronics,DUal Screen Cyberdeck by Sector,high,445,2025-08-07,main,https://www.youtube.com/watch?v=cigAxzQGeLg,,https://youtube.com/watch?v=lXmN_6rN77w&t=13080s,https://www.makerprojectlab.com/pixel-perfect-maker-update/
Fidget Clicker Keychain,Penelope Bulnick,project,3d-printing,Fidget Clicker Keychain by Penelope,high,445,2025-08-07,main,https://www.instructables.com/Virtual-Pet-Fidget-Clicker-Keychain/,,https://youtube.com/watch?v=lXmN_6rN77w&t=15960s,https://www.makerprojectlab.com/pixel-perfect-maker-update/
3d printed cityscapes,Uncle Jessy,tip,3d-printing,Tip: 3d printed cityscapes,high,445,2025-08-07,main,https://www.youtube.com/watch?v=a0oo_HKDAmA,,https://youtube.com/watch?v=lXmN_6rN77w&t=17880s,https://www.makerprojectlab.com/pixel-perfect-maker-update/
Web-based solder paste extrusion,Stephen Hawes,tip,electronics; soldering,Tip: Web-based solder paste extrusion,high,445,2025-08-07,main,https://www.youtube.com/watch?v=_qklxlJc-04,,https://youtube.com/watch?v=lXmN_6rN77w&t=20040s,https://www.makerprojectlab.com/pixel-perfect-maker-update/
Sharp Panel Lines,Cut Transform Glue,tip,panel-lines; hobby-modeling; weathering,Panel line sharpening technique for scale modeling and detailing.,low,445,2025-08-07,main,https://www.youtube.com/watch?v=s_KVq_9O8e8,,https://youtube.com/watch?v=lXmN_6rN77w&t=22140s,https://www.makerprojectlab.com/pixel-perfect-maker-update/
We Built an Auto-aiming Trash Can,HTX Studio,project,robotics,We Built an Auto-aiming Trash Can by HTX,high,444,2025-07-31,main,https://www.youtube.com/watch?v=H0XYANRosVo,https://www.core77.com/posts/137907/HTX-Studio-Explores-the-Design-of-Smart-Roving-Trash-Cans,https://youtube.com/watch?v=X8BeqnaLXCI&t=1560s,https://www.makerprojectlab.com/talkin-trash-maker-update/
The Collapse of a Microcosm,Ralf Baecker,project,kinetic-art,The Collapse of a Microcosm by Ralf,high,444,2025-07-31,main,https://rlfbckr.io/project/tcoam/,https://www.creativeapplications.net/project/the-collapse-of-a-microcosm-sensory-ecology-that-remembers/,https://youtube.com/watch?v=X8BeqnaLXCI&t=9900s,https://www.makerprojectlab.com/talkin-trash-maker-update/
High Precision Robot Dog Using Rope,Aaed Musa,project,robotics,High Precision Robot Dog Using Rope by Aaed,high,444,2025-07-31,main,https://www.youtube.com/watch?v=8s9TjRz01fo,https://www.hackster.io/news/aaed-musa-s-capstan-drive-equipped-robot-dog-amazes-us-9ae9cea22714,https://youtube.com/watch?v=X8BeqnaLXCI&t=12540s,https://www.makerprojectlab.com/talkin-trash-maker-update/
10 Ways to Hide Layer Lines | Design 3D Printed Textures Slant 3D,,tip,3d-printing; layer-lines; texturing,Layer line texturing techniques for hiding visual print artifacts.,high,444,2025-07-31,main,https://www.youtube.com/watch?v=pUabxkiJAdE,,https://youtube.com/watch?v=X8BeqnaLXCI&t=17160s,https://www.makerprojectlab.com/talkin-trash-maker-update/
"GEARS - The Secret Life of Components, a series of guides for makers and designers - 18 tim hunkin",,tip,mechanism; gears; engineering,GEARS component guide series for makers and designers.,high,444,2025-07-31,main,https://www.youtube.com/watch?v=raMCWfltyRs,,https://youtube.com/watch?v=X8BeqnaLXCI&t=18540s,https://www.makerprojectlab.com/talkin-trash-maker-update/
Dragonfly Electronic Wind Instrument,CatWizard,project,music,Dragonfly Electronic Wind Instrumen... by CatWizard,high,443,2025-07-24,main,https://www.catwizard.org/dragonfly,,https://youtube.com/watch?v=cok6xbb7uWI&t=2160s,https://www.makerprojectlab.com/5-projects-from-open-sauce-2025-maker-update/
Omnidirectional Treadmill,Tim Gubski,project,treadmill; omnidirectional; locomotion,Omnidirectional treadmill simulation hardware for VR and gaming.,high,443,2025-07-24,main,https://www.youtube.com/@timgubski,,https://youtube.com/watch?v=cok6xbb7uWI&t=11400s,https://www.makerprojectlab.com/5-projects-from-open-sauce-2025-maker-update/
10 100 Keyboard,Attoparsec,project,keyboard; 1010; hardware-project,10x100 keyboard mechanical design and hardware project.,high,443,2025-07-24,main,https://www.attoparsec.com/artifacts/tenhundred.html,,https://youtube.com/watch?v=cok6xbb7uWI&t=19980s,https://www.makerprojectlab.com/5-projects-from-open-sauce-2025-maker-update/
Gateway,OK Design,project,product-design; design-studio,Gateway furniture or product design from OK Design studio.,low,443,2025-07-24,main,https://www.okdesignsf.com/,,https://youtube.com/watch?v=cok6xbb7uWI&t=24120s,https://www.makerprojectlab.com/5-projects-from-open-sauce-2025-maker-update/
Newt,Backhaul Studios,project,mechanical,Newt by Backhaul,high,443,2025-07-24,main,https://www.backhaul.us/,,https://youtube.com/watch?v=cok6xbb7uWI&t=33960s,https://www.makerprojectlab.com/5-projects-from-open-sauce-2025-maker-update/
Animatronic Grogu,Adam Savage,project,animatronics,Animatronic Grogu by Adam,high,442,2025-07-17,main,https://www.youtube.com/watch?v=KGhqvLLQFzY,,https://youtube.com/watch?v=OP2NCzSACxU&t=1980s,https://www.makerprojectlab.com/it-takes-a-village-maker-update/
Fastener counting machine,Christopher Helmke,project,robotics; automation; arduino; 3d-printing; vision-system,9-axis automated system for counting and sorting fasteners using 3D-printed components.,high,442,2025-07-17,main,https://www.youtube.com/watch?v=1lFvGlfb2sA&pp=0gcJCcEJAYcqIYzv,,https://youtube.com/watch?v=OP2NCzSACxU&t=9240s,https://www.makerprojectlab.com/it-takes-a-village-maker-update/
Xbox Controlled Paintball Turret,Paul Junkin,project,robotics; gaming-interface; servo-control; 3d-printing,Motorized paintball launcher controlled wirelessly with an Xbox gaming controller.,high,442,2025-07-17,main,https://www.youtube.com/watch?v=UVgqzoGp9NQ,,https://youtube.com/watch?v=OP2NCzSACxU&t=13380s,https://www.makerprojectlab.com/it-takes-a-village-maker-update/
PC Audio control interface,Maker Vibe,project,electronics; usb-controller; audio; interface; diy-hardware,Custom hardware interface for controlling PC audio settings with physical input controls.,high,442,2025-07-17,main,https://www.youtube.com/watch?v=e0OYAANYKug,,https://youtube.com/watch?v=OP2NCzSACxU&t=15840s,https://www.makerprojectlab.com/it-takes-a-village-maker-update/
Get better at solder wicking,nanofix,tip,soldering; electronics; smd-rework; desoldering,Tutorial on mastering solder-wick desoldering technique for electronics repair and rework.,high,442,2025-07-17,main,https://www.youtube.com/watch?v=IjOh5ShVX_w,,https://youtube.com/watch?v=OP2NCzSACxU&t=18180s,https://www.makerprojectlab.com/it-takes-a-village-maker-update/
Perfect Ball Jouts,Valenti Felder,tip,woodworking; joinery; hand-tools; mechanical-joints,Technique for creating perfectly spherical ball joints in woodworking and model-making projects.,low,442,2025-07-17,main,https://www.youtube.com/watch?v=9-91O4XXVSM,,https://youtube.com/watch?v=OP2NCzSACxU&t=20160s,https://www.makerprojectlab.com/it-takes-a-village-maker-update/
Using PCBs as Greebles in Back-lit SciFi Panel,Julius Curt,tip,led-art; pcb; backlighting; 3d-printing; sci-fi-aesthetics,Custom LED-backlit sci-fi panels using exposed circuit boards as decorative architectural elements.,high,442,2025-07-17,main,https://hackaday.io/project/203368-using-pcbs-as-greebles-in-back-lit-scifi-panel,,https://youtube.com/watch?v=OP2NCzSACxU&t=22200s,https://www.makerprojectlab.com/it-takes-a-village-maker-update/
Sheet Metal Die Cutter,Kevin Cheung,tip,metalworking; tool-making; metal-fabrication; punching-tool,DIY tool for precision cutting and shaping sheet metal using custom die punching.,high,442,2025-07-17,main,https://www.youtube.com/watch?v=AKVGbrK1mh0,,https://youtube.com/watch?v=OP2NCzSACxU&t=24060s,https://www.makerprojectlab.com/it-takes-a-village-maker-update/
Pez Pistol,Backhaul Studios,project,mechanical,Pez Pistol by Backhaul,high,441,2025-07-10,main,https://www.youtube.com/watch?v=wibRAZ_pmeY,,https://youtube.com/watch?v=I79l34hbcQo&t=1680s,https://www.makerprojectlab.com/peppermint-express-maker-update/
Lego Omnidirectional Vehicle GBC,Akiyuki Brick Channel,project,lego; vehicles,Lego Omnidirectional Vehicle GBC by Akiyuki,high,441,2025-07-10,main,https://www.youtube.com/watch?v=7IBa-bPL-1Q,,https://youtube.com/watch?v=I79l34hbcQo&t=9360s,https://www.makerprojectlab.com/peppermint-express-maker-update/
ISS Tracker,WillsBuilds,project,electronics,ISS Tracker by WillsBuilds,high,441,2025-07-10,main,https://www.youtube.com/watch?v=nbEe-BCNutg,,https://youtube.com/watch?v=I79l34hbcQo&t=12960s,https://www.makerprojectlab.com/peppermint-express-maker-update/
Suspended Kinetic Wave Sculpture,Lisa Lo,project,kinetic-art,Suspended Kinetic Wave Sculpture by Lisa,high,441,2025-07-10,main,https://www.instructables.com/Flight-Suspended-Kinetic-Wave-Sculpture-Made-of-99/,,https://youtube.com/watch?v=I79l34hbcQo&t=16800s,https://www.makerprojectlab.com/peppermint-express-maker-update/
17 Electronics Tips,Becky Stern,tip,electronics; tips-tricks; soldering; pcb; component-handling,Compilation of 17 practical tips for improved electronics assembly and repair work.,low,441,2025-07-10,main,https://www.youtube.com/watch?v=QOjN4dRQb6o,,https://youtube.com/watch?v=I79l34hbcQo&t=19260s,https://www.makerprojectlab.com/peppermint-express-maker-update/
Electroplating 3d prints with burnout,HEN3DRIK,tip,3d-filament; 3d-printing; electroplating,Tip: Electroplating 3d prints with burnout,high,441,2025-07-10,main,https://www.youtube.com/watch?v=fqV8R20O2UQ,,https://youtube.com/watch?v=I79l34hbcQo&t=21240s,https://www.makerprojectlab.com/peppermint-express-maker-update/
Sculpting for 3d Printing,Jess Less,tip,3d-printing; digital-sculpting; cad; modeling; design-for-3dp,Guide to creating 3D-printable models using digital sculpting techniques and software.,high,441,2025-07-10,main,https://www.youtube.com/watch?v=HeEd6jI1nu4,,https://youtube.com/watch?v=I79l34hbcQo&t=23820s,https://www.makerprojectlab.com/peppermint-express-maker-update/
Testing cheap calipers,Project Farm,tip,metrology; precision-measurement; calipers; tool-review; accuracy-testing,Detailed evaluation and testing of inexpensive digital and dial calipers for measurement accuracy.,high,441,2025-07-10,main,https://www.youtube.com/watch?v=z5KtKAee0jw,,https://youtube.com/watch?v=I79l34hbcQo&t=25800s,https://www.makerprojectlab.com/peppermint-express-maker-update/
Dream Recorder AI,Modem,project,ai,Dream Recorder AI by Modem,high,440,2025-07-03,main,https://dreamrecorder.ai/,some vids: https://www.instagram.com/modem.works/?hl=en; vids 2: https://x.com/modem_works?lang=en; dreams: https://github.com/modem-works/dream-recorder/tree/main/dream_samples; https://www.core77.com/posts/137416/This-Dream-Recorder-Records-Your-Dreams-for-Playback; https://github.com/modem-works/dream-recorder,https://youtube.com/watch?v=3t6bnDvqJTg&t=1980s,https://www.makerprojectlab.com/dream-on-maker-update/
"I 3d Printed a $2,700 Kumiko Panel",Paper View,project,3d-printing; japanese-woodworking; kumiko; parametric-design; geometric-patterns,Replicating traditional Japanese Kumiko geometric patterns using advanced 3D printing technology.,high,440,2025-07-03,main,https://www.youtube.com/watch?v=w5P7E7muk9o,https://hackaday.com/2025/06/25/careful-design-lets-3d-print-emulate-kumiko/,https://youtube.com/watch?v=3t6bnDvqJTg&t=10800s,https://www.makerprojectlab.com/dream-on-maker-update/
I Built Arasaka Elite Armor (Cyberpunk 2077),Zibartas,project,cosplay,I Built Arasaka Elite Armor (Cyberp... by Zibartas,high,440,2025-07-03,main,https://www.youtube.com/watch?v=YraYKR3dcr8,,https://youtube.com/watch?v=3t6bnDvqJTg&t=15480s,https://www.makerprojectlab.com/dream-on-maker-update/
Not A Typewriter,Ruiz Brothers and Liz Clark,project,electronics,Not A Typewriter by Ruiz,high,440,2025-07-03,main,https://learn.adafruit.com/not-a-typewriter,video: https://www.youtube.com/watch?v=khEFYlZObyA,https://youtube.com/watch?v=3t6bnDvqJTg&t=18480s,https://www.makerprojectlab.com/dream-on-maker-update/
"FastLED 3.10.0 Released - AnimARTrix out of beta, esp32 improvements",,tip,led-programming; arduino; esp32; fastled-library; neopixel-animation,Major FastLED library update featuring AnimARTrix beta and improved ESP32 LED support.,high,440,2025-07-03,main,https://old.reddit.com/r/FastLED/comments/1lcmjzk/fastled_3100_released_animartrix_out_of_beta/,vid: https://www.youtube.com/watch?v=FptY-8tf9M8; https://www.hackster.io/news/zachary-vorhies-releases-fastled-3-10-0-pledges-a-more-artist-focused-development-roadmap-b024649dd289,https://youtube.com/watch?v=3t6bnDvqJTg&t=22260s,https://www.makerprojectlab.com/dream-on-maker-update/
Expanding Racks,Henry Segerman,tip,3d-printing; geometry; mathematics; expandable-structures; pop-up-mechanism,3D-printable expanding geometric structures using mathematical triangle principles.,low,440,2025-07-03,main,https://www.printables.com/model/1305045-expanding-3-4-5-triangle,vid: https://www.youtube.com/watch?v=iWknov3Xpts; https://www.core77.com/posts/137381/Expanding-Mechanisms-Designed-by-Henry-Segerman,https://youtube.com/watch?v=3t6bnDvqJTg&t=24780s,https://www.makerprojectlab.com/dream-on-maker-update/
Mechanical Flappy Bird,Engineezy,project,art; mechanical; mechanical-design,Mechanical Flappy Bird by Engineezy,high,439,2025-06-26,main,https://www.youtube.com/watch?v=qcKArylBdE0,,https://youtube.com/watch?v=nSxaeFLYWz4&t=1980s,https://www.makerprojectlab.com/pipe-dreams-maker-update/
Single Piece 3d Printed Kayak,Proper Printing,project,3d-printing; watercraft; pla; kayak-design; marine-fabrication,Single continuous 3D-printed PLA kayak demonstrating large-format additive manufacturing.,high,439,2025-06-26,main,https://www.youtube.com/watch?v=QuZW259aIn0,,https://youtube.com/watch?v=nSxaeFLYWz4&t=9480s,https://www.makerprojectlab.com/pipe-dreams-maker-update/
3d Print Comes Alive,Ali Spagnola and Punished Props,project,3d-printing; stop-motion; animation; props; visual-effects,Stop-motion animation project bringing 3D-printed objects to life through video techniques.,high,439,2025-06-26,main,https://www.youtube.com/watch?v=y8fzDbCf_98,Bill's video: https://www.youtube.com/watch?v=AFfJPzRR0hI,https://youtube.com/watch?v=nSxaeFLYWz4&t=13020s,https://www.makerprojectlab.com/pipe-dreams-maker-update/
Stormtrooper Tiffany Lamp,Walter Freeman Productions,project,stained-glass; lamp-making; star-wars; prop-crafting; lighting,Tiffany-style lamp featuring stained glass panels designed to resemble Star Wars Stormtrooper aesthetic.,high,439,2025-06-26,main,https://www.youtube.com/watch?v=jJ_WcofbSQg,,https://youtube.com/watch?v=nSxaeFLYWz4&t=15060s,https://www.makerprojectlab.com/pipe-dreams-maker-update/
Building with Cardboard,NightHawkInLight,tip,cardboard; papercraft; structural-engineering; recycled-materials; building-technique,Instructional techniques for constructing sturdy architectural structures using cardboard.,high,439,2025-06-26,main,https://www.youtube.com/watch?v=45JhacvmXV8,,https://youtube.com/watch?v=nSxaeFLYWz4&t=17820s,https://www.makerprojectlab.com/pipe-dreams-maker-update/
Starting Guide to Microcontrollers,Jeff Geerling,tip,microcontroller; learning,Starting Guide to Microcontrollers.,high,439,2025-06-26,main,https://www.youtube.com/watch?v=Sd42q3OaOrE,,https://youtube.com/watch?v=nSxaeFLYWz4&t=19860s,https://www.makerprojectlab.com/pipe-dreams-maker-update/
Gate Latching Animations,Animotion,tip,animation,Gate Latching Animations.,high,439,2025-06-26,main,https://www.youtube.com/watch?v=eAEzCorYDSI,,https://youtube.com/watch?v=nSxaeFLYWz4&t=22560s,https://www.makerprojectlab.com/pipe-dreams-maker-update/
Cutting Up SVG Files to Fit Smaller Lasers,Cuttle,tip,laser-cutting; svg,Cutting Up SVG Files to Fit Smaller Lasers.,high,439,2025-06-26,main,https://www.youtube.com/watch?v=CvMHcUbgp4I,,https://youtube.com/watch?v=nSxaeFLYWz4&t=24060s,https://www.makerprojectlab.com/pipe-dreams-maker-update/
Experimental Transformers Mechanism Robot,James Bruton,project,robotics,Experimental Transformers Mechanism Robot.,high,438,2025-06-19,main,https://www.youtube.com/watch?v=AJnXCyGOesA,https://www.hackster.io/news/a-real-life-transformer-big-enough-to-ride-on-12f787382eeb; https://github.com/XRobots/MiniTransformer,https://youtube.com/watch?v=aFmXhiTfC3o&t=1620s,https://www.makerprojectlab.com/more-than-meets-the-eye-maker-update/
90s Cable Simulator - Recreating Retro Cable TV with a Raspberry Pi,wrongdog reckons,project,raspberry-pi; retro-tech,90s Cable Simulator - Recreating Retro Cable TV with a Raspberry Pi.,high,438,2025-06-19,main,https://www.youtube.com/watch?v=CDW1wokbRiQ,,https://youtube.com/watch?v=aFmXhiTfC3o&t=9360s,https://www.makerprojectlab.com/more-than-meets-the-eye-maker-update/
Cat at the Door,Andrea Favero,project,iot; radar-sensor; ble-tags; lora-communication; pet-detection; epaper,Wireless pet detection system using millimeter-wave radar and LoRa communication.,high,438,2025-06-19,main,https://github.com/AndreaFavero71/cat_at_the_door,vid: https://www.youtube.com/watch?v=0kiuHv76AjQ; https://hackaday.com/2025/06/12/2025-pet-hacks-contest-cat-at-the-door/,https://youtube.com/watch?v=aFmXhiTfC3o&t=14820s,https://www.makerprojectlab.com/more-than-meets-the-eye-maker-update/
LED Matrix Alarm Clock,Ruiz Brothers and Liz Clark,tip,led,LED Matrix Alarm Clock.,high,438,2025-06-19,main,https://learn.adafruit.com/led-matrix-alarm-clock,,https://youtube.com/watch?v=aFmXhiTfC3o&t=18660s,https://www.makerprojectlab.com/more-than-meets-the-eye-maker-update/
THE RIGHT WAY vs WHAT YOU CAN AFFORD,Make Something,tip,maker-philosophy; tool-comparison; pro-tips; professional-vs-budget,Analysis of professional techniques compared to budget-friendly maker alternatives.,high,438,2025-06-19,main,https://www.youtube.com/watch?v=RMgrP73snp8,,https://youtube.com/watch?v=aFmXhiTfC3o&t=20940s,https://www.makerprojectlab.com/more-than-meets-the-eye-maker-update/
Smoothly Animated Robot Eyes on OLED Displays with the Robo Eyes Library,FluxGarage,tip,3d-printing; animation; led; robotics; software,Smoothly Animated Robot Eyes on OLED Displays with the Robo Eyes Library.,high,438,2025-06-19,main,https://github.com/FluxGarage/RoboEyes,vid: https://www.youtube.com/watch?v=ibSaDEkfUOI,https://youtube.com/watch?v=aFmXhiTfC3o&t=23400s,https://www.makerprojectlab.com/more-than-meets-the-eye-maker-update/
Mechanical Bird by Works,Design,project,kinetic-art,Mechanical Bird by Works.,high,437,2025-06-12,main,https://www.youtube.com/watch?v=TkNaZU9zPjk,,https://youtube.com/watch?v=o_RGkE6OXN4&t=1860s,https://www.makerprojectlab.com/angry-birds-maker-update/
Raining Terrarium Lamp,Lang DIY,project,lighting; gardening,Raining Terrarium Lamp.,high,437,2025-06-12,main,https://www.youtube.com/watch?v=QMWtxb5o724,,https://youtube.com/watch?v=o_RGkE6OXN4&t=10380s,https://www.makerprojectlab.com/angry-birds-maker-update/
LED Mushrooms,Becky Stern,project,led,LED Mushrooms.,high,437,2025-06-12,main,https://www.youtube.com/watch?v=-JqwnWPPa3M,,https://youtube.com/watch?v=o_RGkE6OXN4&t=13440s,https://www.makerprojectlab.com/angry-birds-maker-update/
3d Printed Workbench Torque Arm,Stuart Ferguson,project,3d-printing,3d Printed Workbench Torque Arm.,high,437,2025-06-12,main,https://www.youtube.com/watch?v=_63gVeXZtag,,https://youtube.com/watch?v=o_RGkE6OXN4&t=15360s,https://www.makerprojectlab.com/angry-birds-maker-update/
Film Sound Box,Crafsman Steady Craftin,project,music,Film Sound Box.,high,437,2025-06-12,main,https://www.youtube.com/watch?v=w6rpmkDIpIg,,https://youtube.com/watch?v=o_RGkE6OXN4&t=17820s,https://www.makerprojectlab.com/angry-birds-maker-update/
Lady Ada's Toolkit,,tip,educational,Lady Ada's Toolkit.,high,437,2025-06-12,main,https://www.youtube.com/watch?v=W2RDhGO8fdE,,https://youtube.com/watch?v=o_RGkE6OXN4&t=20640s,https://www.makerprojectlab.com/angry-birds-maker-update/
3d Printing System for Custom Ikea pieces,Josh Makeshift,tip,3d-printing,3d Printing System for Custom Ikea pieces.,high,437,2025-06-12,main,https://www.youtube.com/watch?v=YfcZ-XtPxsY,,https://youtube.com/watch?v=o_RGkE6OXN4&t=22920s,https://www.makerprojectlab.com/angry-birds-maker-update/
Making Sci-Fi Props from Pens,Cut Transform Glue,tip,props; upcycling; sci-fi; repurposing; crafting-techniques,Creating futuristic sci-fi props by repurposing and modifying everyday ballpoint pens.,high,437,2025-06-12,main,https://www.youtube.com/watch?v=EL3IpJ9qKCw,,https://youtube.com/watch?v=o_RGkE6OXN4&t=24960s,https://www.makerprojectlab.com/angry-birds-maker-update/
Seven Tips for 3d Printed Combat Robots,Makers Muse,tip,3d-printing; robotics,Seven Tips for 3d Printed Combat Robots.,high,437,2025-06-12,main,https://www.youtube.com/watch?v=5iYzsogmnac,,https://youtube.com/watch?v=o_RGkE6OXN4&t=26760s,https://www.makerprojectlab.com/angry-birds-maker-update/
Leet AI,Johan von Konow,project,synthesizer; music-electronics; ai-generation; wireless-communication; rgb-keys,Miniature wireless synthesizer with AI-powered melody generation and multi-unit ensemble capability.,high,436,2025-06-05,main,https://vonkonow.com/leetai/,,https://youtube.com/watch?v=m2J_q-I_NTI&t=1440s,https://www.makerprojectlab.com/band-in-a-box-maker-update/
3D Printed Robot With Windshield Wiper Motors,Nikodem Bartnik,project,3d-printing; motors; robotics,3D Printed Robot With Windshield Wiper Motors.,high,436,2025-06-05,main,https://www.youtube.com/watch?v=OgC_Jm3uUtc,v1: https://www.youtube.com/watch?v=R1GxJtMCTXE,https://youtube.com/watch?v=m2J_q-I_NTI&t=7620s,https://www.makerprojectlab.com/band-in-a-box-maker-update/
Solderless Robot Toy Xylophone,Liz Clark,project,soldering; robotics,Solderless Robot Toy Xylophone.,high,436,2025-06-05,main,https://learn.adafruit.com/solderless-robot-toy-xylophone,vid: https://www.youtube.com/watch?v=vjC2v32BPyQ,https://youtube.com/watch?v=m2J_q-I_NTI&t=9720s,https://www.makerprojectlab.com/band-in-a-box-maker-update/
Is this what door handles should have looked like all along?,Simone Giertz,project,product-design; mechanical-design; ergonomics; innovation; handles,Rethinking door handle ergonomics and design for improved usability and aesthetics.,high,436,2025-06-05,main,https://www.youtube.com/watch?v=5JfhSmrKK3A,,https://youtube.com/watch?v=m2J_q-I_NTI&t=12060s,https://www.makerprojectlab.com/band-in-a-box-maker-update/
Speedbuilding a Robot Wall Cabinet for My Safety Gear,Alchemy of Craft,tip,robotics,Speedbuilding a Robot Wall Cabinet for My Safety Gear.,high,436,2025-06-05,main,https://www.youtube.com/watch?v=Od-l44loUuU,,https://youtube.com/watch?v=m2J_q-I_NTI&t=15360s,https://www.makerprojectlab.com/band-in-a-box-maker-update/
How Adam Savage Stores His Clamps,,tip,lighting,How Adam Savage Stores His Clamps.,high,436,2025-06-05,main,https://www.youtube.com/watch?v=263hOXBPOv0,,https://youtube.com/watch?v=m2J_q-I_NTI&t=18000s,https://www.makerprojectlab.com/band-in-a-box-maker-update/
These structures shrink when pulled: Counter-snapping instabilities,AMOLF,tip,led,These structures shrink when pulled: Counter-snapping instabilities.,high,436,2025-06-05,main,https://www.pnas.org/doi/10.1073/pnas.2423301122,https://www.core77.com/posts/136928/Dutch-Researchers-Develop-the-Opposite-of-a-Push-to-Open-Mechanism,https://youtube.com/watch?v=m2J_q-I_NTI&t=19620s,https://www.makerprojectlab.com/band-in-a-box-maker-update/
Open Source Camera Robot,Serial Hobbyism,project,robotics; photography,Open Source Camera Robot.,high,435,2025-05-29,main,https://www.youtube.com/watch?v=nthdkD4Kdiw,,https://youtube.com/watch?v=TCTOv17SZJ8&t=1680s,https://www.makerprojectlab.com/robotic-roger-deakins-maker-update/
CT Scans int flipbook timer,Dina Amin,project,learning,CT Scans int flipbook timer.,high,435,2025-05-29,main,https://www.youtube.com/watch?v=JCh1N5dAVxI,,https://youtube.com/watch?v=TCTOv17SZJ8&t=9540s,https://www.makerprojectlab.com/robotic-roger-deakins-maker-update/
Trapping AI in an art installation,Rootkid,project,ai,Trapping AI in an art installation.,high,435,2025-05-29,main,https://www.youtube.com/watch?v=7fNYj0EXxMs,,https://youtube.com/watch?v=TCTOv17SZJ8&t=12840s,https://www.makerprojectlab.com/robotic-roger-deakins-maker-update/
Canvas Backpack,Becky Stern,project,sewing; wearables; fabric-crafting; textile-design; custom-apparel,DIY canvas backpack construction combining textile design with functional wearable creation.,high,435,2025-05-29,main,https://www.youtube.com/watch?v=OpNhvjofDAk,,https://youtube.com/watch?v=TCTOv17SZJ8&t=15360s,https://www.makerprojectlab.com/robotic-roger-deakins-maker-update/
Custom Lego Prints,Tiago Catarino,tip,lego; 3d-printing; printing-techniques; customization; minifigure-design,Creating custom personalized LEGO compatible prints using advanced 3D printing methods.,high,435,2025-05-29,main,https://www.youtube.com/watch?v=471kQWEV1gA,,https://youtube.com/watch?v=TCTOv17SZJ8&t=17400s,https://www.makerprojectlab.com/robotic-roger-deakins-maker-update/
Octoprint dual 3d printer power supply,,tip,3d-printing,Octoprint dual 3d printer power supply.,high,435,2025-05-29,main,https://www.instructables.com/OctoPrint-Dual-3D-Printer-Power-Controller/,,https://youtube.com/watch?v=TCTOv17SZJ8&t=19440s,https://www.makerprojectlab.com/robotic-roger-deakins-maker-update/
Scheduling actions using Adafruit IO,Brent Rubell,tip,iot; adafruit; automation; cloud-programming; scheduled-triggers,Tutorial on using Adafruit IO cloud platform to schedule and automate IoT device actions.,high,435,2025-05-29,main,https://learn.adafruit.com/adafruit-io-basics-scheduled-triggers,,https://youtube.com/watch?v=TCTOv17SZJ8&t=21240s,https://www.makerprojectlab.com/robotic-roger-deakins-maker-update/
Polycrilic image transfer,Our Upcycled Life,tip,image-transfer; surface-decoration; craft-technique; painting; upcycling,Polyacrylic-based image transfer technique for decorating and customizing household items.,high,435,2025-05-29,main,https://www.youtube.com/watch?v=_Sh97Uaaonw,,https://youtube.com/watch?v=TCTOv17SZJ8&t=22800s,https://www.makerprojectlab.com/robotic-roger-deakins-maker-update/
Noise Surround System,PanGenerator,project,audio-installation; kinetic-art; sound-design; robotics; pure-data-audio,Immersive audiovisual installation featuring motorized trolleys and spatial sound design.,high,434,2025-05-22,main,https://pangenerator.com/projects/noise-surroundsystem/,vid: https://vimeo.com/1049267035; https://www.creativeapplications.net/project/noise-surround-system-bringing-city-noise-into-philharmonic/,https://youtube.com/watch?v=d0MRrju1KRA&t=1440s,https://www.makerprojectlab.com/noise-revolution-maker-update/
PrestoDeck,Fatih Ak,project,spotify-controller; music-electronics; hardware-control; pimoroni; micropython,Spotify music controller application for Pimoroni Presto dedicated music hardware device.,high,434,2025-05-22,main,https://github.com/fatihak/PrestoDeck,vid: https://www.youtube.com/watch?v=iOz5XUVkFkY,https://youtube.com/watch?v=d0MRrju1KRA&t=5460s,https://www.makerprojectlab.com/noise-revolution-maker-update/
Butterfly Bench with Edge Lit Acrylic,Erin St Blaine,project,laser-cutting,Butterfly Bench with Edge Lit Acrylic.,high,434,2025-05-22,main,https://learn.adafruit.com/butterfly-bench-with-edge-lit-acrylic,,https://youtube.com/watch?v=d0MRrju1KRA&t=8100s,https://www.makerprojectlab.com/noise-revolution-maker-update/
BaBot: Build Your Own Ball-Balancing Robot,Johan Link,project,robotics,BaBot: Build Your Own Ball-Balancing Robot.,high,434,2025-05-22,main,https://www.instructables.com/BaBot-Build-Your-Own-Ball-Balancing-Robot/,For previous version see: https://www.makerprojectlab.com/exploding-vader-maker-update-112/,https://youtube.com/watch?v=d0MRrju1KRA&t=10140s,https://www.makerprojectlab.com/noise-revolution-maker-update/
3D Printed Mirror Fabric,Krizia Medero,tip,3d-printing; sewing,3D Printed Mirror Fabric.,high,434,2025-05-22,main,https://makezine.com/projects/3d-printed-mirror-fabric/,vid1: https://www.youtube.com/shorts/N-5xzQ3mngI; vid2: https://www.youtube.com/shorts/NmTDreY8_UY,https://youtube.com/watch?v=d0MRrju1KRA&t=13200s,https://www.makerprojectlab.com/noise-revolution-maker-update/
The Glue Looper fits in a standard hobby knife handle,,tip,precision-tools; hobby-tools; glue-application; cyanoacrylic; model-making,Specialized capillary-action glue applicator tool for precise adhesive placement in modelmaking.,high,434,2025-05-22,main,https://www.core77.com/posts/136679/A-Pinpoint-Glue-Applicator-for-Modelmakers,vid: https://www.youtube.com/watch?v=IUi57jYv74w,https://youtube.com/watch?v=d0MRrju1KRA&t=15360s,https://www.makerprojectlab.com/noise-revolution-maker-update/
"High Precision Angular Gearbox, 3D Printed and Tested",Mishin Machine,tip,3d-printing,"High Precision Angular Gearbox, 3D Printed and Tested.",high,434,2025-05-22,main,https://www.youtube.com/watch?v=VXcuryyRGbo,,https://youtube.com/watch?v=d0MRrju1KRA&t=16920s,https://www.makerprojectlab.com/noise-revolution-maker-update/
Learn 15 Print-in-Place Mechanisms in 15 Minutes,Slant 3D,tip,3d-printing,Learn 15 Print-in-Place Mechanisms in 15 Minutes.,high,434,2025-05-22,main,https://www.youtube.com/watch?v=AAKsl8zW-Ds,https://hackaday.com/2025/05/11/learn-15-print-in-place-mechanisms-in-15-minutes/,https://youtube.com/watch?v=d0MRrju1KRA&t=18360s,https://www.makerprojectlab.com/noise-revolution-maker-update/
40 Simple Circular Saw Hacks | Japanese Woodworking,YASUHIRO TV,tip,woodworking,40 Simple Circular Saw Hacks | Japanese Woodworking.,high,434,2025-05-22,main,https://www.youtube.com/watch?v=H3R856PUt1c,,https://youtube.com/watch?v=d0MRrju1KRA&t=20220s,https://www.makerprojectlab.com/noise-revolution-maker-update/
3d Printed Mini Bike,Pantheon Design,project,3d-printing,3d Printed Mini Bike.,high,433,2025-05-15,main,https://www.youtube.com/watch?v=pSYseI2gioA,,https://youtube.com/watch?v=OWey7IzKJq8&t=1740s,https://www.makerprojectlab.com/twist-of-the-wrist-maker-update/
Cheating at Jenga,Happy Mad Scientist,project,remote-control; robotics; humor-engineering; game-modification,Clever cheat mechanism for Jenga game using hidden mechanical manipulation.,high,433,2025-05-15,main,https://www.youtube.com/watch?v=q0c1_U-o4DY,,https://youtube.com/watch?v=OWey7IzKJq8&t=9600s,https://www.makerprojectlab.com/twist-of-the-wrist-maker-update/
Moon Clock,Simone Giertz,project,timekeeping; moon-phase-display; clock; mechanical-art,Decorative clock displaying moon phase information with artistic presentation.,high,433,2025-05-15,main,https://www.youtube.com/watch?v=-4VeoAkKFg4,,https://youtube.com/watch?v=OWey7IzKJq8&t=13920s,https://www.makerprojectlab.com/twist-of-the-wrist-maker-update/
DIY Universal Remote,The Stock Pot,project,electronics; infrared-control; diy-remote; universal-remote,DIY universal remote control constructed from basic electronic components.,high,433,2025-05-15,main,https://www.youtube.com/watch?v=Pe_ozZkrRAw,,https://youtube.com/watch?v=OWey7IzKJq8&t=16920s,https://www.makerprojectlab.com/twist-of-the-wrist-maker-update/
3d printed camera lens,Luke Edwin,tip,3d-printing; photography,3d printed camera lens.,high,433,2025-05-15,main,https://www.youtube.com/watch?v=8ln2zjmyITk,,https://youtube.com/watch?v=OWey7IzKJq8&t=19140s,https://www.makerprojectlab.com/twist-of-the-wrist-maker-update/
How to automate anything,Jeremy Fielding,tip,automation; electronics; device-control; smart-home; diy-robotics,Comprehensive guide to automating everyday devices using electronics and programming.,high,433,2025-05-15,main,https://www.youtube.com/watch?v=S6GpV431nww,,https://youtube.com/watch?v=OWey7IzKJq8&t=20880s,https://www.makerprojectlab.com/twist-of-the-wrist-maker-update/
Make an Arduino 50x faster,Playduino,tip,arduino,Make an Arduino 50x faster.,high,433,2025-05-15,main,https://www.youtube.com/watch?v=hRqJkfB8uoE,,https://youtube.com/watch?v=OWey7IzKJq8&t=22440s,https://www.makerprojectlab.com/twist-of-the-wrist-maker-update/
I Built a Machine That Creates Life,RCLifeOn,project,robotics; kinetic-art; life-simulation; mechanical-engineering; autonomous-systems,Automated mechanical system that creates intricate patterns simulating artificial life forms.,high,432,2025-05-08,main,https://www.youtube.com/watch?v=jfRLMU6guQQ,,https://youtube.com/watch?v=pH0g0wA836s&t=1620s,https://www.makerprojectlab.com/hatching-a-plan-maker-update/
=News=,,project,robotics; ai-arm-kit; legged-motion; seeed-studio; learning-platform,Low-cost 6-DOF robotic arm kit for imitation learning and AI robotics applications.,high,432,2025-05-08,main,https://www.seeedstudio.com/SO-ARM101-Low-Cost-AI-Arm-Kit-p-6426.html,,https://youtube.com/watch?v=pH0g0wA836s,https://www.makerprojectlab.com/hatching-a-plan-maker-update/
Hugging Face Launches the SO-101 Robot Arm,,project,robotics,Hugging Face Launches the SO-101 Robot Arm.,high,432,2025-05-08,main,https://github.com/huggingface/lerobot/tree/main,vid1: https://www.instagram.com/reel/DJBV0qZvkv1/; vid2: https://www.youtube.com/watch?v=sD34HnAkGNc; https://www.hackster.io/news/hugging-face-launches-the-so-101-an-upgraded-low-cost-3d-printable-autonomous-robot-arm-532360f441eb,https://youtube.com/watch?v=pH0g0wA836s&t=9840s,https://www.makerprojectlab.com/hatching-a-plan-maker-update/
My New Robotic Head Design is Legally Confusing,Will Cogley,project,robotics,My New Robotic Head Design is Legally Confusing.,high,432,2025-05-08,main,https://www.notion.so/nilheim-mechatronics/Robot-Head-2-0-33-1d724779b64d80568fd9cf1c7abd3e64,vid: https://www.youtube.com/watch?v=Mb-5m0vpw-4,https://youtube.com/watch?v=pH0g0wA836s&t=13620s,https://www.makerprojectlab.com/hatching-a-plan-maker-update/
I Built a Smart Desk Dustbin with a Futuristic Iris Lid!,The Wrench,project,furniture,I Built a Smart Desk Dustbin with a Futuristic Iris Lid!.,high,432,2025-05-08,main,https://www.youtube.com/watch?v=uUYTJ1oauQM,,https://youtube.com/watch?v=pH0g0wA836s&t=15840s,https://www.makerprojectlab.com/hatching-a-plan-maker-update/
Motorized Furniture Dolly,Austin Allen,project,motors; furniture,Motorized Furniture Dolly.,high,432,2025-05-08,main,https://hackaday.io/project/202974-motorized-furniture-dolly,,https://youtube.com/watch?v=pH0g0wA836s&t=17400s,https://www.makerprojectlab.com/hatching-a-plan-maker-update/
The Scotch Yoke is Not What You Think,Maker's Muse,tip,mechanical-engineering; mechanical-motion; motion-mechanisms; scotch-yoke,Deep technical analysis of the Scotch Yoke mechanical motion conversion mechanism.,high,432,2025-05-08,main,https://www.youtube.com/watch?v=wko3SWiV1DM,,https://youtube.com/watch?v=pH0g0wA836s&t=19380s,https://www.makerprojectlab.com/hatching-a-plan-maker-update/
Beginner's Guide to Surface Mount Soldering!,Robonyx,tip,soldering; learning,Beginner's Guide to Surface Mount Soldering!.,high,432,2025-05-08,main,https://www.youtube.com/watch?v=JBeSvg4B7Us,,https://youtube.com/watch?v=pH0g0wA836s&t=21000s,https://www.makerprojectlab.com/hatching-a-plan-maker-update/
AI 3D Printed Figure,Ruiz Brothers,tip,3d-printing; ai,AI 3D Printed Figure.,high,432,2025-05-08,main,https://learn.adafruit.com/ai-figure,,https://youtube.com/watch?v=pH0g0wA836s&t=22740s,https://www.makerprojectlab.com/hatching-a-plan-maker-update/
Filming Models with Motion Control,John Knoll via Tested.,project,kinetic-art,Filming Models with Motion Control.,high,431,2025-05-01,main,https://www.youtube.com/watch?v=74mnpvN4ysk,,https://youtube.com/watch?v=kQyRRSLpYg0&t=2040s,https://www.makerprojectlab.com/lets-be-the-first-maker-update/
Mini Motorways Map,Matthew Lim,project,motors,Mini Motorways Map.,high,431,2025-05-01,main,https://www.youtube.com/watch?v=nBmnCvtPQjA,,https://youtube.com/watch?v=kQyRRSLpYg0&t=10560s,https://www.makerprojectlab.com/lets-be-the-first-maker-update/
Emotional Support Tool Roll,Laura Kampf,project,kinetic-art,Emotional Support Tool Roll.,high,431,2025-05-01,main,https://www.youtube.com/watch?v=9B3Bzy0A9sg,,https://youtube.com/watch?v=kQyRRSLpYg0&t=14460s,https://www.makerprojectlab.com/lets-be-the-first-maker-update/
3d Printed Typewriter,Toast,project,3d-printing,3d Printed Typewriter.,high,431,2025-05-01,main,https://www.youtube.com/watch?v=dcsFx0hjDaU,,https://youtube.com/watch?v=kQyRRSLpYg0&t=17220s,https://www.makerprojectlab.com/lets-be-the-first-maker-update/
Tresure Hunt with BLE Beacons,Playful technology,project,iot; ble-beacon; location-tracking; wireless-gaming; navigation,Treasure hunt game using Bluetooth Low Energy beacon technology for location tracking.,high,431,2025-05-01,main,https://www.youtube.com/watch?v=qzqNIvJRMWs,,https://youtube.com/watch?v=kQyRRSLpYg0&t=18960s,https://www.makerprojectlab.com/lets-be-the-first-maker-update/
Raspi Production Monitor,Here to Record,tip,raspberry-pi; production-monitoring; dashboard; system-administration; real-time-display,Raspberry Pi-based real-time production monitoring dashboard for manufacturing systems.,high,431,2025-05-01,main,https://www.youtube.com/watch?v=qq_FPoSbhwo,,https://youtube.com/watch?v=kQyRRSLpYg0&t=22260s,https://www.makerprojectlab.com/lets-be-the-first-maker-update/
3 Types of Projects by Distracted,Design,tip,project-types; maker-philosophy; design-approach; creative-process,Analysis of different project types and their distinct design and execution methodologies.,high,431,2025-05-01,main,https://www.youtube.com/watch?v=hRQtm3y44SY,,https://youtube.com/watch?v=kQyRRSLpYg0&t=24000s,https://www.makerprojectlab.com/lets-be-the-first-maker-update/
Professional Looking Panels,Accidental Science,tip,panel-design; electronics-aesthetics; presentation; professional-finish,Techniques for designing and fabricating professional-looking control panel aesthetics.,high,431,2025-05-01,main,https://www.youtube.com/watch?v=I8wrFztZ-3M,,https://youtube.com/watch?v=kQyRRSLpYg0&t=25860s,https://www.makerprojectlab.com/lets-be-the-first-maker-update/
8 Channel Solenoid Driver,Adafruit,tip,electronics; solenoid-driver; i2c-expansion; adafruit; motion-control,8-channel I2C-controlled solenoid driver board for pneumatic and electromechanical systems.,high,431,2025-05-01,main,https://learn.adafruit.com/adafruit-i2c-to-8-channel-solenoid-driver,,https://youtube.com/watch?v=kQyRRSLpYg0&t=27780s,https://www.makerprojectlab.com/lets-be-the-first-maker-update/
Building a Real Life Flight Simulator. Pt 3,Michael Rechtin,project,lighting,Building a Real Life Flight Simulator. Pt 3.,high,430,2025-04-24,main,https://www.youtube.com/watch?v=j4LNMgQ559E,PDF Doc: https://github.com/MichaelRechtin/MotionSim/blob/main/DIY%20Motion%20Simulator%20Documentation.pdf,https://youtube.com/watch?v=lVstQIS4yFk&t=1620s,https://www.makerprojectlab.com/captains-chair-maker-update/
A Homemade Launchpad for Compressed Air-Powered Rockets,Aiden Wyandt,project,space,A Homemade Launchpad for Compressed Air-Powered Rockets.,high,430,2025-04-24,main,https://www.reddit.com/r/arduino/comments/1jt4qhk/arduino_r4_paper_rocket_launcher/,vid: https://www.youtube.com/watch?v=8TJtClWpqHs; https://blog.arduino.cc/2025/04/07/a-homemade-launchpad-for-compressed-air-powered-rockets/?_gl=1*whs10u*_up*MQ..*_ga*MTMyNDY0Nzk4Ny4xNzQ0OTc3MTQ2*_ga_NEXN8H46L5*MTc0NDk3NzE0Ni4xLjAuMTc0NDk3NzE0Ni4wLjAuMTEyNjE3OTI0MA..; https://github.com/AidenW-Git/ArduinoRocketBox,https://youtube.com/watch?v=lVstQIS4yFk&t=12060s,https://www.makerprojectlab.com/captains-chair-maker-update/
MIDI BLASTER: The Floppy Disk MIDI file Boombox,Luke The Maker,project,audio-entertainment; midi-instrument; floppy-disk-hack; vintage-tech; music-box,MIDI-controlled music player using repurposed floppy disk drives as playback instruments.,high,430,2025-04-24,main,https://www.youtube.com/watch?v=QCz7ZYpM4dQ,vid: https://www.youtube.com/watch?v=QCz7ZYpM4dQ; https://www.hackster.io/news/bringing-floppy-back-413064b723b4,https://youtube.com/watch?v=lVstQIS4yFk&t=14700s,https://www.makerprojectlab.com/captains-chair-maker-update/
Files and Documentation: https://www.patreon.com/posts/midi-blaster-v1-126826036,,project,music-projects; diy-music-hardware; maker-projects; patreon; documentation,Comprehensive documentation and design files for DIY MIDI music hardware projects.,high,430,2025-04-24,main,Direct link:  https://drive.google.com/drive/folders/1H1_U4eR95caxrl9wXc1V1b11HA30KdUW,,https://youtube.com/watch?v=lVstQIS4yFk,https://www.makerprojectlab.com/captains-chair-maker-update/
How To Reverse Engineer Anything Even If You Don't Have One!,Jeremy Fielding,tip,reverse-engineering; learning-methods; engineering-methodology,Systematic techniques for reverse-engineering devices without original physical samples.,high,430,2025-04-24,main,https://www.youtube.com/watch?v=ZXRSt3asv0w,,https://youtube.com/watch?v=lVstQIS4yFk&t=18000s,https://www.makerprojectlab.com/captains-chair-maker-update/
ABENICS - The Cross Spherical Gear,Robert Murray-Smith,tip,3d-printing; mechanical-design; gears; spherical-mechanics; geometry,Cross-spherical ABENICS gear mechanism designed for 3D printing and mechanical systems.,high,430,2025-04-24,main,https://www.thingiverse.com/thing:6993829,vid: https://www.youtube.com/watch?v=0bRoFs6n_Gg,https://youtube.com/watch?v=lVstQIS4yFk&t=20880s,https://www.makerprojectlab.com/captains-chair-maker-update/
Unusual Shop Tips Dan Gelbart,,tip,shop-tips; woodworking; professional-methods; workshop,Collection of professional shop tips from an experienced woodworking craftsperson.,high,430,2025-04-24,main,https://www.youtube.com/watch?v=OuZjjActWmQ,,https://youtube.com/watch?v=lVstQIS4yFk&t=23520s,https://www.makerprojectlab.com/captains-chair-maker-update/
Cyberpunk Cyberdeck,Civitas Universe,project,cyberpunk-aesthetics; computer-case; custom-pc; steampunk-styling; led-lighting,Futuristic cyberpunk-themed custom computer case build with dramatic lighting and aesthetics.,high,429,2025-04-17,main,https://www.youtube.com/watch?v=6JYBOGdKY6Q,,https://youtube.com/watch?v=Fmz2CILTRGg&t=1560s,https://www.makerprojectlab.com/tabletop-turing-machine-maker-update/
Air Powered Walker,Soiboisoft,project,pneumatics; robotics; walking-mechanism; air-powered; kinetic-art,Pneumatic-powered walking robotic mechanism using compressed air propulsion.,high,429,2025-04-17,main,https://www.youtube.com/watch?v=EeIvIABVTJg,,https://youtube.com/watch?v=Fmz2CILTRGg&t=10080s,https://www.makerprojectlab.com/tabletop-turing-machine-maker-update/
NYC Swewer Cap,Jimmy Diresta,project,urban-design; infrastructure; sewage-infrastructure; nyc-history,Documentary-style exploration of NYC sewer system infrastructure and historical design.,high,429,2025-04-17,main,https://www.youtube.com/watch?v=bERz1F62S9w,,https://youtube.com/watch?v=Fmz2CILTRGg&t=13980s,https://www.makerprojectlab.com/tabletop-turing-machine-maker-update/
Asteroid Tracker,the Ruiz Brothers,project,electronics; nasa-api; space-tracking; esp32-microcontroller; display-devices,Real-time asteroid tracking display using NASA Sentry API and ESP32 microcontroller.,high,429,2025-04-17,main,https://learn.adafruit.com/asteroid-tracker,,https://youtube.com/watch?v=Fmz2CILTRGg&t=15540s,https://www.makerprojectlab.com/tabletop-turing-machine-maker-update/
3d Printed Fixturing Tool,Chris Borge,project,3d-printing,3d Printed Fixturing Tool.,high,429,2025-04-17,main,https://www.youtube.com/watch?v=ALLCF9Jl94Y,,https://youtube.com/watch?v=Fmz2CILTRGg&t=17640s,https://www.makerprojectlab.com/tabletop-turing-machine-maker-update/
Boxes Without Hardware,Darbin Orvar,tip,woodworking; joinery; hardware-free-construction; assembly-techniques,Woodworking techniques for constructing boxes and furniture without metal hardware fasteners.,high,429,2025-04-17,main,https://www.youtube.com/watch?v=jkRyeqWPG7I,,https://youtube.com/watch?v=Fmz2CILTRGg&t=19080s,https://www.makerprojectlab.com/tabletop-turing-machine-maker-update/
Print Working Hinges,Slant3D,tip,3d-printing; mechanical-design; hinges; articulation; moving-parts,Techniques for designing and printing functional moving hinges in 3D-printed projects.,high,429,2025-04-17,main,https://www.youtube.com/watch?v=BWsUk1xSSn4,,https://youtube.com/watch?v=Fmz2CILTRGg&t=20340s,https://www.makerprojectlab.com/tabletop-turing-machine-maker-update/
Leather LEGO bag,Hahns Atelier,project,leather-crafting; lego; bag-design; wearables; artisan-making,Handcrafted leather LEGO storage bag combining traditional leatherwork with functional design.,high,428,2025-04-10,main,https://youtu.be/jScGxCiCW4o?si=m7WxTpE0MFysEKi7,,https://youtube.com/watch?v=_TC9LTd-YSM&t=1860s,https://www.makerprojectlab.com/something-old-something-new-maker-update/
Edge piece puzzle,Simone Giertz,project,puzzle; game-design; mechanical-challenge; humor-engineering,Creative puzzle design featuring edge pieces presented as complete puzzle challenge.,high,428,2025-04-10,main,https://www.youtube.com/watch?v=tdU3lMg5K2A,,https://youtube.com/watch?v=_TC9LTd-YSM&t=11460s,https://www.makerprojectlab.com/something-old-something-new-maker-update/
Vintage Control Panel Art,Sean Charlesworth on Tested Team,project,retro-tech,Vintage Control Panel Art.,high,428,2025-04-10,main,https://www.youtube.com/watch?v=k_8c8txc0yY,,https://youtube.com/watch?v=_TC9LTd-YSM&t=15360s,https://www.makerprojectlab.com/something-old-something-new-maker-update/
Self-Cooking Microwave,Estefannie,project,microwave-hacking; electronics-modification; cooking-automation; humor-engineering,Automated cooking system that preheats and prepares food without user intervention.,high,428,2025-04-10,main,https://www.youtube.com/watch?v=BDSZU3YZNPs,,https://youtube.com/watch?v=_TC9LTd-YSM&t=18900s,https://www.makerprojectlab.com/something-old-something-new-maker-update/
DIY Sanding box,Uncle Jessy,tip,woodworking; sanding-tools; hand-tool-design; work-station-improvement,DIY custom sanding box tool for efficient woodworking finishing operations.,high,428,2025-04-10,main,https://youtu.be/MyWBI1iXu28?si=C_EVnK1W4mGS2XW6,,https://youtube.com/watch?v=_TC9LTd-YSM&t=23160s,https://www.makerprojectlab.com/something-old-something-new-maker-update/
Guide to using strut channel,Electrician U,tip,learning,Guide to using strut channel.,high,428,2025-04-10,main,https://www.youtube.com/watch?v=DgqJo9r4OH0,,https://youtube.com/watch?v=_TC9LTd-YSM&t=26220s,https://www.makerprojectlab.com/something-old-something-new-maker-update/
The Light Herder,David Blair,project,lighting,The Light Herder.,high,427,2025-04-03,main,https://www.youtube.com/watch?v=AlEGpNYjvZc,,https://youtube.com/watch?v=0ogzbrs40Fc&t=1560s,https://www.makerprojectlab.com/positive-feedback-maker-update/
Playstacean,GingerofOz,project,3d-printing,Playstacean.,high,427,2025-04-03,main,https://www.youtube.com/watch?v=dSBNs3TeINc,,https://youtube.com/watch?v=0ogzbrs40Fc&t=9780s,https://www.makerprojectlab.com/positive-feedback-maker-update/
Vortex,Ancient,project,kinetic-sculpture; mechanical-art; motion-design; rotating-mechanism,Spinning kinetic sculpture creating mesmerizing visual motion effects through mechanics.,high,427,2025-04-03,main,https://www.youtube.com/watch?v=pcAEqbYwixU,,https://youtube.com/watch?v=0ogzbrs40Fc&t=13140s,https://www.makerprojectlab.com/positive-feedback-maker-update/
DIY Fogbuster,Project Havoc,project,foam-fog-effects; special-effects-engineering; cooling-system; evaporative-cooling,DIY fog-busting cooling system using evaporative technology for temperature control.,high,427,2025-04-03,main,https://www.youtube.com/watch?v=PIgZa6pSwAY,,https://youtube.com/watch?v=0ogzbrs40Fc&t=15420s,https://www.makerprojectlab.com/positive-feedback-maker-update/
Making Your Own Camera Cables,DSLR Video Shooter,tip,retro-tech; photography,Making Your Own Camera Cables.,high,427,2025-04-03,main,https://www.youtube.com/watch?v=eJ9xVhqYgnA,,https://youtube.com/watch?v=0ogzbrs40Fc&t=17520s,https://www.makerprojectlab.com/positive-feedback-maker-update/
3d Printing Tricks in action,Zack Freedman,tip,3d-printing,3d Printing Tricks in action.,high,427,2025-04-03,main,https://www.youtube.com/watch?v=FWBHJtdRGsM,,https://youtube.com/watch?v=0ogzbrs40Fc&t=19620s,https://www.makerprojectlab.com/positive-feedback-maker-update/
Oven Rack Push/Pull stick,Makerneer,tip,kitchen-tools; multi-function-tool; instructables; cooking-gadgets; utensil-design,"Multi-purpose kitchen tool combining oven rack handler, herb stripper, and measurement markings.",high,427,2025-04-03,main,https://www.instructables.com/Oven-Rack-PushPull-Stick-Herb-Stripper-Kitchen-Mea/,,https://youtube.com/watch?v=0ogzbrs40Fc&t=22020s,https://www.makerprojectlab.com/positive-feedback-maker-update/
Bending Neon,Xyla Foxlin,tip,neon-lighting; glass-working; lighting-art; technique-guide,Instructional guide on bending and shaping neon glass tubes for artistic light installations.,high,427,2025-04-03,main,https://www.youtube.com/watch?v=ml5kj4OXFF0,,https://youtube.com/watch?v=0ogzbrs40Fc&t=23760s,https://www.makerprojectlab.com/positive-feedback-maker-update/
I Built the new Medusa Helmet (Oakley),Zibartas,project,props; motorcycle-helmet; cosplay; luxury-brand-homage,Replica Medusa motorcycle helmet prop construction for cosplay and collectible display.,high,426,2025-03-27,main,https://www.youtube.com/watch?v=aDALOBfG3Tg,Other helmet reference: https://www.youtube.com/watch?v=AZqaHBKlm48,https://youtube.com/watch?v=jnZ-LQtQQz8&t=1620s,https://www.makerprojectlab.com/the-futures-so-bright-maker-update/
Mural Open Source Wall Plotter,Nik Ivanov,project,robotics; wall-plotter; drawing-machine; open-source; mechanical-automation,DIY wall-mounted drawing plotter using readily available parts and 3D-printed housing.,high,426,2025-03-27,main,https://getmural.me/,vid: https://www.youtube.com/watch?v=Yg7z5wKEo0o,https://youtube.com/watch?v=jnZ-LQtQQz8&t=9120s,https://www.makerprojectlab.com/the-futures-so-bright-maker-update/
I’m Making a HUGE DRAGON!,Laura Mathews Art,project,dragon-sculpture; large-scale-art; sculpture-creation; 3d-modeling,Construction of oversized sculptural dragon art installation using 3D design techniques.,high,426,2025-03-27,main,https://www.youtube.com/watch?v=sG-oq6bRXfE,,https://youtube.com/watch?v=jnZ-LQtQQz8&t=11820s,https://www.makerprojectlab.com/the-futures-so-bright-maker-update/
The Most Realistic Animatronic Eyes I've Ever Built,Will Cogley,tip,animation,The Most Realistic Animatronic Eyes I've Ever Built.,high,426,2025-03-27,main,https://willcogley.notion.site/EyeMech-3-2-1af24779b64d80b19edfdd795d4b90e5,vid: https://www.youtube.com/watch?v=bAvuMn8QTo4; https://www.hackster.io/news/you-can-use-these-incredibly-realistic-animatronic-eyeballs-in-your-projects-96b20b8253a7,https://youtube.com/watch?v=jnZ-LQtQQz8&t=14100s,https://www.makerprojectlab.com/the-futures-so-bright-maker-update/
LightBurn Pro Tips,Jen Schachter,tip,lighting,LightBurn Pro Tips.,high,426,2025-03-27,main,https://makezine.com/article/digital-fabrication/laser-cutting-digital-fabrication/best-burn-for-your-buck-lightburn-pro-tips/,vid: https://www.youtube.com/watch?v=qfaWpsfSDd4,https://youtube.com/watch?v=jnZ-LQtQQz8&t=17220s,https://www.makerprojectlab.com/the-futures-so-bright-maker-update/
3D printing approach strings together cable-driven mechanisms for you MIT CSAIL,,tip,3d-printing; retro-tech,3D printing approach strings together cable-driven mechanisms for you MIT CSAIL.,high,426,2025-03-27,main,https://www.youtube.com/watch?v=EMMsmuC-xFU,,https://youtube.com/watch?v=jnZ-LQtQQz8&t=18840s,https://www.makerprojectlab.com/the-futures-so-bright-maker-update/
The Best 3D Printed Organizers for your Workshop (feat. Elegoo Centauri Carbon) CNC Kitchen,,tip,3d-printing; cnc; educational,The Best 3D Printed Organizers for your Workshop (feat. Elegoo Centauri Carbon) CNC Kitchen.,high,426,2025-03-27,main,https://www.youtube.com/watch?v=RyDUATvnfA0,,https://youtube.com/watch?v=jnZ-LQtQQz8&t=21360s,https://www.makerprojectlab.com/the-futures-so-bright-maker-update/
A Keyboard with Ten Hundred Keys,Attoparsec,project,keyboard-design; custom-keyboard; mechanical-keyboard; input-device; typing,Ultra-wide 110-key custom mechanical keyboard with specialized layout and functionality.,high,425,2025-03-20,main,https://www.youtube.com/watch?v=wC-24QeoQu4,,https://youtube.com/watch?v=FIvBwvyZQNU&t=1860s,https://www.makerprojectlab.com/keys-to-success-maker-update/
Benchy in a Bottle,Derailed3D,project,3d-printing; scale-model; miniature-vessels; precision-printing; benchy,Miniaturized boat replica enclosed within glass bottle using advanced 3D printing precision.,high,425,2025-03-20,main,https://www.youtube.com/watch?v=CanhlsV40Qw,,https://youtube.com/watch?v=FIvBwvyZQNU&t=12420s,https://www.makerprojectlab.com/keys-to-success-maker-update/
DIY Laser Mic,Something About Science.,project,laser-cutting,DIY Laser Mic.,high,425,2025-03-20,main,https://www.youtube.com/watch?v=EiVi8AjG4OY,,https://youtube.com/watch?v=FIvBwvyZQNU&t=15240s,https://www.makerprojectlab.com/keys-to-success-maker-update/
Workbench Upgrades from Izzy Swan,,tip,workbench; woodworking,Workbench upgrade ideas from woodworking YouTuber Izzy Swan.,high,425,2025-03-20,main,https://www.youtube.com/watch?v=YXCG1EV1D40,,https://youtube.com/watch?v=FIvBwvyZQNU&t=18780s,https://www.makerprojectlab.com/keys-to-success-maker-update/
Clever Hinge,Laura Kampf,tip,mechanical-design; hinges; woodworking; joinery; functional-design,Innovative hinge design technique for seamless woodworking joints and articulated mechanisms.,high,425,2025-03-20,main,https://www.youtube.com/watch?v=7m2cpPN0cE0,,https://youtube.com/watch?v=FIvBwvyZQNU&t=21540s,https://www.makerprojectlab.com/keys-to-success-maker-update/
Making Thrift Store Finds less ugly,Rachel Maksy,tip,thrift-store-makeover; upcycling; furniture-restoration; design-improvement,Techniques for transforming and improving aesthetics of thrift store purchases through modification.,high,425,2025-03-20,main,https://www.youtube.com/watch?v=XbWm_VoZumo,,https://youtube.com/watch?v=FIvBwvyZQNU&t=24060s,https://www.makerprojectlab.com/keys-to-success-maker-update/
Disney Imagineering BTS with Cleo Abram,,tip,disney-imagineering; behind-the-scenes; entertainment-design; creative-process,Behind-the-scenes look at Disney Imagineering creative design and entertainment production methods.,high,425,2025-03-20,main,https://www.youtube.com/watch?v=enevSuDgf3U,,https://youtube.com/watch?v=FIvBwvyZQNU&t=25680s,https://www.makerprojectlab.com/keys-to-success-maker-update/
Generative Art 1€,Niklas Roy,project,generative-art; art-machines; low-cost-art; algorithmic-art; video-documentation,Low-cost generative art machines creating visual patterns through algorithmic processes and mechanics.,high,424,2025-03-13,main,vids: https://archive.org/download/oneEuroGenerativeArt,https://www.creativeapplications.net/objects/generative-art-1e-democratizing-art-consumption-and-collection/,https://youtube.com/watch?v=rvhNgB0Jfns&t=1380s,https://www.makerprojectlab.com/unlimited-edition-maker-update/
Manhattan Subway Map,Guillermo Vera,project,subway-map-art; laser-cutting; vector-design; custom-signage,NYC subway map art created using laser-cutting and vectorized design techniques.,high,424,2025-03-13,main,vid: https://www.youtube.com/shorts/pPCMj0G3QCA,,https://youtube.com/watch?v=rvhNgB0Jfns&t=18780s,https://www.makerprojectlab.com/unlimited-edition-maker-update/
"Easy Ways to Weather, Rust & Age Your Projects",Wesley Treat,tip,weathering-techniques; aging-effects; painting-methods; props; finishing,"Techniques for adding realistic weathering, rust, and aging effects to maker projects and props.",high,424,2025-03-13,main,https://www.youtube.com/watch?v=Tr0Fq4akP3I,,https://youtube.com/watch?v=rvhNgB0Jfns&t=21480s,https://www.makerprojectlab.com/unlimited-edition-maker-update/
Lighting LED Nets with WLED and xLights,Erin St Blaine,tip,led; lighting,Lighting LED Nets with WLED and xLights.,high,424,2025-03-13,main,,,https://youtube.com/watch?v=rvhNgB0Jfns&t=23280s,https://www.makerprojectlab.com/unlimited-edition-maker-update/
Infinity Contrast TV,DIY Perks,project,lcd-display-hack; infinity-mirror; diy-tech; custom-tv,DIY infinity mirror display hack creating depth-illusion TV aesthetic from LCD screen.,high,423,2025-03-06,main,https://www.youtube.com/watch?v=qXrn4MqY1Wo,,https://youtube.com/watch?v=EZrCjcU7LLI&t=1860s,https://www.makerprojectlab.com/sharper-image-maker-update/
DIY Red Light Therapy Mask,Ruth Amos,project,lighting,DIY Red Light Therapy Mask.,high,423,2025-03-06,main,https://www.instructables.com/DIY-LED-Skincare-Mask-Loungewear/,,https://youtube.com/watch?v=EZrCjcU7LLI&t=10620s,https://www.makerprojectlab.com/sharper-image-maker-update/
Space Shipper,Twin Trick,project,space,Space Shipper.,high,423,2025-03-06,main,https://www.youtube.com/watch?v=V1_wh9pBMv4,,https://youtube.com/watch?v=EZrCjcU7LLI&t=14400s,https://www.makerprojectlab.com/sharper-image-maker-update/
Tracks for your OneWheel,Michael rechtin,project,onewheel-modification; personal-transport; accessory-design; traction-improvement,Custom track system for improved traction and performance on electric OneWheel vehicles.,high,423,2025-03-06,main,https://www.youtube.com/watch?v=VicrABEfr3U,,https://youtube.com/watch?v=EZrCjcU7LLI&t=17760s,https://www.makerprojectlab.com/sharper-image-maker-update/
Printing Perfect Ergonomic Grips,Chris Borge,tip,ergonomics; 3d-printing; grip-design; user-interface; comfort-engineering,Techniques for designing and printing ergonomic hand grips optimized for comfort and control.,high,423,2025-03-06,main,https://www.youtube.com/watch?v=VU4XBYN3_xU,,https://youtube.com/watch?v=EZrCjcU7LLI&t=21180s,https://www.makerprojectlab.com/sharper-image-maker-update/
Mirror Electroplating 3d prints,Hen3drik,tip,3d-printing; metalworking,Mirror Electroplating 3d prints.,high,423,2025-03-06,main,https://www.youtube.com/watch?v=7PFHT02n5V8,,https://youtube.com/watch?v=EZrCjcU7LLI&t=23160s,https://www.makerprojectlab.com/sharper-image-maker-update/
Cheap hidden gesture sensor,Corebb,tip,gesture-recognition; sensor; hidden-sensors; human-interface; i2c-communication,Hidden gesture sensor system for touch-free interaction through solid materials.,high,423,2025-03-06,main,https://hackaday.io/project/202492-i-built-a-gesture-sensor-that-works-through-object,https://github.com/RealCorebb/bbGesture,https://youtube.com/watch?v=EZrCjcU7LLI&t=25440s,https://www.makerprojectlab.com/sharper-image-maker-update/
Sparkle Motion,Adafruit,tip,kinetic-art,Sparkle Motion.,high,423,2025-03-06,main,https://learn.adafruit.com/adafruit-sparkle-motion-mini,,https://youtube.com/watch?v=EZrCjcU7LLI&t=27840s,https://www.makerprojectlab.com/sharper-image-maker-update/
Can I Build an Animatronic from Scratch?,Kiara's Workshop,project,animation,Can I Build an Animatronic from Scratch?.,high,422,2025-02-27,main,https://www.youtube.com/watch?v=w_pKglDH2DU,,https://youtube.com/watch?v=6I9QO6mJC0U&t=1440s,https://www.makerprojectlab.com/sparking-conversation-maker-update/
Severance Macrodata Refinement Terminal,Andrew Chilicki,project,severance-fan-art; interactive-display; raspberry-pi; retro-computing; screen-design,Fanmade Severance TV series Macrodata Refinement terminal with interactive refinement gameplay.,high,422,2025-02-27,main,https://github.com/andrewchilicki/LumonMDR/,vids: https://drive.google.com/drive/folders/1QDb524dDFrCaWCw3VC7Cm8ByUq-3YWAa?usp=drive_link; https://www.hackster.io/news/a-scary-good-diy-severance-computer-8fe021d57c2d,https://youtube.com/watch?v=6I9QO6mJC0U&t=10440s,https://www.makerprojectlab.com/sparking-conversation-maker-update/
"Marblevator, Marbles Go Round or Back and Forth?",gzumwalt,project,mechanical-kinetic-art; marble-machine; physics-based-entertainment,Mechanical machine demonstrating marble movement patterns through various pathways and sequences.,high,422,2025-02-27,main,https://www.instructables.com/Marblevator-Marbles-Go-Round-or-Back-and-Forth/,vid: https://www.youtube.com/watch?v=Uv1PeOPVsBo,https://youtube.com/watch?v=6I9QO6mJC0U&t=13020s,https://www.makerprojectlab.com/sparking-conversation-maker-update/
Let's Make A Screw Shortener,Blondihacks,tip,tool-design; screw-modification; mechanical-reduction; metalworking,Mechanical tool for shortening screws and fasteners without replacement.,high,422,2025-02-27,main,https://www.youtube.com/watch?v=pLca-flylUA,,https://youtube.com/watch?v=6I9QO6mJC0U&t=15120s,https://www.makerprojectlab.com/sparking-conversation-maker-update/
3D Print and Design Multi-Texture Prints // Autodesk Fusion Tutorial Make Anything,,tip,3d-printing; furniture; learning,3D Print and Design Multi-Texture Prints // Autodesk Fusion Tutorial Make Anything.,high,422,2025-02-27,main,https://www.youtube.com/watch?v=zmZCA9jqGiI,,https://youtube.com/watch?v=6I9QO6mJC0U&t=18300s,https://www.makerprojectlab.com/sparking-conversation-maker-update/
Making Layered Dioramas with Finger Joints,Federico Tobon (Cuttle),tip,woodworking; finger-joints; laser-cutting; layered-construction; diorama,Technique for creating layered dioramas using laser-cut finger joint assembly method.,high,422,2025-02-27,main,https://www.youtube.com/watch?v=olf671rJRr0,,https://youtube.com/watch?v=6I9QO6mJC0U&t=20760s,https://www.makerprojectlab.com/sparking-conversation-maker-update/
Office Pod on the Ceiling,Morley Kert,project,3d-printing; raspberry-pi; c-plus-plus; software; interactive,Ceiling pod recreation with Raspberry Pi and 3D-printed housing,low,421,2025-02-20,main,https://www.youtube.com/watch?v=VzpY2800x5c,,https://youtube.com/watch?v=Nmnq50JaGo4&t=1680s,https://www.makerprojectlab.com/the-office-of-buckminster-fuller-maker-update/
Medieval Loft Makeover,Rachel Maksy,project,interior-design; diy; woodworking,Medieval loft renovation with Faelight Forge collaboration,low,421,2025-02-20,main,https://www.youtube.com/watch?v=aFN14SZiKBI,,https://youtube.com/watch?v=Nmnq50JaGo4&t=9240s,https://www.makerprojectlab.com/the-office-of-buckminster-fuller-maker-update/
"""Run the Titanic""",Cardboard Studio,project,cardboard; game-design; craft,Titanic-themed cardboard game or experience,low,421,2025-02-20,main,https://www.youtube.com/watch?v=uerfjUpoKZo,,https://youtube.com/watch?v=Nmnq50JaGo4&t=12780s,https://www.makerprojectlab.com/the-office-of-buckminster-fuller-maker-update/
3d Printed Knitting Machine,Sparks' Curiosity,project,3d-printing,3d Printed Knitting Machine.,high,421,2025-02-20,main,https://www.youtube.com/watch?v=eFesPhYR8KI,https://www.printables.com/model/1191632-flatbed-knitting-machine; https://github.com/ScarlettSparks/KnittingMachine,https://youtube.com/watch?v=Nmnq50JaGo4&t=15180s,https://www.makerprojectlab.com/the-office-of-buckminster-fuller-maker-update/
3d Printed Storage Bins Without Using CAD,Get Hands Dirty,tip,3d-printing; cad; furniture,3d Printed Storage Bins Without Using CAD.,high,421,2025-02-20,main,https://www.youtube.com/watch?v=cy3Lu_Q8tRE,,https://youtube.com/watch?v=Nmnq50JaGo4&t=17400s,https://www.makerprojectlab.com/the-office-of-buckminster-fuller-maker-update/
New Way to Engrave Glass,rschoenm,tip,laser-cutting; glass; engraving,Novel laser engraving technique specifically adapted for glass,high,421,2025-02-20,main,https://www.instructables.com/A-New-Way-to-Laser-Engrave-Glass/,,https://youtube.com/watch?v=Nmnq50JaGo4&t=19680s,https://www.makerprojectlab.com/the-office-of-buckminster-fuller-maker-update/
AstoCAD for FreeCAD,FreeCAD Dev Diary,tip,cad,AstoCAD for FreeCAD.,high,421,2025-02-20,main,https://www.youtube.com/watch?v=X_voRRg1juQ,,https://youtube.com/watch?v=Nmnq50JaGo4&t=21600s,https://www.makerprojectlab.com/the-office-of-buckminster-fuller-maker-update/
Staying Positive,Adam Savage,tip,tooling; productivity,Adam Savage discusses maintaining positivity in making,low,421,2025-02-20,main,https://www.youtube.com/watch?v=L_lNtdzXXPQ,,https://youtube.com/watch?v=Nmnq50JaGo4&t=23940s,https://www.makerprojectlab.com/the-office-of-buckminster-fuller-maker-update/
7 Foot Booknook (Nerdforge),,project,learning,7 Foot Booknook (Nerdforge).,high,420,2025-02-13,main,https://www.youtube.com/watch?v=qXY_kLNr3y0,,https://youtube.com/watch?v=-EFj9wDRjOk&t=1740s,https://www.makerprojectlab.com/sense-of-scale-maker-update/
Lamp made from a recycled sail (Laura Kampf),,project,led; lighting,Lamp made from a recycled sail (Laura Kampf).,high,420,2025-02-13,main,https://www.youtube.com/watch?v=d65iadw97rY,,https://youtube.com/watch?v=-EFj9wDRjOk&t=6660s,https://www.makerprojectlab.com/sense-of-scale-maker-update/
How I built an interactive CRT TV monitor wall (Almighty Zion),,project,electronics; crt; monitors,Interactive CRT monitor wall build from Almighty Zion,low,420,2025-02-13,main,https://www.youtube.com/watch?v=QkNPt9j3vs4 AND https://www.youtube.com/watch?v=RsLw9Yae2yA,,https://youtube.com/watch?v=-EFj9wDRjOk&t=10200s,https://www.makerprojectlab.com/sense-of-scale-maker-update/
Easy DIY plant wall that waters itself (Serpa Design),,project,3d-printing; gardening,Easy DIY plant wall that waters itself (Serpa Design).,high,420,2025-02-13,main,https://www.youtube.com/watch?v=J2rc1gmOYy4,,https://youtube.com/watch?v=-EFj9wDRjOk&t=14760s,https://www.makerprojectlab.com/sense-of-scale-maker-update/
Is This Probe Lens for Phones Actually Good? (Tested Team),,tip,optics; photography,Probe lens accessory review for smartphone photography,low,420,2025-02-13,main,https://www.youtube.com/watch?v=8BXS0VWOjPk,,https://youtube.com/watch?v=-EFj9wDRjOk&t=20400s,https://www.makerprojectlab.com/sense-of-scale-maker-update/
5 Things to Make Your Miter Saw Better (DIY Montreal),,tip,woodworking; power-tools; miter-saw,Five optimization tips for miter saw workflows,low,420,2025-02-13,main,https://www.youtube.com/watch?v=W-y6wKLVwpo,,https://youtube.com/watch?v=-EFj9wDRjOk&t=26040s,https://www.makerprojectlab.com/sense-of-scale-maker-update/
Tips for Plastic Recycling (Brothers Make),,tip,3d-printing,Tips for Plastic Recycling (Brothers Make).,high,420,2025-02-13,main,https://www.youtube.com/watch?v=3DYP9wEnBew,,https://youtube.com/watch?v=-EFj9wDRjOk&t=29400s,https://www.makerprojectlab.com/sense-of-scale-maker-update/
Sidewalk chalk robot,MrDadVs,project,robotics,Sidewalk chalk robot.,high,419,2025-02-06,main,https://www.youtube.com/watch?v=FDYqlQKaD1w,,https://youtube.com/watch?v=riTTVcranzc&t=1860s,https://www.makerprojectlab.com/chalk-it-up-maker-update/
3d Printedcord knitting machine,Fraens,project,3d-printing,3d Printedcord knitting machine.,high,419,2025-02-06,main,https://www.youtube.com/watch?v=cNhdQJakSGE,,https://youtube.com/watch?v=riTTVcranzc&t=8580s,https://www.makerprojectlab.com/chalk-it-up-maker-update/
Old phone that reads poetry,RootKid,project,electronics; recycling; poetry,Retro phone device that performs poetry readings,low,419,2025-02-06,main,https://www.youtube.com/watch?v=WpBV4LH22vA,,https://youtube.com/watch?v=riTTVcranzc&t=11880s,https://www.makerprojectlab.com/chalk-it-up-maker-update/
Project Pandaa,DIY Builder,project,robotics; diy,Pandaa robotics or mechanical project build,low,419,2025-02-06,main,https://www.youtube.com/watch?v=xdABENCrh98,,https://youtube.com/watch?v=riTTVcranzc&t=15000s,https://www.makerprojectlab.com/chalk-it-up-maker-update/
SD2PSX PS2 Homebrew,Macho Nacho Productions.,tip,retro-gaming; playstation; homebrew,SD2PSX system for PS2 homebrew games and emulation,low,419,2025-02-06,main,https://www.youtube.com/watch?v=mdxDRtfEXNg,,https://youtube.com/watch?v=riTTVcranzc&t=17820s,https://www.makerprojectlab.com/chalk-it-up-maker-update/
DIY Viewfinder for any camera,,tip,photography,DIY Viewfinder for any camera.,high,419,2025-02-06,main,https://www.youtube.com/watch?v=JeC2H2TTx88,,https://youtube.com/watch?v=riTTVcranzc&t=19920s,https://www.makerprojectlab.com/chalk-it-up-maker-update/
Wearables tips,Becky Stern,tip,wearables,Wearables tips.,high,419,2025-02-06,main,https://www.instructables.com/Beginner-Tips-for-DIY-Wearable-Tech/,,https://youtube.com/watch?v=riTTVcranzc&t=22800s,https://www.makerprojectlab.com/chalk-it-up-maker-update/
TMC2209 Breakout,Adafruit,tip,stepper-motors; electronics; cnc,Adafruit TMC2209 stepper motor driver breakout board,high,419,2025-02-06,main,https://learn.adafruit.com/adafruit-tmc2209-stepper-motor-driver-breakout-board,,https://youtube.com/watch?v=riTTVcranzc&t=23460s,https://www.makerprojectlab.com/chalk-it-up-maker-update/
Adam Savage Builds The Elevator Panel From Elf!,Adam Savage,project,crafting; cosplay; props,Adam Savage builds Elf movie elevator panel replica,low,418,2025-01-30,main,https://www.youtube.com/watch?v=Jc8APxaaiHw,,https://youtube.com/watch?v=sCcqgq5TJok&t=1740s,https://www.makerprojectlab.com/its-a-long-way-to-the-top-maker-update/
An Exciting Smartphone Case,KARAKURI,project,smartphone-accessories; design; crafting,Exciting Smartphone Case design by KARAKURI,low,418,2025-01-30,main,https://www.youtube.com/watch?v=fCv7rs9iOrA,,https://youtube.com/watch?v=sCcqgq5TJok&t=7500s,https://www.makerprojectlab.com/its-a-long-way-to-the-top-maker-update/
I Made a Perpetual Flip Calendar to Celebrate the New Year,marta․stl,project,crafting; perpetual; calendar,Flip calendar mechanism celebrating the new year,low,418,2025-01-30,main,https://www.youtube.com/watch?v=KcigLhLNFjw,,https://youtube.com/watch?v=sCcqgq5TJok&t=11580s,https://www.makerprojectlab.com/its-a-long-way-to-the-top-maker-update/
Analytic Portrait,Shinseungback Kimyonghun,project,ai; computer-vision; art,Portraits generated using 14 AI vision algorithms,high,418,2025-01-30,main,https://ssbkyh.com/works/analytic_portrait/,,https://youtube.com/watch?v=sCcqgq5TJok&t=14100s,https://www.makerprojectlab.com/its-a-long-way-to-the-top-maker-update/
Animating Animatronics,John Park,tip,animation,Animating Animatronics.,high,418,2025-01-30,main,https://learn.adafruit.com/animating-animatronics,,https://youtube.com/watch?v=sCcqgq5TJok&t=17160s,https://www.makerprojectlab.com/its-a-long-way-to-the-top-maker-update/
Bottango Software,,tip,software,Bottango Software.,high,418,2025-01-30,main,https://www.bottango.com/,,https://youtube.com/watch?v=sCcqgq5TJok,https://www.makerprojectlab.com/its-a-long-way-to-the-top-maker-update/
Bricklayers for Stronger 3D-Prints now Opensource!,TenTech,tip,3d-printing,Bricklayers for Stronger 3D-Prints now Opensource!.,high,418,2025-01-30,main,https://www.youtube.com/watch?v=EqRdQOoK5hc,https://hackaday.com/2025/01/23/brick-layer-post-processor-promising-stronger-3d-prints-now-available/,https://youtube.com/watch?v=sCcqgq5TJok&t=19260s,https://www.makerprojectlab.com/its-a-long-way-to-the-top-maker-update/
Building a Hidden Studio in my NYC Apartment,Matt Perillo,tip,studio-design; workspace; diy,Creating hidden recording studio in NYC apartment,low,418,2025-01-30,main,https://www.youtube.com/watch?v=_qgq-NVGMk0,,https://youtube.com/watch?v=sCcqgq5TJok&t=21180s,https://www.makerprojectlab.com/its-a-long-way-to-the-top-maker-update/
E-Ink PDA,Ashtf,project,electronics; e-ink; pda,E-ink PDA handheld device build by Ashtf,low,417,2025-01-23,main,https://www.youtube.com/watch?v=308KoLSLlCc,,https://youtube.com/watch?v=9nzUtPVK3k0&t=1740s,https://www.makerprojectlab.com/public-displays-of-amazing-maker-update/
3D printed CNC Mill,Chris Borge,project,3d-printing; cnc,3D printed CNC Mill.,high,417,2025-01-23,main,https://www.youtube.com/watch?v=L8t82OQXefM,,https://youtube.com/watch?v=9nzUtPVK3k0&t=9720s,https://www.makerprojectlab.com/public-displays-of-amazing-maker-update/
Fluid simulation pendant,Mitxela,project,electronics; fluid-simulation; pendant,Liquid-filled pendant with fluid simulation display,low,417,2025-01-23,main,https://www.youtube.com/watch?v=jis1MC5Tm8k,,https://youtube.com/watch?v=9nzUtPVK3k0&t=13920s,https://www.makerprojectlab.com/public-displays-of-amazing-maker-update/
Giant Howl's Moving Castle rug,NerdForge,project,textile; rugs; craft; howls-moving-castle,Giant rug recreation from Howl's Moving Castle,low,417,2025-01-23,main,https://www.youtube.com/watch?v=MM0Ibc9DDEY,,https://youtube.com/watch?v=9nzUtPVK3k0&t=15780s,https://www.makerprojectlab.com/public-displays-of-amazing-maker-update/
3d print to Concrete,LA02 Academy,tip,3d-printing,3d print to Concrete.,high,417,2025-01-23,main,https://www.youtube.com/watch?v=QZujiIQxbAk,,https://youtube.com/watch?v=9nzUtPVK3k0&t=17880s,https://www.makerprojectlab.com/public-displays-of-amazing-maker-update/
Custom PCBs,Stephen Hawes,tip,electronics; pcb; circuitry,Custom PCB design and fabrication tutorial,low,417,2025-01-23,main,https://www.youtube.com/watch?v=wAiGCyZZq6w,,https://youtube.com/watch?v=9nzUtPVK3k0&t=19320s,https://www.makerprojectlab.com/public-displays-of-amazing-maker-update/
Finishing Personal Projects,BPS Space,tip,project-management; makerspace; crafting,Strategies for finishing and completing personal projects,low,417,2025-01-23,main,https://www.youtube.com/watch?v=4jgTCayWlwc,,https://youtube.com/watch?v=9nzUtPVK3k0&t=20820s,https://www.makerprojectlab.com/public-displays-of-amazing-maker-update/
"A Complicated, Simple Sign jimmydiresta",,project,signage; woodworking; craft,Intricate sign design project by Jimmy DiResta,low,416,2025-01-16,main,https://www.youtube.com/watch?v=NZ8LLzXxz-0,,https://youtube.com/watch?v=rHKkvutDX-Y&t=1680s,https://www.makerprojectlab.com/full-circle-maker-update/
How I Built A LEGO Treadmill That Moves In EVERY Direction Banana Gear Studios,,project,lego; mechanical; engineering,LEGO treadmill with motion in every direction,low,416,2025-01-16,main,https://www.youtube.com/watch?v=YJfeIborE-c,https://hackaday.com/2025/01/07/gaze-upon-this-omni-directional-treadmills-clever-lego-construction/#more-752601,https://youtube.com/watch?v=rHKkvutDX-Y&t=8160s,https://www.makerprojectlab.com/full-circle-maker-update/
Icicle Crown with Pebble Pixels & WLED,Erin St Blaine,project,led,Icicle Crown with Pebble Pixels & WLED.,high,416,2025-01-16,main,https://learn.adafruit.com/icicle-crown-with-pebble-pixels-wled,,https://youtube.com/watch?v=rHKkvutDX-Y&t=11040s,https://www.makerprojectlab.com/full-circle-maker-update/
Easy way to get sharp text to 3D print!,Squalius,tip,3d-printing,Easy way to get sharp text to 3D print!.,high,416,2025-01-16,main,https://www.youtube.com/watch?v=wWhU4gyD9Bk,https://hackaday.com/2025/01/09/toner-transfer-but-not-for-pcbs/,https://youtube.com/watch?v=rHKkvutDX-Y&t=13320s,https://www.makerprojectlab.com/full-circle-maker-update/
I Discovered a Woodworking Cheat Code. Seriously! Make Something,,tip,woodworking,I Discovered a Woodworking Cheat Code. Seriously! Make Something.,high,416,2025-01-16,main,https://www.youtube.com/watch?v=vUU2jAjeqw0,,https://youtube.com/watch?v=rHKkvutDX-Y&t=15900s,https://www.makerprojectlab.com/full-circle-maker-update/
Electronically-released boarded-up abandoned cabin/mineshaft Playful Technology,,tip,3d-printing; soldering,Electronically-released boarded-up abandoned cabin/mineshaft Playful Technology.,high,416,2025-01-16,main,https://www.youtube.com/watch?v=R-UEE5giy_c,,https://youtube.com/watch?v=rHKkvutDX-Y&t=18300s,https://www.makerprojectlab.com/full-circle-maker-update/
Building an Autonomous Go Kart,Austin Blake,project,robotics,Building an Autonomous Go Kart.,high,415,2025-01-09,main,https://www.youtube.com/watch?v=ZqT3RRPpk_o,https://www.hackster.io/news/this-self-driving-go-kart-doesn-t-need-any-fancy-sensors-to-get-around-a-track-1fbe3d5e3430,https://youtube.com/watch?v=G_LZY32h-h8&t=1980s,https://www.makerprojectlab.com/autopilot-engage-maker-update/
Music Sequencer in a PS4 Controller,bekathwia,project,music,Music Sequencer in a PS4 Controller.,high,415,2025-01-09,main,https://www.digikey.com/en/maker/projects/sequencer-in-a-ps4-controller-youtube-makers-secret-santa-2024/4726828abb8848739abf9f85105aa2c1,,https://youtube.com/watch?v=G_LZY32h-h8&t=8760s,https://www.makerprojectlab.com/autopilot-engage-maker-update/
LED Magnet Tiles,Bitluni,project,led,LED Magnet Tiles.,high,415,2025-01-09,main,https://www.youtube.com/watch?v=L2J_eNgjxio,,https://youtube.com/watch?v=G_LZY32h-h8&t=12900s,https://www.makerprojectlab.com/autopilot-engage-maker-update/
Threaded Insert Extractor,CNC Kitchen,tip,3d-printing; cnc; threaded-inserts,Tool for extracting threaded inserts from 3D printed parts,low,415,2025-01-09,main,https://www.youtube.com/watch?v=abA5hrbXfBw,,https://youtube.com/watch?v=G_LZY32h-h8&t=16020s,https://www.makerprojectlab.com/autopilot-engage-maker-update/
Custom Tool Cases,Wesley Treat,tip,tool-storage; diy,Custom-built tool cases by Wesley Treat.,high,415,2025-01-09,main,https://www.youtube.com/watch?v=RwY1s-8WjNY,,https://youtube.com/watch?v=G_LZY32h-h8&t=18240s,https://www.makerprojectlab.com/autopilot-engage-maker-update/
Make any cable retractable,Barnso,tip,retro-tech; furniture,Make any cable retractable.,high,415,2025-01-09,main,https://www.youtube.com/watch?v=WcrMTCKCrpY,,https://youtube.com/watch?v=G_LZY32h-h8&t=20340s,https://www.makerprojectlab.com/autopilot-engage-maker-update/
