Title,Creator,Category,Tags,Synopsis,Confidence,Episode Number,Episode Date,Edition,Source URL,Secondary URLs,Episode Video URL,Episode Blog URL
MIDI Music Box,Tim Alex Jacobs (aka Mitxela),project,music,Musical instrument or audio project.,high,76,2018-03-28,main,https://mitxela.com/projects/musicbox,https://github.com/mitxela/musicbox,https://youtube.com/watch?v=Fmd4MCOCBI8,https://www.makerprojectlab.com/alternative-controller-maker-update-76/
KNIFE SHARPENING ANGLE COACH WITH BLUETOOTH & ARDUINO,Becky Stern,project,arduino,Maker project combining electronics and design.,high,76,2018-03-28,main,https://www.instructables.com/id/Bluetooth-Arduino-BNO055-Knife-Sharpening-Angle-Co/,,https://youtube.com/watch?v=Fmd4MCOCBI8,https://www.makerprojectlab.com/alternative-controller-maker-update-76/
Makey Makey,,project,makey-makey,Maker project combining electronics and design.,high,76,2018-03-28,main,https://www.amazon.com/exec/obidos/ASIN/B008SFLEPE/ctmakerupdate-20,,https://youtube.com/watch?v=Fmd4MCOCBI8,https://www.makerprojectlab.com/alternative-controller-maker-update-76/
Scratch Games for Makey Makey,,project,gaming; makey-makey,Interactive game or gaming project.,high,76,2018-03-28,main,https://scratch.mit.edu/search/projects?q=makey+makey,,https://youtube.com/watch?v=Fmd4MCOCBI8,https://www.makerprojectlab.com/alternative-controller-maker-update-76/
Google Offline T-Rex Game,,project,gaming,Interactive game or gaming project.,high,76,2018-03-28,main,http://apps.thecodepost.org/trex/trex.html,,https://youtube.com/watch?v=Fmd4MCOCBI8,https://www.makerprojectlab.com/alternative-controller-maker-update-76/
Disco is Dead game,,project,gaming,Interactive game or gaming project.,high,76,2018-03-28,main,http://thirdfloorgames.wixsite.com/discoisdead,,https://youtube.com/watch?v=Fmd4MCOCBI8,https://www.makerprojectlab.com/alternative-controller-maker-update-76/
MakeyMakey Project Gallery,,project,,MakeyMakey Project Gallery,low,76,2018-03-28,main,https://labz.makeymakey.com/remixes,,https://youtube.com/watch?v=Fmd4MCOCBI8,https://www.makerprojectlab.com/alternative-controller-maker-update-76/
Game Maker v2,,tip,gaming,"Tool, resource, or tip for makers.",high,76,2018-03-28,main,https://www.yoyogames.com/get,,https://youtube.com/watch?v=Fmd4MCOCBI8,https://www.makerprojectlab.com/alternative-controller-maker-update-76/
Unity Personal,,tip,game-engine,"Tool, resource, or tip for makers.",high,76,2018-03-28,main,https://store.unity.com/products/unity-personal,,https://youtube.com/watch?v=Fmd4MCOCBI8,https://www.makerprojectlab.com/alternative-controller-maker-update-76/
Issue 5 of Hackspace magazine is out,,tip,space,Magazine or publication about making.,high,76,2018-03-28,main,https://hackspace.raspberrypi.org/issues/5,,https://youtube.com/watch?v=Fmd4MCOCBI8,https://www.makerprojectlab.com/alternative-controller-maker-update-76/
Automatic Dice Roller,Ruiz Bros.,project,,Automatic Dice Roller,low,75,2018-03-21,main,https://learn.adafruit.com/automatic-dice-roller/overview,,https://youtube.com/watch?v=Ze3CSV1SIqA,https://www.makerprojectlab.com/permanent-ink-maker-update-75/
DESKTOP CT AND 3D SCANNER WITH ARDUINO,jbumstead,project,arduino; furniture; imaging,Design for 3D printing.,high,75,2018-03-21,main,https://www.instructables.com/id/Desktop-CT-and-3D-Scanner-With-Arduino/,,https://youtube.com/watch?v=Ze3CSV1SIqA,https://www.makerprojectlab.com/permanent-ink-maker-update-75/
Ben Krasnow's CT Scanner,,project,imaging,Maker project combining electronics and design.,high,75,2018-03-21,main,https://www.youtube.com/watch?v=hF3V-GHiJ78,,https://youtube.com/watch?v=Ze3CSV1SIqA,https://www.makerprojectlab.com/permanent-ink-maker-update-75/
Agisoft Photoscan,,project,,Agisoft Photoscan,low,75,2018-03-21,main,http://www.agisoft.com/,,https://youtube.com/watch?v=Ze3CSV1SIqA,https://www.makerprojectlab.com/permanent-ink-maker-update-75/
Krink K-70 Permanent Ink Marker,,project,,Krink K-70 Permanent Ink Marker,low,75,2018-03-21,main,https://www.amazon.com/exec/obidos/ASIN/B003IDFPZG/ctmakerupdate-20,,https://youtube.com/watch?v=Ze3CSV1SIqA,https://www.makerprojectlab.com/permanent-ink-maker-update-75/
LiFePO4 Powered Pi Kit,,tip,energy,Component kit or collection for makers.,high,75,2018-03-21,main,https://www.tindie.com/products/xorbit/lifepo4weredpi/,,https://youtube.com/watch?v=Ze3CSV1SIqA,https://www.makerprojectlab.com/permanent-ink-maker-update-75/
AltCTRL GDC Showcase,,tip,,AltCTRL GDC Showcase,low,75,2018-03-21,main,http://www.gdconf.com/news/games-youll-play-gdc-2018s-alt-ctrl-gdc-showcase/,,https://youtube.com/watch?v=Ze3CSV1SIqA,https://www.makerprojectlab.com/permanent-ink-maker-update-75/
2018 Midwest RepRap Festival 3/23-25,,tip,,2018 Midwest RepRap Festival 3/23-25,low,75,2018-03-21,main,https://www.eventbrite.com/e/2018-midwest-reprap-festival-registration-38591937524,,https://youtube.com/watch?v=Ze3CSV1SIqA,https://www.makerprojectlab.com/permanent-ink-maker-update-75/
HUMMINGBIRD,gzumwalt,project,,HUMMINGBIRD,low,74,2018-03-14,main,https://www.instructables.com/id/Hummingbird/,,https://youtube.com/watch?v=_uy9Tkg2cis,https://www.makerprojectlab.com/barcelona-makers-update/
Metal Parts from 3D Prints,by M. Borgatti,tip,3d-printing; metal,"Tool, resource, or tip for makers.",high,74,2018-03-14,main,https://learn.adafruit.com/metal-parts-from-3d-prints,,https://youtube.com/watch?v=_uy9Tkg2cis,https://www.makerprojectlab.com/barcelona-makers-update/
Tinkercad Circuits Content,,tip,tinkercad,"Tool, resource, or tip for makers.",high,74,2018-03-14,main,https://www.instructables.com/id/Blink-an-LED-With-Arduino-in-Tinkercad/,,https://youtube.com/watch?v=_uy9Tkg2cis,https://www.makerprojectlab.com/barcelona-makers-update/
https://www.tinkercad.com/learn/projects#/learn/overview/O6QUTPNJDUKI7RD;collectionId=OMOZACHJ9IR8LRE,,tip,,https://www.tinkercad.com/learn/projects#/learn/overview/O6Q,low,74,2018-03-14,main,https://www.tinkercad.com/learn/projects#/learn/overview/O6QUTPNJDUKI7RD;collectionId=OMOZACHJ9IR8LRE,,https://youtube.com/watch?v=_uy9Tkg2cis,https://www.makerprojectlab.com/barcelona-makers-update/
2018 Midwest RepRap Festival 3/23-25,,tip,,2018 Midwest RepRap Festival 3/23-25,low,74,2018-03-14,main,https://www.eventbrite.com/e/2018-midwest-reprap-festival-registration-38591937524,,https://youtube.com/watch?v=_uy9Tkg2cis,https://www.makerprojectlab.com/barcelona-makers-update/
SplitFlap Display,scottbez1,project,display; gaming; pla,Digital display project with electronics.,high,73,2018-02-28,main,https://blog.hackster.io/split-flap-display-nearly-3-years-in-the-making-a73ed43add2d,,https://youtube.com/watch?v=WVafSAaSPNo,https://www.makerprojectlab.com/split-flap-attack-maker-update-73/
https://imgur.com/a/0VAMZ,,project,,https://imgur.com/a/0VAMZ,low,73,2018-02-28,main,https://imgur.com/a/0VAMZ,,https://youtube.com/watch?v=WVafSAaSPNo,https://www.makerprojectlab.com/split-flap-attack-maker-update-73/
https://github.com/scottbez1/splitflap,,project,,https://github.com/scottbez1/splitflap,low,73,2018-02-28,main,https://github.com/scottbez1/splitflap,,https://youtube.com/watch?v=WVafSAaSPNo,https://www.makerprojectlab.com/split-flap-attack-maker-update-73/
28BYJ-48 5V Stepper Motors + ULN2003 Driver Board for Arduino,,project,arduino,Maker project combining electronics and design.,high,73,2018-02-28,main,http://amzn.to/2FzbchD,,https://youtube.com/watch?v=WVafSAaSPNo,https://www.makerprojectlab.com/split-flap-attack-maker-update-73/
CR80 PVC Cards,,project,vehicles,Maker project combining electronics and design.,high,73,2018-02-28,main,http://amzn.to/2CKBp9X,,https://youtube.com/watch?v=WVafSAaSPNo,https://www.makerprojectlab.com/split-flap-attack-maker-update-73/
Vinyl Letters,,project,,Vinyl Letters,low,73,2018-02-28,main,http://amzn.to/2GLMmKE,,https://youtube.com/watch?v=WVafSAaSPNo,https://www.makerprojectlab.com/split-flap-attack-maker-update-73/
Jon-A-Tron's Split-Flap display,,project,display; gaming; pla,Digital display project with electronics.,high,73,2018-02-28,main,https://www.instructables.com/id/Split-Flap-Display/,,https://youtube.com/watch?v=WVafSAaSPNo,https://www.makerprojectlab.com/split-flap-attack-maker-update-73/
I turned a Furby into an Amazon Echo,Zach Levine,project,,I turned a Furby into an Amazon Echo,low,73,2018-02-28,main,https://howchoo.com/g/otewzwmwnzb/amazon-echo-furby-using-raspberry-pi-furlexa,,https://youtube.com/watch?v=WVafSAaSPNo,https://www.makerprojectlab.com/split-flap-attack-maker-update-73/
How to Disassemble a Furby,Zach Levine,project,,How to Disassemble a Furby,low,73,2018-02-28,main,https://howchoo.com/g/njhkzme1n2u/how-to-disassemble-furby,,https://youtube.com/watch?v=WVafSAaSPNo,https://www.makerprojectlab.com/split-flap-attack-maker-update-73/
How to detect sound output in Linux and use it to call a program (or drive a motor!),Zach Levine,project,music,Musical instrument or audio project.,high,73,2018-02-28,main,https://howchoo.com/g/mmnhmti2zjz/how-to-detect-that-audio-is-currently-being-output-in-linux-and-use-it-to-call-a-program,,https://youtube.com/watch?v=WVafSAaSPNo,https://www.makerprojectlab.com/split-flap-attack-maker-update-73/
"Joe Knows Electronics 1/4W Resistor Starter Kit (16 Values, 400 Pieces)",,project,,"Joe Knows Electronics 1/4W Resistor Starter Kit (16 Values""",low,73,2018-02-28,main,https://www.amazon.com/exec/obidos/ASIN/B06Y5Y76XX/ctmakerupdate-20,,https://youtube.com/watch?v=WVafSAaSPNo,https://www.makerprojectlab.com/split-flap-attack-maker-update-73/
Joe Knows Electronics 1/4W 1% 86 Value 860 Piece Resistor Kit,,project,,Joe Knows Electronics 1/4W 1% 86 Value 860 Piece Resistor Ki,low,73,2018-02-28,main,https://www.amazon.com/exec/obidos/ASIN/B003UC4FSS/ctmakerupdate-20,,https://youtube.com/watch?v=WVafSAaSPNo,https://www.makerprojectlab.com/split-flap-attack-maker-update-73/
"Joe Knows Electronics 630V X7R 10% Capacitor Kit (13 Values, 370 Pieces)",,project,,"Joe Knows Electronics 630V X7R 10% Capacitor Kit (13 Values""",low,73,2018-02-28,main,https://www.amazon.com/exec/obidos/ASIN/B06Y5FFHN8/ctmakerupdate-20,,https://youtube.com/watch?v=WVafSAaSPNo,https://www.makerprojectlab.com/split-flap-attack-maker-update-73/
Joe Knows Electronics 33 Value 645 Piece Capacitor Kit,,project,,Joe Knows Electronics 33 Value 645 Piece Capacitor Kit,low,73,2018-02-28,main,https://www.amazon.com/exec/obidos/ASIN/B007SVHFXO/ctmakerupdate-20,,https://youtube.com/watch?v=WVafSAaSPNo,https://www.makerprojectlab.com/split-flap-attack-maker-update-73/
Joe Knows Electronics Semiconductor Kit (320 Transistors & Diodes),,project,,Joe Knows Electronics Semiconductor Kit (320 Transistors & D,low,73,2018-02-28,main,https://www.amazon.com/exec/obidos/ASIN/B00GPZQ5B2/ctmakerupdate-20,,https://youtube.com/watch?v=WVafSAaSPNo,https://www.makerprojectlab.com/split-flap-attack-maker-update-73/
Customizable Fan Grill Cover,mightynozzle,tip,,Customizable Fan Grill Cover,low,73,2018-02-28,main,https://www.thingiverse.com/thing:2802474,,https://youtube.com/watch?v=WVafSAaSPNo,https://www.makerprojectlab.com/split-flap-attack-maker-update-73/
MagPi 67,,tip,,MagPi 67,low,73,2018-02-28,main,https://www.raspberrypi.org/magpi/issues/67/,,https://youtube.com/watch?v=WVafSAaSPNo,https://www.makerprojectlab.com/split-flap-attack-maker-update-73/
Walnut Box Made with Utility Knife,MakeSomething,tip,wood,"Tool, resource, or tip for makers.",high,73,2018-02-28,main,https://www.youtube.com/watch?v=-_Lwd4l1Rpo,,https://youtube.com/watch?v=WVafSAaSPNo,https://www.makerprojectlab.com/split-flap-attack-maker-update-73/
Project Instructable,,tip,furniture,"Tool, resource, or tip for makers.",high,73,2018-02-28,main,https://www.instructables.com/id/Walnut-Box-Made-With-Utility-Knife/,,https://youtube.com/watch?v=WVafSAaSPNo,https://www.makerprojectlab.com/split-flap-attack-maker-update-73/
Live Talk With David from MakeSomething,,tip,,Live Talk With David from MakeSomething,low,73,2018-02-28,main,https://www.youtube.com/watch?v=7CEoVsbnyBs,,https://youtube.com/watch?v=WVafSAaSPNo,https://www.makerprojectlab.com/split-flap-attack-maker-update-73/
RGB Time Fountain,ISAAC CHASTEAU,project,kinetic-art; lighting,Maker project combining electronics and design.,high,72,2018-02-21,main,https://blog.arduino.cc/2018/02/19/levitate-water-drops-with-rgb-leds-and-arduino/,,https://youtube.com/watch?v=_ACPLlFtMd8,https://www.makerprojectlab.com/floating-water-maker-update-72/
https://github.com/isaac879/RGB-Time-Fountain,,project,,https://github.com/isaac879/RGB-Time-Fountain,low,72,2018-02-21,main,https://github.com/isaac879/RGB-Time-Fountain,,https://youtube.com/watch?v=_ACPLlFtMd8,https://www.makerprojectlab.com/floating-water-maker-update-72/
Skull Buttons,mikeasaurus,project,,Skull Buttons,low,72,2018-02-21,main,https://www.instructables.com/id/Skull-Buttons/,,https://youtube.com/watch?v=_ACPLlFtMd8,https://www.makerprojectlab.com/floating-water-maker-update-72/
EBL 18650 3.7V 3000mAh Li-ion Rechargeable Batteries,,project,,EBL 18650 3.7V 3000mAh Li-ion Rechargeable Batteries,low,72,2018-02-21,main,https://www.amazon.com/exec/obidos/ASIN/B00DNPT1D6/ctmakerupdate-20,,https://youtube.com/watch?v=_ACPLlFtMd8,https://www.makerprojectlab.com/floating-water-maker-update-72/
Charger,,project,,Charger,low,72,2018-02-21,main,https://www.amazon.com/exec/obidos/ASIN/B01MR2JJ1W/ctmakerupdate-20,,https://youtube.com/watch?v=_ACPLlFtMd8,https://www.makerprojectlab.com/floating-water-maker-update-72/
Holders,,project,,Holders,low,72,2018-02-21,main,https://www.amazon.com/exec/obidos/ASIN/B013DUOJV4/ctmakerupdate-20,,https://youtube.com/watch?v=_ACPLlFtMd8,https://www.makerprojectlab.com/floating-water-maker-update-72/
Hackspace Issue #4,,tip,space,Magazine or publication about making.,high,72,2018-02-21,main,https://hackspace.raspberrypi.org/issues,,https://youtube.com/watch?v=_ACPLlFtMd8,https://www.makerprojectlab.com/floating-water-maker-update-72/
Basic Servo Use With the Raspberry Pi and GpioZero,,tip,raspberry-pi,"Tool, resource, or tip for makers.",high,72,2018-02-21,main,https://www.raspberrypi-spy.co.uk/2018/02/basic-servo-use-with-the-raspberry-pi/,,https://youtube.com/watch?v=_ACPLlFtMd8,https://www.makerprojectlab.com/floating-water-maker-update-72/
Twang Joystick,Bart Dring,tip,,Twang Joystick,low,72,2018-02-21,main,https://github.com/Critters/TWANG,,https://youtube.com/watch?v=_ACPLlFtMd8,https://www.makerprojectlab.com/floating-water-maker-update-72/
Twang Kit on Tindie,,tip,,Twang Kit on Tindie,low,72,2018-02-21,main,https://www.tindie.com/products/33366583/twang-shield-kit/,,https://youtube.com/watch?v=_ACPLlFtMd8,https://www.makerprojectlab.com/floating-water-maker-update-72/
Jim's Guide to Arduino Animatronics,,tip,arduino,Tutorial or how-to guide for makers.,high,72,2018-02-21,main,https://youtu.be/8oh_uvJ9mG4,,https://youtube.com/watch?v=_ACPLlFtMd8,https://www.makerprojectlab.com/floating-water-maker-update-72/
https://youtu.be/Cm8dbQKGaRU,,tip,,https://youtu.be/Cm8dbQKGaRU,low,72,2018-02-21,main,https://youtu.be/Cm8dbQKGaRU,,https://youtube.com/watch?v=_ACPLlFtMd8,https://www.makerprojectlab.com/floating-water-maker-update-72/
Becky Talks To Me About Her Arduino Social Stats Tracker,,tip,arduino,"Tool, resource, or tip for makers.",high,72,2018-02-21,main,https://youtu.be/vscEXCqtoEk,,https://youtube.com/watch?v=_ACPLlFtMd8,https://www.makerprojectlab.com/floating-water-maker-update-72/
A Curious Contraption,Nicole Catrett,project,,A Curious Contraption,low,71,2018-02-14,main,https://wonderfulidea.co/blog/2018/2/6/a-curious-contraption,,https://youtube.com/watch?v=ITWzOp9rXD4,https://www.makerprojectlab.com/contraptions-qr-coasters-maker-update-71/
QR COASTERS,mikeasaurus,project,,QR COASTERS,low,71,2018-02-14,main,https://www.instructables.com/id/QR-Coasters/,,https://youtube.com/watch?v=ITWzOp9rXD4,https://www.makerprojectlab.com/contraptions-qr-coasters-maker-update-71/
"Retractable Corrugated Cardboard Cutter ""Slide Dan Chan"" Green (DC-25)",,project,cardboard; furniture; vehicles,Project cut with laser cutter.,high,71,2018-02-14,main,https://www.amazon.com/exec/obidos/ASIN/B004C5IVUA/ctmakerupdate-20,,https://youtube.com/watch?v=ITWzOp9rXD4,https://www.makerprojectlab.com/contraptions-qr-coasters-maker-update-71/
Non-Stick Replacement Blades (2-pack),,project,pla,Maker project combining electronics and design.,high,71,2018-02-14,main,https://www.amazon.com/exec/obidos/ASIN/B00GJKE66E/ctmakerupdate-20,,https://youtube.com/watch?v=ITWzOp9rXD4,https://www.makerprojectlab.com/contraptions-qr-coasters-maker-update-71/
"Original Corrugated Cardboard Cutter ""Dan Chan"" [Fluorine Coating]",,project,cardboard; vehicles,Project cut with laser cutter.,high,71,2018-02-14,main,https://www.amazon.com/exec/obidos/ASIN/B008RIS0UY/ctmakerupdate-20,,https://youtube.com/watch?v=ITWzOp9rXD4,https://www.makerprojectlab.com/contraptions-qr-coasters-maker-update-71/
Gear Generator,,tip,,Gear Generator,low,71,2018-02-14,main,http://geargenerator.com/,,https://youtube.com/watch?v=ITWzOp9rXD4,https://www.makerprojectlab.com/contraptions-qr-coasters-maker-update-71/
EMSL Valentines,,tip,retro-tech,"Tool, resource, or tip for makers.",high,71,2018-02-14,main,https://www.evilmadscientist.com/2018/valentines6/,,https://youtube.com/watch?v=ITWzOp9rXD4,https://www.makerprojectlab.com/contraptions-qr-coasters-maker-update-71/
How to 3D Print on Fabric for Cosplay,Uncle Jessy,tip,3d-printing; cosplay; fabric; gaming; pla,"Tool, resource, or tip for makers.",high,71,2018-02-14,main,https://makezine.com/2018/02/12/3d-print-fabric/,,https://youtube.com/watch?v=ITWzOp9rXD4,https://www.makerprojectlab.com/contraptions-qr-coasters-maker-update-71/
https://youtu.be/CjH5KGw3Psw,,tip,,https://youtu.be/CjH5KGw3Psw,low,71,2018-02-14,main,https://youtu.be/CjH5KGw3Psw,,https://youtube.com/watch?v=ITWzOp9rXD4,https://www.makerprojectlab.com/contraptions-qr-coasters-maker-update-71/
My Talk with Jon-A-Tron,,tip,,My Talk with Jon-A-Tron,low,71,2018-02-14,main,https://youtu.be/aJupFzOTpKs,,https://youtube.com/watch?v=ITWzOp9rXD4,https://www.makerprojectlab.com/contraptions-qr-coasters-maker-update-71/
Mini Boat,Josh Tulberg,project,,Mini Boat,low,70,2018-02-07,main,https://www.instructables.com/id/Mini-Boat/,,https://youtube.com/watch?v=uxYNvsErmYA,https://www.makerprojectlab.com/laser-cut-mini-boat-maker-update-70/
http://rapidwhale.com/mini-boat.php,,project,,http://rapidwhale.com/mini-boat.php,low,70,2018-02-07,main,http://rapidwhale.com/mini-boat.php,,https://youtube.com/watch?v=uxYNvsErmYA,https://www.makerprojectlab.com/laser-cut-mini-boat-maker-update-70/
"Inspired by 8-Foot ""Little Miss Sally""",Paul Elkins,project,,"Inspired by 8-Foot """"Little Miss Sally""""""""",low,70,2018-02-07,main,https://smallboatsmonthly.com/article/little-miss-sally/,,https://youtube.com/watch?v=uxYNvsErmYA,https://www.makerprojectlab.com/laser-cut-mini-boat-maker-update-70/
M&M Sorter,Karl Lautman,project,,M&M Sorter,low,70,2018-02-07,main,https://hackaday.io/project/34279-el-jefe-de-mms,,https://youtube.com/watch?v=uxYNvsErmYA,https://www.makerprojectlab.com/laser-cut-mini-boat-maker-update-70/
https://hackaday.com/2018/02/01/sculptural-grade-mm-sorter/,,project,,https://hackaday.com/2018/02/01/sculptural-grade-mm-sorter/,low,70,2018-02-07,main,https://hackaday.com/2018/02/01/sculptural-grade-mm-sorter/,,https://youtube.com/watch?v=uxYNvsErmYA,https://www.makerprojectlab.com/laser-cut-mini-boat-maker-update-70/
Makita B-35097 Impact Gold Ultra-Magnetic Torsion Insert Bit Holder,,project,,Makita B-35097 Impact Gold Ultra-Magnetic Torsion Insert Bit,low,70,2018-02-07,main,https://www.amazon.com/exec/obidos/ASIN/B00ECMC1F4/ctmakerupdate-20,,https://youtube.com/watch?v=uxYNvsErmYA,https://www.makerprojectlab.com/laser-cut-mini-boat-maker-update-70/
DEWALT DWARA100 Right Angle Attachment,,project,,DEWALT DWARA100 Right Angle Attachment,low,70,2018-02-07,main,https://www.amazon.com/exec/obidos/ASIN/B00C0VSNKQ/ctmakerupdate-20,,https://youtube.com/watch?v=uxYNvsErmYA,https://www.makerprojectlab.com/laser-cut-mini-boat-maker-update-70/
Tinkercad 3.9 (1/30/18 release) New content in Circuits editor,,tip,tinkercad,"Tool, resource, or tip for makers.",high,70,2018-02-07,main,https://www.tinkercad.com/#/?type=circuits&collection=designs,,https://youtube.com/watch?v=uxYNvsErmYA,https://www.makerprojectlab.com/laser-cut-mini-boat-maker-update-70/
https://twitter.com/scientiffic/status/959204623599812608?refsrc=email&s=11&ref_src=twcamp%5Eshare%7Ctwsrc%5Eios%7Ctwgr%5Eemail,,tip,,https://twitter.com/scientiffic/status/959204623599812608?re,low,70,2018-02-07,main,https://twitter.com/scientiffic/status/959204623599812608?refsrc=email&s=11&ref_src=twcamp%5Eshare%7Ctwsrc%5Eios%7Ctwgr%5Eemail,,https://youtube.com/watch?v=uxYNvsErmYA,https://www.makerprojectlab.com/laser-cut-mini-boat-maker-update-70/
"T-Pin Probes, Shop Fans, Clamping with Glue, and Using Digital Calipers",Gareth Branwyn,tip,lighting,"Tool, resource, or tip for makers.",high,70,2018-02-07,main,https://makezine.com/2018/02/02/tips-of-the-week-21/,,https://youtube.com/watch?v=uxYNvsErmYA,https://www.makerprojectlab.com/laser-cut-mini-boat-maker-update-70/
4 Carpentry Tips Every Beginner Should Know,See Jane Drill,tip,vehicles; woodworking,"Tool, resource, or tip for makers.",high,70,2018-02-07,main,https://www.youtube.com/watch?v=IMZI5-P8TWQ,,https://youtube.com/watch?v=uxYNvsErmYA,https://www.makerprojectlab.com/laser-cut-mini-boat-maker-update-70/
Raspberry Jam Big Birthday Weekend,,tip,,Raspberry Jam Big Birthday Weekend,low,70,2018-02-07,main,https://www.raspberrypi.org/jam/big-birthday-weekend/,,https://youtube.com/watch?v=uxYNvsErmYA,https://www.makerprojectlab.com/laser-cut-mini-boat-maker-update-70/
March 3-4,,tip,,"Tool, resource, or tip for makers.",low,70,2018-02-07,main,,,https://youtube.com/watch?v=uxYNvsErmYA,https://www.makerprojectlab.com/laser-cut-mini-boat-maker-update-70/
Make: magazine Senior Editor Caleb Kraft guest picks,,project,cardboard,Maker project combining electronics and design.,high,69,2018-01-31,main,Caleb's YouTube Channel: https://www.youtube.com/channel/UC7hyWNWuPj0_Da4rM3-hW4A,,https://youtube.com/watch?v=5vVHJ6viD08,https://www.makerprojectlab.com/kerbal-space-program-controller-maker-update-69/
KerbalController a Custom Control Panel,Hugo Peeters,project,,KerbalController a Custom Control Panel,low,69,2018-01-31,main,https://makezine.com/2018/01/25/kerbal-custom-console/,,https://youtube.com/watch?v=5vVHJ6viD08,https://www.makerprojectlab.com/kerbal-space-program-controller-maker-update-69/
Light Organ LED Dress v2,Mirromaru,project,ai; lighting,Digital display project with electronics.,high,69,2018-01-31,main,http://mirromaru.tumblr.com/post/146663592250/the-led-dress-in-action-3-hardware-is-an-adafruit,,https://youtube.com/watch?v=5vVHJ6viD08,https://www.makerprojectlab.com/kerbal-space-program-controller-maker-update-69/
http://mirromaru.tumblr.com/post/169348381496/just-as-a-quick-write-down-of-my-color-organ-dress,,project,,http://mirromaru.tumblr.com/post/169348381496/just-as-a-quic,low,69,2018-01-31,main,http://mirromaru.tumblr.com/post/169348381496/just-as-a-quick-write-down-of-my-color-organ-dress,,https://youtube.com/watch?v=5vVHJ6viD08,https://www.makerprojectlab.com/kerbal-space-program-controller-maker-update-69/
Laundry Detergent Cup Drain,davwilso,project,,Laundry Detergent Cup Drain,low,69,2018-01-31,main,https://www.thingiverse.com/thing:2748680,,https://youtube.com/watch?v=5vVHJ6viD08,https://www.makerprojectlab.com/kerbal-space-program-controller-maker-update-69/
"5"" Sanding Mouse for Orbital Sanding Discs",,project,space,Maker project combining electronics and design.,high,69,2018-01-31,main,https://www.amazon.com/exec/obidos/ASIN/B00HJBSHG2/ctmakerupdate-20,,https://youtube.com/watch?v=5vVHJ6viD08,https://www.makerprojectlab.com/kerbal-space-program-controller-maker-update-69/
As recommended,Nick Offerman,project,,As recommended,low,69,2018-01-31,main,https://www.youtube.com/watch?v=Gh6H7Md_L2k,,https://youtube.com/watch?v=5vVHJ6viD08,https://www.makerprojectlab.com/kerbal-space-program-controller-maker-update-69/
"Lego Mold Boxes, Know Your Screws, and Yet More Glue Tips and Tricks",Gareth Branwyn,tip,casting,"Tool, resource, or tip for makers.",high,69,2018-01-31,main,https://makezine.com/2018/01/26/tips-of-the-week-lego-mold-boxes-know-your-screws-and-yet-more-glue-tricks/,,https://youtube.com/watch?v=5vVHJ6viD08,https://www.makerprojectlab.com/kerbal-space-program-controller-maker-update-69/
Adafruit Feather 328P,,tip,,Adafruit Feather 328P,low,69,2018-01-31,main,https://learn.adafruit.com/adafruit-feather-328p-atmega328-atmega328p,,https://youtube.com/watch?v=5vVHJ6viD08,https://www.makerprojectlab.com/kerbal-space-program-controller-maker-update-69/
MagPi Issue #66 Now Available,,tip,,MagPi Issue #66 Now Available,low,69,2018-01-31,main,https://www.raspberrypi.org/magpi/issues/66/,,https://youtube.com/watch?v=5vVHJ6viD08,https://www.makerprojectlab.com/kerbal-space-program-controller-maker-update-69/
HackSpace Issue #3 Now Available,,tip,space,Magazine or publication about making.,high,69,2018-01-31,main,https://hackspace.raspberrypi.org/issues,,https://youtube.com/watch?v=5vVHJ6viD08,https://www.makerprojectlab.com/kerbal-space-program-controller-maker-update-69/
How to lift a banana: a guide to motors in robotics,Simon BDY,tip,robotics,Tutorial or how-to guide for makers.,high,69,2018-01-31,main,https://medium.com/pollenrobotics/how-to-lift-a-banana-a-guide-to-robotic-motors-62c1746153f0,,https://youtube.com/watch?v=5vVHJ6viD08,https://www.makerprojectlab.com/kerbal-space-program-controller-maker-update-69/
MFBA Call for Makers,,tip,,MFBA Call for Makers,low,69,2018-01-31,main,https://makerfaire.com/bay-area/call-for-makers/,,https://youtube.com/watch?v=5vVHJ6viD08,https://www.makerprojectlab.com/kerbal-space-program-controller-maker-update-69/
Thermal Camera with Display,Ruiz Bros.,project,display; gaming; imaging; pla,Digital display project with electronics.,high,68,2018-01-24,main,https://learn.adafruit.com/thermal-camera-with-display,,https://youtube.com/watch?v=E2GSqR3HOL0,https://www.makerprojectlab.com/nintendos-cardboard-kits-maker-update-68/
TuneFast Harp,makefast,project,,TuneFast Harp,low,68,2018-01-24,main,https://www.thingiverse.com/thing:2709667,,https://youtube.com/watch?v=E2GSqR3HOL0,https://www.makerprojectlab.com/nintendos-cardboard-kits-maker-update-68/
Neiko 03044A Mini Ratcheting Screwdriver and Bit Set,,project,,Neiko 03044A Mini Ratcheting Screwdriver and Bit Set,low,68,2018-01-24,main,https://www.amazon.com/exec/obidos/ASIN/B000XYOUS6/ctmakerupdate-20,,https://youtube.com/watch?v=E2GSqR3HOL0,https://www.makerprojectlab.com/nintendos-cardboard-kits-maker-update-68/
Scratch 3.0 Preview,,tip,,Scratch 3.0 Preview,low,68,2018-01-24,main,https://preview.scratch.mit.edu/,,https://youtube.com/watch?v=E2GSqR3HOL0,https://www.makerprojectlab.com/nintendos-cardboard-kits-maker-update-68/
Scratch 3.0 Wiki,,tip,,Scratch 3.0 Wiki,low,68,2018-01-24,main,https://wiki.scratch.mit.edu/wiki/Scratch_3.0,,https://youtube.com/watch?v=E2GSqR3HOL0,https://www.makerprojectlab.com/nintendos-cardboard-kits-maker-update-68/
Technique: Digital Fabrication by Hand,JON-A-TRON,tip,fabric; pets,"Tool, resource, or tip for makers.",high,68,2018-01-24,main,https://www.instructables.com/id/Digital-Fabrication-By-Hand/,,https://youtube.com/watch?v=E2GSqR3HOL0,https://www.makerprojectlab.com/nintendos-cardboard-kits-maker-update-68/
Flip-Top CNC Table,JON-A-TRON,tip,cnc; furniture,"Tool, resource, or tip for makers.",high,68,2018-01-24,main,https://www.instructables.com/id/Flip-Top-CNC-Table/,,https://youtube.com/watch?v=E2GSqR3HOL0,https://www.makerprojectlab.com/nintendos-cardboard-kits-maker-update-68/
Animated LED Sand,Ruiz Bros.,project,lighting,Digital display project with electronics.,high,67,2018-01-17,main,https://learn.adafruit.com/animated-led-sand,,https://youtube.com/watch?v=2aac-yIVIGo,https://www.makerprojectlab.com/led-pixel-physics-maker-update-67/
HowToons Code,,project,,Maker project combining electronics and design.,low,67,2018-01-17,main,,,https://youtube.com/watch?v=2aac-yIVIGo,https://www.makerprojectlab.com/led-pixel-physics-maker-update-67/
https://howtoons.com/,,project,,https://howtoons.com/,low,67,2018-01-17,main,https://howtoons.com/,,https://youtube.com/watch?v=2aac-yIVIGo,https://www.makerprojectlab.com/led-pixel-physics-maker-update-67/
Use code: MAKER30 for 30% off entire purchase of any items (excluding subscriptions).,,project,,Maker project combining electronics and design.,low,67,2018-01-17,main,,,https://youtube.com/watch?v=2aac-yIVIGo,https://www.makerprojectlab.com/led-pixel-physics-maker-update-67/
Kalimba Kit,,project,,Kalimba Kit,low,67,2018-01-17,main,https://howtoons.com/collections/single-kits/products/kalimba-kit,,https://youtube.com/watch?v=2aac-yIVIGo,https://www.makerprojectlab.com/led-pixel-physics-maker-update-67/
HowToons book illustrated,Nick Dragotta,project,,HowToons book illustrated,low,67,2018-01-17,main,https://howtoons.com/collections/comic-books/products/howtoons-tools-of-mass-construction,,https://youtube.com/watch?v=2aac-yIVIGo,https://www.makerprojectlab.com/led-pixel-physics-maker-update-67/
Bicycle Chariot: Santa Sleigh Edition,CamilleMakes,project,home-automation,Maker project combining electronics and design.,high,67,2018-01-17,main,https://www.instructables.com/id/Bicycle-Chariot-Santa-Sleigh-Edition/,,https://youtube.com/watch?v=2aac-yIVIGo,https://www.makerprojectlab.com/led-pixel-physics-maker-update-67/
DEWALT DWARA100 Right Angle Attachment,,project,,DEWALT DWARA100 Right Angle Attachment,low,67,2018-01-17,main,https://www.amazon.com/exec/obidos/ASIN/B00C0VSNKQ/ctmakerupdate-20,,https://youtube.com/watch?v=2aac-yIVIGo,https://www.makerprojectlab.com/led-pixel-physics-maker-update-67/
Make v. 61,,tip,,Make v. 61,low,67,2018-01-17,main,https://makezine.com/2018/01/11/announcing-make-vol-61/,,https://youtube.com/watch?v=2aac-yIVIGo,https://www.makerprojectlab.com/led-pixel-physics-maker-update-67/
Build Your Own BMO,,tip,,Build Your Own BMO,low,67,2018-01-17,main,https://www.raspberrypi.org/blog/adventure-time-bmo/,,https://youtube.com/watch?v=2aac-yIVIGo,https://www.makerprojectlab.com/led-pixel-physics-maker-update-67/
http://byobmo.com/,,tip,,http://byobmo.com/,low,67,2018-01-17,main,http://byobmo.com/,,https://youtube.com/watch?v=2aac-yIVIGo,https://www.makerprojectlab.com/led-pixel-physics-maker-update-67/
LED Eclipse With Touch Sensors and MIDI,Jon Bumstead,project,lighting; music,Digital display project with electronics.,high,66,2018-01-10,main,https://www.instructables.com/id/LED-Eclipse-With-Touch-Sensors-and-MIDI/,,https://youtube.com/watch?v=QfOzfp-XiXY,https://www.makerprojectlab.com/asus-tinker-board-s/
Servo Recorder,,tip,,Servo Recorder,low,66,2018-01-10,main,https://www.servocity.com/4-servo-recorder,,https://youtube.com/watch?v=QfOzfp-XiXY,https://www.makerprojectlab.com/asus-tinker-board-s/
Raspberry Pi Selfie Bot,Sophy Wong,project,raspberry-pi; robotics,Robotic project with autonomous or remote control.,high,64,2017-12-13,main,https://learn.adafruit.com/raspberry-pi-selfie-bot/,,https://youtube.com/watch?v=0UPaeN2Klf8,https://www.makerprojectlab.com/selfie-bot-maker-update-64/
Apple Charging Dock,JON-A-TRON,project,,Apple Charging Dock,low,64,2017-12-13,main,https://www.instructables.com/id/Apple-Charging-Dock/,,https://youtube.com/watch?v=0UPaeN2Klf8,https://www.makerprojectlab.com/selfie-bot-maker-update-64/
Klutch Angle Grinder Holder,,project,,Klutch Angle Grinder Holder,low,64,2017-12-13,main,https://www.amazon.com/exec/obidos/ASIN/B003BUSL7A/ctmakerupdate-20,https://www.amazon.com/exec/obidos/ASIN/ASINNUMBERHERE/ctmakerupdate-20,https://youtube.com/watch?v=0UPaeN2Klf8,https://www.makerprojectlab.com/selfie-bot-maker-update-64/
Leather Welding Gloves,,project,leather; welding,Maker project combining electronics and design.,high,64,2017-12-13,main,https://www.amazon.com/exec/obidos/ASIN/B000J2JT7O/ctmakerupdate-20,,https://youtube.com/watch?v=0UPaeN2Klf8,https://www.makerprojectlab.com/selfie-bot-maker-update-64/
Safety Works Adjustable Headgear with Faceshield,,project,furniture,Maker project combining electronics and design.,high,64,2017-12-13,main,https://www.amazon.com/exec/obidos/ASIN/B0042TO6F0/ctmakerupdate-20,,https://youtube.com/watch?v=0UPaeN2Klf8,https://www.makerprojectlab.com/selfie-bot-maker-update-64/
Professional Ear Defenders,,project,,Professional Ear Defenders,low,64,2017-12-13,main,https://www.amazon.com/exec/obidos/ASIN/B01AFOJ3HG/ctmakerupdate-20,,https://youtube.com/watch?v=0UPaeN2Klf8,https://www.makerprojectlab.com/selfie-bot-maker-update-64/
Digital Angle Ruler,,project,,Digital Angle Ruler,low,64,2017-12-13,main,https://www.amazon.com/exec/obidos/ASIN/B00W395R5E/ctmakerupdate-20,,https://youtube.com/watch?v=0UPaeN2Klf8,https://www.makerprojectlab.com/selfie-bot-maker-update-64/
Adafruit NeoPixel LED Side Light Strip - Black 60 LED,,tip,lighting,"Tool, resource, or tip for makers.",high,64,2017-12-13,main,https://www.adafruit.com/product/3636,,https://youtube.com/watch?v=0UPaeN2Klf8,https://www.makerprojectlab.com/selfie-bot-maker-update-64/
"Adafruit NeoPixel LED Dots Strand - 20 LEDs at 2"" Pitch",,tip,lighting,"Tool, resource, or tip for makers.",high,64,2017-12-13,main,https://www.adafruit.com/product/3630,,https://youtube.com/watch?v=0UPaeN2Klf8,https://www.makerprojectlab.com/selfie-bot-maker-update-64/
Coin Cell Battery Pack Howto,Jeremy Cook,tip,energy,Component kit or collection for makers.,high,64,2017-12-13,main,https://www.youtube.com/watch?v=lWQiQ8VF7uo,,https://youtube.com/watch?v=0UPaeN2Klf8,https://www.makerprojectlab.com/selfie-bot-maker-update-64/
Bluetooth Speaker W/ Music-Reactive LED Matrix,Modustrial Maker,project,lighting; music,Digital display project with electronics.,high,63,2017-12-06,main,https://www.instructables.com/id/Bluetooth-Speaker-W-Music-Reactive-LED-Matrix/,,https://youtube.com/watch?v=3Ez2NCj4XuY,https://www.makerprojectlab.com/techshop-2-0-maker-update-63/
CircuitPython Painter,Ruiz Bros.,project,painting,Maker project combining electronics and design.,high,63,2017-12-06,main,https://learn.adafruit.com/circuitpython-painter,,https://youtube.com/watch?v=3Ez2NCj4XuY,https://www.makerprojectlab.com/techshop-2-0-maker-update-63/
Bucket Boss Parachute Bag,,project,,Bucket Boss Parachute Bag,low,63,2017-12-06,main,https://www.amazon.com/exec/obidos/ASIN/B00GK4U2A8/ctmakerupdate-20,,https://youtube.com/watch?v=3Ez2NCj4XuY,https://www.makerprojectlab.com/techshop-2-0-maker-update-63/
Essential Craftsman video on Screws,,project,,Essential Craftsman video on Screws,low,63,2017-12-06,main,https://youtu.be/N3jG5xtSQAo?t=7m,,https://youtube.com/watch?v=3Ez2NCj4XuY,https://www.makerprojectlab.com/techshop-2-0-maker-update-63/
3D Printed Eye Mechanisms,Caleb Kraft,tip,3d-printing,"Tool, resource, or tip for makers.",high,63,2017-12-06,main,http://thegrue.com/6-animatronic-eye-mechanisms-you-can-download-and-3d-print/,,https://youtube.com/watch?v=3Ez2NCj4XuY,https://www.makerprojectlab.com/techshop-2-0-maker-update-63/
MagPi 64 is out,,tip,,MagPi 64 is out,low,63,2017-12-06,main,https://www.raspberrypi.org/magpi/issues/64/,,https://youtube.com/watch?v=3Ez2NCj4XuY,https://www.makerprojectlab.com/techshop-2-0-maker-update-63/
The 3 Most Used Glues in Cosplay,Wayne's Workshop,tip,cosplay; gaming; pla,"Tool, resource, or tip for makers.",high,63,2017-12-06,main,https://youtu.be/zCFre_XLjNY,,https://youtube.com/watch?v=3Ez2NCj4XuY,https://www.makerprojectlab.com/techshop-2-0-maker-update-63/
Lady Buggy,gzumwalt,project,,Lady Buggy,low,62,2017-11-29,main,https://www.instructables.com/id/Lady-Buggy/,,https://youtube.com/watch?v=cQzQl97ntpU,https://www.makerprojectlab.com/angles-maker-update-62/
Mystery Box: NeoMatrix Mk I,John Park,project,,Mystery Box: NeoMatrix Mk I,low,62,2017-11-29,main,https://learn.adafruit.com/mystery-box-neomatrix-mk-i/overview,,https://youtube.com/watch?v=cQzQl97ntpU,https://www.makerprojectlab.com/angles-maker-update-62/
Firefly Jar Portable Bluetooth Speakers,KirbyMeetsAudio,project,furniture; music,Maker project combining electronics and design.,high,62,2017-11-29,main,https://www.instructables.com/id/Firefly-Jar-Portable-Bluetooth-Speakers/,,https://youtube.com/watch?v=cQzQl97ntpU,https://www.makerprojectlab.com/angles-maker-update-62/
"Magical Starry Night Light W/ Wood, Foamboard & Fairy Lights",darbinorvar,project,lighting; wood,Woodworking project.,high,62,2017-11-29,main,https://www.instructables.com/id/Magical-Starry-Night-Light-W-Wood-Foamboard-Fairy-/,,https://youtube.com/watch?v=cQzQl97ntpU,https://www.makerprojectlab.com/angles-maker-update-62/
Digital Angle Ruler,,project,,Digital Angle Ruler,low,62,2017-11-29,main,https://www.amazon.com/exec/obidos/ASIN/B00W395R5E/ctmakerupdate-20,https://www.amazon.com/exec/obidos/ASIN/ASINNUMBERHERE/ctmakerupdate-20,https://youtube.com/watch?v=cQzQl97ntpU,https://www.makerprojectlab.com/angles-maker-update-62/
3D Printer Filament Dry Box,bekathwia,tip,3d-printing; pla,"Tool, resource, or tip for makers.",high,62,2017-11-29,main,https://www.instructables.com/id/3D-Printer-Filament-Dry-Box/,,https://youtube.com/watch?v=cQzQl97ntpU,https://www.makerprojectlab.com/angles-maker-update-62/
Pi Projects Book 3 (Free PDF),,tip,,Pi Projects Book 3 (Free PDF),low,62,2017-11-29,main,https://www.raspberrypi.org/magpi/issues/projects-3/,,https://youtube.com/watch?v=cQzQl97ntpU,https://www.makerprojectlab.com/angles-maker-update-62/
"Los Angeles, California",,tip,,"Tool, resource, or tip for makers.",low,62,2017-11-29,main,,,https://youtube.com/watch?v=cQzQl97ntpU,https://www.makerprojectlab.com/angles-maker-update-62/
Davy Sumner performs at DTLA,,tip,,"Tool, resource, or tip for makers.",low,62,2017-11-29,main,,,https://youtube.com/watch?v=cQzQl97ntpU,https://www.makerprojectlab.com/angles-maker-update-62/
Solar Soil Moisture Meter With ESP8266,bekathwia,project,energy; esp32,Maker project combining electronics and design.,high,61,2017-11-22,main,https://www.instructables.com/id/Solar-Soil-Moisture-Meter-With-ESP8266/,,https://youtube.com/watch?v=ixFuppvvRRs,https://www.makerprojectlab.com/project-power-maker-update-61/
DIY Action Cam Macro Lens,JON-A-TRON,project,imaging,Maker project combining electronics and design.,high,61,2017-11-22,main,https://www.instructables.com/id/DIY-Action-Cam-Macro-Lens/,,https://youtube.com/watch?v=ixFuppvvRRs,https://www.makerprojectlab.com/project-power-maker-update-61/
DLI Iot Relay,,project,home-automation,Maker project combining electronics and design.,high,61,2017-11-22,main,https://www.amazon.com/exec/obidos/ASIN/B00WV7GMA2/ctmakerupdate-20,,https://youtube.com/watch?v=ixFuppvvRRs,https://www.makerprojectlab.com/project-power-maker-update-61/
DLI Iot Relay on Adafruit,,project,home-automation,Maker project combining electronics and design.,high,61,2017-11-22,main,https://www.adafruit.com/product/2935,,https://youtube.com/watch?v=ixFuppvvRRs,https://www.makerprojectlab.com/project-power-maker-update-61/
Make: Desktop Fabrication Guide is out,,tip,fabric; furniture; pets,Tutorial or how-to guide for makers.,high,61,2017-11-22,main,,,https://youtube.com/watch?v=ixFuppvvRRs,https://www.makerprojectlab.com/project-power-maker-update-61/
VISUAL 3D PRINT FINISHING GUIDE by: Tom Nardi,,tip,3d-printing,Tutorial or how-to guide for makers.,high,61,2017-11-22,main,https://hackaday.com/2017/11/15/visual-3d-print-finishing-guide/,,https://youtube.com/watch?v=ixFuppvvRRs,https://www.makerprojectlab.com/project-power-maker-update-61/
How to Use Pepakura for Armor Making,Wayne's Workshop,tip,cosplay,"Tool, resource, or tip for makers.",high,61,2017-11-22,main,https://blog.adafruit.com/2017/11/17/how-to-use-pepakura-for-armor-making/,,https://youtube.com/watch?v=ixFuppvvRRs,https://www.makerprojectlab.com/project-power-maker-update-61/
USB-A Male Plug to 5-pin Terminal Block,,tip,,USB-A Male Plug to 5-pin Terminal Block,low,61,2017-11-22,main,https://www.adafruit.com/product/3628,,https://youtube.com/watch?v=ixFuppvvRRs,https://www.makerprojectlab.com/project-power-maker-update-61/
Look for Black Friday sales from Pololu and Adafruit,,tip,,Look for Black Friday sales from Pololu and Adafruit,low,61,2017-11-22,main,https://www.pololu.com/blackfriday2017,,https://youtube.com/watch?v=ixFuppvvRRs,https://www.makerprojectlab.com/project-power-maker-update-61/
https://www.sparkfun.com/BFCMSale2017,,tip,,https://www.sparkfun.com/BFCMSale2017,low,61,2017-11-22,main,https://www.sparkfun.com/BFCMSale2017,,https://youtube.com/watch?v=ixFuppvvRRs,https://www.makerprojectlab.com/project-power-maker-update-61/
Boomy Pi Airplay Boombox,Ruiz Brothers,project,gaming; pla,Maker project combining electronics and design.,high,60,2017-11-15,main,https://learn.adafruit.com/boomy-pi-airplay,,https://youtube.com/watch?v=rcWF2PONwoM,https://www.makerprojectlab.com/car-lock-pinball-maker-update-60/
DIY Pinball,Chris Mitchell,project,,DIY Pinball,low,60,2017-11-15,main,https://hackaday.io/project/27816-diy-pinball-the-cheap-way,,https://youtube.com/watch?v=rcWF2PONwoM,https://www.makerprojectlab.com/car-lock-pinball-maker-update-60/
(Tip: Car door actuators),,project,vehicles,Maker project combining electronics and design.,high,60,2017-11-15,main,https://www.amazon.com/exec/obidos/ASIN/B01L0HWYTQ/ctmakerupdate-20,,https://youtube.com/watch?v=rcWF2PONwoM,https://www.makerprojectlab.com/car-lock-pinball-maker-update-60/
Digital Servo Tester Controller with Voltage Display,,project,display; gaming; pla,Digital display project with electronics.,high,60,2017-11-15,main,https://www.amazon.com/gp/product/B07485M6PH/ctmakerupdate-20,,https://youtube.com/watch?v=rcWF2PONwoM,https://www.makerprojectlab.com/car-lock-pinball-maker-update-60/
3D Printed Animatronic Puppet,JON-A-TRON,project,3d-printing; pets,Design for 3D printing.,high,60,2017-11-15,main,https://www.instructables.com/id/3D-Printed-Animatronic-Puppet/,,https://youtube.com/watch?v=rcWF2PONwoM,https://www.makerprojectlab.com/car-lock-pinball-maker-update-60/
Storing Filament,Paige Russell,tip,pla,"Tool, resource, or tip for makers.",high,60,2017-11-15,main,https://www.instructables.com/id/How-to-Store-3D-Printing-Filament/,,https://youtube.com/watch?v=rcWF2PONwoM,https://www.makerprojectlab.com/car-lock-pinball-maker-update-60/
Why Moisture Wrecks Filament,MatterHackers,tip,pla,"Tool, resource, or tip for makers.",high,60,2017-11-15,main,https://www.matterhackers.com/news/filament-and-water,,https://youtube.com/watch?v=rcWF2PONwoM,https://www.makerprojectlab.com/car-lock-pinball-maker-update-60/
Easy Exploded 3D Drawings,JON-A-TRON,tip,,Easy Exploded 3D Drawings,low,60,2017-11-15,main,https://www.instructables.com/id/Easy-Exploded-3D-Drawings/,,https://youtube.com/watch?v=rcWF2PONwoM,https://www.makerprojectlab.com/car-lock-pinball-maker-update-60/
Native MP3 decoding on Arduino,Dean Miller,tip,arduino,"Tool, resource, or tip for makers.",high,60,2017-11-15,main,https://learn.adafruit.com/native-mp3-decoding-on-arduino,,https://youtube.com/watch?v=rcWF2PONwoM,https://www.makerprojectlab.com/car-lock-pinball-maker-update-60/
Workbench Saddlebag,,tip,,Workbench Saddlebag,low,60,2017-11-15,main,https://blog.lostartpress.com/2017/08/28/a-saddlebag-for-my-workbench/,,https://youtube.com/watch?v=rcWF2PONwoM,https://www.makerprojectlab.com/car-lock-pinball-maker-update-60/
Bengaluru,,tip,,"Tool, resource, or tip for makers.",low,60,2017-11-15,main,,,https://youtube.com/watch?v=rcWF2PONwoM,https://www.makerprojectlab.com/car-lock-pinball-maker-update-60/
Santo Domingo,,tip,,"Tool, resource, or tip for makers.",low,60,2017-11-15,main,,,https://youtube.com/watch?v=rcWF2PONwoM,https://www.makerprojectlab.com/car-lock-pinball-maker-update-60/
"Rochester, New York",,tip,,"Tool, resource, or tip for makers.",low,60,2017-11-15,main,,,https://youtube.com/watch?v=rcWF2PONwoM,https://www.makerprojectlab.com/car-lock-pinball-maker-update-60/
"Poughkeepsie, New York",,tip,,"Tool, resource, or tip for makers.",low,60,2017-11-15,main,,,https://youtube.com/watch?v=rcWF2PONwoM,https://www.makerprojectlab.com/car-lock-pinball-maker-update-60/
Kiel,,tip,,"Tool, resource, or tip for makers.",low,60,2017-11-15,main,,,https://youtube.com/watch?v=rcWF2PONwoM,https://www.makerprojectlab.com/car-lock-pinball-maker-update-60/
Holographic Visualizer with Motion Control,Hacker House,project,kinetic-art,Maker project combining electronics and design.,high,59,2017-11-08,main,https://www.hackster.io/hackerhouse/holographic-audio-visualizer-with-motion-control-e72fee,,https://youtube.com/watch?v=eJw975c_WGM,https://www.makerprojectlab.com/hologram-chill-maker-update-59/
Chilled Drinkibot,John Park,project,lighting; robotics,Digital display project with electronics.,high,59,2017-11-08,main,https://learn.adafruit.com/chilled-drinkibot/overview,,https://youtube.com/watch?v=eJw975c_WGM,https://www.makerprojectlab.com/hologram-chill-maker-update-59/
Solar USB Charger,Becky Stern,project,energy,Maker project combining electronics and design.,high,59,2017-11-08,main,https://www.instructables.com/id/Solar-USB-Charger-3/,,https://youtube.com/watch?v=eJw975c_WGM,https://www.makerprojectlab.com/hologram-chill-maker-update-59/
Aven Adjustable Circuit Board Holder,,project,furniture,Maker project combining electronics and design.,high,59,2017-11-08,main,https://www.amazon.com/exec/obidos/ASIN/B00Q2TTQEE/ctmakerupdate-20,,https://youtube.com/watch?v=eJw975c_WGM,https://www.makerprojectlab.com/hologram-chill-maker-update-59/
How to Solder Mask,Ruiz Bros.,tip,cosplay; soldering,"Tool, resource, or tip for makers.",high,59,2017-11-08,main,https://learn.adafruit.com/how-to-solder-mask-pcbs/overview,,https://youtube.com/watch?v=eJw975c_WGM,https://www.makerprojectlab.com/hologram-chill-maker-update-59/
Jay Carlson reviews 21 $1 microcontroller options,,tip,vehicles,"Tool, resource, or tip for makers.",high,59,2017-11-08,main,https://jaycarlson.net/microcontrollers/,,https://youtube.com/watch?v=eJw975c_WGM,https://www.makerprojectlab.com/hologram-chill-maker-update-59/
7 Resin Casting Tips,Eric Strebel,tip,casting; epoxy,"Tool, resource, or tip for makers.",high,59,2017-11-08,main,https://youtu.be/c2HBuM85EA4,,https://youtube.com/watch?v=eJw975c_WGM,https://www.makerprojectlab.com/hologram-chill-maker-update-59/
Foamcore Model Making,Eric Strebel,tip,,Foamcore Model Making,low,59,2017-11-08,main,https://www.youtube.com/watch?v=rkqZ29PjZ-k,,https://youtube.com/watch?v=eJw975c_WGM,https://www.makerprojectlab.com/hologram-chill-maker-update-59/
Shrink plastic,Barb Noren,tip,pla,"Tool, resource, or tip for makers.",high,59,2017-11-08,main,https://youtu.be/hBxpaQt46IA,,https://youtube.com/watch?v=eJw975c_WGM,https://www.makerprojectlab.com/hologram-chill-maker-update-59/
"Meme Video Alarm Clock ""Wake Up Wake Up""",Fuzzy-Wobble,project,,"Meme Video Alarm Clock """"Wake Up Wake Up""""""""",low,58,2017-11-01,main,https://www.instructables.com/id/Best-Or-Worst-Meme-Video-Alarm-Clock-Wake-Up-Wake-/,,https://youtube.com/watch?v=N0zTETpJoww,https://www.makerprojectlab.com/wake-maker-update-58/
Solar Balloon,bekathwia,project,energy; space,Maker project combining electronics and design.,high,58,2017-11-01,main,https://www.instructables.com/id/Solar-Balloon-1/,,https://youtube.com/watch?v=N0zTETpJoww,https://www.makerprojectlab.com/wake-maker-update-58/
Imperial Rocker,NeverNotMaking,project,,Imperial Rocker,low,58,2017-11-01,main,https://imgur.com/gallery/acr8e,,https://youtube.com/watch?v=N0zTETpJoww,https://www.makerprojectlab.com/wake-maker-update-58/
Surebonder PRO2-100 100-Watt High Temperature Industrial Glue Gun,,project,,Surebonder PRO2-100 100-Watt High Temperature Industrial Glu,low,58,2017-11-01,main,https://www.amazon.com/exec/obidos/ASIN/B006IY359K/ctmakerupdate-20,,https://youtube.com/watch?v=N0zTETpJoww,https://www.makerprojectlab.com/wake-maker-update-58/
Bend PVC with Sand,Darbin Orvar,tip,,Bend PVC with Sand,low,58,2017-11-01,main,https://www.youtube.com/watch?v=AYTFDkX7s24,,https://youtube.com/watch?v=N0zTETpJoww,https://www.makerprojectlab.com/wake-maker-update-58/
MagPi Issue 63 is out,,tip,,MagPi Issue 63 is out,low,58,2017-11-01,main,https://www.raspberrypi.org/magpi/issues/63/,,https://youtube.com/watch?v=N0zTETpJoww,https://www.makerprojectlab.com/wake-maker-update-58/
GraviTrack Solar Marble Machine Kit,Solarbotics,tip,energy,Component kit or collection for makers.,high,58,2017-11-01,main,https://solarbotics.com/product/60415/,,https://youtube.com/watch?v=N0zTETpJoww,https://www.makerprojectlab.com/wake-maker-update-58/
AxiDraw V3 XLX,EMSL,tip,,AxiDraw V3 XLX,low,58,2017-11-01,main,https://shop.evilmadscientist.com/productsmenu/tinykitlist/883-axidrawv3xlx,,https://youtube.com/watch?v=N0zTETpJoww,https://www.makerprojectlab.com/wake-maker-update-58/
Remove a Wheelchair Motor Brake,randofo,tip,furniture,"Tool, resource, or tip for makers.",high,58,2017-11-01,main,https://www.instructables.com/id/Remove-a-Wheelchair-Motor-Brake/,,https://youtube.com/watch?v=N0zTETpJoww,https://www.makerprojectlab.com/wake-maker-update-58/
Belo Horizonte,,tip,,"Tool, resource, or tip for makers.",low,58,2017-11-01,main,,,https://youtube.com/watch?v=N0zTETpJoww,https://www.makerprojectlab.com/wake-maker-update-58/
Taipei,,tip,,"Tool, resource, or tip for makers.",low,58,2017-11-01,main,,,https://youtube.com/watch?v=N0zTETpJoww,https://www.makerprojectlab.com/wake-maker-update-58/
"Cleveland, Ohio",,tip,,"Tool, resource, or tip for makers.",low,58,2017-11-01,main,,,https://youtube.com/watch?v=N0zTETpJoww,https://www.makerprojectlab.com/wake-maker-update-58/
Kharkiv,,tip,,"Tool, resource, or tip for makers.",low,58,2017-11-01,main,,,https://youtube.com/watch?v=N0zTETpJoww,https://www.makerprojectlab.com/wake-maker-update-58/
"Parkland County, AB",,tip,,"Tool, resource, or tip for makers.",low,58,2017-11-01,main,,,https://youtube.com/watch?v=N0zTETpJoww,https://www.makerprojectlab.com/wake-maker-update-58/
Madrid,,tip,,"Tool, resource, or tip for makers.",low,58,2017-11-01,main,,,https://youtube.com/watch?v=N0zTETpJoww,https://www.makerprojectlab.com/wake-maker-update-58/
Adelaide,,tip,,"Tool, resource, or tip for makers.",low,58,2017-11-01,main,,,https://youtube.com/watch?v=N0zTETpJoww,https://www.makerprojectlab.com/wake-maker-update-58/
Homemade Modern Sand Casting,,tip,casting,"Tool, resource, or tip for makers.",high,57,2017-10-25,main,https://youtu.be/NxUgzDvd1ms,,https://youtube.com/watch?v=HCp0yxgHBKg,https://www.makerprojectlab.com/sealed-lead-acid-maker-update-57/
Tape Measuring Tool,mikeasaurus,tip,,Tape Measuring Tool,low,57,2017-10-25,main,https://www.instructables.com/id/Tape-Measuring-Tool/,,https://youtube.com/watch?v=HCp0yxgHBKg,https://www.makerprojectlab.com/sealed-lead-acid-maker-update-57/
Reusing Old Meters,The Post Apocalyptic Inventor,tip,,Reusing Old Meters,low,57,2017-10-25,main,https://youtu.be/M1a5F4-nQho,,https://youtube.com/watch?v=HCp0yxgHBKg,https://www.makerprojectlab.com/sealed-lead-acid-maker-update-57/
Soldering Clean Wire Splices,bekathwia,tip,soldering,"Tool, resource, or tip for makers.",high,57,2017-10-25,main,https://www.instructables.com/id/Soldering-Clean-Wire-Splices/,,https://youtube.com/watch?v=HCp0yxgHBKg,https://www.makerprojectlab.com/sealed-lead-acid-maker-update-57/
MP4 Museum,,tip,,MP4 Museum,low,57,2017-10-25,main,http://mp4museum.org/,,https://youtube.com/watch?v=HCp0yxgHBKg,https://www.makerprojectlab.com/sealed-lead-acid-maker-update-57/
ExpertPower 12V 7 Amp EXP1270 Rechargeable Lead Acid Battery,,tip,energy,"Tool, resource, or tip for makers.",high,57,2017-10-25,main,https://www.amazon.com/exec/obidos/ASIN/B003S1RQ2S/ctmakerupdate-20,,https://youtube.com/watch?v=HCp0yxgHBKg,https://www.makerprojectlab.com/sealed-lead-acid-maker-update-57/
Extreme Max Battery Buddy,,tip,energy,"Tool, resource, or tip for makers.",high,57,2017-10-25,main,https://www.amazon.com/exec/obidos/ASIN/B00K72C1T4/ctmakerupdate-20,,https://youtube.com/watch?v=HCp0yxgHBKg,https://www.makerprojectlab.com/sealed-lead-acid-maker-update-57/
Blade Runner Binoculars,JON-A-TRON,project,,Blade Runner Binoculars,low,56,2017-10-18,main,https://www.instructables.com/id/Blade-Runner-Binoculars/,,https://youtube.com/watch?v=yJ_vitZswwo,https://www.makerprojectlab.com/deckards-binoculars-maker-update-56/
3D Printed Zipper Pulls,Paige Russell,project,3d-printing,Design for 3D printing.,high,56,2017-10-18,main,https://www.instructables.com/id/3D-Printed-Zipper-Pulls/,,https://youtube.com/watch?v=yJ_vitZswwo,https://www.makerprojectlab.com/deckards-binoculars-maker-update-56/
JOY Controller,Ruiz Brothers,project,,JOY Controller,low,56,2017-10-18,main,https://learn.adafruit.com/joy-controller-feather,,https://youtube.com/watch?v=yJ_vitZswwo,https://www.makerprojectlab.com/deckards-binoculars-maker-update-56/
CANARY Corrugated Cardboard Cutter,,project,cardboard; vehicles,Project cut with laser cutter.,high,56,2017-10-18,main,https://www.amazon.com/exec/obidos/ASIN/B008RIS0UY/ctmakerupdate-20,,https://youtube.com/watch?v=yJ_vitZswwo,https://www.makerprojectlab.com/deckards-binoculars-maker-update-56/
http://kk.org/cooltools/corrugated-cardboard-cutter/,,project,,http://kk.org/cooltools/corrugated-cardboard-cutter/,low,56,2017-10-18,main,http://kk.org/cooltools/corrugated-cardboard-cutter/,,https://youtube.com/watch?v=yJ_vitZswwo,https://www.makerprojectlab.com/deckards-binoculars-maker-update-56/
https://youtu.be/fFwXT2XgQKs,,tip,,https://youtu.be/fFwXT2XgQKs,low,56,2017-10-18,main,https://youtu.be/fFwXT2XgQKs,,https://youtube.com/watch?v=yJ_vitZswwo,https://www.makerprojectlab.com/deckards-binoculars-maker-update-56/
Beam CNC campaign (via Vlad Grey),,tip,cnc,"Tool, resource, or tip for makers.",high,56,2017-10-18,main,https://www.indiegogo.com/projects/beamcnc-affordable-construction-system-cnc#/,,https://youtube.com/watch?v=yJ_vitZswwo,https://www.makerprojectlab.com/deckards-binoculars-maker-update-56/
3D Printed Cases for Circuit Playground,,tip,3d-printing; gaming; pla,"Tool, resource, or tip for makers.",high,56,2017-10-18,main,https://learn.adafruit.com/case-for-circuit-playground,,https://youtube.com/watch?v=yJ_vitZswwo,https://www.makerprojectlab.com/deckards-binoculars-maker-update-56/
Drunky Dumbo,robotgeek_official,project,,Drunky Dumbo,low,55,2017-10-11,main,https://www.instructables.com/id/Drunky-Dumbo/,,https://youtube.com/watch?v=w3_0ms6roH0,https://www.makerprojectlab.com/dumbo-shotbot-maker-update-55%ef%bb%bf/
3D Printed Linear Motion,JON-A-TRON,project,3d-printing; kinetic-art,Design for 3D printing.,high,55,2017-10-11,main,https://www.instructables.com/id/3D-Printed-Linear-Motion/,,https://youtube.com/watch?v=w3_0ms6roH0,https://www.makerprojectlab.com/dumbo-shotbot-maker-update-55%ef%bb%bf/
Too $hort Cat,,project,pets,Maker project combining electronics and design.,high,55,2017-10-11,main,https://www.instructables.com/id/Too-hort-Cat/,,https://youtube.com/watch?v=w3_0ms6roH0,https://www.makerprojectlab.com/dumbo-shotbot-maker-update-55%ef%bb%bf/
Long Nose 4-inch Vise Grip Pliers,,project,,Long Nose 4-inch Vise Grip Pliers,low,55,2017-10-11,main,https://www.amazon.com/exec/obidos/ASIN/B0000BYD9A/ctmakerupdate-20,,https://youtube.com/watch?v=w3_0ms6roH0,https://www.makerprojectlab.com/dumbo-shotbot-maker-update-55%ef%bb%bf/
Jamie Windham's review,,project,energy,Maker project combining electronics and design.,high,55,2017-10-11,main,http://kk.org/cooltools/long-nose-vise-grips/,,https://youtube.com/watch?v=w3_0ms6roH0,https://www.makerprojectlab.com/dumbo-shotbot-maker-update-55%ef%bb%bf/
Cool Maker-Made Helping Hands,Jotham McMillan,tip,,Cool Maker-Made Helping Hands,low,55,2017-10-11,main,http://www.raptorloc.com/,,https://youtube.com/watch?v=w3_0ms6roH0,https://www.makerprojectlab.com/dumbo-shotbot-maker-update-55%ef%bb%bf/
3 Beginner Arduino Mistakes,bekathwia,tip,arduino,"Tool, resource, or tip for makers.",high,55,2017-10-11,main,https://www.instructables.com/id/3-Beginner-Arduino-Mistakes/,,https://youtube.com/watch?v=w3_0ms6roH0,https://www.makerprojectlab.com/dumbo-shotbot-maker-update-55%ef%bb%bf/
Updated Gemma Guides for Circuit Python,,tip,,Updated Gemma Guides for Circuit Python,low,55,2017-10-11,main,https://blog.adafruit.com/2017/10/09/more-gemma-circuitpython-guides/,,https://youtube.com/watch?v=w3_0ms6roH0,https://www.makerprojectlab.com/dumbo-shotbot-maker-update-55%ef%bb%bf/
Retro Raspberry Pi Tumblr GIF Camera,bekathwia,project,imaging; raspberry-pi; retro-tech,Maker project combining electronics and design.,high,54,2017-10-04,main,https://www.instructables.com/id/Retro-Raspberry-Pi-Tumblr-GIF-Camera/,,https://youtube.com/watch?v=3uT9ZToX6Cs,https://www.makerprojectlab.com/sky-sketching-maker-update-54/
IFTTT Tumblr settings,,project,,IFTTT Tumblr settings,low,54,2017-10-04,main,https://ifttt.com/tumblr,,https://youtube.com/watch?v=3uT9ZToX6Cs,https://www.makerprojectlab.com/sky-sketching-maker-update-54/
Spiral Art Fidget Spinner,JON-A-TRON,project,,Spiral Art Fidget Spinner,low,54,2017-10-04,main,https://www.instructables.com/id/Spiral-Art-Fidget-Spinner/,,https://youtube.com/watch?v=3uT9ZToX6Cs,https://www.makerprojectlab.com/sky-sketching-maker-update-54/
Sky Sketcher,mikeasaurus,project,etching,Maker project combining electronics and design.,high,54,2017-10-04,main,https://www.instructables.com/id/Sky-Sketcher/,,https://youtube.com/watch?v=3uT9ZToX6Cs,https://www.makerprojectlab.com/sky-sketching-maker-update-54/
Sanding Flap Discs 80 Grit,,project,finishing; grinding; metal; hand-tools,Sanding flap discs for finishing metal and wood surfaces.,high,54,2017-10-04,main,https://www.amazon.com/exec/obidos/ASIN/B000WGHZYG/ctmakerupdate-20,,https://youtube.com/watch?v=3uT9ZToX6Cs,https://www.makerprojectlab.com/sky-sketching-maker-update-54/
http://kk.org/cooltools/flap-wheels-and-flap-disks/,,project,metal; hand-tools; woodworking; finishing; grinding,Flap wheels and disks for metal finishing and smoothing welds on various projects.,high,54,2017-10-04,main,http://kk.org/cooltools/flap-wheels-and-flap-disks/,,https://youtube.com/watch?v=3uT9ZToX6Cs,https://www.makerprojectlab.com/sky-sketching-maker-update-54/
Read-Only Raspberry Pi,Phillip Burgess,tip,raspberry-pi,"Tool, resource, or tip for makers.",high,54,2017-10-04,main,https://learn.adafruit.com/read-only-raspberry-pi/,,https://youtube.com/watch?v=3uT9ZToX6Cs,https://www.makerprojectlab.com/sky-sketching-maker-update-54/
Drill Press Drum Sander,Mikeasaurus,tip,music,"Tool, resource, or tip for makers.",high,54,2017-10-04,main,https://www.instructables.com/id/Drill-Press-Drum-Sander/,,https://youtube.com/watch?v=3uT9ZToX6Cs,https://www.makerprojectlab.com/sky-sketching-maker-update-54/
Black hot glue for sealing out light,Ben Krasnow via Gareth Branwyn,tip,lighting,"Tool, resource, or tip for makers.",high,54,2017-10-04,main,https://makezine.com/2017/09/29/tips-of-the-week-12/,,https://youtube.com/watch?v=3uT9ZToX6Cs,https://www.makerprojectlab.com/sky-sketching-maker-update-54/
Applied Science Tips Video,,tip,photography,Tip on photography: Applied Science Tips Video,high,54,2017-10-04,main,https://youtu.be/xbo8xi1zgVo?t=4m13s,,https://youtube.com/watch?v=3uT9ZToX6Cs,https://www.makerprojectlab.com/sky-sketching-maker-update-54/
Black Hot Melt Glue on Amazon,,tip,adhesive,Tip on adhesives: Black Hot Melt Glue on Amazon,high,54,2017-10-04,main,http://amzn.to/2fLDw7W,,https://youtube.com/watch?v=3uT9ZToX6Cs,https://www.makerprojectlab.com/sky-sketching-maker-update-54/
EMSL Sale and Shopwarming,,tip,retail,Tip on retail: EMSL Sale and Shopwarming,high,54,2017-10-04,main,https://www.evilmadscientist.com/2017/shopwarming-open-house-and-sale/,,https://youtube.com/watch?v=3uT9ZToX6Cs,https://www.makerprojectlab.com/sky-sketching-maker-update-54/
MagPi #62 is out,,tip,raspberry-pi,Tip on raspberry-pi: MagPi #62 is out,high,54,2017-10-04,main,https://www.raspberrypi.org/magpi/issues/62/,,https://youtube.com/watch?v=3uT9ZToX6Cs,https://www.makerprojectlab.com/sky-sketching-maker-update-54/
Illuminated Waterways of the United States Map,AlexT9,project,lighting,Maker project combining electronics and design.,high,53,2017-09-27,main,https://www.instructables.com/id/Illuminated-Waterways-of-the-United-States-Map/,,https://youtube.com/watch?v=qQUS8UzZrKk,https://www.makerprojectlab.com/laser-cut-water-map-maker-update-53/
Wirecutter Soldering Iron Guide,,tip,soldering,Tutorial or how-to guide for makers.,high,53,2017-09-27,main,http://thewirecutter.com/reviews/best-soldering-irons/,,https://youtube.com/watch?v=qQUS8UzZrKk,https://www.makerprojectlab.com/laser-cut-water-map-maker-update-53/
Open Source AT Library (via Adafruit blog),,tip,software; assistive-tech; open-source,Open-source library for assistive technology applications.,high,53,2017-09-27,main,http://www.makersmakingchange.com/open-source-repository/,,https://youtube.com/watch?v=qQUS8UzZrKk,https://www.makerprojectlab.com/laser-cut-water-map-maker-update-53/
Wireless Foundations,Akiba,tip,electronics; wireless; radio; communication,Educational content on wireless fundamentals and RF technology.,low,53,2017-09-27,main,https://freaklabs.org/wireless-foundations-part-1-what-are-these-wave-thingies-anyhow/,,https://youtube.com/watch?v=qQUS8UzZrKk,https://www.makerprojectlab.com/laser-cut-water-map-maker-update-53/
5 Super-Useful 3D Printable Tools,Gareth Branwyn and Black Beard,tip,3d-printing; furniture,Software tool for design or creation.,high,53,2017-09-27,main,https://makezine.com/2017/09/25/5-super-useful-3d-printable-tools/,,https://youtube.com/watch?v=qQUS8UzZrKk,https://www.makerprojectlab.com/laser-cut-water-map-maker-update-53/
You've Got My Eyes,,tip,,"Tool, resource, or tip for makers.",low,53,2017-09-27,main,,,https://youtube.com/watch?v=qQUS8UzZrKk,https://www.makerprojectlab.com/laser-cut-water-map-maker-update-53/
http://youvegotmyeyes.party/,,tip,art; interactive; web,Interactive web-based art project.,low,53,2017-09-27,main,http://youvegotmyeyes.party/,,https://youtube.com/watch?v=qQUS8UzZrKk,https://www.makerprojectlab.com/laser-cut-water-map-maker-update-53/
Large-Scale Star Wars AT-AT Walker Build,kylegilbert,project,cosplay; instructables,"cosplay, instructables project: Large-Scale Star Wars AT-AT Walker Build",high,52,2017-09-20,main,https://www.instructables.com/id/Large-Scale-Star-Wars-AT-AT-Walker-Build/,,https://youtube.com/watch?v=xHqkcpvpQG8,https://www.makerprojectlab.com/goliath-router-robot-maker-update-52/
Design Template based on Wooden AT-AT Walker,seamster,project,pla; wood,Woodworking project.,high,52,2017-09-20,main,https://www.instructables.com/id/Wooden-AT-AT-Walker/,,https://youtube.com/watch?v=xHqkcpvpQG8,https://www.makerprojectlab.com/goliath-router-robot-maker-update-52/
Easy Embossed Moleskine,mikeasaurus,project,instructables; wood,"instructables, wood project: Easy Embossed Moleskine",high,52,2017-09-20,main,https://www.instructables.com/id/Easy-Embossed-Moleskine/,,https://youtube.com/watch?v=xHqkcpvpQG8,https://www.makerprojectlab.com/goliath-router-robot-maker-update-52/
Generic Arduino/Pi-Compatible Addressable LED Strip (ws2812b),,project,arduino; lighting,Digital display project with electronics.,high,52,2017-09-20,main,https://www.amazon.com/gp/product/B00ZHB9M6A/ctmakerupdate-20,,https://youtube.com/watch?v=xHqkcpvpQG8,https://www.makerprojectlab.com/goliath-router-robot-maker-update-52/
Level Shifting 3.3V microcontrollers and NeoPixels,John Park,tip,adafruit; lighting; raspberry-pi,"Tip on adafruit, lighting: Level Shifting 3.3V microcontrollers and NeoPixels",high,52,2017-09-20,main,https://learn.adafruit.com/neopixel-levelshifter/shifting-levels,,https://youtube.com/watch?v=xHqkcpvpQG8,https://www.makerprojectlab.com/goliath-router-robot-maker-update-52/
A NOOB’S GUIDE TO MCMASTER-CARR by: Joshua Vasquez,,tip,vehicles,Tutorial or how-to guide for makers.,high,52,2017-09-20,main,https://hackaday.com/2017/09/13/noobs-guide-to-mcmaster-carr/,,https://youtube.com/watch?v=xHqkcpvpQG8,https://www.makerprojectlab.com/goliath-router-robot-maker-update-52/
AYAB v0.90 is here!,Lenore Edman,tip,knitting; textile; automation; vintage-tech; open-source,AYAB software modernizes vintage Brother knitting machines for multi-yarn automation.,high,52,2017-09-20,main,http://www.evilmadscientist.com/2017/ayab-v0-90-is-here/,,https://youtube.com/watch?v=xHqkcpvpQG8,https://www.makerprojectlab.com/goliath-router-robot-maker-update-52/
http://ayab-knitting.com/,,tip,,Resource: http://ayab-knitting.com/...,low,52,2017-09-20,main,http://ayab-knitting.com/,,https://youtube.com/watch?v=xHqkcpvpQG8,https://www.makerprojectlab.com/goliath-router-robot-maker-update-52/
You've Got My Eyes,,tip,,"Tool, resource, or tip for makers.",low,52,2017-09-20,main,,,https://youtube.com/watch?v=xHqkcpvpQG8,https://www.makerprojectlab.com/goliath-router-robot-maker-update-52/
http://krawczukindustries.com/youvegotmyeyes/,,tip,,Resource: http://krawczukindustries.com/youvegotmyeyes/...,low,52,2017-09-20,main,http://krawczukindustries.com/youvegotmyeyes/,,https://youtube.com/watch?v=xHqkcpvpQG8,https://www.makerprojectlab.com/goliath-router-robot-maker-update-52/
Fully 3D-Printed Rubik's Cube Solving Robot,otvinta3d,project,3d-printing; robotics,Robotic project with autonomous or remote control.,high,51,2017-09-13,main,https://www.thingiverse.com/thing:2471044,,https://youtube.com/watch?v=91gmSYw_atQ,https://www.makerprojectlab.com/raspberry-pi-rubiks-robot-maker-update-51/
http://www.otvinta.com/download12.html,,project,software; generative-art,Software tool download from otvinta.,low,51,2017-09-13,main,http://www.otvinta.com/download12.html,,https://youtube.com/watch?v=91gmSYw_atQ,https://www.makerprojectlab.com/raspberry-pi-rubiks-robot-maker-update-51/
John Park’s Mini iPad Pinball Table with Gemma M0,,project,furniture,Maker project combining electronics and design.,high,51,2017-09-13,main,https://learn.adafruit.com/mini-pinball-table-with-gemma-m0/overview,,https://youtube.com/watch?v=91gmSYw_atQ,https://www.makerprojectlab.com/raspberry-pi-rubiks-robot-maker-update-51/
First version using Teensy,,project,adafruit; arduino,"adafruit, arduino project: First version using Teensy",high,51,2017-09-13,main,https://learn.adafruit.com/pinball-controll-ipad/overview,,https://youtube.com/watch?v=91gmSYw_atQ,https://www.makerprojectlab.com/raspberry-pi-rubiks-robot-maker-update-51/
"Fiber Fix 2"" Repair Tape Wrap",,project,adhesive,"adhesives project: Fiber Fix 2"" Repair Tape Wrap",high,51,2017-09-13,main,https://www.amazon.com/gp/product/B00B297WDG/ctmakerupdate-20,,https://youtube.com/watch?v=91gmSYw_atQ,https://www.makerprojectlab.com/raspberry-pi-rubiks-robot-maker-update-51/
Cool Tools Review,Gerald Zuckier,project,,Project: Cool Tools Review,low,51,2017-09-13,main,http://kk.org/cooltools/fiberfix/,,https://youtube.com/watch?v=91gmSYw_atQ,https://www.makerprojectlab.com/raspberry-pi-rubiks-robot-maker-update-51/
Resealable Bag Keeps Your Scale Clean (via Tested),,tip,wearables,Tip on wearables: Resealable Bag Keeps Your Scale Clean (via Tested),high,51,2017-09-13,main,https://youtu.be/YKufwAJxumE,,https://youtube.com/watch?v=91gmSYw_atQ,https://www.makerprojectlab.com/raspberry-pi-rubiks-robot-maker-update-51/
Make #59 is out,,tip,,"Tool, resource, or tip for makers.",low,51,2017-09-13,main,,,https://youtube.com/watch?v=91gmSYw_atQ,https://www.makerprojectlab.com/raspberry-pi-rubiks-robot-maker-update-51/
Talking Tiki,JimScuba2386,project,,Project: Talking Tiki,low,50,2017-09-06,main,https://twitter.com/hashtag/talkingtiki?src=hash,,https://youtube.com/watch?v=wMuZE_S0c1Y,https://www.makerprojectlab.com/the-talking-tiki-maker-update-50/
Video of originals,,project,photography,photography project: Video of originals,high,50,2017-09-06,main,https://www.youtube.com/watch?v=O0B46MQ5Lkk,,https://youtube.com/watch?v=wMuZE_S0c1Y,https://www.makerprojectlab.com/the-talking-tiki-maker-update-50/
Customizable Retro Lightbox,mightynozzle,project,lighting; retro-tech,Maker project combining electronics and design.,high,50,2017-09-06,main,https://www.thingiverse.com/thing:2498966,,https://youtube.com/watch?v=wMuZE_S0c1Y,https://www.makerprojectlab.com/the-talking-tiki-maker-update-50/
Hakko CHP-170 Flush Cutters,,project,hand-tools,hand-tools project: Hakko CHP-170 Flush Cutters,high,50,2017-09-06,main,https://www.amazon.com/Hakko-CHP-170-Stand-off-Construction-21-Degree/dp/B00FZPDG1K/ctmakerupdate-20,,https://youtube.com/watch?v=wMuZE_S0c1Y,https://www.makerprojectlab.com/the-talking-tiki-maker-update-50/
"Diresta Tips: Road Case, Makerspace Table, 3DP Movable Type",,project,furniture; space,Design for 3D printing.,high,50,2017-09-06,main,https://www.youtube.com/watch?v=N3RzuMzmi-8,,https://youtube.com/watch?v=wMuZE_S0c1Y,https://www.makerprojectlab.com/the-talking-tiki-maker-update-50/
End Roll,,project,,Maker project combining electronics and design.,low,50,2017-09-06,main,,,https://youtube.com/watch?v=wMuZE_S0c1Y,https://www.makerprojectlab.com/the-talking-tiki-maker-update-50/
Spiral Staircase With a TON of Curves,MauiMakes (Nick Fournier),project,instructables; raspberry-pi; wood,"instructables, raspberry-pi project: Spiral Staircase With a TON of Curves",high,49,2017-08-30,main,https://www.instructables.com/id/Spiral-Staircase-With-a-TON-of-Curves/,,https://youtube.com/watch?v=ne4viJPQY3o,https://www.makerprojectlab.com/cnc-spiral-stairs-maker-update-49/
High Five Counting Glove,Caleb Kraft,project,wearables,wearables project: High Five Counting Glove,high,49,2017-08-30,main,http://makezine.com/2017/08/25/counting-high-fives-world-maker-faire/,,https://youtube.com/watch?v=ne4viJPQY3o,https://www.makerprojectlab.com/cnc-spiral-stairs-maker-update-49/
(Based on Trinket React Counter),,project,adafruit,adafruit project: (Based on Trinket React Counter),high,49,2017-08-30,main,https://learn.adafruit.com/trinket-react-counter/,,https://youtube.com/watch?v=ne4viJPQY3o,https://www.makerprojectlab.com/cnc-spiral-stairs-maker-update-49/
Charlotte,_toreilly,project,instructables,instructables project: Charlotte,high,49,2017-08-30,main,https://www.instructables.com/id/Charlotte/,,https://youtube.com/watch?v=ne4viJPQY3o,https://www.makerprojectlab.com/cnc-spiral-stairs-maker-update-49/
BESTEK 300W Power Inverter DC 12V to 110V AC Car Inverter with 4.2A Dual USB Car Adapter,,project,energy; vehicles,Maker project combining electronics and design.,high,49,2017-08-30,main,https://www.amazon.com/gp/product/B004MDXS0U/ctmakerupdate-20,,https://youtube.com/watch?v=ne4viJPQY3o,https://www.makerprojectlab.com/cnc-spiral-stairs-maker-update-49/
Shop Tips: Storing 3D Printer Filament,,tip,3d-printing; pla,"Tool, resource, or tip for makers.",high,49,2017-08-30,main,http://www.tested.com/tech/3d-printing/723391-shop-tips-storing-3d-printer-filament/,,https://youtube.com/watch?v=ne4viJPQY3o,https://www.makerprojectlab.com/cnc-spiral-stairs-maker-update-49/
Opposable Thumbs Podcast,,tip,podcast,Tip on podcast: Opposable Thumbs Podcast,high,49,2017-08-30,main,http://www.opposablepodcast.com/episodes,via Federico https://wolfCatWorkshop.com,https://youtube.com/watch?v=ne4viJPQY3o,https://www.makerprojectlab.com/cnc-spiral-stairs-maker-update-49/
3D Printed Animatronic Puppet,JON-A-TRON,project,3d-printing; pets,Design for 3D printing.,high,48,2017-08-23,main,https://www.instructables.com/id/3D-Printed-Animatronic-Puppet/,,https://youtube.com/watch?v=VXIHaYESKLs,https://www.makerprojectlab.com/fake-gold-overwatch-animatronics-maker-update-48/
Dedicated YouTube Live Camera,,project,imaging; pets; streaming,Maker project combining electronics and design.,high,48,2017-08-23,main,http://hackaday.com/2017/08/18/live-stream-to-youtube-by-pointing-a-box-and-pressing-a-button/,,https://youtube.com/watch?v=VXIHaYESKLs,https://www.makerprojectlab.com/fake-gold-overwatch-animatronics-maker-update-48/
https://www.hackster.io/tinkernut/diy-dedicated-youtube-live-streaming-camera-7a825e,,project,photography,Resource: https://www.hackster.io/tinkernut/diy-dedicated-yo...,high,48,2017-08-23,main,https://www.hackster.io/tinkernut/diy-dedicated-youtube-live-streaming-camera-7a825e,,https://youtube.com/watch?v=VXIHaYESKLs,https://www.makerprojectlab.com/fake-gold-overwatch-animatronics-maker-update-48/
Diresta Prop Gold Bricks,,project,props; foam; woodworking; painting; laser-cutting,"Foam-based prop gold bars for retail display using laser-cut cardboard, paint, and adhesive.",high,48,2017-08-23,main,http://hackaday.com/2017/08/18/fool-giants-with-novelty-sized-gold-bricks/,,https://youtube.com/watch?v=VXIHaYESKLs,https://www.makerprojectlab.com/fake-gold-overwatch-animatronics-maker-update-48/
https://www.youtube.com/watch?v=2u0iZBHJWDE,,project,,Resource: https://www.youtube.com/watch?v=2u0iZBHJWDE...,low,48,2017-08-23,main,https://www.youtube.com/watch?v=2u0iZBHJWDE,,https://youtube.com/watch?v=VXIHaYESKLs,https://www.makerprojectlab.com/fake-gold-overwatch-animatronics-maker-update-48/
Trauma Cutters,,project,hand-tools,hand-tools project: Trauma Cutters,high,48,2017-08-23,main,https://www.amazon.com/gp/product/B002WJHE7E/ctmakerupdate-20,,https://youtube.com/watch?v=VXIHaYESKLs,https://www.makerprojectlab.com/fake-gold-overwatch-animatronics-maker-update-48/
Metallic Sharpie Review on Cool Tools channel,,tip,metal; raspberry-pi,Software tool for design or creation.,high,48,2017-08-23,main,https://www.youtube.com/watch?v=TKDCE9zvF7k,,https://youtube.com/watch?v=VXIHaYESKLs,https://www.makerprojectlab.com/fake-gold-overwatch-animatronics-maker-update-48/
Make Tip of the Week,,tip,,"Workshop tips on clamping, painting, and wood drying.",high,48,2017-08-23,main,http://makezine.com/2017/08/18/tips-of-the-week-clamp-caulking-gun-painting-dos-and-donts-swelling-wood-dents/,,https://youtube.com/watch?v=VXIHaYESKLs,https://www.makerprojectlab.com/fake-gold-overwatch-animatronics-maker-update-48/
DIY Knobs,,tip,streaming,"Tool, resource, or tip for makers.",high,48,2017-08-23,main,http://hackaday.com/2017/08/16/a-great-way-to-make-quick-and-easy-knobs/,,https://youtube.com/watch?v=VXIHaYESKLs,https://www.makerprojectlab.com/fake-gold-overwatch-animatronics-maker-update-48/
AmsterJam (September 9th),,tip,,"Tool, resource, or tip for makers.",low,48,2017-08-23,main,,,https://youtube.com/watch?v=VXIHaYESKLs,https://www.makerprojectlab.com/fake-gold-overwatch-animatronics-maker-update-48/
http://amsterjam.me/,,tip,,Resource: http://amsterjam.me/...,low,48,2017-08-23,main,http://amsterjam.me/,,https://youtube.com/watch?v=VXIHaYESKLs,https://www.makerprojectlab.com/fake-gold-overwatch-animatronics-maker-update-48/
Acoustic Levitator,Asier Marzo,project,physics; electronics; acoustics; diy; engineering,DIY acoustic levitation device using sound waves to suspend objects.,high,47,2017-08-16,main,https://www.instructables.com/id/Acoustic-Levitator/,,https://youtube.com/watch?v=PupcQM6ixuM,https://www.makerprojectlab.com/sony-goes-arduino-maker-update-47/
High Tech Edelweiss (LED KIT) With Custom PCB,anoukwipprecht,project,lighting,Digital display project with electronics.,high,47,2017-08-16,main,http://www.instructables.com/id/High-Tech-Edelweiss-LED-KIT-SwarovskiIIR/,,https://youtube.com/watch?v=PupcQM6ixuM,https://www.makerprojectlab.com/sony-goes-arduino-maker-update-47/
https://www.instagram.com/p/BXpEVOPAsL9/,,project,,Resource: https://www.instagram.com/p/BXpEVOPAsL9/...,low,47,2017-08-16,main,https://www.instagram.com/p/BXpEVOPAsL9/,,https://youtube.com/watch?v=PupcQM6ixuM,https://www.makerprojectlab.com/sony-goes-arduino-maker-update-47/
Bosch CC2430 Self-Centering Bit Assortment,,project,hand-tools,hand-tools project: Bosch CC2430 Self-Centering Bit Assortment,high,47,2017-08-16,main,https://www.amazon.com/gp/product/B0000TZX1M/ctmakerupdate-20,,https://youtube.com/watch?v=PupcQM6ixuM,https://www.makerprojectlab.com/sony-goes-arduino-maker-update-47/
Self-Centering Bit Review on Cool Tools,,project,woodworking; drilling; tool-review,A Cool Tools review of a self-centering drill bit.,high,47,2017-08-16,main,http://kk.org/cooltools/vix-bit/,,https://youtube.com/watch?v=PupcQM6ixuM,https://www.makerprojectlab.com/sony-goes-arduino-maker-update-47/
Video Playback on Freely Arranged Screens,,tip,display; gaming; pla,"Tool, resource, or tip for makers.",high,47,2017-08-16,main,https://www.raspberrypi.org/blog/info-beamer/,,https://youtube.com/watch?v=PupcQM6ixuM,https://www.makerprojectlab.com/sony-goes-arduino-maker-update-47/
https://github.com/info-beamer/package-magic-video-wall,,tip,github; photography; software,Resource: https://github.com/info-beamer/package-magic-video...,high,47,2017-08-16,main,https://github.com/info-beamer/package-magic-video-wall,,https://youtube.com/watch?v=PupcQM6ixuM,https://www.makerprojectlab.com/sony-goes-arduino-maker-update-47/
3D Printed Bobblehead,Paige Russell,project,3d-printing,Design for 3D printing.,high,46,2017-08-09,main,https://www.instructables.com/id/3D-Printed-Bobblehead/,,https://youtube.com/watch?v=B7NvuJ1Xh2M,https://www.makerprojectlab.com/bobbleheads-burrs-maker-update-46/
Facebook video walkthrough,,project,photography,"photography, reference project: Facebook video walkthrough",high,46,2017-08-09,main,https://www.facebook.com/instructables/videos/10155604164646913/,,https://youtube.com/watch?v=B7NvuJ1Xh2M,https://www.makerprojectlab.com/bobbleheads-burrs-maker-update-46/
Paige's Invention Class,,project,instructables,instructables project: Paige's Invention Class,high,46,2017-08-09,main,https://www.instructables.com/class/Invention-Class/,,https://youtube.com/watch?v=B7NvuJ1Xh2M,https://www.makerprojectlab.com/bobbleheads-burrs-maker-update-46/
Cool Tools: Beadle Wrap,,tip,adhesive,Tip on adhesives: Cool Tools: Beadle Wrap,high,46,2017-08-09,main,https://www.youtube.com/watch?v=vHba0EfZI60,,https://youtube.com/watch?v=B7NvuJ1Xh2M,https://www.makerprojectlab.com/bobbleheads-burrs-maker-update-46/
Awesome Pi Cases to Print,,tip,raspberry-pi,Tip on raspberry-pi: Awesome Pi Cases to Print,high,46,2017-08-09,main,https://www.raspberrypi.org/blog/3d-printed-raspberry-pi-cases/,,https://youtube.com/watch?v=B7NvuJ1Xh2M,https://www.makerprojectlab.com/bobbleheads-burrs-maker-update-46/
Import McMaster-Carr Components Into Tinkercad,Paige Russell,tip,cad; design-tool,Import real components from McMaster-Carr into Tinkercad.,high,46,2017-08-09,main,https://www.instructables.com/id/Import-McMaster-Carr-Components-Into-Tinkercad/,,https://youtube.com/watch?v=B7NvuJ1Xh2M,https://www.makerprojectlab.com/bobbleheads-burrs-maker-update-46/
Join Email List for bonus links,,tip,,Tip: Join Email List for bonus links,low,46,2017-08-09,main,http://mailchi.mp/b454278e338c/arduino-fire-punch,,https://youtube.com/watch?v=B7NvuJ1Xh2M,https://www.makerprojectlab.com/bobbleheads-burrs-maker-update-46/
Punch Activated Arm Flamethrowers (Real Firebending) Made,Allen Pan,project,cosplay; props; wearables; electronics,Wearable firebending arm flamethrower with punch activation.,high,45,2017-08-02,main,https://www.hackster.io/Advanced/punch-activated-arm-flamethrowers-real-firebending-95bb80,,https://youtube.com/watch?v=FF2cD_YcQJ4,https://www.makerprojectlab.com/arduino-fire-punch-maker-update-45/
Flamethrower Skateboard,,project,vehicles; props; arduino,Skateboard with flamethrower propulsion effects.,high,45,2017-08-02,main,https://www.instructables.com/id/Flamethrower-Skateboard/,,https://youtube.com/watch?v=FF2cD_YcQJ4,https://www.makerprojectlab.com/arduino-fire-punch-maker-update-45/
MyoWare Bionic Claws,,project,wearables; sensor; electronics; biometric,Bionic claw controlled by EMG muscle sensing.,high,45,2017-08-02,main,https://www.instructables.com/id/Bionic-Wolverine-Claws/,,https://youtube.com/watch?v=FF2cD_YcQJ4,https://www.makerprojectlab.com/arduino-fire-punch-maker-update-45/
Interactive Laser Sheet Generator With Arduino,jrbums,project,laser-cutting; acrylic; arduino,Responsive laser-etched acrylic sheet with Arduino control.,high,45,2017-08-02,main,https://www.instructables.com/id/Interactive-Laser-Sheet-Generator-With-Arduino/,,https://youtube.com/watch?v=FF2cD_YcQJ4,https://www.makerprojectlab.com/arduino-fire-punch-maker-update-45/
"Electrical Slip Rings || What they're for, How they work, DIY, etc.",,project,motors; electronics; mechanical,Slip rings for transmitting power through rotating axes.,high,45,2017-08-02,main,https://www.youtube.com/watch?v=ptkMY-DZqeo,,https://youtube.com/watch?v=FF2cD_YcQJ4,https://www.makerprojectlab.com/arduino-fire-punch-maker-update-45/
Interactive Geodesic Dome,,project,led; kinetic-art; interactive,Interactive dome structure with LED lighting effects.,high,45,2017-08-02,main,https://www.instructables.com/id/Interactive-Geodesic-LED-Dome/,,https://youtube.com/watch?v=FF2cD_YcQJ4,https://www.makerprojectlab.com/arduino-fire-punch-maker-update-45/
MagPi Issue #60,,tip,raspberry-pi,Raspberry Pi official magazine publication.,high,45,2017-08-02,main,https://www.raspberrypi.org/blog/magpi-60/,,https://youtube.com/watch?v=FF2cD_YcQJ4,https://www.makerprojectlab.com/arduino-fire-punch-maker-update-45/
‘Ultimate Guide to Soldering’,@pimoroni,tip,tutorial; soldering,‘Ultimate Guide to Soldering’.,high,45,2017-08-02,main,https://learn.pimoroni.com/tutorial/sandyj/the-ultimate-guide-to-soldering,,https://youtube.com/watch?v=FF2cD_YcQJ4,https://www.makerprojectlab.com/arduino-fire-punch-maker-update-45/
Inky pHAT 3-color e-ink display,,tip,raspberry-pi; e-ink; electronics; display,E-ink display HAT for Raspberry Pi.,high,45,2017-08-02,main,https://shop.pimoroni.com/collections/raspberry-pi/products/inky-phat,,https://youtube.com/watch?v=FF2cD_YcQJ4,https://www.makerprojectlab.com/arduino-fire-punch-maker-update-45/
Adafruit GEMMA M0,,tip,arduino; electronics; wearables,Small Arduino-compatible board for wearables.,high,45,2017-08-02,main,https://www.adafruit.com/product/3501,,https://youtube.com/watch?v=FF2cD_YcQJ4,https://www.makerprojectlab.com/arduino-fire-punch-maker-update-45/
"Butterfly, Animated.",gzumwalt,project,3d-printing; kinetic-art; mechanical,3D-printed mechanical butterfly sculpture.,high,44,2017-07-26,main,https://www.instructables.com/id/Butterfly/,,https://youtube.com/watch?v=tbQYnxVY6EM,https://www.makerprojectlab.com/bike-powered-xbox-maker-update-44/
LED Light Weight Magnifier with 5 Lenses,,project,led,LED Light Weight Magnifier with 5 Lenses.,high,44,2017-07-26,main,https://www.amazon.com/exec/obidos/ASIN/B005VIG6TA/ctmakerupdate-20,,https://youtube.com/watch?v=tbQYnxVY6EM,https://www.makerprojectlab.com/bike-powered-xbox-maker-update-44/
Review,Gary Klaus (2015),project,jewelry; electronics; hand-tools; precision; magnification; soldering,Head-mounted LED magnifier with adjustable lenses for hands-free detailed work.,high,44,2017-07-26,main,http://kk.org/cooltools/wearable-magnifying-glasses/,,https://youtube.com/watch?v=tbQYnxVY6EM,https://www.makerprojectlab.com/bike-powered-xbox-maker-update-44/
List of upcoming Instructables Contests,,tip,competition; instructables,"Tip on competitions, instructables: List of upcoming Instructables Contests",high,44,2017-07-26,main,https://www.instructables.com/community/List-of-Upcoming-Contests/,,https://youtube.com/watch?v=tbQYnxVY6EM,https://www.makerprojectlab.com/bike-powered-xbox-maker-update-44/
Make Tip of the Week,,tip,,"Workshop tips including CNS, lasercutting, and hiring guidance.",high,44,2017-07-26,main,http://makezine.com/2017/07/21/tips-of-the-week-cutting-resin-with-microbeads-herringbone-cnc-tape-hiring-a-machine-shop/,,https://youtube.com/watch?v=tbQYnxVY6EM,https://www.makerprojectlab.com/bike-powered-xbox-maker-update-44/
LED Eyes,Ruiz Brothers,project,led; wearables; cosplay; electronics,LED eyes display for wearables or costumes.,high,43,2017-07-19,main,https://learn.adafruit.com/led-eyes,,https://youtube.com/watch?v=ZFF_1TKxXPE,https://www.makerprojectlab.com/leds-face-maker-update-43/
Smart Lamp With ESP8266 & Amazon Echo,bekathwia,project,esp32,Smart Lamp With ESP8266 & Amazon Echo by bekathwia.,high,43,2017-07-19,main,https://www.instructables.com/id/Smart-Lamp-With-ESP8266-Amazon-Echo/,,https://youtube.com/watch?v=ZFF_1TKxXPE,https://www.makerprojectlab.com/leds-face-maker-update-43/
Marblevator Air,gzumwalt,project,kinetic-art; mechanical; 3d-printing,Mechanical marble elevator kinetic sculpture.,high,43,2017-07-19,main,https://www.instructables.com/id/Marblevator-Air/,,https://youtube.com/watch?v=ZFF_1TKxXPE,https://www.makerprojectlab.com/leds-face-maker-update-43/
Kreg KMA2675 Kreg Rip-Cut,,project,woodworking,Kreg woodworking tool for precision cuts.,high,43,2017-07-19,main,https://www.amazon.com/dp/B007K5HIFS/ctmakerupdate-20,,https://youtube.com/watch?v=ZFF_1TKxXPE,https://www.makerprojectlab.com/leds-face-maker-update-43/
New Cool Tools Channel,,tip,tool-review; podcast,New Cool Tools Channel.,low,43,2017-07-19,main,https://www.youtube.com/user/CoolToolsLab,,https://youtube.com/watch?v=ZFF_1TKxXPE,https://www.makerprojectlab.com/leds-face-maker-update-43/
Best portable soldering iron comparison,,tip,soldering,Best portable soldering iron comparison.,high,43,2017-07-19,main,https://youtu.be/iIbwQbwGFwg,,https://youtube.com/watch?v=ZFF_1TKxXPE,https://www.makerprojectlab.com/leds-face-maker-update-43/
"1/4"" Audio Jack Key Holder",jbenodin,tip,electronics; upcycling; product-design,Key holder made from vintage audio jacks.,high,43,2017-07-19,main,https://www.instructables.com/id/14-Audio-Jack-Key-Holder/,,https://youtube.com/watch?v=ZFF_1TKxXPE,https://www.makerprojectlab.com/leds-face-maker-update-43/
World's Largest Super Soaker with Bob Clagett Mark Rober,,tip,,Tip: World's Largest Super Soaker with Bob Clagett Mark Rober,low,43,2017-07-19,main,https://youtu.be/gL5CO2wlBgE,,https://youtube.com/watch?v=ZFF_1TKxXPE,https://www.makerprojectlab.com/leds-face-maker-update-43/
https://youtu.be/T1KRQ3RcvXA,,tip,,Resource: https://youtu.be/T1KRQ3RcvXA...,low,43,2017-07-19,main,https://youtu.be/T1KRQ3RcvXA,,https://youtube.com/watch?v=ZFF_1TKxXPE,https://www.makerprojectlab.com/leds-face-maker-update-43/
Dublin Maker,,tip,event,"Mention of the Dublin Maker festival, a maker-faire-style event.",low,43,2017-07-19,main,http://www.dublinmaker.ie/,,https://youtube.com/watch?v=ZFF_1TKxXPE,https://www.makerprojectlab.com/leds-face-maker-update-43/
"Pterodactyl, Pseudo Style",Greg Zumwalt,project,3d-printing; kinetic-art; mechanical,3D-printed mechanical pterodactyl sculpture.,high,42,2017-07-12,main,https://www.instructables.com/id/Pterodactyl-Pseudo-Style/,,https://youtube.com/watch?v=jb3eijXzBTw,https://www.makerprojectlab.com/power-tool-tachometer-maker-update-42/
Pro Trinket Tachometer,Bill Earl,project,arduino; sensor; automotive; display,Tachometer display using Adafruit Pro Trinket.,high,42,2017-07-12,main,https://learn.adafruit.com/pro-trinket-tachometer/overview,,https://youtube.com/watch?v=jb3eijXzBTw,https://www.makerprojectlab.com/power-tool-tachometer-maker-update-42/
Collin Cunningham on Cool Tools Podcast,,tip,podcast; tool-review,Collin Cunningham on Cool Tools Podcast.,high,42,2017-07-12,main,http://kk.org/cooltools/collin-cunningham-creative-engineer-at-adafruit-industries/,,https://youtube.com/watch?v=jb3eijXzBTw,https://www.makerprojectlab.com/power-tool-tachometer-maker-update-42/
Screws: What You Need to Know,Essential Craftsman (Scott Wadsworth),tip,,Tip: Screws: What You Need to Know,low,42,2017-07-12,main,https://youtu.be/N3jG5xtSQAo,,https://youtube.com/watch?v=jb3eijXzBTw,https://www.makerprojectlab.com/power-tool-tachometer-maker-update-42/
Becky's Project Documentation Tips,,tip,tutorial,Becky's Project Documentation Tips.,high,42,2017-07-12,main,https://www.instructables.com/id/5-Tips-for-Documenting-DIY-Projects/,,https://youtube.com/watch?v=jb3eijXzBTw,https://www.makerprojectlab.com/power-tool-tachometer-maker-update-42/
Maker Events,,tip,event,A general mention of upcoming maker events.,low,42,2017-07-12,main,http://makerfaire.com/map/,,https://youtube.com/watch?v=jb3eijXzBTw,https://www.makerprojectlab.com/power-tool-tachometer-maker-update-42/
Dublin Maker,,tip,event,"Mention of the Dublin Maker festival, a maker-faire-style event.",low,42,2017-07-12,main,http://www.dublinmaker.ie/,,https://youtube.com/watch?v=jb3eijXzBTw,https://www.makerprojectlab.com/power-tool-tachometer-maker-update-42/
NeoPixie Dust Bag,John Park,project,adafruit; raspberry-pi; wearables,"adafruit, raspberry-pi project: NeoPixie Dust Bag",high,41,2017-07-05,main,https://learn.adafruit.com/NeoPixieDustBag_CPX,,https://youtube.com/watch?v=aXU6oSJ8vLQ,https://www.makerprojectlab.com/pixie-power-maker-update-41/
Manfrotto 143 Magic Arm Kit with Umbrella Bracket Super Clamp and Backlite Base,,project,hand-tools; lighting,"hand-tools, lighting project: Manfrotto 143 Magic Arm Kit with Umbrella Bracket Super Clamp and Backlite Base",high,41,2017-07-05,main,https://www.amazon.com/Manfrotto-143-Umbrella-Bracket-Backlite/dp/B0011EHRDM/ctmakerupdate-20,,https://youtube.com/watch?v=aXU6oSJ8vLQ,https://www.makerprojectlab.com/pixie-power-maker-update-41/
Cool Tools Podcast: Donald Bell,,project,podcast; tool-review,Cool Tools Podcast: Donald Bell.,high,41,2017-07-05,main,http://kk.org/cooltools/donald-bell-maker-project-lab/,,https://youtube.com/watch?v=aXU6oSJ8vLQ,https://www.makerprojectlab.com/pixie-power-maker-update-41/
10 Tips for Making Great Build Videos,Becky Stern,project,tutorial,10 Tips for Making Great Build Videos by Becky Stern.,high,41,2017-07-05,main,http://makezine.com/2014/03/27/beckystips/,,https://youtube.com/watch?v=aXU6oSJ8vLQ,https://www.makerprojectlab.com/pixie-power-maker-update-41/
Hydrodipping 3D Prints,Ruiz Bros.,tip,3d-printing,Hydrodipping 3D Prints.,high,41,2017-07-05,main,https://learn.adafruit.com/hydro-dip-3d-prints,,https://youtube.com/watch?v=aXU6oSJ8vLQ,https://www.makerprojectlab.com/pixie-power-maker-update-41/
MagPi Issue 59,,tip,raspberry-pi,Raspberry Pi official magazine publication.,high,41,2017-07-05,main,https://www.raspberrypi.org/magpi/issues/59/,,https://youtube.com/watch?v=aXU6oSJ8vLQ,https://www.makerprojectlab.com/pixie-power-maker-update-41/
Raspi Online Interactive GPIO Reference,,tip,raspberry-pi,Raspi Online Interactive GPIO Reference.,high,41,2017-07-05,main,https://pinout.xyz/,,https://youtube.com/watch?v=aXU6oSJ8vLQ,https://www.makerprojectlab.com/pixie-power-maker-update-41/
Red/Blue 3D Art with Photoshop Tutorial,Josh Ellingson,tip,tutorial; photography,Red/Blue 3D Art with Photoshop Tutorial.,high,41,2017-07-05,main,http://ellingson.cc/news/2017/6/29/redblue-3d-art-with-photoshop,http://boingboing.net/2017/07/03/how-to-create-impressive-red-a.html,https://youtube.com/watch?v=aXU6oSJ8vLQ,https://www.makerprojectlab.com/pixie-power-maker-update-41/
Buy the Record,,tip,,Tip: Buy the Record,low,41,2017-07-05,main,http://alohascrewdriver.bigcartel.com/product/above-snakes-7-inch,,https://youtube.com/watch?v=aXU6oSJ8vLQ,https://www.makerprojectlab.com/pixie-power-maker-update-41/
Fish Hammer Actuation Device,neilmendoza,project,instructables; mechanical; robotics,"instructables, mechanical project: Fish Hammer Actuation Device",high,40,2017-06-28,main,https://www.instructables.com/id/Fish-Hammer-Actuation-Device/,,https://youtube.com/watch?v=jz5V__Rvzyc,https://www.makerprojectlab.com/revenge-fish-maker-update-40/
Twisting Zip-Ties to Cut Them (via Make),,tip,fabric,Tip on fabric: Twisting Zip-Ties to Cut Them (via Make),high,40,2017-06-28,main,https://www.youtube.com/watch?v=aqIJcgxEZMQ,,https://youtube.com/watch?v=jz5V__Rvzyc,https://www.makerprojectlab.com/revenge-fish-maker-update-40/
Vanlife,,tip,,Vanlife.,low,40,2017-06-28,main,,,https://youtube.com/watch?v=jz5V__Rvzyc,https://www.makerprojectlab.com/revenge-fish-maker-update-40/
Invention,,tip,,Invention.,low,40,2017-06-28,main,,,https://youtube.com/watch?v=jz5V__Rvzyc,https://www.makerprojectlab.com/revenge-fish-maker-update-40/
Fidget Spinner,,tip,,Fidget Spinner.,low,40,2017-06-28,main,,,https://youtube.com/watch?v=jz5V__Rvzyc,https://www.makerprojectlab.com/revenge-fish-maker-update-40/
Makerspace,,tip,,Makerspace.,low,40,2017-06-28,main,,,https://youtube.com/watch?v=jz5V__Rvzyc,https://www.makerprojectlab.com/revenge-fish-maker-update-40/
Science,,tip,,Science.,low,40,2017-06-28,main,,,https://youtube.com/watch?v=jz5V__Rvzyc,https://www.makerprojectlab.com/revenge-fish-maker-update-40/
Slow Dance – A Frame that Slows Down Time,,project,kinetic-art,kinetic-art project: Slow Dance – A Frame that Slows Down Time,high,39,2017-06-21,main,https://www.kickstarter.com/projects/xercyn/slow-dance-a-frame-that-slows-down-time,,https://youtube.com/watch?v=YQIdBOZ5G0c,https://www.makerprojectlab.com/slow-motion/
SLOMO (Slow Motion) Frame,jollifactory,project,instructables; kinetic-art; robotics,"instructables, kinetic-art project: SLOMO (Slow Motion) Frame",high,39,2017-06-21,main,https://www.instructables.com/id/IKEA-Frame-Hack-SLOMO-Slow-Motion-Frame/,,https://youtube.com/watch?v=YQIdBOZ5G0c,https://www.makerprojectlab.com/slow-motion/
SLOMO Tindie Kit,,project,,Project: SLOMO Tindie Kit,low,39,2017-06-21,main,https://www.tindie.com/products/Nick64/jf-slomo-slow-motion-frame-diy-kit/,,https://youtube.com/watch?v=YQIdBOZ5G0c,https://www.makerprojectlab.com/slow-motion/
TimeFrame - a Time Portal to Put on Your Desk.,cubic-print,project,instructables; kinetic-art,"instructables, kinetic-art project: TimeFrame - a Time Portal to Put on Your Desk.",high,39,2017-06-21,main,https://www.instructables.com/id/TimeFrame-a-Time-Portal-to-Put-on-Your-Desk/,,https://youtube.com/watch?v=YQIdBOZ5G0c,https://www.makerprojectlab.com/slow-motion/
TimeFrame Kit,,project,kinetic-art,kinetic-art project: TimeFrame Kit,high,39,2017-06-21,main,http://www.cubic-print.com/TimeFrame,,https://youtube.com/watch?v=YQIdBOZ5G0c,https://www.makerprojectlab.com/slow-motion/
Zip Tie Lampshade,mikeasaurus,project,fabric; instructables; lighting,"fabric, instructables project: Zip Tie Lampshade",high,39,2017-06-21,main,https://www.instructables.com/id/Zip-Tie-Lampshade/,,https://youtube.com/watch?v=YQIdBOZ5G0c,https://www.makerprojectlab.com/slow-motion/
Rocker Switch Wall,,project,,Project: Rocker Switch Wall,low,39,2017-06-21,main,http://imgur.com/a/pgJrA,,https://youtube.com/watch?v=YQIdBOZ5G0c,https://www.makerprojectlab.com/slow-motion/
http://konkludenz.de/wippschalterwand/,,project,,Resource: http://konkludenz.de/wippschalterwand/...,low,39,2017-06-21,main,http://konkludenz.de/wippschalterwand/,,https://youtube.com/watch?v=YQIdBOZ5G0c,https://www.makerprojectlab.com/slow-motion/
https://www.thingiverse.com/search/page:1?sort=relevant&q=rocker+switch&type=things&subjects=&grades=&standards=&license=&category_id=&dwh=9594a1b474b034,,project,3d-printing,Resource: https://www.thingiverse.com/search/page:1?sort=rel...,high,39,2017-06-21,main,https://www.thingiverse.com/search/page:1?sort=relevant&q=rocker+switch&type=things&subjects=&grades=&standards=&license=&category_id=&dwh=9594a1b474b034,,https://youtube.com/watch?v=YQIdBOZ5G0c,https://www.makerprojectlab.com/slow-motion/
MagnoGrip on Amazon,,project,,Project: MagnoGrip on Amazon,low,39,2017-06-21,main,https://www.amazon.com/MagnoGrip-311-090-Magnetic-Wristband/dp/B000WU9LCQ/ctmakerupdate-20,,https://youtube.com/watch?v=YQIdBOZ5G0c,https://www.makerprojectlab.com/slow-motion/
MagnoGrip Review,,project,hand-tools; assembly; magnetic; wearables,Magnetic wristband for holding small metal fasteners during assembly and craft work.,high,39,2017-06-21,main,http://kk.org/cooltools/magnogrip/,,https://youtube.com/watch?v=YQIdBOZ5G0c,https://www.makerprojectlab.com/slow-motion/
Laura Kampf Shop Tips #1 // Wood Branding without a Branding Iron,,tip,tutorial; woodworking,Laura Kampf Shop Tips #1 // Wood Branding without a Branding Iron.,high,39,2017-06-21,main,https://youtu.be/3K4J7yn7ga0,,https://youtube.com/watch?v=YQIdBOZ5G0c,https://www.makerprojectlab.com/slow-motion/
http://makezine.com/2017/06/09/tips-of-the-week-3/,,tip,,Weekly workshop tips and techniques from Make: magazine.,high,39,2017-06-21,main,http://makezine.com/2017/06/09/tips-of-the-week-3/,,https://youtube.com/watch?v=YQIdBOZ5G0c,https://www.makerprojectlab.com/slow-motion/
Adafruit 128x64 OLED Bonnet for Raspberry Pi,,tip,led; raspberry-pi,Adafruit 128x64 OLED Bonnet for Raspberry Pi.,high,39,2017-06-21,main,https://www.adafruit.com/product/3531,,https://youtube.com/watch?v=YQIdBOZ5G0c,https://www.makerprojectlab.com/slow-motion/
Zoetrope Fidget Spinner,JON-A-TRON,project,gaming; instructables; raspberry-pi,"gaming, instructables project: Zoetrope Fidget Spinner",high,37,2017-06-07,main,https://www.instructables.com/id/Zoetrope-Fidget-Spinner/,,https://youtube.com/watch?v=n0y1_eKFUlw,https://www.makerprojectlab.com/zoetrope-fidget-spinner-maker-update-37/
Storm Glass - the Weather Forecasting Lamp That Simulates Real Weather Conditions!,The Modern Inventor,project,instructables; lighting,"instructables, lighting project: Storm Glass - the Weather Forecasting Lamp That Simulates Real Weather Conditions!",high,37,2017-06-07,main,https://www.instructables.com/id/Storm-Glass-the-Weather-Forecasting-Lamp-That-Simu/,,https://youtube.com/watch?v=n0y1_eKFUlw,https://www.makerprojectlab.com/zoetrope-fidget-spinner-maker-update-37/
Component Creatures,randofo,project,instructables,instructables project: Component Creatures,high,37,2017-06-07,main,https://www.instructables.com/id/Component-Creatures/,,https://youtube.com/watch?v=n0y1_eKFUlw,https://www.makerprojectlab.com/zoetrope-fidget-spinner-maker-update-37/
Hakko FX-901 Soldering Iron,,project,soldering,Hakko FX-901 Soldering Iron.,high,37,2017-06-07,main,https://www.amazon.com/Hakko-FX-901-Cordless-Soldering-Iron/dp/B00FZPUA28/ctmakerupdate-20,,https://youtube.com/watch?v=n0y1_eKFUlw,https://www.makerprojectlab.com/zoetrope-fidget-spinner-maker-update-37/
Tom Sachs Travel Kit (submitted,Andrew Cavette),tip,,Tip: Tom Sachs Travel Kit (submitted,low,37,2017-06-07,main,https://www.instagram.com/p/BUtz4TvgzA3/,,https://youtube.com/watch?v=n0y1_eKFUlw,https://www.makerprojectlab.com/zoetrope-fidget-spinner-maker-update-37/
Pi Camera Focal Length Adjustment Tool,,tip,photography,Pi Camera Focal Length Adjustment Tool.,high,37,2017-06-07,main,https://www.adafruit.com/product/3518,,https://youtube.com/watch?v=n0y1_eKFUlw,https://www.makerprojectlab.com/zoetrope-fidget-spinner-maker-update-37/
Adafruit PiOLED - 128x32 Monochrome OLED Add-on for Raspberry Pi,,tip,led; raspberry-pi,Adafruit PiOLED - 128x32 Monochrome OLED Add-on for Raspberry Pi.,high,37,2017-06-07,main,https://www.adafruit.com/product/3527,,https://youtube.com/watch?v=n0y1_eKFUlw,https://www.makerprojectlab.com/zoetrope-fidget-spinner-maker-update-37/
NeoPixel Truck Risers,,project,led; neopixel; vehicles; lighting,Vehicle wheel risers with NeoPixel LED lighting.,high,36,2017-05-31,main,https://learn.adafruit.com/3d-printed-truck-risers-with-neopixel-leds/overview,,https://youtube.com/watch?v=eJX_iOJbAX0,https://www.makerprojectlab.com/quantified-hamster/
https://www.youtube.com/watch?v=1QY6nZaLJlc,,project,tutorial; diy,DIY video content on YouTube.,low,36,2017-05-31,main,https://www.youtube.com/watch?v=1QY6nZaLJlc,,https://youtube.com/watch?v=eJX_iOJbAX0,https://www.makerprojectlab.com/quantified-hamster/
Quantified Hamster,John Mueller,project,arduino; sensor; robotics; biometric,Hamster wheel with Arduino pedometer tracking.,high,36,2017-05-31,main,http://hackaday.com/2017/05/20/pedometer-for-calorie-conscious-hamster-owners/,,https://youtube.com/watch?v=eJX_iOJbAX0,https://www.makerprojectlab.com/quantified-hamster/
http://www.shareyourrepair.com/2017/05/arduino-hamster-wheel-pedometer.html,,project,arduino,Resource: http://www.shareyourrepair.com/2017/05/arduino-ham...,high,36,2017-05-31,main,http://www.shareyourrepair.com/2017/05/arduino-hamster-wheel-pedometer.html,,https://youtube.com/watch?v=eJX_iOJbAX0,https://www.makerprojectlab.com/quantified-hamster/
Make a Kaleidoscope,randofo,project,optical; art; craft,DIY kaleidoscope craft project.,high,36,2017-05-31,main,https://www.instructables.com/id/Make-a-Kaleidoscope/,,https://youtube.com/watch?v=eJX_iOJbAX0,https://www.makerprojectlab.com/quantified-hamster/
Robert Larson 800-2875 Plastic Center Finder,,project,acrylic; hand-tools,"acrylic, hand-tools project: Robert Larson 800-2875 Plastic Center Finder",high,36,2017-05-31,main,https://www.amazon.com/gp/product/B000CD1T0A/ctmakerupdate-20,,https://youtube.com/watch?v=eJX_iOJbAX0,https://www.makerprojectlab.com/quantified-hamster/
Make: review,Sean Michael Ragan,project,hand-tools,Tool review published on Make: magazine.,high,36,2017-05-31,main,http://makezine.com/2011/04/26/tool-review-robert-larson-800-2875-center-finder/,,https://youtube.com/watch?v=eJX_iOJbAX0,https://www.makerprojectlab.com/quantified-hamster/
ABC: Basic Connections - The Essential Book for Makers,Alberto Piganti,tip,,"Tip on community, reference: ABC: Basic Connections - The Essential Book for Makers",high,36,2017-05-31,main,https://www.kickstarter.com/projects/pighixxx/abc-basic-connections-the-essential-book-for-maker,,https://youtube.com/watch?v=eJX_iOJbAX0,https://www.makerprojectlab.com/quantified-hamster/
Book preview on Hackaday,,tip,,Tip on reference: Book preview on Hackaday,high,36,2017-05-31,main,http://hackaday.com/2017/05/24/first-look-at-abc-basic-connections/,,https://youtube.com/watch?v=eJX_iOJbAX0,https://www.makerprojectlab.com/quantified-hamster/
MagPi 58,,tip,raspberry-pi,Raspberry Pi official magazine publication.,high,36,2017-05-31,main,https://www.raspberrypi.org/magpi/issues/58/,,https://youtube.com/watch?v=eJX_iOJbAX0,https://www.makerprojectlab.com/quantified-hamster/
"Make an Autonomous ""Follow Me"" Cooler Made",Hacker House,project,robotics,"robotics project: Make an Autonomous ""Follow Me"" Cooler Made",high,35,2017-05-24,main,https://www.hackster.io/hackerhouse/make-an-autonomous-follow-me-cooler-7ca8bc?ref=featured,,https://www.makerprojectlab.com/perfect-summer-robot-maker-update-35/,https://www.makerprojectlab.com/perfect-summer-robot-maker-update-35/
Flamethrower Skateboard,mikeasaurus,project,vehicles; props; arduino,Skateboard with flamethrower propulsion effects.,high,34,2017-05-17,main,https://www.instructables.com/id/Flamethrower-Skateboard/,,https://youtube.com/watch?v=Uq64f63KnIs,https://www.makerprojectlab.com/fire-skateboard-maker-update-34/
Telepresence Robot,randofo,project,robotics; camera; mobile-robot; electronics,Remote-controlled telepresence robot platform.,high,34,2017-05-17,main,https://www.instructables.com/id/Telepresence-Robot-2/,,https://youtube.com/watch?v=Uq64f63KnIs,https://www.makerprojectlab.com/fire-skateboard-maker-update-34/
https://www.youtube.com/watch?v=YjfkxZTUndw,,project,tutorial,Video content on YouTube platform.,low,34,2017-05-17,main,https://www.youtube.com/watch?v=YjfkxZTUndw,,https://youtube.com/watch?v=Uq64f63KnIs,https://www.makerprojectlab.com/fire-skateboard-maker-update-34/
Canvas Military Tool Bag,,project,fabric,Canvas Military Tool Bag.,high,34,2017-05-17,main,http://kk.org/cooltools/canvas-military-tool-bag/,,https://youtube.com/watch?v=Uq64f63KnIs,https://www.makerprojectlab.com/fire-skateboard-maker-update-34/
Buy it and support the show,,project,,Product purchase link to support the show.,low,34,2017-05-17,main,https://www.amazon.com/exec/obidos/ASIN/B000BFJE8S/ctmakerupdate-20,,https://youtube.com/watch?v=Uq64f63KnIs,https://www.makerprojectlab.com/fire-skateboard-maker-update-34/
Makedo Toolkit for Cardboard Construction,,tip,cardboard; construction-toy; kids-making,Makedo Toolkit for Cardboard Construction.,high,34,2017-05-17,main,https://www.adafruit.com/product/3285,,https://youtube.com/watch?v=Uq64f63KnIs,https://www.makerprojectlab.com/fire-skateboard-maker-update-34/
Makedo Scru Add-On Pack,,tip,craft; building; cardboard; kids,Makedo construction system for creative play.,high,34,2017-05-17,main,https://www.adafruit.com/product/3510,,https://youtube.com/watch?v=Uq64f63KnIs,https://www.makerprojectlab.com/fire-skateboard-maker-update-34/
New MAKE is out,,tip,,New MAKE is out.,low,34,2017-05-17,main,,,https://youtube.com/watch?v=Uq64f63KnIs,https://www.makerprojectlab.com/fire-skateboard-maker-update-34/
Bob Clagett Light Saber,,project,cosplay; props; led; electronics,DIY light saber prop with LED effects.,high,33,2017-05-10,main,https://www.youtube.com/watch?v=a0d-wT6YS4w,,https://youtube.com/watch?v=cU0wms1T0Uw,https://www.makerprojectlab.com/cnc-sky-iris-maker-update-33/
Remote Effects Trigger Box,John Park,project,adafruit,adafruit project: Remote Effects Trigger Box,high,33,2017-05-10,main,https://learn.adafruit.com/remote-effects-trigger,,https://youtube.com/watch?v=cU0wms1T0Uw,https://www.makerprojectlab.com/cnc-sky-iris-maker-update-33/
Bernz-O-Matic ST2200T Micro Flame Butane Torch Kit,,project,electronics; soldering; hand-tools; heat-tools,"Micro flame butane torch kit with attachments for heat shrinking, soldering, and rope work.",high,33,2017-05-10,main,http://kk.org/cooltools/bernz-o-matic-micro-flame-butane-torch-kit/,,https://youtube.com/watch?v=cU0wms1T0Uw,https://www.makerprojectlab.com/cnc-sky-iris-maker-update-33/
Buy on Amazon,,project,hand-tools,Amazon product link for workshop tools.,low,33,2017-05-10,main,https://www.amazon.com/exec/obidos/ASIN/B000PS9TQI/ctmakerupdate-20,,https://youtube.com/watch?v=cU0wms1T0Uw,https://www.makerprojectlab.com/cnc-sky-iris-maker-update-33/
Beckys comment on Pulse Amped,,tip,electronics; arduino,Electronics and sensor product from Adafruit.,high,33,2017-05-10,main,https://www.adafruit.com/product/1093,,https://youtube.com/watch?v=cU0wms1T0Uw,https://www.makerprojectlab.com/cnc-sky-iris-maker-update-33/
Boxes.py (via Jordan Bunker),,tip,design-tool; laser-cutting; cad; parametric,Tool for generating parametric cardboard boxes.,high,33,2017-05-10,main,http://www.festi.info/boxes.py/,,https://youtube.com/watch?v=cU0wms1T0Uw,https://www.makerprojectlab.com/cnc-sky-iris-maker-update-33/
New MagPi with Google HAT,,tip,raspberry-pi,Raspberry Pi official magazine publication.,high,33,2017-05-10,main,https://www.raspberrypi.org/magpi/google-aiy-voice-magpi-57/,,https://youtube.com/watch?v=cU0wms1T0Uw,https://www.makerprojectlab.com/cnc-sky-iris-maker-update-33/
Download Issue #57 as PDF,,tip,raspberry-pi,Tip on raspberry-pi: Download Issue #57 as PDF,high,33,2017-05-10,main,https://www.raspberrypi.org/magpi/issues/57/,,https://youtube.com/watch?v=cU0wms1T0Uw,https://www.makerprojectlab.com/cnc-sky-iris-maker-update-33/
Adafruit METRO M0 Express - designed for CircuitPython - ATSAMD21G18,,tip,adafruit,Tip on adafruit: Adafruit METRO M0 Express - designed for CircuitPython - ATSAMD21G18,high,33,2017-05-10,main,https://www.adafruit.com/product/3505,,https://youtube.com/watch?v=cU0wms1T0Uw,https://www.makerprojectlab.com/cnc-sky-iris-maker-update-33/
Processing-Spirograph (Julien Grünhagel),,tip,github; processing; raspberry-pi; software,"Tip on github, processing: Processing-Spirograph (Julien Grünhagel)",high,33,2017-05-10,main,https://github.com/rspt/processing-spirograph,,https://youtube.com/watch?v=cU0wms1T0Uw,https://www.makerprojectlab.com/cnc-sky-iris-maker-update-33/
https://rspt.io/,,tip,art; generative-art; processing,Generative art and creative coding portfolio.,high,33,2017-05-10,main,https://rspt.io/,,https://youtube.com/watch?v=cU0wms1T0Uw,https://www.makerprojectlab.com/cnc-sky-iris-maker-update-33/
Collin's Lab: Pulse Room,,project,sensor; art-installation; biometric; interactive,Interactive installation responding to heartbeat.,high,32,2017-05-03,main,https://www.youtube.com/watch?v=2nkrAPfqf20,,https://youtube.com/watch?v=lh7STi1x_VQ,https://www.makerprojectlab.com/heartbeat-lights-maker-update-32/
Pulse Sensor,,project,sensor,Pulse Sensor.,high,32,2017-05-03,main,https://pulsesensor.com/products/pulse-sensor-amped,,https://youtube.com/watch?v=lh7STi1x_VQ,https://www.makerprojectlab.com/heartbeat-lights-maker-update-32/
Nerf Gun LED Light Mods,,project,led; toy-mod; wearables; electronics,Nerf gun modified with LED lighting effects.,high,32,2017-05-03,main,https://learn.adafruit.com/n3rfgun?view=all,,https://youtube.com/watch?v=lh7STi1x_VQ,https://www.makerprojectlab.com/heartbeat-lights-maker-update-32/
Pokemon Planter,Flowalistik,project,3d-printing; horticulture; novelty,3D-printed planter in Pokémon character shape.,high,32,2017-05-03,main,https://blog.adafruit.com/2017/04/27/pokemon-planter-by-flowalistik/,,https://youtube.com/watch?v=lh7STi1x_VQ,https://www.makerprojectlab.com/heartbeat-lights-maker-update-32/
Heat-Shrink Raspberry Pi Zero W,leefiles,project,raspberry-pi,Heat-Shrink Raspberry Pi Zero W by leefiles.,high,32,2017-05-03,main,https://blog.adafruit.com/2017/04/28/heat-shrink-raspberry-pi-zero-w-raspberrypi/,,https://youtube.com/watch?v=lh7STi1x_VQ,https://www.makerprojectlab.com/heartbeat-lights-maker-update-32/
Deluxe 200-piece Color Coded Heat Shrink Tubing,,project,electronics; raspberry-pi,"electronics, raspberry-pi project: Deluxe 200-piece Color Coded Heat Shrink Tubing",high,32,2017-05-03,main,http://amzn.to/2oQLPO0,,https://youtube.com/watch?v=lh7STi1x_VQ,https://www.makerprojectlab.com/heartbeat-lights-maker-update-32/
PiMoroni On/Off Shim,,tip,raspberry-pi,Tip on raspberry-pi: PiMoroni On/Off Shim,high,32,2017-05-03,main,https://shop.pimoroni.com/collections/new-products/products/onoff-shim,,https://youtube.com/watch?v=lh7STi1x_VQ,https://www.makerprojectlab.com/heartbeat-lights-maker-update-32/
Easy Wood Finish,Make Something,tip,woodworking,Easy Wood Finish.,high,32,2017-05-03,main,https://youtu.be/dhnVKWyp1UU,,https://youtube.com/watch?v=lh7STi1x_VQ,https://www.makerprojectlab.com/heartbeat-lights-maker-update-32/
Thanks to contributors,,tip,,Crowdfunding campaign link.,low,32,2017-05-03,main,https://www.indiegogo.com/projects/kitty-grabs-back-electric-gokart-racing/x/16196059#/,,https://youtube.com/watch?v=lh7STi1x_VQ,https://www.makerprojectlab.com/heartbeat-lights-maker-update-32/
Mari DeGrazia,,tip,,Mari DeGrazia.,low,32,2017-05-03,main,,,https://youtube.com/watch?v=lh7STi1x_VQ,https://www.makerprojectlab.com/heartbeat-lights-maker-update-32/
John Eich,,tip,,John Eich.,low,32,2017-05-03,main,,,https://youtube.com/watch?v=lh7STi1x_VQ,https://www.makerprojectlab.com/heartbeat-lights-maker-update-32/
Clay Cooper,,tip,,Clay Cooper.,low,32,2017-05-03,main,,,https://youtube.com/watch?v=lh7STi1x_VQ,https://www.makerprojectlab.com/heartbeat-lights-maker-update-32/
Theron Trowbridge,,tip,,Theron Trowbridge.,low,32,2017-05-03,main,,,https://youtube.com/watch?v=lh7STi1x_VQ,https://www.makerprojectlab.com/heartbeat-lights-maker-update-32/
Scott Kelsey,,tip,,Scott Kelsey.,low,32,2017-05-03,main,,,https://youtube.com/watch?v=lh7STi1x_VQ,https://www.makerprojectlab.com/heartbeat-lights-maker-update-32/
spikex,,tip,,spikex.,low,32,2017-05-03,main,,,https://youtube.com/watch?v=lh7STi1x_VQ,https://www.makerprojectlab.com/heartbeat-lights-maker-update-32/
Gregory Buchholz,,tip,,Gregory Buchholz.,low,32,2017-05-03,main,,,https://youtube.com/watch?v=lh7STi1x_VQ,https://www.makerprojectlab.com/heartbeat-lights-maker-update-32/
auriculaire,,tip,,auriculaire.,low,32,2017-05-03,main,,,https://youtube.com/watch?v=lh7STi1x_VQ,https://www.makerprojectlab.com/heartbeat-lights-maker-update-32/
Curtis Bullock,,tip,,Curtis Bullock.,low,32,2017-05-03,main,,,https://youtube.com/watch?v=lh7STi1x_VQ,https://www.makerprojectlab.com/heartbeat-lights-maker-update-32/
Scott Kelsey,,tip,,Scott Kelsey.,low,32,2017-05-03,main,,,https://youtube.com/watch?v=lh7STi1x_VQ,https://www.makerprojectlab.com/heartbeat-lights-maker-update-32/
Matt humphrey,,tip,,Matt humphrey.,low,32,2017-05-03,main,,,https://youtube.com/watch?v=lh7STi1x_VQ,https://www.makerprojectlab.com/heartbeat-lights-maker-update-32/
Grant Johnston,,tip,,Grant Johnston.,low,32,2017-05-03,main,,,https://youtube.com/watch?v=lh7STi1x_VQ,https://www.makerprojectlab.com/heartbeat-lights-maker-update-32/
Elena Hernandez,,tip,,Elena Hernandez.,low,32,2017-05-03,main,,,https://youtube.com/watch?v=lh7STi1x_VQ,https://www.makerprojectlab.com/heartbeat-lights-maker-update-32/
Stephen Hawthorne,,tip,,Stephen Hawthorne.,low,32,2017-05-03,main,,,https://youtube.com/watch?v=lh7STi1x_VQ,https://www.makerprojectlab.com/heartbeat-lights-maker-update-32/
Grant Shellen,,tip,,Grant Shellen.,low,32,2017-05-03,main,,,https://youtube.com/watch?v=lh7STi1x_VQ,https://www.makerprojectlab.com/heartbeat-lights-maker-update-32/
Pablo Odysseus (Beach Artbot),,project,robotics; art; kinetic-art; painting,Robot that draws art on the beach.,high,31,2017-04-26,main,https://hackaday.io/project/20884-pablo-odysseus,,https://youtube.com/watch?v=M161aJBYlmY,https://www.makerprojectlab.com/beach-art-robot-maker-update-31/
Automated Parts Counter,,project,arduino; sensor; robotics; automation,Robot that counts and sorts electronic components.,high,31,2017-04-26,main,http://hackaday.com/2017/04/21/automated-parts-counter-helps-build-a-small-business/,,https://youtube.com/watch?v=M161aJBYlmY,https://www.makerprojectlab.com/beach-art-robot-maker-update-31/
Ryan Bates,,project,retro-tech; gaming; arcade,Retrobuilt Games creator profile and projects.,high,31,2017-04-26,main,http://www.retrobuiltgames.com/,,https://youtube.com/watch?v=M161aJBYlmY,https://www.makerprojectlab.com/beach-art-robot-maker-update-31/
6” Digital Calipers,,tip,measurement; electronics,Digital measurement tool for precision work.,high,31,2017-04-26,main,http://kk.org/cooltools/john-edgar-park-producer-at-disney-research/,,https://youtube.com/watch?v=M161aJBYlmY,https://www.makerprojectlab.com/beach-art-robot-maker-update-31/
http://amzn.to/2ov1YJU,,tip,,Amazon product link.,low,31,2017-04-26,main,http://amzn.to/2ov1YJU,,https://youtube.com/watch?v=M161aJBYlmY,https://www.makerprojectlab.com/beach-art-robot-maker-update-31/
Getting Started With GUIs,,tip,raspberry-pi,Tip on raspberry-pi: Getting Started With GUIs,high,31,2017-04-26,main,https://www.raspberrypi.org/learning/getting-started-with-guis/,,https://youtube.com/watch?v=M161aJBYlmY,https://www.makerprojectlab.com/beach-art-robot-maker-update-31/
https://github.com/lawsie/guizero,,tip,github; software,Resource: https://github.com/lawsie/guizero...,high,31,2017-04-26,main,https://github.com/lawsie/guizero,,https://youtube.com/watch?v=M161aJBYlmY,https://www.makerprojectlab.com/beach-art-robot-maker-update-31/
https://lawsie.github.io/guizero/,,tip,software,Resource: https://lawsie.github.io/guizero/...,high,31,2017-04-26,main,https://lawsie.github.io/guizero/,,https://youtube.com/watch?v=M161aJBYlmY,https://www.makerprojectlab.com/beach-art-robot-maker-update-31/
Stippled Ceramics,,tip,art; design-tool; decoration,Ceramic decoration using stipple patterns.,high,31,2017-04-26,main,http://www.evilmadscientist.com/2017/stippled-ceramics/,,https://youtube.com/watch?v=M161aJBYlmY,https://www.makerprojectlab.com/beach-art-robot-maker-update-31/
http://wiki.evilmadscientist.com/StippleGen,,tip,software; generative-art; vector-graphics; cnc; drawing-automation; open-source,"StippleGen converts images to stipple art or TSP paths, outputs to SVG/CNC formats.",high,31,2017-04-26,main,http://wiki.evilmadscientist.com/StippleGen,,https://youtube.com/watch?v=M161aJBYlmY,https://www.makerprojectlab.com/beach-art-robot-maker-update-31/
Latest 3D Printed NES Classic Case,JJDesigns,tip,retro-tech; 3d-printing; gaming; enclosure,3D-printed case for NES Classic console.,high,31,2017-04-26,main,https://www.thingiverse.com/thing:2258749,,https://youtube.com/watch?v=M161aJBYlmY,https://www.makerprojectlab.com/beach-art-robot-maker-update-31/
Mike Rodriguez checked out Bloomsburg PA last weekend and sent pics. You should too! donald@makerprojectlab.com,,tip,,Mike Rodriguez checked out Bloomsburg PA last weekend and sent pics. You should too! donald@makerprojectlab.com.,low,31,2017-04-26,main,,,https://youtube.com/watch?v=M161aJBYlmY,https://www.makerprojectlab.com/beach-art-robot-maker-update-31/
Solar Draw,rabbitcreek,project,solar; kinetic-art; robotics; art,Solar-powered drawing robot or kinetic sculpture.,high,30,2017-04-19,main,https://www.instructables.com/id/Solar-Draw/,,https://youtube.com/watch?v=hDejLQxcVo0,https://www.makerprojectlab.com/sun-powered-cnc-maker-update-30/
Stepper Motor Screw with Nut Slider,,project,motors; 3d-printing; mechanical; electronics,Stepper motor with 3D-printed screw mechanism.,high,30,2017-04-19,main,http://www.ebay.com/itm/2-Phases-4-Wires-DC-4-9V-18-Degrees-Drive-Stepper-Motor-Screw-with-Nut-Slider-/222027233255,,https://youtube.com/watch?v=hDejLQxcVo0,https://www.makerprojectlab.com/sun-powered-cnc-maker-update-30/
Fume Extractor,ILiketoMakeStuff,project,electronics; workshop-tool; safety; ventilation,DIY fume extractor for soldering/cutting work.,high,30,2017-04-19,main,https://www.youtube.com/watch?v=gNbNKMQhCOQ,,https://youtube.com/watch?v=hDejLQxcVo0,https://www.makerprojectlab.com/sun-powered-cnc-maker-update-30/
Knipex High Leverage Cutters,,tip,hand-tools; knipex; tool-review,A review of Knipex high-leverage cutting pliers.,high,30,2017-04-19,main,http://amzn.to/2onGa20,,https://youtube.com/watch?v=hDejLQxcVo0,https://www.makerprojectlab.com/sun-powered-cnc-maker-update-30/
http://kk.org/cooltools/knipex-high-leverage-cutters/,,tip,metal; hand-tools; cutting; precision-cutting; metalworking,Knipex high-leverage cutters for precision metal/wire cutting.,high,30,2017-04-19,main,http://kk.org/cooltools/knipex-high-leverage-cutters/,,https://youtube.com/watch?v=hDejLQxcVo0,https://www.makerprojectlab.com/sun-powered-cnc-maker-update-30/
This week's Cool Tools podcast: Simone Giertz,,tip,podcast; tool-review,This week's Cool Tools podcast: Simone Giertz.,high,30,2017-04-19,main,http://kk.org/cooltools/simone-giertz-robot-maker-and-youtuber/,,https://youtube.com/watch?v=hDejLQxcVo0,https://www.makerprojectlab.com/sun-powered-cnc-maker-update-30/
Patterns Collection - for Bending Rigid Materials,CncFactory,tip,material-bending; pattern; laser-cutting; design; rigid-materials,Guide for bending rigid materials using pattern-based techniques.,high,30,2017-04-19,main,http://www.instructables.com/id/Patterns-Collection-for-Bending-Rigid-Materials/,,https://youtube.com/watch?v=hDejLQxcVo0,https://www.makerprojectlab.com/sun-powered-cnc-maker-update-30/
3D Printed Lego Tape,,tip,3d-printing,3D Printed Lego Tape.,high,30,2017-04-19,main,https://learn.adafruit.com/3d-printed-lego-tape/overview,,https://youtube.com/watch?v=hDejLQxcVo0,https://www.makerprojectlab.com/sun-powered-cnc-maker-update-30/
Internet Archive Brings 80s and 90s Mac Programs Back to Life,,tip,retro-tech; mac-software; digital-archiving; open-access; emulation,Internet Archive article about 80s/90s Mac software preservation.,high,30,2017-04-19,main,http://www.popularmechanics.com/culture/gaming/a26119/internet-archive-brings-old-macintosh-products-back-to-life/,,https://youtube.com/watch?v=hDejLQxcVo0,https://www.makerprojectlab.com/sun-powered-cnc-maker-update-30/
https://archive.org/details/softwarelibrary_mac,,tip,digital-archiving; mac-software; retro-tech; open-access; software-preservation,Archive.org Macintosh software library with historical computing resources.,high,30,2017-04-19,main,https://archive.org/details/softwarelibrary_mac,,https://youtube.com/watch?v=hDejLQxcVo0,https://www.makerprojectlab.com/sun-powered-cnc-maker-update-30/
Electric Go Kart in Retro Style (for Kids),woodenProjects,project,vehicles; motors; arduino; diy,Retro-style go kart with electric motor.,high,29,2017-04-12,main,https://www.instructables.com/id/Electric-Go-Kart-in-Retro-Style-for-Kids/,,https://youtube.com/watch?v=Eg5nHl0vOZQ,https://www.makerprojectlab.com/diy-diploma-maker-update-29/
Scraperite Plastic Razor Blades,,tip,craft; safety,Plastic razor blade tool for safe cutting.,high,29,2017-04-12,main,http://amzn.to/2o7tD4a,,https://youtube.com/watch?v=Eg5nHl0vOZQ,https://www.makerprojectlab.com/diy-diploma-maker-update-29/
http://kk.org/cooltools/plastic-razor-blades/,,tip,hand-tools; plastic; cutting; general-purpose; tool-review,ScrapeRite plastic razor blades for damage-free label removal on plastic.,high,29,2017-04-12,main,http://kk.org/cooltools/plastic-razor-blades/,,https://youtube.com/watch?v=Eg5nHl0vOZQ,https://www.makerprojectlab.com/diy-diploma-maker-update-29/
How to use a Raspberry Pi Fingerprint Sensor for Authentication (via Adafruit),,tip,sensor; arduino; raspberry-pi; security,Fingerprint authentication with Arduino or Pi.,high,29,2017-04-12,main,https://tutorials-raspberrypi.com/how-to-use-raspberry-pi-fingerprint-sensor-authentication/,,https://youtube.com/watch?v=Eg5nHl0vOZQ,https://www.makerprojectlab.com/diy-diploma-maker-update-29/
How to use a Fingerprint Sensor with Arduino,,tip,sensor; arduino; raspberry-pi; security,Fingerprint authentication with Arduino or Pi.,high,29,2017-04-12,main,https://learn.adafruit.com/adafruit-optical-fingerprint-sensor/wiring-for-use-with-arduino,,https://youtube.com/watch?v=Eg5nHl0vOZQ,https://www.makerprojectlab.com/diy-diploma-maker-update-29/
Laser Cut Parametric Flex Box Generators,JustAddSharks,tip,cad; 3d-printing; electronics; design-tool,Parametric battery box with spring contacts.,high,29,2017-04-12,main,https://www.instructables.com/id/Laser-Cut-Parametric-Flex-Box-Generators/,,https://youtube.com/watch?v=Eg5nHl0vOZQ,https://www.makerprojectlab.com/diy-diploma-maker-update-29/
Sninges in Laser Cut Acryllic,Sean Michael Ragan,tip,laser-cutting; acrylic; joints; assembly,Laser-cut acrylic slot joints for assembly.,high,29,2017-04-12,main,http://makezine.com/2011/12/08/designing-sninges-in-laser-cut-acrylic/,,https://youtube.com/watch?v=Eg5nHl0vOZQ,https://www.makerprojectlab.com/diy-diploma-maker-update-29/
National Robotics Week,,tip,robotics,National Robotics Week.,high,29,2017-04-12,main,http://www.nationalroboticsweek.org/,,https://youtube.com/watch?v=Eg5nHl0vOZQ,https://www.makerprojectlab.com/diy-diploma-maker-update-29/
Robot Trading Cards,,tip,robotics,Robot Trading Cards.,high,29,2017-04-12,main,http://www.nationalroboticsweek.org/Cards.aspx,,https://youtube.com/watch?v=Eg5nHl0vOZQ,https://www.makerprojectlab.com/diy-diploma-maker-update-29/
Sound Reactive Lightning Cloud,AlisonM75,project,led; neopixel; audio; kinetic-art,Light effects responsive to audio/sound levels.,high,29,2017-04-12,main,https://www.instructables.com/id/Sound-Reactive-Lightning-Cloud/,,https://youtube.com/watch?v=Eg5nHl0vOZQ,https://www.makerprojectlab.com/diy-diploma-maker-update-29/
Richard Clarkson Cloud,,project,ambient-lighting; smart-speaker; music-visualization; led; home-decor,Smart Cloud speaker with music-reactive LED lighting and ambient art.,high,29,2017-04-12,main,http://www.richardclarkson.com/cloud/,,https://youtube.com/watch?v=Eg5nHl0vOZQ,https://www.makerprojectlab.com/diy-diploma-maker-update-29/
Richard Clarkson Floating,,project,magnetic-levitation; art; product-design; wireless; technology,Floating Cloud magnetic levitation sculpture by Richard Clarkson Studio.,high,29,2017-04-12,main,http://www.richardclarkson.com/floating/,,https://youtube.com/watch?v=Eg5nHl0vOZQ,https://www.makerprojectlab.com/diy-diploma-maker-update-29/
Why You Wear Safety Glasses,,project,safety; personal-protection,PopularMechanics article on safety glasses in workshops.,low,29,2017-04-12,main,http://www.popularmechanics.com/home/tools/a21301/here-is-why-you-wear-safety-glasses/,,https://youtube.com/watch?v=Eg5nHl0vOZQ,https://www.makerprojectlab.com/diy-diploma-maker-update-29/
Perpetual Clock With Arduino,JON-A-TRON,project,arduino; kinetic-art; mechanical; display,Clock display with perpetual motion sculpture.,high,28,2017-04-05,main,https://www.instructables.com/id/Perpetual-Clock-With-Arduino/,,https://youtube.com/watch?v=khG4Zk5XZrw,https://www.makerprojectlab.com/arduino-time-hard-way-maker-update-28/
Fusion 360 Rack and Pinion Gear Rob Duarte,,project,cad; fusion360; mechanical-design; gears; 3d-modeling,Fusion 360 tutorial on rack and pinion gear design and modeling.,high,28,2017-04-05,main,https://www.youtube.com/watch?v=khG4Zk5XZrw,,https://youtube.com/watch?v=khG4Zk5XZrw,https://www.makerprojectlab.com/arduino-time-hard-way-maker-update-28/
All Seeing Pi Photo Booth (via Adafruit),,project,raspberry-pi; camera; photography; interactive,DIY photo booth using Raspberry Pi camera.,high,28,2017-04-05,main,https://www.raspberrypi.org/learning/the-all-seeing-pi/,,https://youtube.com/watch?v=khG4Zk5XZrw,https://www.makerprojectlab.com/arduino-time-hard-way-maker-update-28/
https://blog.adafruit.com/2017/03/31/the-all-seeing-pi-a-rasberry-pi-photo-booth-piday-raspberrypi-raspberry_pi/,,project,raspberry-pi; electronics; photo-booth; diy,Adafruit Raspberry Pi photo booth project.,low,28,2017-04-05,main,https://blog.adafruit.com/2017/03/31/the-all-seeing-pi-a-rasberry-pi-photo-booth-piday-raspberrypi-raspberry_pi/,,https://youtube.com/watch?v=khG4Zk5XZrw,https://www.makerprojectlab.com/arduino-time-hard-way-maker-update-28/
FastCap Glue-Bot & Babe Bot bottle,,tip,precision,Precision glue dispensing tool review.,high,28,2017-04-05,main,http://amzn.to/2ni1Ls3,,https://youtube.com/watch?v=khG4Zk5XZrw,https://www.makerprojectlab.com/arduino-time-hard-way-maker-update-28/
http://kk.org/cooltools/paolo-salvagione-visual-artist/,,tip,kinetic-art; mechanical-design; sculpture; metalworking; interactive-art,Paolo Salvagione visual artist and mechanical engineer working with interactive sculptures.,high,28,2017-04-05,main,http://kk.org/cooltools/paolo-salvagione-visual-artist/,,https://youtube.com/watch?v=khG4Zk5XZrw,https://www.makerprojectlab.com/arduino-time-hard-way-maker-update-28/
Hammerhead Jig,,tip,woodworking; jig,Woodworking jig for accurate fastening.,high,28,2017-04-05,main,https://www.adafruit.com/products/3413?utm_source=youtube&utm_medium=videodescrip&utm_campaign=newproducts,,https://youtube.com/watch?v=khG4Zk5XZrw,https://www.makerprojectlab.com/arduino-time-hard-way-maker-update-28/
https://www.youtube.com/watch?v=VDJ2-feg2lk,,tip,youtube; maker-content,Bilge Tank episode 072 video content.,low,28,2017-04-05,main,https://www.youtube.com/watch?v=VDJ2-feg2lk,,https://youtube.com/watch?v=khG4Zk5XZrw,https://www.makerprojectlab.com/arduino-time-hard-way-maker-update-28/
MagPi #56,,tip,raspberry-pi,Raspberry Pi official magazine publication.,high,28,2017-04-05,main,https://www.raspberrypi.org/magpi/issues/56/,,https://youtube.com/watch?v=khG4Zk5XZrw,https://www.makerprojectlab.com/arduino-time-hard-way-maker-update-28/
Mission Creek ALT,,tip,event; festival; art; performance,Mission Creek Festival scheduling information.,low,28,2017-04-05,main,http://missioncreekfestival.com/schedule/alt-2017/,,https://youtube.com/watch?v=khG4Zk5XZrw,https://www.makerprojectlab.com/arduino-time-hard-way-maker-update-28/
https://docs.google.com/forms/d/e/1FAIpQLSfPH_5k5U07g_6RuAwt3liueIQwEZdnX6DYu8DkoshWlcC3sg/viewform?c=0&w=1,,tip,form; survey; event,Google Form for Mission Creek Festival registration.,low,28,2017-04-05,main,https://docs.google.com/forms/d/e/1FAIpQLSfPH_5k5U07g_6RuAwt3liueIQwEZdnX6DYu8DkoshWlcC3sg/viewform?c=0&w=1,,https://youtube.com/watch?v=khG4Zk5XZrw,https://www.makerprojectlab.com/arduino-time-hard-way-maker-update-28/
MusicBox Project,,project,music,MusicBox Project.,high,27,2017-03-29,main,https://www.instructables.com/id/Raspberry-Pi-Home-Network-Music-System/,,https://youtube.com/watch?v=34PBCnMQgt8,https://www.makerprojectlab.com/kimono-self-involved-maker-update-27/
Custom Print Kimono,randofo,project,sewing; textile; fabric-printing; garment-design; fashion,Custom-printed kimono project with step-by-step sewing instructions.,high,27,2017-03-29,main,https://www.instructables.com/id/Custom-Print-Kimono/,,https://youtube.com/watch?v=34PBCnMQgt8,https://www.makerprojectlab.com/kimono-self-involved-maker-update-27/
Arduino Uno Drinkbot,Ted Kinsman,project,arduino; robotics,Arduino Uno Drinkbot by Ted Kinsman.,high,27,2017-03-29,main,http://makezine.com/projects/build-cocktail-drinkbot/,,https://youtube.com/watch?v=34PBCnMQgt8,https://www.makerprojectlab.com/kimono-self-involved-maker-update-27/
Banker's Box Project Storage Shelf (via Hackaday),,project,woodworking; storage; diy; organization,Storage organization project from Omaha Maker Group.,low,27,2017-03-29,main,http://omahamakergroup.org/2017/03/22/bankers-box-storage-plans/,,https://youtube.com/watch?v=34PBCnMQgt8,https://www.makerprojectlab.com/kimono-self-involved-maker-update-27/
Transforming Open/Close sign,Matt Harrison (based on Yosuke Ikeda's work),project,woodworking; plywood; shelving; makerspace; storage,Banker box shelving system for makerspace storage organization.,high,27,2017-03-29,main,http://www.core77.com/posts/63944/Designer-Figures-Out-How-to-Perfect-That-Transforming-OpenClosed-Sign,,https://youtube.com/watch?v=34PBCnMQgt8,https://www.makerprojectlab.com/kimono-self-involved-maker-update-27/
http://www.thingiverse.com/thing:2015046,,project,design; product-design; core77,Product design article on transforming open/closed signs.,low,27,2017-03-29,main,http://www.thingiverse.com/thing:2015046,,https://youtube.com/watch?v=34PBCnMQgt8,https://www.makerprojectlab.com/kimono-self-involved-maker-update-27/
JoyBonnet,,tip,raspberry-pi; gaming; emulation; electronics; handheld-console,Adafruit Joy Bonnet - portable gaming controller for Raspberry Pi Zero.,high,27,2017-03-29,main,https://www.adafruit.com/products/3464,,https://youtube.com/watch?v=34PBCnMQgt8,https://www.makerprojectlab.com/kimono-self-involved-maker-update-27/
Adafruit Feather nRF52 Bluefruit LE,,tip,arcade; gaming; raspberry-pi; hat; audio; electronics,Pimoroni Picade X HAT - arcade control interface for Raspberry Pi.,high,27,2017-03-29,main,https://www.adafruit.com/products/3406,,https://youtube.com/watch?v=34PBCnMQgt8,https://www.makerprojectlab.com/kimono-self-involved-maker-update-27/
Drilling in Eye Hooks,,tip,laser-cutting; electronics; cosplay; props; lightsaber,DIY laser-powered light saber project with step-by-step guide.,low,27,2017-03-29,main,http://makezine.com/2017/03/24/tips-of-the-week-drilling-hooks-concept-sketching-electronics-helper-app/,,https://youtube.com/watch?v=34PBCnMQgt8,https://www.makerprojectlab.com/kimono-self-involved-maker-update-27/
The Pi Locator (via Hackaday),,tip,interactive-art; kinetic-sculpture; robotic-art; installation-art; technology,Neil Mendoza interactive art and kinetic sculpture installations.,high,27,2017-03-29,main,http://www.thepilocator.com/,,https://youtube.com/watch?v=34PBCnMQgt8,https://www.makerprojectlab.com/kimono-self-involved-maker-update-27/
DaDa Machine,,tip,crowdfunding; product-design,Kickstarter project,low,27,2017-03-29,main,https://www.kickstarter.com/projects/1481744082/309896839?token=bf5ca50a,,https://youtube.com/watch?v=34PBCnMQgt8,https://www.makerprojectlab.com/kimono-self-involved-maker-update-27/
Pi Wars,,tip,raspberry-pi; robotics; competition; autonomous-robots; maker-projects,Pi Wars 2017 robotics competition with Raspberry Pi powered robots.,high,27,2017-03-29,main,https://www.raspberrypi.org/blog/pi-wars-2017/,,https://youtube.com/watch?v=34PBCnMQgt8,https://www.makerprojectlab.com/kimono-self-involved-maker-update-27/
John Park Ninja Timer,,project,electronics; arduino; timer,Ninja-themed timer device.,high,26,2017-03-22,main,https://learn.adafruit.com/ninja-timer-giant-7-segment-display/overview,,https://youtube.com/watch?v=A6AkDUQnTxU,https://www.makerprojectlab.com/skateboard-guitars-ninja-timers-maker-update-26/
Lap Slide Guitar Skate Board,BeavisChrist,project,music; vehicles; instrument; skateboard,Skateboard converted into lap-slide guitar.,high,26,2017-03-22,main,https://www.instructables.com/id/Lap-Slide-Guitar-Skate-Board/,,https://youtube.com/watch?v=A6AkDUQnTxU,https://www.makerprojectlab.com/skateboard-guitars-ninja-timers-maker-update-26/
InkScape Fret Ruler Extension,,project,music; design-tool; cad; luthier,Inkscape tool for generating guitar fret patterns.,high,26,2017-03-22,main,https://inkscape.org/en/~Neon22/%E2%98%85luthier-fret-ruler,,https://youtube.com/watch?v=A6AkDUQnTxU,https://www.makerprojectlab.com/skateboard-guitars-ninja-timers-maker-update-26/
FastCap Glue-Bot & Babe Bot bottle,,tip,precision,Precision glue dispensing tool review.,high,26,2017-03-22,main,http://kk.org/cooltools/paolo-salvagione-visual-artist/,,https://youtube.com/watch?v=A6AkDUQnTxU,https://www.makerprojectlab.com/skateboard-guitars-ninja-timers-maker-update-26/
https://www.amazon.com/exec/obidos/ASIN/B0006IUW8G/ref=nosim/cooltools-20,,tip,product; tool-review; retail,Amazon product,low,26,2017-03-22,main,https://www.amazon.com/exec/obidos/ASIN/B0006IUW8G/ref=nosim/cooltools-20,,https://youtube.com/watch?v=A6AkDUQnTxU,https://www.makerprojectlab.com/skateboard-guitars-ninja-timers-maker-update-26/
https://www.amazon.com/FastCap-Babe-Bot-Ounce-Glue-Bottle/dp/B0006IUW9U/,,tip,product; tool-review; retail,Amazon product,low,26,2017-03-22,main,https://www.amazon.com/FastCap-Babe-Bot-Ounce-Glue-Bottle/dp/B0006IUW9U/,,https://youtube.com/watch?v=A6AkDUQnTxU,https://www.makerprojectlab.com/skateboard-guitars-ninja-timers-maker-update-26/
Etcher Software for SD imaging,,tip,software; sd-card; flashing; raspberry-pi,Balena Etcher software,low,26,2017-03-22,main,https://etcher.io/,,https://youtube.com/watch?v=A6AkDUQnTxU,https://www.makerprojectlab.com/skateboard-guitars-ninja-timers-maker-update-26/
Picade Hat,,tip,electronics; raspberry-pi; maker-electronics,Adafruit electronics component,low,26,2017-03-22,main,https://blog.adafruit.com/2017/03/14/new-product-pimoroni-picade-hat-for-raspberry-pi/,,https://youtube.com/watch?v=A6AkDUQnTxU,https://www.makerprojectlab.com/skateboard-guitars-ninja-timers-maker-update-26/
https://www.adafruit.com/product/3402,,tip,electronics; raspberry-pi; maker-electronics,Adafruit electronics component,low,26,2017-03-22,main,https://www.adafruit.com/product/3402,,https://youtube.com/watch?v=A6AkDUQnTxU,https://www.makerprojectlab.com/skateboard-guitars-ninja-timers-maker-update-26/
Feather Cases,,tip,electronics; raspberry-pi; maker-electronics,Adafruit electronics component,low,26,2017-03-22,main,https://forums.adafruit.com/viewtopic.php?f=57&t=113908,,https://youtube.com/watch?v=A6AkDUQnTxU,https://www.makerprojectlab.com/skateboard-guitars-ninja-timers-maker-update-26/
https://www.youtube.com/watch?v=V8bCpCotjO4&feature=youtu.be,,tip,youtube; maker-content,YouTube maker video,low,26,2017-03-22,main,https://www.youtube.com/watch?v=V8bCpCotjO4&feature=youtu.be,,https://youtube.com/watch?v=A6AkDUQnTxU,https://www.makerprojectlab.com/skateboard-guitars-ninja-timers-maker-update-26/
Mission Creek ALT,,tip,,Maker Update resource,low,26,2017-03-22,main,http://missioncreekfestival.com/schedule/alt-2017/,,https://youtube.com/watch?v=A6AkDUQnTxU,https://www.makerprojectlab.com/skateboard-guitars-ninja-timers-maker-update-26/
https://docs.google.com/forms/d/e/1FAIpQLSfPH_5k5U07g_6RuAwt3liueIQwEZdnX6DYu8DkoshWlcC3sg/viewform?c=0&w=1,,tip,form; event-registration,Event registration or survey form,low,26,2017-03-22,main,https://docs.google.com/forms/d/e/1FAIpQLSfPH_5k5U07g_6RuAwt3liueIQwEZdnX6DYu8DkoshWlcC3sg/viewform?c=0&w=1,,https://youtube.com/watch?v=A6AkDUQnTxU,https://www.makerprojectlab.com/skateboard-guitars-ninja-timers-maker-update-26/
Laser-powered Lightsaber,makendo,project,diy; instructables,Instructables maker project guide,low,25,2017-03-15,main,https://www.instructables.com/id/Laser-powered-Light-Saber/,,https://youtube.com/watch?v=tjWhTjykpIo,https://www.makerprojectlab.com/pi-panda-cams-and-laser-lightsabers-maker-update-25/
Mechanical Xylophone,neilmendoza,project,music; 3d-printing; kinetic-art; mechanical,Self-playing mechanical xylophone sculpture.,high,25,2017-03-15,main,https://www.instructables.com/id/Mechanical-Xylophone/,,https://youtube.com/watch?v=tjWhTjykpIo,https://www.makerprojectlab.com/pi-panda-cams-and-laser-lightsabers-maker-update-25/
http://www.neilmendoza.com/,,project,,Maker Update resource,low,25,2017-03-15,main,http://www.neilmendoza.com/,,https://youtube.com/watch?v=tjWhTjykpIo,https://www.makerprojectlab.com/pi-panda-cams-and-laser-lightsabers-maker-update-25/
Pi Panda Cam,,project,raspberry-pi; camera; robotics; novelty,Panda-themed Raspberry Pi camera project.,high,25,2017-03-15,main,https://github.com/Zipcar/zipcar-pi-zero-guide/blob/master/projects/panda-cam-monitor.md,,https://youtube.com/watch?v=tjWhTjykpIo,https://www.makerprojectlab.com/pi-panda-cams-and-laser-lightsabers-maker-update-25/
Sparkfun Roshamglo board,,tip,arduino; electronics; game; interactive,Electronic rock-paper-scissors game device.,high,25,2017-03-15,main,https://www.sparkfun.com/products/14130,,https://youtube.com/watch?v=tjWhTjykpIo,https://www.makerprojectlab.com/pi-panda-cams-and-laser-lightsabers-maker-update-25/
https://twitter.com/Hacksterio/status/841030029836484609,,tip,,Maker Update resource,low,25,2017-03-15,main,https://twitter.com/Hacksterio/status/841030029836484609,,https://youtube.com/watch?v=tjWhTjykpIo,https://www.makerprojectlab.com/pi-panda-cams-and-laser-lightsabers-maker-update-25/
Pendulus,Make Anything,project,kinetic-art; mechanical; physics,Chaotic pendulum kinetic sculpture.,high,24,2017-03-08,main,https://www.youtube.com/watch?v=mZ1hF_-cubA,,https://youtube.com/watch?v=mURrW53F46M,https://www.makerprojectlab.com/tiki-volcanoes-double-pendulums-maker-update-24/
https://www.devinmontes.com/pendulus,,project,,Maker Update resource,low,24,2017-03-08,main,https://www.devinmontes.com/pendulus,,https://youtube.com/watch?v=mURrW53F46M,https://www.makerprojectlab.com/tiki-volcanoes-double-pendulums-maker-update-24/
https://www.instructables.com/id/The-Chaos-Machine-Double-Pendulum/,,project,diy; instructables,Instructables maker project guide,low,24,2017-03-08,main,https://www.instructables.com/id/The-Chaos-Machine-Double-Pendulum/,,https://youtube.com/watch?v=mURrW53F46M,https://www.makerprojectlab.com/tiki-volcanoes-double-pendulums-maker-update-24/
PCB Workstation w/Crane Arms,,project,electronics; workspace; lighting; organization,DIY electronics workbench with crane arms.,high,24,2017-03-08,main,https://blog.adafruit.com/2017/03/03/updated-pcb-workstation-with-crane-arms-3dprinting/,,https://youtube.com/watch?v=mURrW53F46M,https://www.makerprojectlab.com/tiki-volcanoes-double-pendulums-maker-update-24/
http://www.thingiverse.com/thing:2111631,,project,,Maker Update resource,low,24,2017-03-08,main,http://www.thingiverse.com/thing:2111631,,https://youtube.com/watch?v=mURrW53F46M,https://www.makerprojectlab.com/tiki-volcanoes-double-pendulums-maker-update-24/
Older version,,project,,Maker Update resource,low,24,2017-03-08,main,http://makezine.com/projects/3d-print-the-ultimate-helping-hands-for-a-pcb-workstation/,,https://youtube.com/watch?v=mURrW53F46M,https://www.makerprojectlab.com/tiki-volcanoes-double-pendulums-maker-update-24/
Basement Volcano,,project,art-installation; electronics; lighting,Volcano sculpture with electronic lighting effects.,high,24,2017-03-08,main,https://blog.adafruit.com/2017/03/03/basement-volcano-for-tiki-bar-made-with-neopixels-and-raspberry-pi-piday-raspberrypi-raspberry_pi/,,https://youtube.com/watch?v=mURrW53F46M,https://www.makerprojectlab.com/tiki-volcanoes-double-pendulums-maker-update-24/
https://vixenlabs.com/2016/02/22/kilauea-cove-build-part-1/,,project,,Maker Update resource,low,24,2017-03-08,main,https://vixenlabs.com/2016/02/22/kilauea-cove-build-part-1/,,https://youtube.com/watch?v=mURrW53F46M,https://www.makerprojectlab.com/tiki-volcanoes-double-pendulums-maker-update-24/
Latest MagPi Magazine is out #55,,tip,raspberry-pi,Raspberry Pi official magazine publication.,high,24,2017-03-08,main,https://www.raspberrypi.org/magpi/issues/55/,,https://youtube.com/watch?v=mURrW53F46M,https://www.makerprojectlab.com/tiki-volcanoes-double-pendulums-maker-update-24/
New issue of Make hitting Newstands,,tip,,New issue of Make hitting Newstands.,low,24,2017-03-08,main,,,https://youtube.com/watch?v=mURrW53F46M,https://www.makerprojectlab.com/tiki-volcanoes-double-pendulums-maker-update-24/
3DP Cases for Electronic Components,,tip,,Maker Update resource,low,24,2017-03-08,main,https://www.hackster.io/circuito-io-team/fun-cases-for-electronic-components-94b7db,,https://youtube.com/watch?v=mURrW53F46M,https://www.makerprojectlab.com/tiki-volcanoes-double-pendulums-maker-update-24/
Free Instructables Classes Reach Tipping Point,,tip,diy; instructables,Instructables maker project guide,low,24,2017-03-08,main,https://www.instructables.com/classes/,,https://youtube.com/watch?v=mURrW53F46M,https://www.makerprojectlab.com/tiki-volcanoes-double-pendulums-maker-update-24/
There's Even a Class on Writing an Instructable,,tip,diy; instructables,Instructables maker project guide,low,24,2017-03-08,main,https://www.instructables.com/class/How-to-Write-an-Instructable-Class/,,https://youtube.com/watch?v=mURrW53F46M,https://www.makerprojectlab.com/tiki-volcanoes-double-pendulums-maker-update-24/
Motion Activated Bike Lighting Prototype,Bob Clagett,project,led; sensor; vehicles; safety; lighting,Bike lighting activated by motion detection.,high,23,2017-03-01,main,https://www.youtube.com/watch?v=4oFRJqaXWYk,,https://youtube.com/watch?v=OQTIbB5-o0Y,https://www.makerprojectlab.com/10-computer-updated-wifi-bluetooth-maker-update-23/
Mini Apple II,Chris Larkin,project,retro-tech; electronics; computing; recreation,Miniature Apple II computer recreation.,high,23,2017-03-01,main,http://makezine.com/2017/02/27/chip-powered-apple-ii-mini/,,https://youtube.com/watch?v=OQTIbB5-o0Y,https://www.makerprojectlab.com/10-computer-updated-wifi-bluetooth-maker-update-23/
https://github.com/Cupcakus/AppleIIMini,,project,,Maker Update resource,low,23,2017-03-01,main,https://github.com/Cupcakus/AppleIIMini,,https://youtube.com/watch?v=OQTIbB5-o0Y,https://www.makerprojectlab.com/10-computer-updated-wifi-bluetooth-maker-update-23/
Reactive LED Pendant,Martin Cowell,project,led; wearables; electronics; jewelry,LED pendant jewelry that reacts to touch.,high,23,2017-03-01,main,https://www.instructables.com/id/Reactive-Pendant/?ALLSTEPS,,https://youtube.com/watch?v=OQTIbB5-o0Y,https://www.makerprojectlab.com/10-computer-updated-wifi-bluetooth-maker-update-23/
http://martincowell.com/pendant/,,project,,Maker Update resource,low,23,2017-03-01,main,http://martincowell.com/pendant/,,https://youtube.com/watch?v=OQTIbB5-o0Y,https://www.makerprojectlab.com/10-computer-updated-wifi-bluetooth-maker-update-23/
TV Time Machine,Wellington Duraes,project,retro-tech; electronics; vintage,Retro TV time machine device.,high,23,2017-03-01,main,https://www.hackster.io/wellington-duraes/tv-time-machine-d11b5f,,https://youtube.com/watch?v=OQTIbB5-o0Y,https://www.makerprojectlab.com/10-computer-updated-wifi-bluetooth-maker-update-23/
PaPiRus,,tip,electronics; raspberry-pi; maker-electronics,Adafruit electronics component,low,23,2017-03-01,main,https://blog.adafruit.com/2017/02/23/new-product-papirus-2-7-eink-display-hat-for-raspberry-pi-from-pi-supply/,,https://youtube.com/watch?v=OQTIbB5-o0Y,https://www.makerprojectlab.com/10-computer-updated-wifi-bluetooth-maker-update-23/
Machina,,tip,crowdfunding; product-design,Kickstarter project,low,23,2017-03-01,main,https://www.kickstarter.com/projects/1029808658/macchina-the-ultimate-tool-for-taking-control-of-y?token=e40d156d,,https://youtube.com/watch?v=OQTIbB5-o0Y,https://www.makerprojectlab.com/10-computer-updated-wifi-bluetooth-maker-update-23/
Fiber Optics and Circuit Playground Board,,tip,electronics; raspberry-pi; maker-electronics,Adafruit electronics component,low,23,2017-03-01,main,https://learn.adafruit.com/circuit-playground-light-pod/intro-and-setup,,https://youtube.com/watch?v=OQTIbB5-o0Y,https://www.makerprojectlab.com/10-computer-updated-wifi-bluetooth-maker-update-23/
Open Source Growroom,Space10,project,horticulture; arduino; iot; sensor; automation,Open-source indoor garden with IoT sensors.,high,22,2017-02-22,main,https://medium.com/space10-the-farm/space10-open-sources-the-growroom-aa7ca6621715#.rh1o2bqd8,https://www.space10.io/,https://youtube.com/watch?v=0bYUHvjHijA,https://www.makerprojectlab.com/cnc-garden-pods-wi-fi-weather-panels-maker-update-22/
https://github.com/space10-community/the-growroom,,project,,Maker Update resource,low,22,2017-02-22,main,https://github.com/space10-community/the-growroom,,https://youtube.com/watch?v=0bYUHvjHijA,https://www.makerprojectlab.com/cnc-garden-pods-wi-fi-weather-panels-maker-update-22/
WiFi Weather Display with ESP8266,bekathwia,project,esp32; sensor; home-automation; display; weather,WiFi weather display using ESP8266.,high,22,2017-02-22,main,https://www.instructables.com/id/WiFi-Weather-Display-With-ESP8266/,,https://youtube.com/watch?v=0bYUHvjHijA,https://www.makerprojectlab.com/cnc-garden-pods-wi-fi-weather-panels-maker-update-22/
3D Printed Digital Night Vision (The OpenScope),MattGyver92,project,3d-printing; optics; electronics; imaging,Digital night vision device construction.,high,22,2017-02-22,main,https://www.instructables.com/id/3D-Printed-Digital-Night-Vision-The-OpenScope/,,https://youtube.com/watch?v=0bYUHvjHijA,https://www.makerprojectlab.com/cnc-garden-pods-wi-fi-weather-panels-maker-update-22/
Measuring Tape Mods via MAKE:,,tip,,Maker Update resource,low,22,2017-02-22,main,http://makezine.com/2017/02/17/tips-of-the-week-measuring-tape-mods-mold-making-vinyl-testing/,https://youtu.be/gZV92wGPqTA,https://youtube.com/watch?v=0bYUHvjHijA,https://www.makerprojectlab.com/cnc-garden-pods-wi-fi-weather-panels-maker-update-22/
Stereographic Picture Projectors,,tip,,Maker Update resource,low,22,2017-02-22,main,https://www.thingiverse.com/glitchpudding/collections/stereoprojection,,https://youtube.com/watch?v=0bYUHvjHijA,https://www.makerprojectlab.com/cnc-garden-pods-wi-fi-weather-panels-maker-update-22/
BuildTak Spatula,,tip,,Maker Update resource,low,22,2017-02-22,main,http://amzn.to/2kIzHN0,,https://youtube.com/watch?v=0bYUHvjHijA,https://www.makerprojectlab.com/cnc-garden-pods-wi-fi-weather-panels-maker-update-22/
http://kk.org/cooltools/buildtak-spatula/,,tip,tool-review; cool-tools,Cool Tools product review,low,22,2017-02-22,main,http://kk.org/cooltools/buildtak-spatula/,,https://youtube.com/watch?v=0bYUHvjHijA,https://www.makerprojectlab.com/cnc-garden-pods-wi-fi-weather-panels-maker-update-22/
"Laura, Cris and Linn Tips and Hacks",,tip,tutorial,"Laura, Cris and Linn Tips and Hacks.",high,22,2017-02-22,main,https://www.youtube.com/watch?v=Tj7Tbm_4548,,https://youtube.com/watch?v=0bYUHvjHijA,https://www.makerprojectlab.com/cnc-garden-pods-wi-fi-weather-panels-maker-update-22/
https://www.youtube.com/watch?v=Azx4Bf2Hnow,,tip,youtube; maker-content,YouTube maker video,low,22,2017-02-22,main,https://www.youtube.com/watch?v=Azx4Bf2Hnow,,https://youtube.com/watch?v=0bYUHvjHijA,https://www.makerprojectlab.com/cnc-garden-pods-wi-fi-weather-panels-maker-update-22/
https://www.youtube.com/watch?v=uWbGMAPg2uk,,tip,youtube; maker-content,YouTube maker video,low,22,2017-02-22,main,https://www.youtube.com/watch?v=uWbGMAPg2uk,,https://youtube.com/watch?v=0bYUHvjHijA,https://www.makerprojectlab.com/cnc-garden-pods-wi-fi-weather-panels-maker-update-22/
Adam Savage Wookie Bandolier,,tip,,Maker Update resource,low,22,2017-02-22,main,https://youtu.be/1gJ4_Hc17cM,,https://youtube.com/watch?v=0bYUHvjHijA,https://www.makerprojectlab.com/cnc-garden-pods-wi-fi-weather-panels-maker-update-22/
Infy Maker Awards,,tip,electronics; raspberry-pi; maker-electronics,Adafruit electronics component,low,22,2017-02-22,main,https://blog.adafruit.com/2017/02/19/infymakers-makers-wanted-infymakers-whyimake/,,https://youtube.com/watch?v=0bYUHvjHijA,https://www.makerprojectlab.com/cnc-garden-pods-wi-fi-weather-panels-maker-update-22/
Lo-Fi Voice Sampler (lonesoulsurfer),,project,diy; instructables,Instructables maker project guide,low,21,2017-02-15,main,https://www.instructables.com/id/Lo-Fi-Voice-Sampler-Circuit-Bending-/,,https://youtube.com/watch?v=CAE-PJzmd_k,https://www.makerprojectlab.com/hacking-2-voice-recorder-maker-update-21/
Original Project,Dani Dögenigt,project,,Maker Update resource,low,21,2017-02-15,main,http://www.dogenigt.com/2014/01/greeting-card-sampler-boxed.html,,https://youtube.com/watch?v=CAE-PJzmd_k,https://www.makerprojectlab.com/hacking-2-voice-recorder-maker-update-21/
Cheap Recorder Module,,project,,Maker Update resource,low,21,2017-02-15,main,http://www.ebay.com/itm/ISD1820-Voice-Recording-Sound-Recorder-Module-With-Micophone-0-5W-Loudspeaker-/191959331149?hash=item2cb1aaf14d:g:xLYAAOSwRGlXqCvP,,https://youtube.com/watch?v=CAE-PJzmd_k,https://www.makerprojectlab.com/hacking-2-voice-recorder-maker-update-21/
Vintage Intercom Enclosures,,project,,Maker Update resource,low,21,2017-02-15,main,http://www.ebay.com/sch/i.html?_odkw=transistor+intercom&_osacat=0&_from=R40&_trksid=p2045573.m570.l1313.TR0.TRC0.H0.Xvintage+intercom.TRS1&_nkw=vintage+intercom&_sacat=0,,https://youtube.com/watch?v=CAE-PJzmd_k,https://www.makerprojectlab.com/hacking-2-voice-recorder-maker-update-21/
Ben Light Flick Face,,project,,Maker Update resource,low,21,2017-02-15,main,https://www.instagram.com/p/BQRmpD_j0ny/?taken-by=blight_design,,https://youtube.com/watch?v=CAE-PJzmd_k,https://www.makerprojectlab.com/hacking-2-voice-recorder-maker-update-21/
Pi Cameras Compared,,tip,photography,Pi Cameras Compared.,high,21,2017-02-15,main,https://blog.adafruit.com/2017/02/10/raspberry-pi-camera-comparison-piday-raspberrypi-raspberry_pi/,,https://youtube.com/watch?v=CAE-PJzmd_k,https://www.makerprojectlab.com/hacking-2-voice-recorder-maker-update-21/
PocketCHIP Review,,tip,,Maker Update resource,low,21,2017-02-15,main,http://makerprojectlab.com/pocket-chip-review/,,https://youtube.com/watch?v=CAE-PJzmd_k,https://www.makerprojectlab.com/hacking-2-voice-recorder-maker-update-21/
Trash to Treasure,,tip,diy; instructables,Instructables maker project guide,low,21,2017-02-15,main,https://www.instructables.com/contest/trashtotreasure2017/,,https://youtube.com/watch?v=CAE-PJzmd_k,https://www.makerprojectlab.com/hacking-2-voice-recorder-maker-update-21/
Shelving,,tip,diy; instructables,Instructables maker project guide,low,21,2017-02-15,main,https://www.instructables.com/contest/shelving2016/,,https://youtube.com/watch?v=CAE-PJzmd_k,https://www.makerprojectlab.com/hacking-2-voice-recorder-maker-update-21/
Valentines Day,,tip,diy; instructables,Instructables maker project guide,low,21,2017-02-15,main,https://www.instructables.com/contest/valentinesday2017/,,https://youtube.com/watch?v=CAE-PJzmd_k,https://www.makerprojectlab.com/hacking-2-voice-recorder-maker-update-21/
Microcontroller,,tip,diy; instructables,Instructables maker project guide,low,21,2017-02-15,main,https://www.instructables.com/contest/Microcontroller2017/,,https://youtube.com/watch?v=CAE-PJzmd_k,https://www.makerprojectlab.com/hacking-2-voice-recorder-maker-update-21/
Timelapse Mini Arduino Camera (Ruiz Bros),,project,arduino; photography,Timelapse Mini Arduino Camera (Ruiz Bros).,high,20,2017-02-08,main,https://learn.adafruit.com/portable-mini-timelapse-camera,,https://youtube.com/watch?v=t_ix-hGvaNQ,https://www.makerprojectlab.com/spy-cameras-internet-valentines-maker-update-20/
Layer,Layer,project,youtube; maker-content,YouTube maker video,low,20,2017-02-08,main,https://www.youtube.com/watch?v=nk4mgITryCo,,https://youtube.com/watch?v=t_ix-hGvaNQ,https://www.makerprojectlab.com/spy-cameras-internet-valentines-maker-update-20/
Raspberry Pi Billy Bass (Mari DeGrazia),,project,raspberry-pi,Raspberry Pi Billy Bass (Mari DeGrazia).,high,20,2017-02-08,main,https://anotherpiblog.blogspot.com/2017/01/billy-bass-alexa-and-raspberry-pi.html,,https://youtube.com/watch?v=t_ix-hGvaNQ,https://www.makerprojectlab.com/spy-cameras-internet-valentines-maker-update-20/
https://www.youtube.com/watch?v=TLwf91aQHwI,,project,youtube; maker-content,YouTube maker video,low,20,2017-02-08,main,https://www.youtube.com/watch?v=TLwf91aQHwI,,https://youtube.com/watch?v=t_ix-hGvaNQ,https://www.makerprojectlab.com/spy-cameras-internet-valentines-maker-update-20/
Internet Valentine (Becky Stern),,project,diy; instructables,Instructables maker project guide,low,20,2017-02-08,main,http://www.instructables.com/id/Internet-Valentine/,,https://youtube.com/watch?v=t_ix-hGvaNQ,https://www.makerprojectlab.com/spy-cameras-internet-valentines-maker-update-20/
Pangolin 3D Print (Amao Chan),,project,3d-printing,Pangolin 3D Print (Amao Chan).,high,20,2017-02-08,main,https://www.thingiverse.com/thing:2064359,,https://youtube.com/watch?v=t_ix-hGvaNQ,https://www.makerprojectlab.com/spy-cameras-internet-valentines-maker-update-20/
MacroFab FX Dev Board,,tip,,Maker Update resource,low,20,2017-02-08,main,https://www.crowdsupply.com/macrofab-inc/fx-development-board,,https://youtube.com/watch?v=t_ix-hGvaNQ,https://www.makerprojectlab.com/spy-cameras-internet-valentines-maker-update-20/
Weld Plastic Using Dremel,,tip,,Maker Update resource,low,20,2017-02-08,main,http://makezine.com/2015/04/30/turn-dremel-tool-plastic-welder/,https://www.youtube.com/watch?v=r0zpqhhcmp4; https://youtu.be/tnnN2sBmPLg,https://youtube.com/watch?v=t_ix-hGvaNQ,https://www.makerprojectlab.com/spy-cameras-internet-valentines-maker-update-20/
"February 9 + 10 + 11, 2017",,tip,,"February 9 + 10 + 11, 2017.",low,20,2017-02-08,main,,,https://youtube.com/watch?v=t_ix-hGvaNQ,https://www.makerprojectlab.com/spy-cameras-internet-valentines-maker-update-20/
Locker Soda Vending Machine,,project,diy; instructables,Instructables maker project guide,low,19,2017-02-01,main,http://www.instructables.com/id/The-Soda-Locker-Vending-Machine/,,https://youtube.com/watch?v=5rDFir-7tkQ,https://www.makerprojectlab.com/gif-books-soda-lockers-maker-update-19/
More on Arduino Coin-Op,,project,arduino,More on Arduino Coin-Op.,high,19,2017-02-01,main,http://www.instructables.com/id/Make-Money-with-Arduino/,http://stores.ebay.com/chowhe-electronics/Coin-acceptor-Coin-selector-/_i.html?_fsub=1555136013&_sid=797776253&_trksid=p4634.c0.m322,https://youtube.com/watch?v=5rDFir-7tkQ,https://www.makerprojectlab.com/gif-books-soda-lockers-maker-update-19/
Print-a-GIF,,project,,Maker Update resource,low,19,2017-02-01,main,https://youtu.be/roJq69vgE2U,https://github.com/stupotmcdoodlepip/Print-A-Gif,https://youtube.com/watch?v=5rDFir-7tkQ,https://www.makerprojectlab.com/gif-books-soda-lockers-maker-update-19/
3D Printed String Launcher,,project,3d-printing,3D Printed String Launcher.,high,19,2017-02-01,main,http://www.thingiverse.com/thing:2023309,,https://youtube.com/watch?v=5rDFir-7tkQ,https://www.makerprojectlab.com/gif-books-soda-lockers-maker-update-19/
STEMtera on PreOrder,,tip,,Maker Update resource,low,19,2017-02-01,main,https://www.sparkfun.com/products/14082?,http://www.fourwalledcubicle.com/files/LUFA/Doc/130901/html/,https://youtube.com/watch?v=5rDFir-7tkQ,https://www.makerprojectlab.com/gif-books-soda-lockers-maker-update-19/
Pi On Switch,,tip,,Maker Update resource,low,19,2017-02-01,main,http://www.doctormonk.com/2017/01/on-switch-for-raspberry-pi.html,,https://youtube.com/watch?v=5rDFir-7tkQ,https://www.makerprojectlab.com/gif-books-soda-lockers-maker-update-19/
Total Inventor's Manual,Sean Michael Ragan,tip,,Maker Update resource,low,19,2017-02-01,main,http://amzn.to/2jvvCLB,,https://youtube.com/watch?v=5rDFir-7tkQ,https://www.makerprojectlab.com/gif-books-soda-lockers-maker-update-19/
Make XYZ,,tip,,Maker Update resource,low,19,2017-02-01,main,https://www.makexyz.com/,,https://youtube.com/watch?v=5rDFir-7tkQ,https://www.makerprojectlab.com/gif-books-soda-lockers-maker-update-19/
Epilog,,tip,diy; instructables,Instructables maker project guide,low,19,2017-02-01,main,http://www.instructables.com/contest/epilog8/,,https://youtube.com/watch?v=5rDFir-7tkQ,https://www.makerprojectlab.com/gif-books-soda-lockers-maker-update-19/
Bag,,tip,diy; instructables,Instructables maker project guide,low,19,2017-02-01,main,http://www.instructables.com/contest/bagcontest/,,https://youtube.com/watch?v=5rDFir-7tkQ,https://www.makerprojectlab.com/gif-books-soda-lockers-maker-update-19/
Shelving,,tip,diy; instructables,Instructables maker project guide,low,19,2017-02-01,main,http://www.instructables.com/contest/shelving2016/,,https://youtube.com/watch?v=5rDFir-7tkQ,https://www.makerprojectlab.com/gif-books-soda-lockers-maker-update-19/
Sci-Fi,,tip,diy; instructables,Instructables maker project guide,low,19,2017-02-01,main,http://www.instructables.com/contest/scifi2016/,,https://youtube.com/watch?v=5rDFir-7tkQ,https://www.makerprojectlab.com/gif-books-soda-lockers-maker-update-19/
Duct Tape,,tip,diy; instructables,Instructables maker project guide,low,19,2017-02-01,main,http://www.instructables.com/contest/ducttape2017/,,https://youtube.com/watch?v=5rDFir-7tkQ,https://www.makerprojectlab.com/gif-books-soda-lockers-maker-update-19/
Make It Glow,,tip,diy; instructables,Instructables maker project guide,low,19,2017-02-01,main,http://www.instructables.com/contest/makeitglow2016/,,https://youtube.com/watch?v=5rDFir-7tkQ,https://www.makerprojectlab.com/gif-books-soda-lockers-maker-update-19/
Light-sensing Bristlebot,,project,robotics; sensor; arduino; autonomous,Light-seeking robot with photosensor.,high,18,2017-01-25,main,http://www.instructables.com/id/Light-Sensing-Bristlebot/,https://www.youtube.com/watch?v=CMfASw4i3zw&feature=youtu.be,https://youtube.com/watch?v=5rDFir-7tkQ,https://www.makerprojectlab.com/asus-tinker-board-challenges-raspberry-pi-maker-update-18/
Interactive Geodesic Dome,,project,led; kinetic-art; interactive,Interactive dome structure with LED lighting effects.,high,18,2017-01-25,main,http://www.instructables.com/id/Interactive-Geodesic-LED-Dome/,,https://youtube.com/watch?v=5rDFir-7tkQ,https://www.makerprojectlab.com/asus-tinker-board-challenges-raspberry-pi-maker-update-18/
Furby Hack,,project,electronics; toy-mod; hacking; learning,Modifying Furby toy for electronics learning.,high,18,2017-01-25,main,http://hackaday.com/2017/01/21/taking-control-of-your-furby/,,https://youtube.com/watch?v=5rDFir-7tkQ,https://www.makerprojectlab.com/asus-tinker-board-challenges-raspberry-pi-maker-update-18/
Ben Lights ITP100,,tip,,Maker Update resource,low,18,2017-01-25,main,https://www.instagram.com/blight_design/,,https://youtube.com/watch?v=5rDFir-7tkQ,https://www.makerprojectlab.com/asus-tinker-board-challenges-raspberry-pi-maker-update-18/
Vape Hardware Breakdown,,tip,,Maker Update resource,low,18,2017-01-25,main,https://www.sparkfun.com/news/2277?,,https://youtube.com/watch?v=5rDFir-7tkQ,https://www.makerprojectlab.com/asus-tinker-board-challenges-raspberry-pi-maker-update-18/
Sparkfun Haptic Motor Driver,,tip,motors,Sparkfun Haptic Motor Driver.,high,18,2017-01-25,main,https://www.sparkfun.com/products/14031?,,https://youtube.com/watch?v=5rDFir-7tkQ,https://www.makerprojectlab.com/asus-tinker-board-challenges-raspberry-pi-maker-update-18/
Domerama,,tip,,Maker Update resource,low,18,2017-01-25,main,http://www.domerama.com/,,https://youtube.com/watch?v=5rDFir-7tkQ,https://www.makerprojectlab.com/asus-tinker-board-challenges-raspberry-pi-maker-update-18/
"January 27 + 28, 2017",,tip,,"January 27 + 28, 2017.",low,18,2017-01-25,main,,,https://youtube.com/watch?v=5rDFir-7tkQ,https://www.makerprojectlab.com/asus-tinker-board-challenges-raspberry-pi-maker-update-18/
Pi Camera Describes Image,,project,photography,Pi Camera Describes Image.,high,17,2017-01-18,main,https://blog.adafruit.com/2017/01/13/whatisit-smart-camera-piday-raspberrypi-raspberry_pi/,https://www.hackster.io/cchannon/raspberry-pi-smart-camera-a8c786?ref=channel&ref_id=425_published___&offset=3,https://youtube.com/watch?v=Kc3YCDER_aw,https://www.makerprojectlab.com/diy-camera-explains-your-picture-maker-update-17/
Chip-E Robot,,project,robotics; electronics; learning; platform,Small robot platform for learning robotics.,high,17,2017-01-18,main,http://makezine.com/projects/chip-e-bipedal-bot/,,https://youtube.com/watch?v=Kc3YCDER_aw,https://www.makerprojectlab.com/diy-camera-explains-your-picture-maker-update-17/
Laser-Cut Slot Together Octopus Lamp,,project,laser-cutting; acrylic; art; assembly; lighting,Laser-cut slot-together octopus lamp.,high,17,2017-01-18,main,http://makezine.com/projects/laser-cut-customizeable-octopus-lamp/,,https://youtube.com/watch?v=Kc3YCDER_aw,https://www.makerprojectlab.com/diy-camera-explains-your-picture-maker-update-17/
Adalight for Circuit Playground,,project,led; neopixel; raspberry-pi; ambient-lighting; screen,Ambient lighting strip for screens.,high,17,2017-01-18,main,https://learn.adafruit.com/adalight-for-circuit-playground/overview,,https://youtube.com/watch?v=Kc3YCDER_aw,https://www.makerprojectlab.com/diy-camera-explains-your-picture-maker-update-17/
Parametric Spring Contacts Battery Box,,tip,cad; 3d-printing; electronics; design-tool,Parametric battery box with spring contacts.,high,17,2017-01-18,main,http://www.thingiverse.com/thing:1755397,,https://youtube.com/watch?v=Kc3YCDER_aw,https://www.makerprojectlab.com/diy-camera-explains-your-picture-maker-update-17/
Snap VCC,,tip,,Maker Update resource,low,17,2017-01-18,main,https://hackaday.io/project/6269-snapvcc,https://www.crowdsupply.com/electronut-labs/snapvcc,https://youtube.com/watch?v=Kc3YCDER_aw,https://www.makerprojectlab.com/diy-camera-explains-your-picture-maker-update-17/
Best Shop Tips of 2016,,tip,,Maker Update resource,low,17,2017-01-18,main,http://makezine.com/2017/01/11/our-top-shop-tips-of-2016/,,https://youtube.com/watch?v=Kc3YCDER_aw,https://www.makerprojectlab.com/diy-camera-explains-your-picture-maker-update-17/
Kickstarter Make 100,,tip,crowdfunding; make-media,Make: Media's 'Make 100' small-batch product crowdfunding program.,high,17,2017-01-18,main,https://www.kickstarter.com/make100,,https://youtube.com/watch?v=Kc3YCDER_aw,https://www.makerprojectlab.com/diy-camera-explains-your-picture-maker-update-17/
"January 21 + 22, 2017",,tip,event,A dated event mention with no further context captured.,low,17,2017-01-18,main,,,https://youtube.com/watch?v=Kc3YCDER_aw,https://www.makerprojectlab.com/diy-camera-explains-your-picture-maker-update-17/
John Park's Overwatch Lucio Blaster,,project,cosplay; props,Project: John Park's Overwatch Lucio Blaster.,high,16,2017-01-11,main,https://blog.adafruit.com/2016/12/28/overwatch-lucios-prop-blaster-build-final-video-adafruit-johnedgarpark/,,https://youtube.com/watch?v=294aZxn7-GM,https://www.makerprojectlab.com/diy-overwatch-blasters-star-wars-interfaces-maker-update-16/
Nixie Pipe,,project,metal; nixie-tubes,Project: Nixie Pipe.,high,16,2017-01-11,main,http://engineer.john-whittington.co.uk/2016/12/nixie-pipe-modern-day-led-nixie-tube/,,https://youtube.com/watch?v=294aZxn7-GM,https://www.makerprojectlab.com/diy-overwatch-blasters-star-wars-interfaces-maker-update-16/
Echo Accessories,,tip,audio; home-automation,Resource: Echo Accessories.,high,16,2017-01-11,main,https://www.thingiverse.com/glitchpudding/collections/echo/page:1,,https://youtube.com/watch?v=294aZxn7-GM,https://www.makerprojectlab.com/diy-overwatch-blasters-star-wars-interfaces-maker-update-16/
Adafruits Best Sellers 2016,,tip,electronics; raspberry-pi; maker-electronics,Adafruit electronics component,low,16,2017-01-11,main,https://blog.adafruit.com/2017/01/03/adafruits-top-10-bestselling-products-of-2016-adafruittopten/,,https://youtube.com/watch?v=294aZxn7-GM,https://www.makerprojectlab.com/diy-overwatch-blasters-star-wars-interfaces-maker-update-16/
Star Wars UI,,tip,,Maker Update resource,low,16,2017-01-11,main,http://starwarsui.tumblr.com/,https://vimeo.com/117300611,https://youtube.com/watch?v=294aZxn7-GM,https://www.makerprojectlab.com/diy-overwatch-blasters-star-wars-interfaces-maker-update-16/
First Time,,tip,diy; instructables,Instructables maker project guide,low,16,2017-01-11,main,http://www.instructables.com/contest/firsttimeauthors2016/,,https://youtube.com/watch?v=294aZxn7-GM,https://www.makerprojectlab.com/diy-overwatch-blasters-star-wars-interfaces-maker-update-16/
3D Printing,,tip,diy; instructables,Instructables maker project guide,low,16,2017-01-11,main,http://www.instructables.com/contest/designnowhourofmake/,,https://youtube.com/watch?v=294aZxn7-GM,https://www.makerprojectlab.com/diy-overwatch-blasters-star-wars-interfaces-maker-update-16/
Homemade Gifts,,tip,diy; instructables,Instructables maker project guide,low,16,2017-01-11,main,http://www.instructables.com/contest/homemadegifts2016/,,https://youtube.com/watch?v=294aZxn7-GM,https://www.makerprojectlab.com/diy-overwatch-blasters-star-wars-interfaces-maker-update-16/
Arduino,,tip,diy; instructables,Instructables maker project guide,low,16,2017-01-11,main,http://www.instructables.com/contest/arduino2016/,,https://youtube.com/watch?v=294aZxn7-GM,https://www.makerprojectlab.com/diy-overwatch-blasters-star-wars-interfaces-maker-update-16/
Make Noise,,tip,diy; instructables,Instructables maker project guide,low,16,2017-01-11,main,http://www.instructables.com/contest/makenoise/,,https://youtube.com/watch?v=294aZxn7-GM,https://www.makerprojectlab.com/diy-overwatch-blasters-star-wars-interfaces-maker-update-16/
Remix,,tip,diy; instructables,Instructables maker project guide,low,16,2017-01-11,main,http://www.instructables.com/contest/remix2016/,,https://youtube.com/watch?v=294aZxn7-GM,https://www.makerprojectlab.com/diy-overwatch-blasters-star-wars-interfaces-maker-update-16/
LIXIE - Nixie Tube alternative,,project,nixie-tubes,Project: LIXIE - Nixie Tube alternative.,high,15,2016-12-21,main,https://hackaday.io/project/18633-lixie-an-led-alternative-to-the-nixie-tube,,https://youtube.com/watch?v=UYTCtwwOYaQ,https://www.makerprojectlab.com/cocktail-robotics-and-laser-cats-maker-update-15/
https://github.com/connornishijima/Lixie-hardware,,project,,Maker Update resource,low,15,2016-12-21,main,https://github.com/connornishijima/Lixie-hardware,,https://youtube.com/watch?v=UYTCtwwOYaQ,https://www.makerprojectlab.com/cocktail-robotics-and-laser-cats-maker-update-15/
https://www.tindie.com/products/connornishijima/lixie-an-led-alternative-to-the-nixie-tube/,,project,led; electronics; retro-tech; display; nixie-tube-alternative; wearables,Lixie - LED alternative to Nixie tubes for retro electronic displays.,high,15,2016-12-21,main,https://www.tindie.com/products/connornishijima/lixie-an-led-alternative-to-the-nixie-tube/,,https://youtube.com/watch?v=UYTCtwwOYaQ,https://www.makerprojectlab.com/cocktail-robotics-and-laser-cats-maker-update-15/
DIY Instant Camera,,project,hardware; photography,Project: DIY Instant Camera.,high,15,2016-12-21,main,http://blog.adacore.com/make-with-ada-diy-instant-camera,,https://youtube.com/watch?v=UYTCtwwOYaQ,https://www.makerprojectlab.com/cocktail-robotics-and-laser-cats-maker-update-15/
Make It Rain Box,,project,kinetic-art,Project: Make It Rain Box.,high,15,2016-12-21,main,https://create.arduino.cc/projecthub/Arduino_Genuino/make-it-rain-clap-machine-48d409,,https://youtube.com/watch?v=UYTCtwwOYaQ,https://www.makerprojectlab.com/cocktail-robotics-and-laser-cats-maker-update-15/
Darbin Orvar Fairy Globe,,project,decorative,Project: Darbin Orvar Fairy Globe.,high,15,2016-12-21,main,https://www.youtube.com/watch?v=usL5CeP_row,http://www.instructables.com/id/LED-Fairy-Light-Globes/,https://youtube.com/watch?v=UYTCtwwOYaQ,https://www.makerprojectlab.com/cocktail-robotics-and-laser-cats-maker-update-15/
PiMoroni Hat for Pi/Android Things,,tip,electronics,Resource: PiMoroni Hat for Pi/Android Things.,high,15,2016-12-21,main,https://www.adafruit.com/product/3354,https://github.com/pimoroni/rainbow-hat; https://shop.pimoroni.com/products/rainbow-hat-for-android-things,https://youtube.com/watch?v=UYTCtwwOYaQ,https://www.makerprojectlab.com/cocktail-robotics-and-laser-cats-maker-update-15/
MusicMaker featherwing,,tip,adafruit; arduino; audio,Adafruit's Music Maker FeatherWing audio synthesizer board.,high,15,2016-12-21,main,https://www.adafruit.com/product/3357,,https://youtube.com/watch?v=UYTCtwwOYaQ,https://www.makerprojectlab.com/cocktail-robotics-and-laser-cats-maker-update-15/
Thingiverse Best of 2016,,tip,3d-printing; collection,Thingiverse Best of 2016 (Thingiverse),low,15,2016-12-21,main,https://www.thingiverse.com/glitchpudding/collections/best-of-2016,,https://youtube.com/watch?v=UYTCtwwOYaQ,https://www.makerprojectlab.com/cocktail-robotics-and-laser-cats-maker-update-15/
Egyptian Infinity Mirror,,tip,decorative; lighting,Resource: Egyptian Infinity Mirror.,high,15,2016-12-21,main,https://www.thingiverse.com/thing:1867325,,https://youtube.com/watch?v=UYTCtwwOYaQ,https://www.makerprojectlab.com/cocktail-robotics-and-laser-cats-maker-update-15/
Cookie Caster,,tip,3d-modeling; design,IEcast-Cook 3D modeling blog with tutorials on jewelry and electronics design.,high,15,2016-12-21,main,http://www.cookiecaster.com/,,https://youtube.com/watch?v=UYTCtwwOYaQ,https://www.makerprojectlab.com/cocktail-robotics-and-laser-cats-maker-update-15/
New Science Robotics Online Magazine,,tip,media,Resource: New Science Robotics Online Magazine.,high,14,2016-12-14,main,http://robotics.sciencemag.org/,,https://youtube.com/watch?v=DI_FniYuxg4,https://www.makerprojectlab.com/5-ways-to-slice-a-raspberry-pi-maker-update-14/
Berkeley's SALTO robot,,tip,robotics,Resource: Berkeley's SALTO robot.,high,14,2016-12-14,main,http://spectrum.ieee.org/automaton/robotics/robotics-hardware/uc-berkeley-salto-is-the-most-agile-jumping-robot-ever,http://robotics.sciencemag.org/content/1/1/eaag2048,https://youtube.com/watch?v=DI_FniYuxg4,https://www.makerprojectlab.com/5-ways-to-slice-a-raspberry-pi-maker-update-14/
Panel Mount Mini USB,,tip,retro-tech,Resource: Panel Mount Mini USB.,high,14,2016-12-14,main,https://www.adafruit.com/products/3318?utm_source=youtube&utm,,https://youtube.com/watch?v=DI_FniYuxg4,https://www.makerprojectlab.com/5-ways-to-slice-a-raspberry-pi-maker-update-14/
Panel Mount Minijack,,tip,electronics; connector; diy-audio,A panel-mount mini-jack connector part for audio projects.,high,14,2016-12-14,main,https://www.adafruit.com/products/3319?utm_source=youtube&utm,,https://youtube.com/watch?v=DI_FniYuxg4,https://www.makerprojectlab.com/5-ways-to-slice-a-raspberry-pi-maker-update-14/
PocketCHIP Gets Minecraft,,tip,retro-tech; linux; handheld; gaming,Minecraft ported to the PocketCHIP handheld Linux computer.,high,14,2016-12-14,main,http://blog.nextthing.co/play-minecraft-on-your-c-h-i-p-pocketc-h-i-p/,,https://youtube.com/watch?v=DI_FniYuxg4,https://www.makerprojectlab.com/5-ways-to-slice-a-raspberry-pi-maker-update-14/
Learn Coding While Playing Games with @CodeCombat,,tip,coding; education; gaming,"CodeCombat, a game-based platform for learning to code.",high,14,2016-12-14,main,https://codecombat.com/play,https://blog.adafruit.com/2016/12/10/learn-coding-while-playing-games-with-codecombat-hourofcode-makereducation/,https://youtube.com/watch?v=DI_FniYuxg4,https://www.makerprojectlab.com/5-ways-to-slice-a-raspberry-pi-maker-update-14/
White Rabbit Project now on Netflix,,tip,tv-show; netflix,"Netflix's 'White Rabbit Project,' a maker/build show by former MythBusters cast.",high,14,2016-12-14,main,https://www.netflix.com/title/80091245,,https://youtube.com/watch?v=DI_FniYuxg4,https://www.makerprojectlab.com/5-ways-to-slice-a-raspberry-pi-maker-update-14/
Build a Mini Commodore PET with an @adafruit Feather and charlieplexed LED matrix,,project,pets; retro-tech; lighting; adafruit,Project: Build a Mini Commodore PET with an @adafruit Feather and ....,high,13,2016-12-07,main,https://learn.adafruit.com/mini-commodore-pet-with-charlieplexed-led-matrix,,https://youtube.com/watch?v=tztCpD4utXU,https://www.makerprojectlab.com/let-me-give-you-a-raspberry-pi-maker-update-13/
Tiny Computers,,project,retro-tech,Project: Tiny Computers.,high,13,2016-12-07,main,https://www.thingiverse.com/glitchpudding/collections/tiny-computers,,https://youtube.com/watch?v=tztCpD4utXU,https://www.makerprojectlab.com/let-me-give-you-a-raspberry-pi-maker-update-13/
Autodesk P9 AiR Showcase,,project,diy; maker,Project: Autodesk P9 AiR Showcase.,high,13,2016-12-07,main,,,https://youtube.com/watch?v=tztCpD4utXU,https://www.makerprojectlab.com/let-me-give-you-a-raspberry-pi-maker-update-13/
Black Hole Table,,project,diy; maker,Project: Black Hole Table.,high,13,2016-12-07,main,http://www.instructables.com/id/Black-Hole-Table/,,https://youtube.com/watch?v=tztCpD4utXU,https://www.makerprojectlab.com/let-me-give-you-a-raspberry-pi-maker-update-13/
Periodic Table Lamp,,project,lighting,Project: Periodic Table Lamp.,high,13,2016-12-07,main,http://www.instructables.com/id/3D-Periodic-Table/,,https://youtube.com/watch?v=tztCpD4utXU,https://www.makerprojectlab.com/let-me-give-you-a-raspberry-pi-maker-update-13/
Solar analemma chandelier,,project,timekeeping; renewable-energy,Project: Solar analemma chandelier.,high,13,2016-12-07,main,http://www.instructables.com/id/Solar-Analemma-Chandelier/,,https://youtube.com/watch?v=tztCpD4utXU,https://www.makerprojectlab.com/let-me-give-you-a-raspberry-pi-maker-update-13/
https://www.youtube.com/watch?v=QwAmJNFJdIw,,project,,Reference link provided in source.,low,13,2016-12-07,main,https://www.youtube.com/watch?v=QwAmJNFJdIw,,https://youtube.com/watch?v=tztCpD4utXU,https://www.makerprojectlab.com/let-me-give-you-a-raspberry-pi-maker-update-13/
AxiDraw V3,,tip,pen-plotter; drawing; cnc,AxiDraw V3 precision pen plotter for drawing on flat surfaces with Inkscape.,high,13,2016-12-07,main,http://www.evilmadscientist.com/2016/axidraw-v3/,,https://youtube.com/watch?v=tztCpD4utXU,https://www.makerprojectlab.com/let-me-give-you-a-raspberry-pi-maker-update-13/
Adafruit Time of Flight Chip,,tip,electronics; timekeeping; adafruit,Resource: Adafruit Time of Flight Chip.,high,13,2016-12-07,main,https://www.adafruit.com/products/3316,,https://youtube.com/watch?v=tztCpD4utXU,https://www.makerprojectlab.com/let-me-give-you-a-raspberry-pi-maker-update-13/
https://www.adafruit.com/products/3317,,tip,sensor; electronics; arduino,VL53L0X Time of Flight Distance Sensor for precision measurement with Arduino.,high,13,2016-12-07,main,https://www.adafruit.com/products/3317,,https://youtube.com/watch?v=tztCpD4utXU,https://www.makerprojectlab.com/let-me-give-you-a-raspberry-pi-maker-update-13/
Dental Vacuform for Breadboards,,tip,vacuum-forming; props; diy-tools,Using a dental vacuum-forming tool to make custom breadboard cases.,high,13,2016-12-07,main,https://www.instagram.com/p/BNfLktEjaKC/,,https://youtube.com/watch?v=tztCpD4utXU,https://www.makerprojectlab.com/let-me-give-you-a-raspberry-pi-maker-update-13/
http://amzn.to/2g0MnS9,,tip,,Reference link provided in source.,low,13,2016-12-07,main,http://amzn.to/2g0MnS9,,https://youtube.com/watch?v=tztCpD4utXU,https://www.makerprojectlab.com/let-me-give-you-a-raspberry-pi-maker-update-13/
‘MP4Museum’ is a Readymade Pi Image for Looping Videos in Galleries & Museums,,tip,raspberry-pi; video; installation,"MP4Museum, a ready-made Raspberry Pi image for looping video installations.",high,13,2016-12-07,main,https://blog.adafruit.com/2016/12/02/mp4museum-is-a-readymade-pi-image-for-looping-videos-in-galleries-museums-piday-raspberrypi/,http://mp4museum.org/,https://youtube.com/watch?v=tztCpD4utXU,https://www.makerprojectlab.com/let-me-give-you-a-raspberry-pi-maker-update-13/
Sponsored Products,,tip,,A sponsored-products mention with no further identifiable content.,low,13,2016-12-07,main,,,https://youtube.com/watch?v=tztCpD4utXU,https://www.makerprojectlab.com/let-me-give-you-a-raspberry-pi-maker-update-13/
WD PIDRIVE NODE ZERO,,tip,raspberry-pi; storage; hardware,Western Digital's PiDrive Node Zero storage add-on for Raspberry Pi.,high,13,2016-12-07,main,https://www.wdc.com/products/wdlabs/wd-pidrive-node-zero.html#WDLB033RNN,,https://youtube.com/watch?v=tztCpD4utXU,https://www.makerprojectlab.com/let-me-give-you-a-raspberry-pi-maker-update-13/
WD SMART CABLE MODULE,,tip,electronics; home-automation,Resource: WD SMART CABLE MODULE.,high,13,2016-12-07,main,https://www.wdc.com/products/wdlabs/wd-smart-cable-module.html#WDLB031RNN,,https://youtube.com/watch?v=tztCpD4utXU,https://www.makerprojectlab.com/let-me-give-you-a-raspberry-pi-maker-update-13/
WD PIDRIVE COMPUTE CENTRE,,tip,raspberry-pi; storage; hardware,Western Digital's PiDrive Compute Centre for Raspberry Pi.,high,13,2016-12-07,main,https://www.wdc.com/products/wdlabs/wd-picompute-centre.html#WDLB032RNN,,https://youtube.com/watch?v=tztCpD4utXU,https://www.makerprojectlab.com/let-me-give-you-a-raspberry-pi-maker-update-13/
Project Spaces,,tip,,Resource: Project Spaces.,low,13,2016-12-07,main,http://wdlabs.wd.com/global/docs/wd-pidrive-foundation-edition-project-spaces.pdf,,https://youtube.com/watch?v=tztCpD4utXU,https://www.makerprojectlab.com/let-me-give-you-a-raspberry-pi-maker-update-13/
http://lifehacker.com/the-pidrive-foundation-edition-is-an-external-hard-driv-1789145353,,tip,,Reference link provided in source.,low,13,2016-12-07,main,http://lifehacker.com/the-pidrive-foundation-edition-is-an-external-hard-driv-1789145353,,https://youtube.com/watch?v=tztCpD4utXU,https://www.makerprojectlab.com/let-me-give-you-a-raspberry-pi-maker-update-13/
WD Lab Contest,,tip,contest,Resource: WD Lab Contest.,low,13,2016-12-07,main,,,https://youtube.com/watch?v=tztCpD4utXU,https://www.makerprojectlab.com/let-me-give-you-a-raspberry-pi-maker-update-13/
"December 10 + 11, 2016",,tip,event,A dated event mention with no further context captured.,low,13,2016-12-07,main,,,https://youtube.com/watch?v=tztCpD4utXU,https://www.makerprojectlab.com/let-me-give-you-a-raspberry-pi-maker-update-13/
Payphone Boombox,,project,music,Project: Payphone Boombox.,high,12,2016-11-30,main,http://www.instructables.com/id/90s-Payphone-Boombox-Hack/,http://fuzzywobble.com/,https://youtube.com/watch?v=Vv2j7bVtzQo,https://www.makerprojectlab.com/time-to-print-the-ornaments-maker-update-12/
Lunar Phase Clock,,project,timekeeping,Project: Lunar Phase Clock.,high,12,2016-11-30,main,https://blog.arduino.cc/2016/11/23/a-3d-printed-lunar-phase-clock-for-your-nightstand/,,https://youtube.com/watch?v=Vv2j7bVtzQo,https://www.makerprojectlab.com/time-to-print-the-ornaments-maker-update-12/
MPL Billy Bass Hack,,project,hardware,Project: MPL Billy Bass Hack.,high,12,2016-11-30,main,http://www.instructables.com/id/Animate-a-Billy-Bass-Mouth-With-Any-Audio-Source/,,https://youtube.com/watch?v=Vv2j7bVtzQo,https://www.makerprojectlab.com/time-to-print-the-ornaments-maker-update-12/
The NFC NES,,project,retro-tech; wireless,Project: The NFC NES.,high,12,2016-11-30,main,http://www.daftmike.com/2016/07/NESPi.html,https://youtu.be/3dgnD93pwX0; http://www.daftmike.com/p/nespi-electronics-kit.html,https://youtube.com/watch?v=Vv2j7bVtzQo,https://www.makerprojectlab.com/time-to-print-the-ornaments-maker-update-12/
3DP Ornaments,,tip,3d-printing; collection; ornament,3DP Ornaments (Thingiverse),low,12,2016-11-30,main,https://www.thingiverse.com/glitchpudding/collections/ornaments,,https://youtube.com/watch?v=Vv2j7bVtzQo,https://www.makerprojectlab.com/time-to-print-the-ornaments-maker-update-12/
Caleb's Emroidery Machine Review,,tip,gaming; ai,Resource: Caleb's Emroidery Machine Review.,high,12,2016-11-30,main,http://makezine.com/2016/11/23/review-brother-se400-sewing-embroidery-machine/,,https://youtube.com/watch?v=Vv2j7bVtzQo,https://www.makerprojectlab.com/time-to-print-the-ornaments-maker-update-12/
John Park's Light Paintbrush,,project,lighting,Project: John Park's Light Paintbrush.,high,11,2016-11-16,main,https://learn.adafruit.com/lightpaint-cplay/,,https://youtube.com/watch?v=JBW0Pmza6CE,https://www.makerprojectlab.com/the-diy-nintendo-you-really-want-maker-update-11/
"Holy crap, just make one!",,project,diy; maker,"Project: Holy crap, just make one!.",high,11,2016-11-16,main,https://www.thingiverse.com/thing:1887826,https://www.thingiverse.com/LKM/about; https://twitter.com/lkm,https://youtube.com/watch?v=JBW0Pmza6CE,https://www.makerprojectlab.com/the-diy-nintendo-you-really-want-maker-update-11/
http://www.instructables.com/howto/pi+nes/,,project,diy; raspberry-pi,Reference link provided in source.,low,11,2016-11-16,main,http://www.instructables.com/howto/pi+nes/,,https://youtube.com/watch?v=JBW0Pmza6CE,https://www.makerprojectlab.com/the-diy-nintendo-you-really-want-maker-update-11/
https://retropie.org.uk/,,project,,Reference link provided in source.,low,11,2016-11-16,main,https://retropie.org.uk/,,https://youtube.com/watch?v=JBW0Pmza6CE,https://www.makerprojectlab.com/the-diy-nintendo-you-really-want-maker-update-11/
World's Most Expensive Sculptures,,tip,sculpting,Resource: World's Most Expensive Sculptures.,high,11,2016-11-16,main,https://www.myminifactory.com/collection/collection-show/Scan%20The%20World/The%20World%27s%20Most%20Expensive%20Sculptures,,https://youtube.com/watch?v=JBW0Pmza6CE,https://www.makerprojectlab.com/the-diy-nintendo-you-really-want-maker-update-11/
Circuits,,tip,,Resource: Circuits.,low,11,2016-11-16,main,http://www.instructables.com/contest/circuits2016/,,https://youtube.com/watch?v=JBW0Pmza6CE,https://www.makerprojectlab.com/the-diy-nintendo-you-really-want-maker-update-11/
Glue,,tip,,Resource: Glue.,low,11,2016-11-16,main,http://www.instructables.com/contest/glue2016/,,https://youtube.com/watch?v=JBW0Pmza6CE,https://www.makerprojectlab.com/the-diy-nintendo-you-really-want-maker-update-11/
Dorm Hacks,,tip,,Resource: Dorm Hacks.,low,11,2016-11-16,main,http://www.instructables.com/contest/dormhacks2016/,,https://youtube.com/watch?v=JBW0Pmza6CE,https://www.makerprojectlab.com/the-diy-nintendo-you-really-want-maker-update-11/
Amps & Speakers,,tip,,A tip about amplifiers and speakers; specifics unclear from title alone.,low,11,2016-11-16,main,http://www.instructables.com/contest/ampsspeakers2016/,,https://youtube.com/watch?v=JBW0Pmza6CE,https://www.makerprojectlab.com/the-diy-nintendo-you-really-want-maker-update-11/
Alexa BillyBass,,project,home-automation,Project: Alexa BillyBass.,high,10,2016-11-09,main,https://www.youtube.com/watch?v=E4ODE7A5bQk,,https://youtube.com/watch?v=-gvPEM0E5qQ,https://www.makerprojectlab.com/lets-hack-alexa-into-a-fish-maker-update-10/
https://www.facebook.com/hdadd/posts/10157625072175265,,project,,Reference link provided in source.,low,10,2016-11-09,main,https://www.facebook.com/hdadd/posts/10157625072175265,,https://youtube.com/watch?v=-gvPEM0E5qQ,https://www.makerprojectlab.com/lets-hack-alexa-into-a-fish-maker-update-10/
Pi Zero Alexa,,project,home-automation,Project: Pi Zero Alexa.,high,10,2016-11-09,main,https://community.makezine.com/share/nick-brewer/vintage-intercom-echo-5d90bd?ref=platform&ref_id=18265_trending___&offset=24,,https://youtube.com/watch?v=-gvPEM0E5qQ,https://www.makerprojectlab.com/lets-hack-alexa-into-a-fish-maker-update-10/
Hands-Free Alexa Pi,,project,home-automation,Project: Hands-Free Alexa Pi.,high,10,2016-11-09,main,https://www.hackster.io/amit-jotwani/hands-free-alexa-on-raspberry-pi-677713,,https://youtube.com/watch?v=-gvPEM0E5qQ,https://www.makerprojectlab.com/lets-hack-alexa-into-a-fish-maker-update-10/
Billy Bass Animatronics,,project,diy; maker,Project: Billy Bass Animatronics.,high,10,2016-11-09,main,http://www.instructables.com/id/Budget-Animatronics-Free-Billy/,,https://youtube.com/watch?v=-gvPEM0E5qQ,https://www.makerprojectlab.com/lets-hack-alexa-into-a-fish-maker-update-10/
Dam Dam Candy Dispenser,,project,food-prep,Project: Dam Dam Candy Dispenser.,high,10,2016-11-09,main,http://www.thingiverse.com/thing:1864706,,https://youtube.com/watch?v=-gvPEM0E5qQ,https://www.makerprojectlab.com/lets-hack-alexa-into-a-fish-maker-update-10/
Collar Stays,,tip,3d-printing,Collar Stays (Thingiverse),low,10,2016-11-09,main,http://www.thingiverse.com/thing:79843,https://twitter.com/MattStultz/status/795464087815786496,https://youtube.com/watch?v=-gvPEM0E5qQ,https://www.makerprojectlab.com/lets-hack-alexa-into-a-fish-maker-update-10/
Thanksgiving Collection,,tip,3d-printing; collection,Thanksgiving Collection (Thingiverse),low,10,2016-11-09,main,https://www.thingiverse.com/glitchpudding/collections/thanksgiving/page:5,,https://youtube.com/watch?v=-gvPEM0E5qQ,https://www.makerprojectlab.com/lets-hack-alexa-into-a-fish-maker-update-10/
Brazing w/Make Something,,tip,welding,Resource: Brazing w/Make Something.,high,10,2016-11-09,main,http://hackaday.com/2016/11/04/brazing-aluminum/,,https://youtube.com/watch?v=-gvPEM0E5qQ,https://www.makerprojectlab.com/lets-hack-alexa-into-a-fish-maker-update-10/
Make Something Brazing Video,,tip,welding,Resource: Make Something Brazing Video.,high,10,2016-11-09,main,https://www.youtube.com/watch?v=jtvOkI_pvMI,,https://youtube.com/watch?v=-gvPEM0E5qQ,https://www.makerprojectlab.com/lets-hack-alexa-into-a-fish-maker-update-10/
Shoutout,,tip,,Resource: Shoutout.,low,10,2016-11-09,main,,,https://youtube.com/watch?v=-gvPEM0E5qQ,https://www.makerprojectlab.com/lets-hack-alexa-into-a-fish-maker-update-10/
Later,,tip,,Resource: Later.,low,10,2016-11-09,main,,,https://youtube.com/watch?v=-gvPEM0E5qQ,https://www.makerprojectlab.com/lets-hack-alexa-into-a-fish-maker-update-10/
Laura´s Upcycled Skateboard-Cargo-Rack-Mudguard-Thing,,tip,storage; vehicles,Resource: Laura´s Upcycled Skateboard-Cargo-Rack-Mudguard-Thing.,high,10,2016-11-09,main,https://youtu.be/xFgprenQ7lI,,https://youtube.com/watch?v=-gvPEM0E5qQ,https://www.makerprojectlab.com/lets-hack-alexa-into-a-fish-maker-update-10/
Maze Collection (w/Generators),,tip,3d-printing; collection,Maze Collection (w/Generators) (Thingiverse),low,10,2016-11-09,main,https://www.thingiverse.com/glitchpudding/collections/maze-craze/page:3,,https://youtube.com/watch?v=-gvPEM0E5qQ,https://www.makerprojectlab.com/lets-hack-alexa-into-a-fish-maker-update-10/
Customizer,,tip,3d-printing,Customizer (Thingiverse),low,10,2016-11-09,main,http://www.thingiverse.com/customizer,,https://youtube.com/watch?v=-gvPEM0E5qQ,https://www.makerprojectlab.com/lets-hack-alexa-into-a-fish-maker-update-10/
CrowdFunding,,tip,,Resource: CrowdFunding.,low,10,2016-11-09,main,,,https://youtube.com/watch?v=-gvPEM0E5qQ,https://www.makerprojectlab.com/lets-hack-alexa-into-a-fish-maker-update-10/
Ability 3D Metal Printer,,tip,metal,Resource: Ability 3D Metal Printer.,high,10,2016-11-09,main,http://makezine.com/2016/11/03/printing-metal-desktop/,,https://youtube.com/watch?v=-gvPEM0E5qQ,https://www.makerprojectlab.com/lets-hack-alexa-into-a-fish-maker-update-10/
E-Paper Shield,,tip,electronics,Resource: E-Paper Shield.,high,10,2016-11-09,main,https://blog.adafruit.com/2016/11/05/e-paper-shield-kit-by-jareklupinski-crowd_supply/,https://www.crowdsupply.com/soniktech/e-paper-shield-kit,https://youtube.com/watch?v=-gvPEM0E5qQ,https://www.makerprojectlab.com/lets-hack-alexa-into-a-fish-maker-update-10/
SprayPrinter2,,tip,crowdfunding,SprayPrinter2,low,10,2016-11-09,main,https://www.kickstarter.com/projects/jasonmario/sprayprinter-smart-spray-paint-technology?ref=category_recommended,,https://youtube.com/watch?v=-gvPEM0E5qQ,https://www.makerprojectlab.com/lets-hack-alexa-into-a-fish-maker-update-10/
IoT Cookies,,tip,crowdfunding,IoT Cookies,low,10,2016-11-09,main,https://www.kickstarter.com/projects/1503077171/chip-smart-cookie-ovenfresh-cookies-in-under-10-mi,,https://youtube.com/watch?v=-gvPEM0E5qQ,https://www.makerprojectlab.com/lets-hack-alexa-into-a-fish-maker-update-10/
Warping Infinity Mirror,,project,decorative; lighting,Project: Warping Infinity Mirror.,high,9,2016-11-02,main,http://www.instructables.com/id/Warping-Infinity-Mirror/,,https://youtube.com/watch?v=tA2ya0PAspE,https://www.makerprojectlab.com/warping-infinity-and-disposable-drones-maker-update-09/
Furze No-Weld GoKart,,project,welding,Project: Furze No-Weld GoKart.,high,9,2016-11-02,main,https://www.youtube.com/watch?v=vuRV-uXGy1w,,https://youtube.com/watch?v=tA2ya0PAspE,https://www.makerprojectlab.com/warping-infinity-and-disposable-drones-maker-update-09/
LoboCNC Iris Goggles,,project,diy; maker,Project: LoboCNC Iris Goggles.,high,9,2016-11-02,main,https://www.thingiverse.com/thing:1833286,,https://youtube.com/watch?v=tA2ya0PAspE,https://www.makerprojectlab.com/warping-infinity-and-disposable-drones-maker-update-09/
NeatherBot Remix,,project,diy; maker,Project: NeatherBot Remix.,high,9,2016-11-02,main,http://www.thingiverse.com/make:263657,,https://youtube.com/watch?v=tA2ya0PAspE,https://www.makerprojectlab.com/warping-infinity-and-disposable-drones-maker-update-09/
Small Alligator Clip to Male Jumper Wire Bundle,,tip,electronics; wire,Resource: Small Alligator Clip to Male Jumper Wire Bundle.,high,9,2016-11-02,main,https://www.adafruit.com/products/3255,,https://youtube.com/watch?v=tA2ya0PAspE,https://www.makerprojectlab.com/warping-infinity-and-disposable-drones-maker-update-09/
Becky Stern's Arduino Class,,tip,arduino,Resource: Becky Stern's Arduino Class.,high,9,2016-11-02,main,http://www.instructables.com/class/Arduino-Class/,,https://youtube.com/watch?v=tA2ya0PAspE,https://www.makerprojectlab.com/warping-infinity-and-disposable-drones-maker-update-09/
Shout Out,,tip,,Resource: Shout Out.,low,9,2016-11-02,main,,,https://youtube.com/watch?v=tA2ya0PAspE,https://www.makerprojectlab.com/warping-infinity-and-disposable-drones-maker-update-09/
Cool Tools,,tip,,Resource: Cool Tools.,low,9,2016-11-02,main,http://kk.org/cooltools/china-travelmaker-updateanti-boredom/,,https://youtube.com/watch?v=tA2ya0PAspE,https://www.makerprojectlab.com/warping-infinity-and-disposable-drones-maker-update-09/
Cool Tools podcast,,tip,podcast; tool-review,"The Cool Tools podcast, covering recommended tools and gear.",high,9,2016-11-02,main,http://kk.org/cooltools/category/podcast-2,,https://youtube.com/watch?v=tA2ya0PAspE,https://www.makerprojectlab.com/warping-infinity-and-disposable-drones-maker-update-09/
Recomendo,,tip,,Resource: Recomendo.,low,9,2016-11-02,main,http://recomendo.com/,,https://youtube.com/watch?v=tA2ya0PAspE,https://www.makerprojectlab.com/warping-infinity-and-disposable-drones-maker-update-09/
Battery Powered Fog Machine,,project,power-systems; gaming; ai,Project: Battery Powered Fog Machine.,high,8,2016-10-26,main,http://www.instructables.com/id/Battery-Powered-Fog-Machine/,,https://youtube.com/watch?v=Osd2cy2dj8k,https://www.makerprojectlab.com/the-500-cnc-router-thats-too-good-to-ignore-maker-update-08/
Breakfast Dot Screen,,project,lighting; display,Project: Breakfast Dot Screen.,high,8,2016-10-26,main,http://breakfastny.com/dot-screen,,https://youtube.com/watch?v=Osd2cy2dj8k,https://www.makerprojectlab.com/the-500-cnc-router-thats-too-good-to-ignore-maker-update-08/
Vote With Your Feet,,project,diy; maker,Project: Vote With Your Feet.,high,8,2016-10-26,main,http://www.instructables.com/id/Vote-With-Your-Feet/,http://www.instructables.com/member/chengXX/,https://youtube.com/watch?v=Osd2cy2dj8k,https://www.makerprojectlab.com/the-500-cnc-router-thats-too-good-to-ignore-maker-update-08/
Market St. Prototyping Festival,,project,event,Project: Market St. Prototyping Festival.,high,8,2016-10-26,main,http://marketstreetprototyping.org/,,https://youtube.com/watch?v=Osd2cy2dj8k,https://www.makerprojectlab.com/the-500-cnc-router-thats-too-good-to-ignore-maker-update-08/
How To Flipdot with a Raspbery Pi,,project,display,Project: How To Flipdot with a Raspbery Pi.,high,8,2016-10-26,main,http://www.instructables.com/id/Howto-Flipdot-With-a-Raspi/,http://www.instructables.com/member/philetus/,https://youtube.com/watch?v=Osd2cy2dj8k,https://www.makerprojectlab.com/the-500-cnc-router-thats-too-good-to-ignore-maker-update-08/
3D Printed Fidget Spinners,,tip,3d-printing; pla; toy,Resource: 3D Printed Fidget Spinners.,high,8,2016-10-26,main,https://www.thingiverse.com/glitchpudding/collections/fidget/page:1,,https://youtube.com/watch?v=Osd2cy2dj8k,https://www.makerprojectlab.com/the-500-cnc-router-thats-too-good-to-ignore-maker-update-08/
Demo video (CardellaTK),,tip,,A demo video by creator CardellaTK; content unclear from title alone.,low,8,2016-10-26,main,https://www.youtube.com/watch?v=r0OJFyHZ7V8,,https://youtube.com/watch?v=Osd2cy2dj8k,https://www.makerprojectlab.com/the-500-cnc-router-thats-too-good-to-ignore-maker-update-08/
Books,,tip,,Resource: Books.,low,8,2016-10-26,main,,,https://youtube.com/watch?v=Osd2cy2dj8k,https://www.makerprojectlab.com/the-500-cnc-router-thats-too-good-to-ignore-maker-update-08/
Workshop Mastery with Jimmy DiResta,,tip,woodworking; metalworking; workshop-tips,Shop technique tips from well-known maker Jimmy DiResta.,high,8,2016-10-26,main,http://amzn.to/2ez1oJg,,https://youtube.com/watch?v=Osd2cy2dj8k,https://www.makerprojectlab.com/the-500-cnc-router-thats-too-good-to-ignore-maker-update-08/
Good Clean Fun: Misadventures in Sawdust at Offerman Woodshop,,tip,wood; woodworking,Resource: Good Clean Fun: Misadventures in Sawdust at Offerman Wood....,high,8,2016-10-26,main,http://amzn.to/2eM5Z7o,,https://youtube.com/watch?v=Osd2cy2dj8k,https://www.makerprojectlab.com/the-500-cnc-router-thats-too-good-to-ignore-maker-update-08/
Maker City: A Practical Guide for Reinventing Our Cities,,tip,education,Resource: Maker City: A Practical Guide for Reinventing Our Cities.,high,8,2016-10-26,main,http://amzn.to/2ez8bmb,,https://youtube.com/watch?v=Osd2cy2dj8k,https://www.makerprojectlab.com/the-500-cnc-router-thats-too-good-to-ignore-maker-update-08/
"Free to Make: How the Maker Movement is Changing Our Schools, Our Jobs, and Our Minds",,tip,book; maker-movement,A book by Make: founder Dale Dougherty on the maker movement's impact.,high,8,2016-10-26,main,http://amzn.to/2eMd8Wy,,https://youtube.com/watch?v=Osd2cy2dj8k,https://www.makerprojectlab.com/the-500-cnc-router-thats-too-good-to-ignore-maker-update-08/
4 Halloween Contests,,tip,seasonal,Resource: 4 Halloween Contests.,high,8,2016-10-26,main,,,https://youtube.com/watch?v=Osd2cy2dj8k,https://www.makerprojectlab.com/the-500-cnc-router-thats-too-good-to-ignore-maker-update-08/
Pumkin Carving,,tip,,Resource: Pumkin Carving.,low,8,2016-10-26,main,http://www.instructables.com/contest/pumpkincarving2016/,,https://youtube.com/watch?v=Osd2cy2dj8k,https://www.makerprojectlab.com/the-500-cnc-router-thats-too-good-to-ignore-maker-update-08/
Survival,,tip,,Resource: Survival.,low,8,2016-10-26,main,http://www.instructables.com/contest/survivalready/,,https://youtube.com/watch?v=Osd2cy2dj8k,https://www.makerprojectlab.com/the-500-cnc-router-thats-too-good-to-ignore-maker-update-08/
Yarn,,tip,,Resource: Yarn.,low,8,2016-10-26,main,http://www.instructables.com/contest/madewithyarn/,,https://youtube.com/watch?v=Osd2cy2dj8k,https://www.makerprojectlab.com/the-500-cnc-router-thats-too-good-to-ignore-maker-update-08/
"October 28 + 29 + 30, 2016",,tip,event,A dated event mention with no further context captured.,low,8,2016-10-26,main,,,https://youtube.com/watch?v=Osd2cy2dj8k,https://www.makerprojectlab.com/the-500-cnc-router-thats-too-good-to-ignore-maker-update-08/
"October 29 + 30, 2016",,tip,event,A dated event mention with no further context captured.,low,8,2016-10-26,main,,,https://youtube.com/watch?v=Osd2cy2dj8k,https://www.makerprojectlab.com/the-500-cnc-router-thats-too-good-to-ignore-maker-update-08/
Moved,,tip,,Resource: Moved.,low,8,2016-10-26,main,,,https://youtube.com/watch?v=Osd2cy2dj8k,https://www.makerprojectlab.com/the-500-cnc-router-thats-too-good-to-ignore-maker-update-08/
Dymanic Projection Mapping,,tip,projection-mapping; visual-art,A dynamic projection mapping technique demo.,high,8,2016-10-26,main,https://www.youtube.com/watch?v=-bh1MHuA5jU,http://www.k2.t.u-tokyo.ac.jp/vision/DPM/,https://youtube.com/watch?v=Osd2cy2dj8k,https://www.makerprojectlab.com/the-500-cnc-router-thats-too-good-to-ignore-maker-update-08/
Abacus Drive,,tip,,Resource: Abacus Drive.,low,8,2016-10-26,main,http://spectrum.ieee.org/automaton/robotics/robotics-hardware/sri-demonstrates-abacus-rotary-transmission,http://spectrum.ieee.org/automaton/robotics/robotics-hardware/sri-demonstrates-abacus-rotary-transmission; http://www.popularmechanics.com/technology/a23489/sri-abacus-rotary-transmission/,https://youtube.com/watch?v=Osd2cy2dj8k,https://www.makerprojectlab.com/the-500-cnc-router-thats-too-good-to-ignore-maker-update-08/
eDot Display,,tip,,Resource: eDot Display.,low,8,2016-10-26,main,https://www.hackster.io/antiElectron/edot-arduino-based-precision-clock-and-weather-station-a76ed0,https://youtu.be/aO3E_kaa-ro; https://www.adafruit.com/product/1079,https://youtube.com/watch?v=Osd2cy2dj8k,https://www.makerprojectlab.com/the-500-cnc-router-thats-too-good-to-ignore-maker-update-08/
Social,,tip,,Resource: Social.,low,8,2016-10-26,main,,,https://youtube.com/watch?v=Osd2cy2dj8k,https://www.makerprojectlab.com/the-500-cnc-router-thats-too-good-to-ignore-maker-update-08/
@JimmyDiResta,,tip,,Resource: @JimmyDiResta.,low,8,2016-10-26,main,,,https://youtube.com/watch?v=Osd2cy2dj8k,https://www.makerprojectlab.com/the-500-cnc-router-thats-too-good-to-ignore-maker-update-08/
@Nick_Offerman,,tip,,Resource: @Nick_Offerman.,low,8,2016-10-26,main,,,https://youtube.com/watch?v=Osd2cy2dj8k,https://www.makerprojectlab.com/the-500-cnc-router-thats-too-good-to-ignore-maker-update-08/
@hirshberg,,tip,,Resource: @hirshberg.,low,8,2016-10-26,main,,,https://youtube.com/watch?v=Osd2cy2dj8k,https://www.makerprojectlab.com/the-500-cnc-router-thats-too-good-to-ignore-maker-update-08/
@dalepd,,tip,,Resource: @dalepd.,low,8,2016-10-26,main,,,https://youtube.com/watch?v=Osd2cy2dj8k,https://www.makerprojectlab.com/the-500-cnc-router-thats-too-good-to-ignore-maker-update-08/
@maslowCNC,,tip,,Resource: @maslowCNC.,low,8,2016-10-26,main,,,https://youtube.com/watch?v=Osd2cy2dj8k,https://www.makerprojectlab.com/the-500-cnc-router-thats-too-good-to-ignore-maker-update-08/
@breakfastny,,tip,,Resource: @breakfastny.,low,8,2016-10-26,main,,,https://youtube.com/watch?v=Osd2cy2dj8k,https://www.makerprojectlab.com/the-500-cnc-router-thats-too-good-to-ignore-maker-update-08/
http://www.instructables.com/member/chengXX/,,tip,diy,Reference link provided in source.,low,8,2016-10-26,main,http://www.instructables.com/member/chengXX/,,https://youtube.com/watch?v=Osd2cy2dj8k,https://www.makerprojectlab.com/the-500-cnc-router-thats-too-good-to-ignore-maker-update-08/
@MarketStreetPF,,tip,event,Likely a reference to the Market Street Prototyping Festival.,low,8,2016-10-26,main,,,https://youtube.com/watch?v=Osd2cy2dj8k,https://www.makerprojectlab.com/the-500-cnc-router-thats-too-good-to-ignore-maker-update-08/
http://www.instructables.com/member/philetus/,,tip,diy,Reference link provided in source.,low,8,2016-10-26,main,http://www.instructables.com/member/philetus/,,https://youtube.com/watch?v=Osd2cy2dj8k,https://www.makerprojectlab.com/the-500-cnc-router-thats-too-good-to-ignore-maker-update-08/
@thingiverse,,tip,,Resource: @thingiverse.,low,8,2016-10-26,main,,,https://youtube.com/watch?v=Osd2cy2dj8k,https://www.makerprojectlab.com/the-500-cnc-router-thats-too-good-to-ignore-maker-update-08/
https://www.facebook.com/FlipDots,,tip,,Reference link provided in source.,low,8,2016-10-26,main,https://www.facebook.com/FlipDots,,https://youtube.com/watch?v=Osd2cy2dj8k,https://www.makerprojectlab.com/the-500-cnc-router-thats-too-good-to-ignore-maker-update-08/
Anouk's Cocktail Dress Instructable,,project,education; food-prep; fabric,Project: Anouk's Cocktail Dress Instructable.,high,7,2016-10-19,main,http://www.instructables.com/id/HOW-TO-MAKE-YOUR-OWN-ROBOTIC-COCKTAIL-DRESS/,https://www.youtube.com/watch?v=fIDgn5oA6DE; http://iq.intel.com/smart-spider-dress-by-dutch-designer-anouk-wipprecht/,https://www.makerprojectlab.com/maker-update-07-put-on-your-drinking-dress/,https://www.makerprojectlab.com/maker-update-07-put-on-your-drinking-dress/
@AnoukWipprecht,,project,diy; maker,Project: @AnoukWipprecht.,high,7,2016-10-19,main,,,https://www.makerprojectlab.com/maker-update-07-put-on-your-drinking-dress/,https://www.makerprojectlab.com/maker-update-07-put-on-your-drinking-dress/
Arduino-Powered Stranger Things Wall,,project,arduino,Project: Arduino-Powered Stranger Things Wall.,high,7,2016-10-19,main,http://www.instructables.com/id/Arduino-Based-Stranger-Things-Lights/,http://www.instructables.com/member/bxl4662/,https://www.makerprojectlab.com/maker-update-07-put-on-your-drinking-dress/,https://www.makerprojectlab.com/maker-update-07-put-on-your-drinking-dress/
Gonk Droid Prop from Junk,,project,upcycling; props,Project: Gonk Droid Prop from Junk.,high,7,2016-10-19,main,http://www.instructables.com/id/GONK-Droid-From-Junk/,http://www.instructables.com/member/syfrog/,https://www.makerprojectlab.com/maker-update-07-put-on-your-drinking-dress/,https://www.makerprojectlab.com/maker-update-07-put-on-your-drinking-dress/
BooSTick,,tip,,BooSTick,low,7,2016-10-19,main,https://www.adafruit.com/products/3265?utm_source=youtube&utm_medium=videodescrip&utm_campaign=newproducts,,https://www.makerprojectlab.com/maker-update-07-put-on-your-drinking-dress/,https://www.makerprojectlab.com/maker-update-07-put-on-your-drinking-dress/
Teensy 3.6,,tip,,Teensy 3.6,low,7,2016-10-19,main,https://www.adafruit.com/products/3266?utm_source=youtube&utm_medium=videodescrip&utm_campaign=newproducts,http://hackaday.com/2016/08/17/introducing-the-teensy-3-5-and-3-6/,https://www.makerprojectlab.com/maker-update-07-put-on-your-drinking-dress/,https://www.makerprojectlab.com/maker-update-07-put-on-your-drinking-dress/
Teensy 3.5,,tip,,Teensy 3.5,low,7,2016-10-19,main,https://www.adafruit.com/products/3267?utm_source=youtube&utm_medium=videodescrip&utm_campaign=newproducts,https://www.youtube.com/watch?v=a1UGDOdKcVg,https://www.makerprojectlab.com/maker-update-07-put-on-your-drinking-dress/,https://www.makerprojectlab.com/maker-update-07-put-on-your-drinking-dress/
Small Parts Organization,,tip,workshop; organization,Tips for organizing small parts and hardware in the shop.,high,7,2016-10-19,main,http://makezine.com/2016/10/15/small-parts-organization-in-the-shop/,,https://www.makerprojectlab.com/maker-update-07-put-on-your-drinking-dress/,https://www.makerprojectlab.com/maker-update-07-put-on-your-drinking-dress/
Good Read,,tip,,Resource: Good Read.,low,7,2016-10-19,main,,,https://www.makerprojectlab.com/maker-update-07-put-on-your-drinking-dress/,https://www.makerprojectlab.com/maker-update-07-put-on-your-drinking-dress/
Too Good to Throw Away,,tip,electronics,Too Good to Throw Away,low,7,2016-10-19,main,http://hackaday.com/2016/10/13/too-good-to-throw-away-dealing-with-an-out-of-control-junk-hoard/,,https://www.makerprojectlab.com/maker-update-07-put-on-your-drinking-dress/,https://www.makerprojectlab.com/maker-update-07-put-on-your-drinking-dress/
@Jenny_Alto,,tip,,Resource: @Jenny_Alto.,low,7,2016-10-19,main,,,https://www.makerprojectlab.com/maker-update-07-put-on-your-drinking-dress/,https://www.makerprojectlab.com/maker-update-07-put-on-your-drinking-dress/
Trash bag tape ghosts,,project,upcycling,Project: Trash bag tape ghosts.,high,6,2016-10-12,main,http://www.instructables.com/id/Trash-Bag-and-Tape-Ghosts-Wwwmonstertutorialscomgh/,http://amzn.to/2dEnclR,https://www.makerprojectlab.com/maker-update-06-garbage-ghosts-key-bangers/,https://www.makerprojectlab.com/maker-update-06-garbage-ghosts-key-bangers/
Chicken Wire Ghost Bride,,project,electronics; wire; seasonal,Project: Chicken Wire Ghost Bride.,high,6,2016-10-12,main,http://www.instructables.com/id/Chicken-Wire-Ghost-Bride/,,https://www.makerprojectlab.com/maker-update-06-garbage-ghosts-key-bangers/,https://www.makerprojectlab.com/maker-update-06-garbage-ghosts-key-bangers/
Neopixel Goggle Kit,,project,neopixel; wearables; electronics,Project: Neopixel Goggle Kit.,high,6,2016-10-12,main,https://www.adafruit.com/product/2221,,https://www.makerprojectlab.com/maker-update-06-garbage-ghosts-key-bangers/,https://www.makerprojectlab.com/maker-update-06-garbage-ghosts-key-bangers/
5 Cosplay Communities,,tip,cosplay,Resource: 5 Cosplay Communities.,high,6,2016-10-12,main,http://makezine.com/2016/10/03/halloween-2016-5-cosplay-communities-to-source-your-halloween-costume-inspiration/,,https://www.makerprojectlab.com/maker-update-06-garbage-ghosts-key-bangers/,https://www.makerprojectlab.com/maker-update-06-garbage-ghosts-key-bangers/
Cosplay Tutorial,,tip,cosplay; education,Resource: Cosplay Tutorial.,high,6,2016-10-12,main,http://cosplaytutorial.com/,,https://www.makerprojectlab.com/maker-update-06-garbage-ghosts-key-bangers/,https://www.makerprojectlab.com/maker-update-06-garbage-ghosts-key-bangers/
MyMini Factory,,tip,3d-printing,3D model: MyMini Factory,low,6,2016-10-12,main,https://www.myminifactory.com/category/cosplay,https://www.thingiverse.com/glitchpudding/collections/cosplay,https://www.makerprojectlab.com/maker-update-06-garbage-ghosts-key-bangers/,https://www.makerprojectlab.com/maker-update-06-garbage-ghosts-key-bangers/
https://www.thingiverse.com/glitchpudding/collections/halloween,,tip,3d-printing; collection,https://www.thingiverse.com/glitchpudding/collections/halloween (Thingiverse),low,6,2016-10-12,main,https://www.thingiverse.com/glitchpudding/collections/halloween,,https://www.makerprojectlab.com/maker-update-06-garbage-ghosts-key-bangers/,https://www.makerprojectlab.com/maker-update-06-garbage-ghosts-key-bangers/
Advanced Halloween Tools,,tip,seasonal,Resource: Advanced Halloween Tools.,high,6,2016-10-12,main,http://www.frightprops.com/,,https://www.makerprojectlab.com/maker-update-06-garbage-ghosts-key-bangers/,https://www.makerprojectlab.com/maker-update-06-garbage-ghosts-key-bangers/
http://www.monsterguts.com/store/,,tip,,Reference link provided in source.,low,6,2016-10-12,main,https://www.facebook.com/Monster-Guts-65383722574/,,https://www.makerprojectlab.com/maker-update-06-garbage-ghosts-key-bangers/,https://www.makerprojectlab.com/maker-update-06-garbage-ghosts-key-bangers/
Easy 3D Topical Maps (Scott McIndoe),,project,diy; maker,Project: Easy 3D Topical Maps (Scott McIndoe).,high,5,2016-10-05,main,http://www.instructables.com/id/Easy-3D-Topographical-Maps/,http://www.autodesk.com/artist-in-residence/artists/scott-mcindoe; https://www.youtube.com/watch?v=xmhKWejYmwY,https://youtube.com/watch?v=FwFsP2b3EOg,https://www.makerprojectlab.com/maker-update-05-love-conquers-arduino/
Folding Candelabrum (Scott McIndoe),,project,papercraft,Project: Folding Candelabrum (Scott McIndoe).,high,5,2016-10-05,main,http://www.instructables.com/id/Folding-Candelabrum/,https://www.youtube.com/watch?v=FwFsP2b3EOg,https://youtube.com/watch?v=FwFsP2b3EOg,https://www.makerprojectlab.com/maker-update-05-love-conquers-arduino/
Orbiting TimeLapse Rig (Scott McIndoe),,project,diy; maker,Project: Orbiting TimeLapse Rig (Scott McIndoe).,high,5,2016-10-05,main,http://www.instructables.com/id/Orbiting-Time-Lapse-Rig/,,https://youtube.com/watch?v=FwFsP2b3EOg,https://www.makerprojectlab.com/maker-update-05-love-conquers-arduino/
Terrain2STL,,tip,,Resource: Terrain2STL.,low,5,2016-10-05,main,http://jthatch.com/Terrain2STL/,,https://youtube.com/watch?v=FwFsP2b3EOg,https://www.makerprojectlab.com/maker-update-05-love-conquers-arduino/
Moon2STL,,tip,,Resource: Moon2STL.,low,5,2016-10-05,main,http://jthatch.com/Moon2STL/,,https://youtube.com/watch?v=FwFsP2b3EOg,https://www.makerprojectlab.com/maker-update-05-love-conquers-arduino/
3DP Coffee Designs,,tip,3d-printing; pla,Resource: 3DP Coffee Designs.,high,5,2016-10-05,main,https://www.thingiverse.com/glitchpudding/collections/coffee/page:3,,https://youtube.com/watch?v=FwFsP2b3EOg,https://www.makerprojectlab.com/maker-update-05-love-conquers-arduino/
Leather,,tip,,Resource: Leather.,low,5,2016-10-05,main,http://www.instructables.com/contest/tandy2016/,,https://youtube.com/watch?v=FwFsP2b3EOg,https://www.makerprojectlab.com/maker-update-05-love-conquers-arduino/
Solar,,tip,,Resource: Solar.,low,5,2016-10-05,main,http://www.instructables.com/contest/solar2016/,,https://youtube.com/watch?v=FwFsP2b3EOg,https://www.makerprojectlab.com/maker-update-05-love-conquers-arduino/
Clay,,tip,,Resource: Clay.,low,5,2016-10-05,main,http://www.instructables.com/contest/clay2016/,,https://youtube.com/watch?v=FwFsP2b3EOg,https://www.makerprojectlab.com/maker-update-05-love-conquers-arduino/
LED,,tip,,Resource: LED.,low,5,2016-10-05,main,http://www.instructables.com/contest/LED2016/,,https://youtube.com/watch?v=FwFsP2b3EOg,https://www.makerprojectlab.com/maker-update-05-love-conquers-arduino/
Live off the Land,,tip,,Content unclear from title alone.,low,5,2016-10-05,main,http://www.instructables.com/contest/liveofftheland/,,https://youtube.com/watch?v=FwFsP2b3EOg,https://www.makerprojectlab.com/maker-update-05-love-conquers-arduino/
Dorm Hacks,,tip,,Resource: Dorm Hacks.,low,5,2016-10-05,main,http://www.instructables.com/contest/dormhacks2016/,,https://youtube.com/watch?v=FwFsP2b3EOg,https://www.makerprojectlab.com/maker-update-05-love-conquers-arduino/
Circuits,,tip,,Resource: Circuits.,low,5,2016-10-05,main,http://www.instructables.com/contest/circuits2016/,,https://youtube.com/watch?v=FwFsP2b3EOg,https://www.makerprojectlab.com/maker-update-05-love-conquers-arduino/
"October 7 - 9, 2016",,tip,event,A dated event mention with no further context captured.,low,5,2016-10-05,main,,,https://youtube.com/watch?v=FwFsP2b3EOg,https://www.makerprojectlab.com/maker-update-05-love-conquers-arduino/
"October 8 + 9, 2016",,tip,event,A dated event mention with no further context captured.,low,5,2016-10-05,main,,,https://youtube.com/watch?v=FwFsP2b3EOg,https://www.makerprojectlab.com/maker-update-05-love-conquers-arduino/
"October 8 + 9, 2016",,tip,event,A dated event mention with no further context captured.,low,5,2016-10-05,main,,,https://youtube.com/watch?v=FwFsP2b3EOg,https://www.makerprojectlab.com/maker-update-05-love-conquers-arduino/
Knipex High Leverage Cutters,,tip,hand-tools; knipex; tool-review,A review of Knipex high-leverage cutting pliers.,high,5,2016-10-05,main,http://amzn.to/2cROTHg,http://kk.org/cooltools/knipex-high-leverage-cutters/,https://youtube.com/watch?v=FwFsP2b3EOg,https://www.makerprojectlab.com/maker-update-05-love-conquers-arduino/
@JThatcherC,,tip,,Resource: @JThatcherC.,low,5,2016-10-05,main,,,https://youtube.com/watch?v=FwFsP2b3EOg,https://www.makerprojectlab.com/maker-update-05-love-conquers-arduino/
@thingiverse,,tip,,Resource: @thingiverse.,low,5,2016-10-05,main,,,https://youtube.com/watch?v=FwFsP2b3EOg,https://www.makerprojectlab.com/maker-update-05-love-conquers-arduino/
@arduino,,tip,arduino,Resource: @arduino.,low,5,2016-10-05,main,,,https://youtube.com/watch?v=FwFsP2b3EOg,https://www.makerprojectlab.com/maker-update-05-love-conquers-arduino/
@adafruit,,tip,adafruit,Resource: @adafruit.,low,5,2016-10-05,main,,,https://youtube.com/watch?v=FwFsP2b3EOg,https://www.makerprojectlab.com/maker-update-05-love-conquers-arduino/
@make,,tip,,Resource: @make.,low,5,2016-10-05,main,,,https://youtube.com/watch?v=FwFsP2b3EOg,https://www.makerprojectlab.com/maker-update-05-love-conquers-arduino/
your google+,,tip,,Resource: your google+.,low,5,2016-10-05,main,,,https://youtube.com/watch?v=FwFsP2b3EOg,https://www.makerprojectlab.com/maker-update-05-love-conquers-arduino/
Face-tracking desk fan,,project,diy; maker,Project: Face-tracking desk fan.,high,4,2016-09-28,main,https://blog.adafruit.com/2016/09/23/raspberry-pi-powered-face-tracking-desk-fan-raspberry_pi-piday-raspberrypi/,http://www.instructables.com/id/Face-Tracking-Desk-Fan/?ALLSTEPS; http://www.pyimagesearch.com/2015/10/26/how-to-install-opencv-3-on-raspbian-jessie/,https://www.makerprojectlab.com/maker-update-04-the-years-most-controversial-diy/,https://www.makerprojectlab.com/maker-update-04-the-years-most-controversial-diy/
LED Unicorn Horn,,project,lighting,Project: LED Unicorn Horn.,high,4,2016-09-28,main,https://learn.adafruit.com/simple-led-unicorn-horn,,https://www.makerprojectlab.com/maker-update-04-the-years-most-controversial-diy/,https://www.makerprojectlab.com/maker-update-04-the-years-most-controversial-diy/
TinyCircuits Tiny Arcade,,project,retro-tech; gaming,Project: TinyCircuits Tiny Arcade.,high,4,2016-09-28,main,https://tinycircuits.com/collections/kits/products/tinyarcade,,https://www.makerprojectlab.com/maker-update-04-the-years-most-controversial-diy/,https://www.makerprojectlab.com/maker-update-04-the-years-most-controversial-diy/
Animated knots,,tip,,Resource: Animated knots.,low,4,2016-09-28,main,http://www.animatedknots.com/,,https://www.makerprojectlab.com/maker-update-04-the-years-most-controversial-diy/,https://www.makerprojectlab.com/maker-update-04-the-years-most-controversial-diy/
3DP Knob Generators,,tip,3d-printing; pla,Resource: 3DP Knob Generators.,high,4,2016-09-28,main,https://www.thingiverse.com/glitchpudding/collections/knob-generators/page:1,,https://www.makerprojectlab.com/maker-update-04-the-years-most-controversial-diy/,https://www.makerprojectlab.com/maker-update-04-the-years-most-controversial-diy/
Instructables Halloween Contests,,tip,education; seasonal,Resource: Instructables Halloween Contests.,high,4,2016-09-28,main,http://www.instructables.com/contest/,,https://www.makerprojectlab.com/maker-update-04-the-years-most-controversial-diy/,https://www.makerprojectlab.com/maker-update-04-the-years-most-controversial-diy/
Food,,tip,,Resource: Food.,low,4,2016-09-28,main,http://www.instructables.com/contest/halloweenfood2016/,,https://www.makerprojectlab.com/maker-update-04-the-years-most-controversial-diy/,https://www.makerprojectlab.com/maker-update-04-the-years-most-controversial-diy/
Costume,,tip,,Resource: Costume.,low,4,2016-09-28,main,http://www.instructables.com/contest/halloweencostumes2016/,,https://www.makerprojectlab.com/maker-update-04-the-years-most-controversial-diy/,https://www.makerprojectlab.com/maker-update-04-the-years-most-controversial-diy/
Decor,,tip,,Resource: Decor.,low,4,2016-09-28,main,http://www.instructables.com/contest/halloweendecor2016/,,https://www.makerprojectlab.com/maker-update-04-the-years-most-controversial-diy/,https://www.makerprojectlab.com/maker-update-04-the-years-most-controversial-diy/
Props,,tip,,Resource: Props.,low,4,2016-09-28,main,http://www.instructables.com/contest/halloweenprops2016/,,https://www.makerprojectlab.com/maker-update-04-the-years-most-controversial-diy/,https://www.makerprojectlab.com/maker-update-04-the-years-most-controversial-diy/
Moat Boat Paddle Battle,,tip,,A boat-race competition activity held at World Maker Faire.,low,4,2016-09-28,main,http://www.moatboatpaddlebattle.com/,https://www.youtube.com/watch?v=jrhRXKJxY9c; http://www.moatboatpaddlebattle.com/register-now-for-mbpb-at-world-maker-faire-2016/,https://www.makerprojectlab.com/maker-update-04-the-years-most-controversial-diy/,https://www.makerprojectlab.com/maker-update-04-the-years-most-controversial-diy/
World's Smallest MAME cabinet (Philip Burgess),,project,retro-tech; storage,Project: World's Smallest MAME cabinet (Philip Burgess).,high,3,2016-09-21,main,https://learn.adafruit.com/worlds-smallest-mame-arcade-cabinet,,https://www.makerprojectlab.com/maker-update-03-robots-skulls-and-middle-fingers/,https://www.makerprojectlab.com/maker-update-03-robots-skulls-and-middle-fingers/
Body Ruler (via Gareth),,tip,measuring; diy-tools,"A DIY body-measuring ruler tool, flagged by contributor Gareth Branwyn.",high,3,2016-09-21,main,http://www.vendian.org/mncharity/dir3/bodyruler/,http://makezine.com/2016/09/16/measuring-tip-ruler/,https://www.makerprojectlab.com/maker-update-03-robots-skulls-and-middle-fingers/,https://www.makerprojectlab.com/maker-update-03-robots-skulls-and-middle-fingers/
PiBakery,,tip,,Resource: PiBakery.,low,3,2016-09-21,main,http://www.pibakery.org/,https://blog.adafruit.com/2016/09/16/pibakery-the-easiest-way-to-setup-a-raspberry-pi-piday-raspberrypi-raspberry_pi/,https://www.makerprojectlab.com/maker-update-03-robots-skulls-and-middle-fingers/,https://www.makerprojectlab.com/maker-update-03-robots-skulls-and-middle-fingers/
The Deconstruction,,tip,,Content unclear from title alone.,low,3,2016-09-21,main,http://thedeconstruction.org/manifesto/,https://www.youtube.com/watch?v=RM9yGI_ZhAc,https://www.makerprojectlab.com/maker-update-03-robots-skulls-and-middle-fingers/,https://www.makerprojectlab.com/maker-update-03-robots-skulls-and-middle-fingers/
Micro Sketch (3D Printed),,project,3d-printing; pla,Project: Micro Sketch (3D Printed).,high,2,2016-09-14,main,https://www.thingiverse.com/thing:1668472,,https://www.makerprojectlab.com/maker-update-02/,https://www.makerprojectlab.com/maker-update-02/
3D Print onto a t-shirt,,project,printing; 3d-printing; pla,Project: 3D Print onto a t-shirt.,high,2,2016-09-14,main,https://community.makezine.com/share/sahrye-cohen-hal-rodriguez/3d-print-directly-onto-your-t-shirt-e0622d?ref=platform&ref_id=18265_trending___&offset=5,,https://www.makerprojectlab.com/maker-update-02/,https://www.makerprojectlab.com/maker-update-02/
Vintage Intercom Echo,,project,audio; retro-tech; home-automation,Project: Vintage Intercom Echo.,high,2,2016-09-14,main,https://community.makezine.com/share/nick-brewer/vintage-intercom-echo-5d90bd?ref=platform&ref_id=18265_trending___&offset=24,,https://www.makerprojectlab.com/maker-update-02/,https://www.makerprojectlab.com/maker-update-02/
DIY Steel Pipe Toilet Paper Holder,,project,storage; metal; hardware,Project: DIY Steel Pipe Toilet Paper Holder.,high,2,2016-09-14,main,http://www.instructables.com/id/Easy-DIY-Steel-Pipes-Toilet-Paper-Holder/?ALLSTEPS,,https://www.makerprojectlab.com/maker-update-02/,https://www.makerprojectlab.com/maker-update-02/
3D Printed Pegboard adapters,,tip,3d-printing; pla,Resource: 3D Printed Pegboard adapters.,high,2,2016-09-14,main,https://www.thingiverse.com/glitchpudding/collections/pegboard/page:1,,https://www.makerprojectlab.com/maker-update-02/,https://www.makerprojectlab.com/maker-update-02/
Backyard,,tip,,Resource: Backyard.,low,2,2016-09-14,main,http://www.instructables.com/contest/backyard2016/,,https://www.makerprojectlab.com/maker-update-02/,https://www.makerprojectlab.com/maker-update-02/
Caning & Pickling,,tip,woodworking; traditional-craft; wood-finishing,Traditional chair-caning and wood-pickling finishing techniques.,high,2,2016-09-14,main,http://www.instructables.com/contest/canningpickling2016/,,https://www.makerprojectlab.com/maker-update-02/,https://www.makerprojectlab.com/maker-update-02/
Donald talks at EBMF,,tip,,Host Donald Bell speaking at the East Bay Mini Maker Faire.,low,2,2016-09-14,main,http://eastbay.makerfaire.com/,,https://www.makerprojectlab.com/maker-update-02/,https://www.makerprojectlab.com/maker-update-02/
Zip Tie Starlight lamp,,project,lighting,Project: Zip Tie Starlight lamp.,high,1,2016-09-07,main,http://www.instructables.com/id/Zip-Tie-Starlight/?ALLSTEPS,,https://youtube.com/watch?v=kCKUoYB8OqQ,https://www.makerprojectlab.com/maker-update-01/
Solar Powered Fairy House,,project,decorative; renewable-energy,Project: Solar Powered Fairy House.,high,1,2016-09-07,main,http://www.instructables.com/id/Solar-Powered-Fairy-House/?ALLSTEPS,,https://youtube.com/watch?v=kCKUoYB8OqQ,https://www.makerprojectlab.com/maker-update-01/
Hot Wire Foam Cutter,,project,electronics; wire; foam,Project: Hot Wire Foam Cutter.,high,1,2016-09-07,main,http://www.instructables.com/id/Plywood-Hot-Wire-Foam-Cutter/?ALLSTEPS,,https://youtube.com/watch?v=kCKUoYB8OqQ,https://www.makerprojectlab.com/maker-update-01/
Monster Detector,,project,animatronics,Project: Monster Detector.,high,1,2016-09-07,main,http://makezine.com/projects/monster-detector/,,https://youtube.com/watch?v=kCKUoYB8OqQ,https://www.makerprojectlab.com/maker-update-01/
Restore vintage power drill,,tip,retro-tech; power-systems,Resource: Restore vintage power drill.,high,1,2016-09-07,main,http://www.instructables.com/id/Restore-a-Vintage-Power-Drill/?ALLSTEPS,,https://youtube.com/watch?v=kCKUoYB8OqQ,https://www.makerprojectlab.com/maker-update-01/
Turntable for 3D Printer,,tip,3d-printing; turntable,A rotating turntable accessory build for 3D-printed objects.,high,1,2016-09-07,main,http://makezine.com/2016/09/05/pro-tip-make-stable-turn-table-easy-3d-printer-access/,,https://youtube.com/watch?v=kCKUoYB8OqQ,https://www.makerprojectlab.com/maker-update-01/
Understanding resistor types,,tip,electronics,Resource: Understanding resistor types.,high,1,2016-09-07,main,http://hackaday.com/2016/09/06/what-is-there-to-know-about-resistors/,,https://youtube.com/watch?v=kCKUoYB8OqQ,https://www.makerprojectlab.com/maker-update-01/
Orbit Sander Organizer,,tip,storage,Resource: Orbit Sander Organizer.,high,1,2016-09-07,main,https://www.youtube.com/watch?v=JYl-0IHf-jc,,https://youtube.com/watch?v=kCKUoYB8OqQ,https://www.makerprojectlab.com/maker-update-01/
Puzzles,,tip,,Resource: Puzzles.,low,1,2016-09-07,main,http://www.instructables.com/contest/puzzles2016/,,https://youtube.com/watch?v=kCKUoYB8OqQ,https://www.makerprojectlab.com/maker-update-01/
John Park's Overwatch Lucio Blaster,,project,cosplay; props; electronics; adafruit,Overwatch Lucio character prop blaster build with electronics.,high,65,2017-12-20,main,https://blog.adafruit.com/2016/12/28/overwatch-lucios-prop-blaster-build-final-video-adafruit-johnedgarpark/,,https://youtube.com/watch?v=VMYXd4BUcCw,https://www.makerprojectlab.com/favorite-projects-2017-maker-update-65/
LED Eyes,Ruiz Brothers,tip,electronics; led; wearables,LED eyes for costumes and creative wearables.,high,65,2017-12-20,main,https://learn.adafruit.com/led-eyes,,https://youtube.com/watch?v=VMYXd4BUcCw,https://www.makerprojectlab.com/favorite-projects-2017-maker-update-65/
Cykill – a Bike Powered Gaming Console,Fuzzy-Wobble,project,bike; gaming; electronics,Bike-powered gaming console with physical mechanics.,high,65,2017-12-20,main,https://www.instructables.com/id/Cykill-a-Bike-Powered-Gaming-Console/,,https://youtube.com/watch?v=VMYXd4BUcCw,https://www.makerprojectlab.com/favorite-projects-2017-maker-update-65/
Laser-powered Lightsaber,makendo,project,props; laser; electronics,Interactive lightsaber using laser optics and mechanics.,high,65,2017-12-20,main,https://www.instructables.com/id/Laser-powered-Light-Saber/,,https://youtube.com/watch?v=VMYXd4BUcCw,https://www.makerprojectlab.com/favorite-projects-2017-maker-update-65/
Retro Raspberry Pi Tumblr GIF Camera,bekathwia,project,raspberry-pi; camera; photography,Retro GIF camera using Raspberry Pi that posts to Tumblr.,high,65,2017-12-20,main,https://www.instructables.com/id/Retro-Raspberry-Pi-Tumblr-GIF-Camera/,,https://youtube.com/watch?v=VMYXd4BUcCw,https://www.makerprojectlab.com/favorite-projects-2017-maker-update-65/
3D Printed Animatronic Puppet,JON-A-TRON,project,3d-printing; animatronics; puppet,Automated puppet built from 3D-printed parts and motors.,high,65,2017-12-20,main,https://www.instructables.com/id/3D-Printed-Animatronic-Puppet/,,https://youtube.com/watch?v=VMYXd4BUcCw,https://www.makerprojectlab.com/favorite-projects-2017-maker-update-65/
Flamethrower Skateboard,mikeasaurus,project,skateboard; props; pyrotechnics,Skateboard with flamethrower effects for display.,high,65,2017-12-20,main,https://www.instructables.com/id/Flamethrower-Skateboard/,,https://youtube.com/watch?v=VMYXd4BUcCw,https://www.makerprojectlab.com/favorite-projects-2017-maker-update-65/
Ryobi (60 Watt) Cordless Glue Gun,,tip,power-tools; adhesive,Cordless hot glue gun for maker and craft projects.,high,65,2017-12-20,main,https://www.amazon.com/exec/obidos/ASIN/B01N9IJYIZ/ctmakerupdate-20,,https://youtube.com/watch?v=VMYXd4BUcCw,https://www.makerprojectlab.com/favorite-projects-2017-maker-update-65/
Surebonder PRO2-100 100-Watt High Temperature Industrial Glue Gun,,tip,adhesive; industrial,High-temperature industrial hot glue gun.,high,65,2017-12-20,main,https://www.amazon.com/exec/obidos/ASIN/B006IY359K/ctmakerupdate-20,,https://youtube.com/watch?v=VMYXd4BUcCw,https://www.makerprojectlab.com/favorite-projects-2017-maker-update-65/
Cykill – a Bike Powered Gaming Console,Fuzzy-Wobble,project,bike; gaming; electronics,Bike-powered gaming console with physical mechanics.,high,44,2017-07-26,main,https://www.instructables.com/id/Cykill-a-Bike-Powered-Gaming-Console/,,https://youtube.com/watch?v=tbQYnxVY6EM,https://www.makerprojectlab.com/bike-powered-xbox-maker-update-44/
3D Printer shopping,,tip,3d-printing; shopping-guide,Comparison and recommendations for 3D printer models.,high,38,2017-06-14,main,http://makezine.com/comparison/3dprinters/,,https://youtube.com/watch?v=T3D70i1Z3N0,https://www.makerprojectlab.com/top-5-summer-projects-maker-update-38/
d.light S2 rechargeable LED light,,tip,solar; led; portable-lighting,Compact solar-powered rechargeable LED work light.,high,38,2017-06-14,main,https://www.amazon.com/exec/obidos/ASIN/B00BJF86A6/ctmakerupdate-20,,https://youtube.com/watch?v=T3D70i1Z3N0,https://www.makerprojectlab.com/top-5-summer-projects-maker-update-38/
Kent Barnes review,,tip,product-review; led; solar,Cool Tools review of solar task light.,high,38,2017-06-14,main,http://kk.org/cooltools/led-rechargeable-solar-task-light/,,https://youtube.com/watch?v=T3D70i1Z3N0,https://www.makerprojectlab.com/top-5-summer-projects-maker-update-38/
Caleb Kraft's Giant Mechanical Iris,,project,cnc; laser-cutting; mechanical; skylight,Giant mechanical iris skylight using CNC routing.,high,33,2017-05-10,main,http://makezine.com/2017/05/02/cnc-routing-4-foot-mechanical-iris-skylight/,,https://youtube.com/watch?v=cU0wms1T0Uw,https://www.makerprojectlab.com/cnc-sky-iris-maker-update-33/
Kitty Car Update!,,project,electric-vehicle; racing; diy,Electric go-kart racing project update.,high,30,2017-04-19,main,https://www.indiegogo.com/projects/kitty-grabs-back-electric-gokart-racing#/,,https://youtube.com/watch?v=hDejLQxcVo0,https://www.makerprojectlab.com/sun-powered-cnc-maker-update-30/
Pi Hole sent,John Kearney,project,raspberry-pi; networking; software,Network-wide ad blocker using Raspberry Pi.,high,14,2016-12-14,main,https://pi-hole.net/,,https://youtube.com/watch?v=DI_FniYuxg4,https://www.makerprojectlab.com/5-ways-to-slice-a-raspberry-pi-maker-update-14/
BOINC and SET @ Home sent,Ryan Campbell,project,raspberry-pi; distributed-computing,BOINC/SETI@Home distributed computing on Raspberry Pi.,high,14,2016-12-14,main,https://www.youtube.com/watch?v=SiQ0Ro_bCZY,,https://youtube.com/watch?v=DI_FniYuxg4,https://www.makerprojectlab.com/5-ways-to-slice-a-raspberry-pi-maker-update-14/
Pi LightShow sent,Zach Carson,project,raspberry-pi; led; display,Programmable LED light show using Raspberry Pi.,high,14,2016-12-14,main,https://plus.google.com/communities/101789596301454731630,,https://youtube.com/watch?v=DI_FniYuxg4,https://www.makerprojectlab.com/5-ways-to-slice-a-raspberry-pi-maker-update-14/
3D Scan sent,Joe Villavicencio,project,raspberry-pi; 3d-scanning,Automated 3D scanning system with Raspberry Pi.,high,14,2016-12-14,main,https://www.raspberrypi.org/magpi/fabscan-pi-project-3d-scanning-for-all/,,https://youtube.com/watch?v=DI_FniYuxg4,https://www.makerprojectlab.com/5-ways-to-slice-a-raspberry-pi-maker-update-14/
Mini Magic Mirror sent,Marie Godyn,project,raspberry-pi; mirror; display,Smart magic mirror display using Raspberry Pi.,high,14,2016-12-14,main,http://innate.cc/,,https://youtube.com/watch?v=DI_FniYuxg4,https://www.makerprojectlab.com/5-ways-to-slice-a-raspberry-pi-maker-update-14/
Radiation Logger sent,Abdulrahman Yousif Abdalla,project,raspberry-pi; sensor; radiation,Radiation sensor logger using Raspberry Pi.,high,14,2016-12-14,main,https://www.cooking-hacks.com/documentation/tutorials/geiger-counter-radiation-sensor-board-arduino-raspberry-pi-tutorial/,,https://youtube.com/watch?v=DI_FniYuxg4,https://www.makerprojectlab.com/5-ways-to-slice-a-raspberry-pi-maker-update-14/
Automated Marionette sent,Thomas,project,puppet; animatronics; motorized,Automated giant marionette with motor controls.,high,14,2016-12-14,main,http://bravoentertainment.com/talent/david-the-34-foot-tall-marionette/,,https://youtube.com/watch?v=DI_FniYuxg4,https://www.makerprojectlab.com/5-ways-to-slice-a-raspberry-pi-maker-update-14/
Pi Fish Feeder sent,Nick,project,raspberry-pi; automation; pets,Automatic fish feeder controlled by Raspberry Pi.,high,14,2016-12-14,main,https://thediystation.wordpress.com/2014/03/20/raspberry-pi-powered-fish-feeder/,,https://youtube.com/watch?v=DI_FniYuxg4,https://www.makerprojectlab.com/5-ways-to-slice-a-raspberry-pi-maker-update-14/
Pi VOiP Intercom sent,Clay Cooper,project,raspberry-pi; walkie-talkie; audio,Pi-based walkie-talkie intercom system.,high,14,2016-12-14,main,http://hackaday.com/2016/09/07/raspberry-pi-walkie-talkie-mumbles-to-friends/,,https://youtube.com/watch?v=DI_FniYuxg4,https://www.makerprojectlab.com/5-ways-to-slice-a-raspberry-pi-maker-update-14/
Raspberry Shake sent,Caleb J,project,raspberry-pi; seismograph; sensor,Personal seismograph using Raspberry Pi.,high,14,2016-12-14,main,https://www.kickstarter.com/projects/angelrodriguez/raspberry-shake-your-personal-seismograph,,https://youtube.com/watch?v=DI_FniYuxg4,https://www.makerprojectlab.com/5-ways-to-slice-a-raspberry-pi-maker-update-14/
"10"" Desktop Version",,project,mechanical-iris; kinetic-art; cnc,A desktop-sized variant of a mechanical iris skylight kit.,high,33,2017-05-10,main,http://www.cncrouterparts.com/make-iris-skylight-p-443.html,,https://youtube.com/watch?v=cU0wms1T0Uw,https://www.makerprojectlab.com/cnc-sky-iris-maker-update-33/
Support my Indiegogo Fundraiser,,project,robotics; go-kart; crowdfunding,"Crowdfunding page for the ""Kitty Grabs Back"" electric go-kart racing project.",high,32,2017-05-03,main,https://www.indiegogo.com/projects/kitty-grabs-back-electric-gokart-racing/x/16196059#/,,https://youtube.com/watch?v=lh7STi1x_VQ,https://www.makerprojectlab.com/heartbeat-lights-maker-update-32/
