Title,Creator,Category,Tags,Synopsis,Confidence,Episode Number,Episode Date,Edition,Source URL,Secondary URLs,Episode Video URL,Episode Blog URL
Kinetic Sculpture,Andrew Kotite and Ben Oztalay,project,kinetic-art,Kinetic Sculpture by Andrew Kotite and Ben Oztalay.,high,362,2023-12-14,main,https://hackaday.io/project/193922-kinetic-sculpture,Inspired by: https://vimeo.com/8554267; https://www.hackster.io/news/andrew-kotite-s-kinetic-sculpture-pairs-a-raspberry-pi-and-40-microcontrollers-with-80-steel-balls-0f000878bbf8,https://youtube.com/watch?v=4fSzHQnfKMU&t=1740s,https://www.makerprojectlab.com/string-symphony-maker-update/
Wonderbot,Charlyn Gonda,project,robotics,Wonderbot by Charlyn Gonda.,high,362,2023-12-14,main,https://www.instagram.com/p/C0YlCmvuWNY/?igshid=MTc4MmM1YmI2Ng%3D%3D,,https://youtube.com/watch?v=4fSzHQnfKMU&t=7620s,https://www.makerprojectlab.com/string-symphony-maker-update/
BBAir,RealCorebb,project,ai,BBAir by RealCorebb.,high,362,2023-12-14,main,https://hackaday.io/project/193909-fully-transparent-air-bubble-display-bbair,https://hackaday.com/2023/12/06/a-fully-transparent-air-bubble-display/,https://youtube.com/watch?v=4fSzHQnfKMU&t=10620s,https://www.makerprojectlab.com/string-symphony-maker-update/
"Marblevator, Loop 2",gzumwalt,project,kinetic-art; marble-run; mechanism; contraption; diy,Marble run mechanism with elevator loop for continuous circulation.,high,362,2023-12-14,main,https://www.instructables.com/Marblevator-Loop-2/,,https://youtube.com/watch?v=4fSzHQnfKMU&t=11940s,https://www.makerprojectlab.com/string-symphony-maker-update/
WLED Remote Control Interface,,tip,led,WLED Remote Control Interface.,high,362,2023-12-14,main,https://kno.wled.ge/interfaces/infrared/,,https://youtube.com/watch?v=4fSzHQnfKMU,https://www.makerprojectlab.com/string-symphony-maker-update/
Edge-Lit Tavern Sign with WLED - Control with WiFi or IR Remote,Erin St Blaine,tip,led,Edge-Lit Tavern Sign with WLED - Control with WiFi or IR Remote by Erin St Blaine.,high,362,2023-12-14,main,https://learn.adafruit.com/edge-lit-tavern-sign-with-wled-control-with-wifi-or-ir-remote,,https://youtube.com/watch?v=4fSzHQnfKMU&t=13380s,https://www.makerprojectlab.com/string-symphony-maker-update/
Inside the World’s Most Famous LED Factory,Strange Parts,tip,led,Inside the World’s Most Famous LED Factory by Strange Parts.,high,362,2023-12-14,main,https://youtu.be/pMjhJ9kcaU4?si=oqIfYkloaox6zwpW,,https://youtube.com/watch?v=4fSzHQnfKMU&t=15960s,https://www.makerprojectlab.com/string-symphony-maker-update/
Print-In-Place Present Box,RWB_DESIGNS,tip,3d-printing; plastic,Print-In-Place Present Box by RWB_DESIGNS.,high,362,2023-12-14,main,https://cults3d.com/en/3d-model/various/print-in-place-present-mini,vid: https://www.youtube.com/watch?v=LNmwjQYzeNU,https://youtube.com/watch?v=4fSzHQnfKMU&t=19200s,https://www.makerprojectlab.com/string-symphony-maker-update/
Indoor Drone Swarms,Joshua Bird,project,robotics,Indoor Drone Swarms by Joshua Bird.,high,361,2023-12-07,main,https://www.youtube.com/watch?v=0ql20JKrscQ,,https://youtube.com/watch?v=KHgs1AxG7Fc&t=2460s,https://www.makerprojectlab.com/the-ceilings-the-limit-maker-update/
Star Wars Walking Droid,James Bruton,project,robotics; walking-robot; props; mechanical,Star Wars Walking Droid mechanical robot project.,low,361,2023-12-07,main,https://www.youtube.com/watch?v=XHjnWm7hGH8,,https://youtube.com/watch?v=KHgs1AxG7Fc&t=9540s,https://www.makerprojectlab.com/the-ceilings-the-limit-maker-update/
Mitxela's tiny volumetric DIsplay,,project,display; plastic,Mitxela's tiny volumetric DIsplay.,high,361,2023-12-07,main,https://www.youtube.com/watch?v=HKpBhE7QVAI,,https://youtube.com/watch?v=KHgs1AxG7Fc&t=12780s,https://www.makerprojectlab.com/the-ceilings-the-limit-maker-update/
Handheld Hackintosh,iketsj,project,portable-computer; handheld; retro-tech; hacking,Handheld Hackintosh portable computer project by iketsj.,low,361,2023-12-07,main,https://www.youtube.com/watch?v=Hz_rqTvahoE,,https://youtube.com/watch?v=KHgs1AxG7Fc&t=15540s,https://www.makerprojectlab.com/the-ceilings-the-limit-maker-update/
Top Ten SHop Gifts,Bob Clagett,tip,gift-guide,Top ten shop gift recommendations video by Bob Clagett.,low,361,2023-12-07,main,https://www.youtube.com/watch?v=8QNQbNO_U3M&pp=ygUUaSBsaWtlIHRvIG1ha2Ugc3R1ZmY%3D,,https://youtube.com/watch?v=KHgs1AxG7Fc&t=17520s,https://www.makerprojectlab.com/the-ceilings-the-limit-maker-update/
XTool's Screen Printer,,tip,3d-printing; display; screen-printing,XTool's Screen Printer.,high,361,2023-12-07,main,https://www.kickstarter.com/projects/makeblock/xtool-screen-printer-1st-screen-printing-solution-with-laser,,https://youtube.com/watch?v=KHgs1AxG7Fc&t=19980s,https://www.makerprojectlab.com/the-ceilings-the-limit-maker-update/
Cleo Abram visits Boston Dynamics,,tip,robotics; engineering,Cleo Abram visits Boston Dynamics robotics facility video.,low,361,2023-12-07,main,https://www.youtube.com/watch?v=nAgTgwak7ME&t=212s&pp=ygUKY2xlbyBhYnJhbQ%3D%3D,,https://youtube.com/watch?v=KHgs1AxG7Fc&t=22140s,https://www.makerprojectlab.com/the-ceilings-the-limit-maker-update/
Rocket made from Hot Glue,BPS SPace,project,space,Rocket made from Hot Glue by BPS SPace.,high,360,2023-11-28,main,https://www.youtube.com/watch?v=9PFuEmYMivU,,https://youtube.com/watch?v=F_IkrM0yU-M&t=1680s,https://www.makerprojectlab.com/new-heights-for-hot-glue-maker-update/
The Coathinger,Simone Giertz,project,mechanical-art; diy; crafting; contraption,The Coathinger mechanical coat hanger device by Simone Giertz.,low,360,2023-11-28,main,https://www.youtube.com/watch?v=vREokZa4dNU,,https://youtube.com/watch?v=F_IkrM0yU-M&t=13080s,https://www.makerprojectlab.com/new-heights-for-hot-glue-maker-update/
DigitalFiber,,project,e-textile; wearables; fabric; electronics; design-software,Platform for designing and manufacturing electronic textiles with custom software.,high,360,2023-11-28,main,https://digitalfiber.us/,,https://youtube.com/watch?v=F_IkrM0yU-M&t=18000s,https://www.makerprojectlab.com/new-heights-for-hot-glue-maker-update/
Searchable Gridfinity,Zack Freedman,project,storage; organization; 3d-printing; gridfinity,Searchable Gridfinity storage organization project by Zack Freedman.,low,360,2023-11-28,main,https://www.youtube.com/watch?v=7WAhquGQq3o,,https://youtube.com/watch?v=F_IkrM0yU-M&t=20400s,https://www.makerprojectlab.com/new-heights-for-hot-glue-maker-update/
Best Marble Divider,Wintergatan,tip,mechanical; kinetic-art,Best Marble Divider kinetic art video by Wintergatan.,low,360,2023-11-28,main,https://www.youtube.com/watch?v=Y83I8mLKufo,,https://youtube.com/watch?v=F_IkrM0yU-M&t=23820s,https://www.makerprojectlab.com/new-heights-for-hot-glue-maker-update/
The genius of sewing machines,Veritasium,tip,mechanical; sewing,The genius of sewing machines by Veritasium.,high,360,2023-11-28,main,https://www.youtube.com/watch?v=RQYuyHNLPTQ,,https://youtube.com/watch?v=F_IkrM0yU-M&t=25980s,https://www.makerprojectlab.com/new-heights-for-hot-glue-maker-update/
Rocket Bird by Works,Design,project,space,Rocket Bird by Works by Design.,high,359,2023-11-14,main,https://www.youtube.com/watch?v=angnUj0-yhQ,,https://youtube.com/watch?v=pRwb7kNH_-4&t=1380s,https://www.makerprojectlab.com/wind-beneath-my-wings-maker-update/
Electric RC Hovercraft,RCLifeOn,project,rc-vehicle; hovercraft; electronics,Electric RC Hovercraft radio-controlled craft project.,low,359,2023-11-14,main,https://www.youtube.com/watch?v=t9QC6AVITBQ,,https://youtube.com/watch?v=pRwb7kNH_-4&t=8460s,https://www.makerprojectlab.com/wind-beneath-my-wings-maker-update/
Pasta Machie Video with Simone Giertz,,project,food-machine; mechanical,Pasta Machine video collaboration with Simone Giertz.,low,359,2023-11-14,main,https://www.youtube.com/watch?v=5eE8y-TJdl8,,https://youtube.com/watch?v=pRwb7kNH_-4&t=11880s,https://www.makerprojectlab.com/wind-beneath-my-wings-maker-update/
Building a modern Nintendo 64,ZacBuilds,project,retro-gaming; nintendo-64; electronics; restoration,Building a modern Nintendo 64 retro gaming console.,low,359,2023-11-14,main,https://www.youtube.com/watch?v=yK68PRlDr54,,https://youtube.com/watch?v=pRwb7kNH_-4&t=13920s,https://www.makerprojectlab.com/wind-beneath-my-wings-maker-update/
Projection Mapping with Break It yourself,,tip,projection-mapping; digital-art,Projection mapping tutorial video from Break It Yourself.,low,359,2023-11-14,main,https://www.youtube.com/watch?v=H9W5A3kEtwQ,,https://youtube.com/watch?v=pRwb7kNH_-4&t=18360s,https://www.makerprojectlab.com/wind-beneath-my-wings-maker-update/
Arduino Sticker Dispenser,Mr. Innovative,tip,arduino; vinyl,Arduino Sticker Dispenser by Mr. Innovative.,high,359,2023-11-14,main,https://youtu.be/eJGyxnacZnw,,https://youtube.com/watch?v=pRwb7kNH_-4&t=20520s,https://www.makerprojectlab.com/wind-beneath-my-wings-maker-update/
Absolute Orientation Sensor,Adafruit,tip,sensor; accelerometer; gyroscope; magnetometer; robotics; electronics,"Nine-axis orientation sensor combining accelerometer, gyroscope, and magnetometer.",high,359,2023-11-14,main,https://learn.adafruit.com/adafruit-bno055-absolute-orientation-sensor,,https://youtube.com/watch?v=pRwb7kNH_-4&t=22620s,https://www.makerprojectlab.com/wind-beneath-my-wings-maker-update/
Maschinenmosaik,Niklas Roy,project,ai,Maschinenmosaik by Niklas Roy.,high,358,2023-11-09,main,https://www.niklasroy.com/mm/,vid: https://www.youtube.com/watch?v=Kn8RmhUHG6s; https://blog.arduino.cc/2023/11/05/maschinenmosaik-lets-a-community-collaborate-to-design-a-massive-mural/,https://youtube.com/watch?v=aeiGsKRUghA&t=1440s,https://www.makerprojectlab.com/multiplayer-mural-maker-update/
Strandbeest,JBV Creative,project,kinetic-sculpture; walking-mechanism; mechanical-art,Strandbeest walking sculpture mechanical art project.,low,358,2023-11-09,main,https://youtu.be/nHqqCRVlUus?si=7WpwpwkaZg5QwCM6,https://www.hackster.io/news/gps-equipped-strandbeest-1ec4fef7925e,https://youtube.com/watch?v=aeiGsKRUghA&t=9240s,https://www.makerprojectlab.com/multiplayer-mural-maker-update/
3D-Printed LED Dress with Chromatic 3D Materials,Anouk Wipprecht,project,3d-printing; led,3D-Printed LED Dress with Chromatic 3D Materials by Anouk Wipprecht.,high,358,2023-11-09,main,https://c3dmaterials.com/led-dress,video: https://vimeo.com/880475488,https://youtube.com/watch?v=aeiGsKRUghA&t=11340s,https://www.makerprojectlab.com/multiplayer-mural-maker-update/
"Remote Controlled Yip Yip With Sound, Lights, and Moving Mouth",Donald Bell,project,kinetic-art; led; lighting; music,"Remote Controlled Yip Yip With Sound, Lights, and Moving Mouth by Donald Bell.",high,358,2023-11-09,main,https://www.instructables.com/Remote-Controlled-Yip-Yip-With-Sound-Lights-and-Mo/,,https://youtube.com/watch?v=aeiGsKRUghA&t=13320s,https://www.makerprojectlab.com/multiplayer-mural-maker-update/
FullControl Parametric Lampshade,,tip,lighting,FullControl Parametric Lampshade.,high,358,2023-11-09,main,https://youtu.be/8oDpTmUya6I?si=6T2tsl6bsyxwdYxB,Finished product: https://www.youtube.com/shorts/CV32xZra1-A; https://fullcontrol.xyz/#/models/ebdc86,https://youtube.com/watch?v=aeiGsKRUghA&t=14820s,https://www.makerprojectlab.com/multiplayer-mural-maker-update/
Cheap Yellow Display: ESP32-2432S028R,Brian Lough,tip,display; esp32; plastic,Cheap Yellow Display: ESP32-2432S028R by Brian Lough.,high,358,2023-11-09,main,https://youtu.be/0AVyvwv0agk?si=-g9SYt9ymOqAEsGg,https://www.hackster.io/news/brian-lough-looks-to-build-a-community-around-the-espressif-esp32-powered-cheap-yellow-display-66d23972910d,https://youtube.com/watch?v=aeiGsKRUghA&t=16740s,https://www.makerprojectlab.com/multiplayer-mural-maker-update/
Easy to use VFD Display,,tip,display; plastic,Easy to use VFD Display.,high,358,2023-11-09,main,https://www.tindie.com/products/nicolai/i2c-vacuum-fluorescent-display-vfd/,https://blog.tindie.com/2023/10/easy-to-use-vfd-display/,https://youtube.com/watch?v=aeiGsKRUghA&t=20280s,https://www.makerprojectlab.com/multiplayer-mural-maker-update/
Halloween on Ambush,,project,decoration; lighting; special-effects; pyrotechnics; outdoor-display,"Elaborate synchronized Halloween light show with music, fog, and fire effects.",high,357,2023-11-02,main,https://www.halloweenonambush.com/,,https://youtube.com/watch?v=OSUC3ZmGVFU&t=1620s,https://www.makerprojectlab.com/black-sails-at-showtime-maker-update/
Artemis Macropad,Tyler,project,art,Artemis Macropad by Tyler.,high,357,2023-11-02,main,https://www.telltale.com/build-a-control-panel-from-the-expanse-a-telltale-series/,,https://youtube.com/watch?v=OSUC3ZmGVFU&t=10560s,https://www.makerprojectlab.com/black-sails-at-showtime-maker-update/
Project parts list on DigiKey,,project,art,Project parts list on DigiKey.,high,357,2023-11-02,main,https://www.digikey.com/short/jhj4z3c1,,https://youtube.com/watch?v=OSUC3ZmGVFU,https://www.makerprojectlab.com/black-sails-at-showtime-maker-update/
Wasp Launcher,Emily the Engineer,project,projectile; launcher; mechanics; toy,Wasp Launcher mechanical toy project by Emily the Engineer.,low,357,2023-11-02,main,https://www.youtube.com/watch?v=mEn2kA0cAGw,,https://youtube.com/watch?v=OSUC3ZmGVFU&t=14700s,https://www.makerprojectlab.com/black-sails-at-showtime-maker-update/
AllSky Raspberry Pi,Alaskan Astro,project,raspberry-pi,AllSky Raspberry Pi by Alaskan Astro.,high,357,2023-11-02,main,https://www.youtube.com/watch?v=CPoUbpum4Hs,,https://youtube.com/watch?v=OSUC3ZmGVFU&t=16920s,https://www.makerprojectlab.com/black-sails-at-showtime-maker-update/
Flame Effect Machine,Ridgeyard,tip,mechanical,Flame Effect Machine by Ridgeyard.,high,357,2023-11-02,main,https://www.amazon.com/Ridgeyard-Flame-Effect-Machine-Thrower/dp/B0C9QQWXHH,,https://youtube.com/watch?v=OSUC3ZmGVFU&t=19620s,https://www.makerprojectlab.com/black-sails-at-showtime-maker-update/
USB-C PD Breakout,Adafruit,tip,usb-power-delivery; electronics; breakout-board; power,USB-C Power Delivery negotiation breakout board for 5-20V applications.,high,357,2023-11-02,main,https://www.adafruit.com/product/5807,,https://youtube.com/watch?v=OSUC3ZmGVFU&t=21840s,https://www.makerprojectlab.com/black-sails-at-showtime-maker-update/
Salvaging a Commercial Printer,Jeremy Fielding,tip,3d-printing,Salvaging a Commercial Printer by Jeremy Fielding.,high,357,2023-11-02,main,https://www.youtube.com/watch?v=YH9Z12Y1N9s,,https://youtube.com/watch?v=OSUC3ZmGVFU&t=23880s,https://www.makerprojectlab.com/black-sails-at-showtime-maker-update/
Framework Cyberdeck,Ben Makes Everything,project,portable-computer; 3d-printing; framework; electronics; modular-design,Portable PC enclosure using Framework motherboard with 3D-printed components.,high,356,2023-10-26,main,https://youtu.be/qzEd50uzdF0?si=Zq7nyoCecrp5SuOV,https://github.com/BenMakesEverything/cyberdeck/,https://youtube.com/watch?v=nLOBcRbueOI&t=1380s,https://www.makerprojectlab.com/cyber-sandwich-maker-update/
BUILDING A MARBLE CLOCK - Pt.1. Ivan Miranda,,project,kinetic-sculpture; marble-clock; mechanism; timing-device,Marble Clock mechanical clock build Part 1 by Ivan Miranda.,low,356,2023-10-26,main,https://youtu.be/8IF4esSNA3k?si=8NsFeLb7-t2TeK2G,,https://youtube.com/watch?v=nLOBcRbueOI&t=8760s,https://www.makerprojectlab.com/cyber-sandwich-maker-update/
Faz-Wrench - Five Nights at Freddy's,Ruiz Brothers,project,props; cosplay; 3d-printing; electronics; interactive-device; gaming,"Interactive Five Nights at Freddy's wrench prop with LCD, buttons, and sound effects.",high,356,2023-10-26,main,https://learn.adafruit.com/faz-wrench,,https://youtube.com/watch?v=nLOBcRbueOI&t=11220s,https://www.makerprojectlab.com/cyber-sandwich-maker-update/
Backpack for Odd Jay's Robot,bekathwia,tip,robotics,Backpack for Odd Jay's Robot by bekathwia.,high,356,2023-10-26,main,https://www.instructables.com/Backpack-for-Odd-Jays-Robot/,,https://youtube.com/watch?v=nLOBcRbueOI&t=13380s,https://www.makerprojectlab.com/cyber-sandwich-maker-update/
How Generative AI Helped Me Imagine a Better Robot,DIDEM GÜRDÜR BROO,tip,ai; robotics,How Generative AI Helped Me Imagine a Better Robot by DIDEM GÜRDÜR BROO.,high,356,2023-10-26,main,https://spectrum.ieee.org/ai-design,,https://youtube.com/watch?v=nLOBcRbueOI&t=15360s,https://www.makerprojectlab.com/cyber-sandwich-maker-update/
Cheap Spray Foam Skull Tutorials,Monster Tutorials,tip,painting,Cheap Spray Foam Skull Tutorials by Monster Tutorials.,high,356,2023-10-26,main,https://youtu.be/z_HKLJXDDiA?si=1qklzRYkZxD9Govz,,https://youtube.com/watch?v=nLOBcRbueOI&t=17220s,https://www.makerprojectlab.com/cyber-sandwich-maker-update/
Jumperless,Architeuthis Flux,project,breadboard; electronics; solderless; microcontroller; prototyping; rp2040,Electronic breadboard eliminating jumper wires using analog crosspoint switching.,high,355,2023-10-19,main,https://hackaday.io/project/191238-jumperless,,https://youtube.com/watch?v=P4ht9Daf3mg&t=1800s,https://www.makerprojectlab.com/jumping-the-jungle-maker-update/
Open Book,Jose Castillo,project,art,YouTube video (content not accessible via fetch),low,355,2023-10-19,main,https://www.youtube.com/watch?v=vFD9V8Hh7Yg,,https://youtube.com/watch?v=P4ht9Daf3mg&t=10260s,https://www.makerprojectlab.com/jumping-the-jungle-maker-update/
Guitar Synth,The Ruiz Brothers,project,music,Guitar Synth by The Ruiz Brothers.,high,355,2023-10-19,main,https://learn.adafruit.com/guitar-synth-with-circuitpython-synthio,,https://youtube.com/watch?v=P4ht9Daf3mg&t=16740s,https://www.makerprojectlab.com/jumping-the-jungle-maker-update/
Harvesting 3d printing waste,Precious Plastic.,tip,3d-printing,Harvesting 3d printing waste by Precious Plastic..,high,355,2023-10-19,main,https://www.youtube.com/watch?v=CPl32aKtsE8,,https://youtube.com/watch?v=P4ht9Daf3mg&t=18840s,https://www.makerprojectlab.com/jumping-the-jungle-maker-update/
Old pinball machines,technology connections,tip,mechanical,Old pinball machines by technology connections.,high,355,2023-10-19,main,https://www.youtube.com/watch?v=ue-1JoJQaEg,,https://youtube.com/watch?v=P4ht9Daf3mg&t=20880s,https://www.makerprojectlab.com/jumping-the-jungle-maker-update/
Adafruit IO tutorial,Brent Rubell,tip,iot; cloud-platform; sensor; arduino,Cloud platform for IoT projects: monitoring data,low,355,2023-10-19,main,https://learn.adafruit.com/welcome-to-adafruit-io,,https://youtube.com/watch?v=P4ht9Daf3mg&t=22980s,https://www.makerprojectlab.com/jumping-the-jungle-maker-update/
I Am Basically a Transformer Now | LIFE SIZE Optimus Prime Head,I Like To Make Stuff,project,cosplay,YouTube video (content not accessible via fetch),low,354,2023-10-12,main,https://youtu.be/jExq-0KPR0o?si=yw5JKK0arZgud-0k,,https://youtube.com/watch?v=uCczrXYN6VY&t=1440s,https://www.makerprojectlab.com/prime-time-maker-update/
PlanKuter,Protolino Official,project,plastic,PlanKuter by Protolino Official.,high,354,2023-10-12,main,https://hackaday.io/project/190787-plankuter,vid: https://youtu.be/T9KndsHBcYg?si=9QVuN-6W75LZbjDX,https://youtube.com/watch?v=uCczrXYN6VY&t=12180s,https://www.makerprojectlab.com/prime-time-maker-update/
Haunted Mirror of Evil,Scare Dad,project,glass; optics,Haunted Mirror of Evil by Scare Dad.,high,354,2023-10-12,main,https://youtu.be/jPv475RQAZ0?si=7crPWYc7FoimvBKD,,https://youtube.com/watch?v=uCczrXYN6VY&t=15180s,https://www.makerprojectlab.com/prime-time-maker-update/
Build better props | Electroplating 3D Prints HEN3DRIK,,tip,3d-printing; cosplay; electroplating; plastic,Build better props | Electroplating 3D Prints HEN3DRIK.,high,354,2023-10-12,main,https://www.youtube.com/watch?v=Y2mHxheFiqE,,https://youtube.com/watch?v=uCczrXYN6VY&t=16260s,https://www.makerprojectlab.com/prime-time-maker-update/
USB C Crowbar,Indrora,tip,usb; soldering; electronics; diy-connector,Replacement circuit converting USB-B to USB-C for older devices via desoldering and soldering,high,354,2023-10-12,main,https://blog.tindie.com/2023/10/usb-crowbar-convert-usb-b-to-usb-c/,,https://youtube.com/watch?v=uCczrXYN6VY&t=18420s,https://www.makerprojectlab.com/prime-time-maker-update/
Kodak Film Coffee Table,Wesley Treat,project,furniture,Kodak Film Coffee Table by Wesley Treat.,high,353,2023-10-05,main,https://www.youtube.com/watch?v=EBeg9GNuyMs,,https://youtube.com/watch?v=651LFos90oA&t=1800s,https://www.makerprojectlab.com/picture-perfect-maker-update/
Elements Synth,LoneSoulSurfer,project,music,Elements Synth by LoneSoulSurfer.,high,353,2023-10-05,main,https://www.instructables.com/Elements-Little-Synths-With-Big-Sounds-1/,,https://youtube.com/watch?v=651LFos90oA&t=14160s,https://www.makerprojectlab.com/picture-perfect-maker-update/
Hiding 3d print layer lines,DaveRig,tip,3d-printing,Hiding 3d print layer lines by DaveRig.,high,353,2023-10-05,main,https://www.youtube.com/watch?v=KVf0mbBCygQ,,https://youtube.com/watch?v=651LFos90oA&t=16500s,https://www.makerprojectlab.com/picture-perfect-maker-update/
Fixing a Commodore C64 with a $20 oscilloscope,Sakaya's Digital Attic,tip,retro-tech,Fixing a Commodore C64 with a $20 oscilloscope by Sakaya's Digital Attic.,high,353,2023-10-05,main,https://www.youtube.com/watch?v=7kkzIV5yTPQ,,https://youtube.com/watch?v=651LFos90oA&t=19080s,https://www.makerprojectlab.com/picture-perfect-maker-update/
Intro to Robotics,Jeremy Fielding,tip,robotics,Intro to Robotics by Jeremy Fielding.,high,353,2023-10-05,main,https://www.youtube.com/watch?v=_47ash6jdew,,https://youtube.com/watch?v=651LFos90oA&t=21120s,https://www.makerprojectlab.com/picture-perfect-maker-update/
Kintsugi tutorial,Chimahaga,tip,ceramics; kintsugi; repair; gilding,Traditional Japanese technique for repairing broken pottery with gold or precious materials,high,353,2023-10-05,main,https://www.youtube.com/watch?v=HSQWRxaKEyw,,https://youtube.com/watch?v=651LFos90oA&t=22980s,https://www.makerprojectlab.com/picture-perfect-maker-update/
Use simple shapes to create SVGs,Federico Tobon,tip,graphics,YouTube short on SVG creation technique (content not accessible),low,353,2023-10-05,main,https://www.youtube.com/shorts/HZVXUwTxl6w,,https://youtube.com/watch?v=651LFos90oA&t=25140s,https://www.makerprojectlab.com/picture-perfect-maker-update/
CoolerMaster Qube500 design contest on Printables,,tip,3d-printing; furniture,CoolerMaster Qube500 design contest on Printables.,high,353,2023-10-05,main,https://www.printables.com/contest/400-cooler-master-qube-500-pc-case-accessories,,https://youtube.com/watch?v=651LFos90oA&t=27180s,https://www.makerprojectlab.com/picture-perfect-maker-update/
The WhisperFrame,Christopher Moravec,project,ai; generative-art; audio; visual-art,Device generating art from household conversations using Whisper,low,352,2023-09-28,main,https://morehavoc.com/2023/09/17/whisperframe.html,video: https://youtu.be/PCUJBcXRGKw?si=mSfZP9jZiRU1iLkh; https://www.hackster.io/news/christopher-moravec-s-interactive-artwork-eavesdrops-on-your-conversations-altering-to-match-topics-48d0621b768f; https://hackaday.com/2023/09/22/whisperframe-depicts-the-art-of-conversation/,https://youtube.com/watch?v=gTwGI8oh9eo&t=1620s,https://www.makerprojectlab.com/an-ear-for-art-maker-update/
Tombstone Prop-Maker RP2040,Ruiz Brothers,project,cosplay; rp2040,Tombstone Prop-Maker RP2040 by Ruiz Brothers.,high,352,2023-09-28,main,https://learn.adafruit.com/tombstone-prop-maker-rp2040,,https://youtube.com/watch?v=gTwGI8oh9eo&t=10200s,https://www.makerprojectlab.com/an-ear-for-art-maker-update/
3D Printed Pet Lights,rabbitcreek,project,3d-printing; lighting,3D Printed Pet Lights by rabbitcreek.,high,352,2023-09-28,main,https://www.instructables.com/3D-Printed-Pet-Lights/,,https://youtube.com/watch?v=gTwGI8oh9eo&t=12480s,https://www.makerprojectlab.com/an-ear-for-art-maker-update/
"Ground-Hugging Fog: NO Chiller, NO Fog Fluid, NO Dry Ice",wannabemadsci,tip,fluid-dynamics,"Ground-Hugging Fog: NO Chiller, NO Fog Fluid, NO Dry Ice by wannabemadsci.",high,352,2023-09-28,main,https://www.instructables.com/Ground-Hugging-Fog-Without-Using-a-Chiller-or-Fog-/,,https://youtube.com/watch?v=gTwGI8oh9eo&t=14700s,https://www.makerprojectlab.com/an-ear-for-art-maker-update/
Zipper Pull - Pac Man (Ghost),Whadup,tip,3d-printing; zipper-pull; pac-man,3D printable zipper pull in Pac-Man ghost design,high,352,2023-09-28,main,https://www.printables.com/model/500391-zipper-pull-pac-man-series-ghost,,https://youtube.com/watch?v=gTwGI8oh9eo&t=17400s,https://www.makerprojectlab.com/an-ear-for-art-maker-update/
Zipper Pull - Soot Sprite,Whadup,tip,3d-printing; zipper-pull; character,3D printable zipper pull featuring Soot Sprite character,high,352,2023-09-28,main,https://www.printables.com/model/500914-zipper-pull-soot-sprite-susuwatari,,https://youtube.com/watch?v=gTwGI8oh9eo&t=18480s,https://www.makerprojectlab.com/an-ear-for-art-maker-update/
Building DaVinci's Sawmill,How To Make Everything,project,woodworking,Building DaVinci's Sawmill by How To Make Everything.,high,351,2023-09-21,main,https://www.youtube.com/watch?v=hmWPlLp1qAw,,https://youtube.com/watch?v=NQy1xTqOWBA&t=1980s,https://www.makerprojectlab.com/classic-cuts-maker-update/
Wearable Ping Pong Backboard y Ruby ZOom,,project,wearables,Wearable Ping Pong Backboard y Ruby ZOom.,high,351,2023-09-21,main,https://www.youtube.com/watch?v=P0t3zYEVYA0,,https://youtube.com/watch?v=NQy1xTqOWBA&t=9120s,https://www.makerprojectlab.com/classic-cuts-maker-update/
Find my Cat,Chitlange Sahas,project,pet-tracking; gps; arduino; iot,Open-source pet tracker project for monitoring cat locations,high,351,2023-09-21,main,https://www.instructables.com/FindMyCat-the-Open-Source-Pet-Tracker/,,https://youtube.com/watch?v=NQy1xTqOWBA&t=13980s,https://www.makerprojectlab.com/classic-cuts-maker-update/
10ft Tall 3d Printer,Emily the Engineer,project,3d-printing,10ft Tall 3d Printer by Emily the Engineer.,high,351,2023-09-21,main,https://www.youtube.com/watch?v=ym0fM9bSpzs,,https://youtube.com/watch?v=NQy1xTqOWBA&t=17100s,https://www.makerprojectlab.com/classic-cuts-maker-update/
Reverse Engineering the Milwaukee RedLink Protocol,The Tool Scientist,tip,reverse-engineering; power-tools,YouTube video on reverse-engineering Milwaukee M18 battery protocol,low,351,2023-09-21,main,https://www.youtube.com/watch?v=OGzeGUDAtac,,https://youtube.com/watch?v=NQy1xTqOWBA&t=20640s,https://www.makerprojectlab.com/classic-cuts-maker-update/
ScreenDress,Anouk Wipprecht,project,display,ScreenDress by Anouk Wipprecht.,high,350,2023-09-14,main,https://www.voxelmatters.com/anouk-wipprecht-releases-mind-controlled-3d-printed-screendress/,https://www.hackster.io/news/a-dress-that-speaks-louder-than-words-ac02505d7449,https://youtube.com/watch?v=fNRIZka9N1I&t=1440s,https://www.makerprojectlab.com/all-eyes-on-me-maker-update/
More Projects,,project,wearables; brainwave; fashion,Project on brain-wave-controlled fashion (linked from MAKE),low,350,2023-09-14,main,Pangolin dress: https://makezine.com/article/technology/wearables/driving-fashion-with-brain-waves-the-pangolin/,,https://youtube.com/watch?v=fNRIZka9N1I,https://www.makerprojectlab.com/all-eyes-on-me-maker-update/
Killing Mosquitoes Like its the Year 3000,Allen Pan,project,nerf-gun,YouTube video on high-power Nerf gun modification,low,350,2023-09-14,main,https://youtu.be/JvWHizqNjoM?si=woiDO-V5c3Ma6U4u,,https://youtube.com/watch?v=fNRIZka9N1I&t=7140s,https://www.makerprojectlab.com/all-eyes-on-me-maker-update/
Moire Play Kinetic Toy,wolfCat workshop,project,kinetic-art; plastic; toy,Moire Play Kinetic Toy by wolfCat workshop.,high,350,2023-09-14,main,https://youtu.be/opMv9oQbl2k?si=tM4-7vKFuCIuo8Ub,,https://youtube.com/watch?v=fNRIZka9N1I&t=8160s,https://www.makerprojectlab.com/all-eyes-on-me-maker-update/
Giant 3D Printed Hand,Ivan Miranda,project,3d-printing,Giant 3D Printed Hand by Ivan Miranda.,high,350,2023-09-14,main,https://youtu.be/nVPNh0MUDxE?si=XvhZPaqqIgEnyiKt,https://www.hackster.io/news/a-giant-3d-printed-robotic-hand-fit-for-a-titan-bac187ff9c82,https://youtube.com/watch?v=fNRIZka9N1I&t=10980s,https://www.makerprojectlab.com/all-eyes-on-me-maker-update/
Moving Wall Art Made From Recycled Soda Cans,Anita Holland,tip,art; kinetic-art; led,Moving Wall Art Made From Recycled Soda Cans by Anita Holland.,high,350,2023-09-14,main,https://www.instructables.com/Moving-Wall-Art-Made-From-Recycled-Soda-Cans/,Fiskars circle cutters: https://www.amazon.com/dp/B000OMYCXK/?coliid=I322MGIR1FHXHV,https://youtube.com/watch?v=fNRIZka9N1I&t=14460s,https://www.makerprojectlab.com/all-eyes-on-me-maker-update/
Wavacity Audio Editor,,tip,music,Wavacity Audio Editor.,high,350,2023-09-14,main,https://wavacity.com/,https://blog.adafruit.com/2023/09/06/wavecity-audio-editor-audacity-in-your-browser-audio/,https://youtube.com/watch?v=fNRIZka9N1I&t=16980s,https://www.makerprojectlab.com/all-eyes-on-me-maker-update/
DIY Sculpting Tools,TheCrafsMan SteadyCraftin,tip,crafting-tools; diy,YouTube video on DIY sculpting tools,low,350,2023-09-14,main,https://youtu.be/_gB4D7f66xc?si=XpTA5-OvdjFA7F9Z,,https://youtube.com/watch?v=fNRIZka9N1I&t=19320s,https://www.makerprojectlab.com/all-eyes-on-me-maker-update/
Cyberpunk Exoskeleton,XiaoQianFeng,project,exoskeleton; wearables; cosplay,YouTube video on cyberpunk exoskeleton arm with mechanical parts,low,349,2023-09-07,main,https://www.youtube.com/watch?v=AUazY0a1XjE,,https://youtube.com/watch?v=RMvu85w9a28&t=1740s,https://www.makerprojectlab.com/heart-of-the-machine-maker-update/
Omni Wheel Bike,James Bruton,project,vehicles,Omni Wheel Bike by James Bruton.,high,349,2023-09-07,main,https://www.youtube.com/watch?v=TDbwSwzWJxU,,https://youtube.com/watch?v=RMvu85w9a28&t=9000s,https://www.makerprojectlab.com/heart-of-the-machine-maker-update/
T-Shirt Quilt,Becky Stern,project,sewing,T-Shirt Quilt by Becky Stern.,high,349,2023-09-07,main,https://beckystern.com/2023/08/13/making-a-t-shirt-quilt/,,https://youtube.com/watch?v=RMvu85w9a28&t=14400s,https://www.makerprojectlab.com/heart-of-the-machine-maker-update/
Single PCB Smart Watch,akashv44,project,art; home-automation; pcb,Single PCB Smart Watch by akashv44.,high,349,2023-09-07,main,https://www.instructables.com/Homemade-Smart-Watch/,,https://youtube.com/watch?v=RMvu85w9a28&t=17460s,https://www.makerprojectlab.com/heart-of-the-machine-maker-update/
Secret to peerfectly fitting 3d prints,Maker Tales,tip,3d-printing,Secret to peerfectly fitting 3d prints by Maker Tales.,high,349,2023-09-07,main,https://www.youtube.com/watch?v=0VCss6i7HAk,,https://youtube.com/watch?v=RMvu85w9a28&t=20280s,https://www.makerprojectlab.com/heart-of-the-machine-maker-update/
Resin printing for screen printing,WildRoseBuilds,tip,3d-printing; display; resin; screen-printing,Resin printing for screen printing by WildRoseBuilds.,high,349,2023-09-07,main,https://www.youtube.com/watch?v=Q3tYcRxLUs0,,https://youtube.com/watch?v=RMvu85w9a28&t=23520s,https://www.makerprojectlab.com/heart-of-the-machine-maker-update/
3d Printed Stop Motion Animation Winder,Retro Tech Journal,tip,3d-printing; animation; kinetic-art,3d Printed Stop Motion Animation Winder by Retro Tech Journal.,high,349,2023-09-07,main,https://www.youtube.com/watch?v=r9NpdVal-rs,,https://youtube.com/watch?v=RMvu85w9a28&t=26280s,https://www.makerprojectlab.com/heart-of-the-machine-maker-update/
Kazokutchi,"So Kanno, Akihiro Kato and Takemi Watanuki",project,nft; robotics; ai; blockchain,Interactive art with robotic houses and digital creatures that reproduce and create NFTs,high,348,2023-08-31,main,https://www.creativeapplications.net/js/kazokutchi-new-social-formats/,Better vid: https://youtu.be/NPdxPCzhB4U?si=8tObe2FuZI2pxDKU,https://youtube.com/watch?v=AUISYEYlguA&t=1620s,https://www.makerprojectlab.com/family-file-tree-maker-update/
Kazokutchi Website,,project,website; nft; blockchain,Website for Kazokutchi project (content not accessible),low,348,2023-08-31,main,https://kazokut.ch/,,https://youtube.com/watch?v=AUISYEYlguA,https://www.makerprojectlab.com/family-file-tree-maker-update/
M5StickC ESP32-PICO Mini IoT Development Kit,,project,esp32,M5StickC ESP32-PICO Mini IoT Development Kit.,high,348,2023-08-31,main,https://www.digikey.com/en/product-highlight/m/m5stack/m5stickc-plus-development-kit,Details: https://shop.m5stack.com/collections/m5-controllers/products/stick-c,https://youtube.com/watch?v=AUISYEYlguA,https://www.makerprojectlab.com/family-file-tree-maker-update/
Teddy Ruxpin Rebuild,Erin St Blaine,project,sewing; animatronics; toy-modification,Teddy Ruxpin animatronic repurposed into dragon plush with personalized audio,high,348,2023-08-31,main,https://learn.adafruit.com/teddy-ruxpin-rebuild,,https://youtube.com/watch?v=AUISYEYlguA&t=15480s,https://www.makerprojectlab.com/family-file-tree-maker-update/
Audio Modules for Electronics Project,Playful Technology,tip,music,Audio Modules for Electronics Project by Playful Technology.,high,348,2023-08-31,main,https://youtu.be/8obcTTYtjQM?si=dLPMYntLczILnO6g,,https://youtube.com/watch?v=AUISYEYlguA&t=18540s,https://www.makerprojectlab.com/family-file-tree-maker-update/
Public Skateboard Rack,Beat Karrer,tip,skateboard-rack; furniture; design; metal,Elegant durable skateboard parking solution for schools and public spaces,high,348,2023-08-31,main,https://www.beatkarrer.com/design/serial/skateboardz.html,https://www.core77.com/posts/125328/These-Public-Skateboard-Racks-by-Designer-Beat-Karrer-are-an-Upgrade-to-Urban-Streetscapes?utm_source=core77&utm_medium=from_title,https://youtube.com/watch?v=AUISYEYlguA&t=21420s,https://www.makerprojectlab.com/family-file-tree-maker-update/
All Carbon Fiber Rocket,Xyla Foxlin,project,space,All Carbon Fiber Rocket by Xyla Foxlin.,high,347,2023-08-24,main,https://www.youtube.com/watch?v=ZQvK8EFJQzw,,https://youtube.com/watch?v=c_SeQgyDnBI&t=2160s,
Long Pong,Look Mum No Computer,project,music; instrument,YouTube video on Long Pong music project,low,347,2023-08-24,main,https://www.youtube.com/watch?v=cm83RIhDbwo,,https://youtube.com/watch?v=c_SeQgyDnBI&t=9720s,
Star Wars VFX with Miniatures,FilmRiot & Punished Props,project,filmmaking; miniature; vfx,YouTube video on Star Wars VFX with miniatures,low,347,2023-08-24,main,https://www.youtube.com/watch?v=8i7Cx4LRQSg,Punished Props video:https://www.youtube.com/watch?v=nwNsMcissck&t=0s,https://youtube.com/watch?v=c_SeQgyDnBI&t=14340s,
Overhead Camera Rig,the Ruiz Brothers,project,photography,Overhead Camera Rig by the Ruiz Brothers.,high,347,2023-08-24,main,https://learn.adafruit.com/overhead-camera-rig,,https://youtube.com/watch?v=c_SeQgyDnBI&t=19140s,
Canon EOS M-Lite,3D Focus & IMCE,tip,camera-lens; filmmaking; accessories,Canon EOS M-Lite camera lens accessory (needs redirect fetch),low,347,2023-08-24,main,https://www.3dfocus.org/product-page/m-lite,,https://youtube.com/watch?v=c_SeQgyDnBI&t=21960s,
18 Shop Tips,Colin Furze,tip,workshop-tips; metalworking,YouTube video of Colin Furze's 18 shop tips,low,347,2023-08-24,main,https://www.youtube.com/watch?v=kxmmE-y-S-A,,https://youtube.com/watch?v=c_SeQgyDnBI&t=25560s,
How To Build Things Square,Pliskin AJ,tip,woodworking; squareness,Woodworking tutorial on building projects with proper right angles,high,347,2023-08-24,main,https://www.instructables.com/How-to-Build-Things-Square-It-Can-Be-Easier-Than-Y/,,https://youtube.com/watch?v=c_SeQgyDnBI&t=28020s,
Light & Magic,Disney +,tip,lighting,Light & Magic by Disney +.,high,347,2023-08-24,main,https://www.youtube.com/watch?v=QGs-5G3qVwk,,https://youtube.com/watch?v=c_SeQgyDnBI&t=30060s,
Electronics of HUGE Animatronic Wings (Pharah from Overwatch Cosplay),Zibartas,project,animation; cosplay; plastic,Electronics of HUGE Animatronic Wings (Pharah from Overwatch Cosplay) by Zibartas.,high,346,2023-08-17,main,https://youtu.be/KnKM29ny5aI,,https://youtube.com/watch?v=_BVD5o6Tz3o&t=1620s,https://www.makerprojectlab.com/flight-control-maker-update/
Make a Zelda Master Sword with the RP2040 Prop-Maker Feather,Ruiz Brothers,project,cosplay; rp2040,Make a Zelda Master Sword with the RP2040 Prop-Maker Feather by Ruiz Brothers.,high,346,2023-08-17,main,https://learn.adafruit.com/master-sword-rp2040,,https://youtube.com/watch?v=_BVD5o6Tz3o&t=10080s,https://www.makerprojectlab.com/flight-control-maker-update/
"From Japan, a Magic Voice-Translating Window in a Train Station via Core77",,tip,3d-printing; ai,"From Japan, a Magic Voice-Translating Window in a Train Station via Core77.",high,346,2023-08-17,main,https://www.core77.com/posts/125249/From-Japan-a-Magic-Voice-Translating-Window-in-a-Train-Station,vid: https://solution.toppan.co.jp/newnormal/service/voicebiz_ucdisplay.html; Better: https://youtu.be/DmjdT2b33Yc,https://youtube.com/watch?v=_BVD5o6Tz3o&t=12420s,https://www.makerprojectlab.com/flight-control-maker-update/
The BEST LED Strip You've NEVER Heard Of + WLED Compatibility!?,Chris Maher,tip,led,The BEST LED Strip You've NEVER Heard Of + WLED Compatibility!? by Chris Maher.,high,346,2023-08-17,main,https://youtu.be/wvNVhdraoDU,,https://youtube.com/watch?v=_BVD5o6Tz3o&t=15000s,https://www.makerprojectlab.com/flight-control-maker-update/
Secret Tool in wire strippers that Few Know,seejanedrill,tip,wearables,Secret Tool in wire strippers that Few Know by seejanedrill.,high,346,2023-08-17,main,https://youtu.be/qjpcIga3XXk,,https://youtube.com/watch?v=_BVD5o6Tz3o&t=18780s,https://www.makerprojectlab.com/flight-control-maker-update/
Master infill to take your 3D prints to the next level,Teaching Tech,tip,3d-printing,Master infill to take your 3D prints to the next level by Teaching Tech.,high,346,2023-08-17,main,https://youtu.be/3hi2_9-YCbM,,https://youtube.com/watch?v=_BVD5o6Tz3o&t=20160s,https://www.makerprojectlab.com/flight-control-maker-update/
Lightsaber Prop-Maker RP2040,Ruiz Brothers,project,cosplay; lighting; rp2040,Lightsaber Prop-Maker RP2040 by Ruiz Brothers.,high,345,2023-08-10,main,https://learn.adafruit.com/lightsaber-rp2040,v1: https://learn.adafruit.com/lightsaber-featherwing; v2: https://learn.adafruit.com/prop-maker-light-wand,https://youtube.com/watch?v=d5tRteEUUTw&t=1260s,https://www.makerprojectlab.com/all-jedis-can-solder-maker-update/
Water Drip Dress with Oozemaster 3000,Erin St Blaine,project,fluid-dynamics,Water Drip Dress with Oozemaster 3000 by Erin St Blaine.,high,345,2023-08-10,main,https://learn.adafruit.com/water-drip-dress-with-oozemaster-3000,,https://youtube.com/watch?v=d5tRteEUUTw&t=13920s,https://www.makerprojectlab.com/all-jedis-can-solder-maker-update/
OOZE MASTER 3000: NeoPixel Simulated Liquid Physics,Phillip Burgess,project,led,OOZE MASTER 3000: NeoPixel Simulated Liquid Physics by Phillip Burgess.,high,345,2023-08-10,main,https://learn.adafruit.com/ooze-master-3000-neopixel-simulated-liquid-physics/arduino-code,,https://youtube.com/watch?v=d5tRteEUUTw,https://www.makerprojectlab.com/all-jedis-can-solder-maker-update/
Back to the Future Lamp & Clock,jerome95,project,lighting,Back to the Future Lamp & Clock by jerome95.,high,345,2023-08-10,main,https://www.instructables.com/Back-to-the-Future-Lamp-Clock/,,https://youtube.com/watch?v=d5tRteEUUTw&t=16920s,https://www.makerprojectlab.com/all-jedis-can-solder-maker-update/
Barbie Keychain Generator,Cuttle Labs,tip,ai; jewelry,Barbie Keychain Generator by Cuttle Labs.,high,345,2023-08-10,main,https://cuttle.xyz/@cuttle/Retro-Keychain-Generator-yVHp7UCOcd3Q,,https://youtube.com/watch?v=d5tRteEUUTw&t=20580s,https://www.makerprojectlab.com/all-jedis-can-solder-maker-update/
Retro Wedge Computer Case,AndyMt,tip,retro-tech,Retro Wedge Computer Case by AndyMt.,high,345,2023-08-10,main,https://www.printables.com/model/407029-retro-wedge-computer-case,,https://youtube.com/watch?v=d5tRteEUUTw&t=21840s,https://www.makerprojectlab.com/all-jedis-can-solder-maker-update/
DIY Header Pin Cutting Machine,Mr Innovative,tip,mechanical,DIY Header Pin Cutting Machine by Mr Innovative.,high,345,2023-08-10,main,https://youtu.be/J_gY9t77x8Q,https://www.hackster.io/news/automatic-header-pin-separator-08d96b34c3a2,https://youtube.com/watch?v=d5tRteEUUTw&t=22620s,https://www.makerprojectlab.com/all-jedis-can-solder-maker-update/
Custom Mixed Reality Headset,PyottDesign,project,vr; headset; mixed-reality,YouTube video on custom mixed reality headset,low,344,2023-08-03,main,https://www.youtube.com/watch?v=B_Q0SbGr7wE,,https://youtube.com/watch?v=15m6_qQrF38&t=1500s,https://www.makerprojectlab.com/goggles-down-maker-update/
A/C from Clay,Pottery to the People,project,clay,A/C from Clay by Pottery to the People.,high,344,2023-08-03,main,https://www.youtube.com/watch?v=6czlc60A964,,https://youtube.com/watch?v=15m6_qQrF38&t=9960s,https://www.makerprojectlab.com/goggles-down-maker-update/
PSPi 6,othermod,project,gaming; handheld; psp,YouTube video on PSPi 6 handheld gaming device,low,344,2023-08-03,main,https://www.youtube.com/watch?v=PBcK6hLdLKg,,https://youtube.com/watch?v=15m6_qQrF38&t=13680s,https://www.makerprojectlab.com/goggles-down-maker-update/
Solder Rocket,Nuri Erginer,project,soldering; space,Solder Rocket by Nuri Erginer.,high,344,2023-08-03,main,https://hackaday.io/project/182467-solderocket,,https://youtube.com/watch?v=15m6_qQrF38&t=15720s,https://www.makerprojectlab.com/goggles-down-maker-update/
Making in quantity,Wesley Treat,tip,manufacturing; production,YouTube video on making items in quantity,low,344,2023-08-03,main,https://www.youtube.com/watch?v=k6772q89zYw,,https://youtube.com/watch?v=15m6_qQrF38&t=17520s,https://www.makerprojectlab.com/goggles-down-maker-update/
3d printed camera lucida byt Chris Borge,,tip,3d-printing; photography,3d printed camera lucida byt Chris Borge.,high,344,2023-08-03,main,https://www.youtube.com/watch?v=YNIJ46fhuKU,,https://youtube.com/watch?v=15m6_qQrF38&t=19380s,https://www.makerprojectlab.com/goggles-down-maker-update/
Narratron,Aria Xiying Bao and Yubo Zhao,project,ai; narrative-generation; interactive,AI system for collaborative narrative creation and storytelling,high,343,2023-07-27,main,https://www.xiyingbao.org/narratron,https://www.hackster.io/news/ai-puts-creative-storytelling-in-your-hands-7912e5875fd4; https://www.creativeapplications.net/objects/narratron-shadow-play-with-a-storytelling-ai/,https://youtube.com/watch?v=zgLp9CwhBM4&t=1440s,https://www.makerprojectlab.com/from-the-shadows-maker-update/
Retro TV: Live 24/7 Vintage Cable TV Network on Raspberry Pi,Irish Craic Party,project,raspberry-pi; retro-tech,Retro TV: Live 24/7 Vintage Cable TV Network on Raspberry Pi by Irish Craic Party.,high,343,2023-07-27,main,https://youtu.be/luxFdsAkG80,https://www.hackster.io/news/recreating-the-old-school-cable-tv-experience-e7ea6c2fdf3a,https://youtube.com/watch?v=zgLp9CwhBM4&t=5880s,https://www.makerprojectlab.com/from-the-shadows-maker-update/
How To Build Your Own Wearable Valkyrie Robot?,XiaoQianFeng,project,robotics; wearables,How To Build Your Own Wearable Valkyrie Robot? by XiaoQianFeng.,high,343,2023-07-27,main,https://youtu.be/KUjRw3Jnd-0,,https://youtube.com/watch?v=zgLp9CwhBM4&t=10800s,https://www.makerprojectlab.com/from-the-shadows-maker-update/
Adabot Toy Robot Friend,Ruiz Brothers,project,robotics; toy,Adabot Toy Robot Friend by Ruiz Brothers.,high,343,2023-07-27,main,https://learn.adafruit.com/adabot-rp2040,,https://youtube.com/watch?v=zgLp9CwhBM4&t=13440s,https://www.makerprojectlab.com/from-the-shadows-maker-update/
A ROBOT Opens my Fridge - DIY Kitchen Build,Alexandre Chappel,tip,robotics,A ROBOT Opens my Fridge - DIY Kitchen Build by Alexandre Chappel.,high,343,2023-07-27,main,https://youtu.be/95iodngCPg4,,https://youtube.com/watch?v=zgLp9CwhBM4&t=15240s,https://www.makerprojectlab.com/from-the-shadows-maker-update/
Design like a pro with shadow lines,Teaching Tech,tip,3d-design,YouTube video on shadow line design techniques,low,343,2023-07-27,main,https://youtu.be/8dhFhU7Nl_0,,https://youtube.com/watch?v=zgLp9CwhBM4&t=16860s,https://www.makerprojectlab.com/from-the-shadows-maker-update/
Print-a-Blok,3D Printing Professor,project,3d-printing,Print-a-Blok by 3D Printing Professor.,high,342,2023-07-20,main,https://www.printables.com/model/47788-printablok-base-bloks,,https://youtube.com/watch?v=7sr27mHPyvY&t=1500s,https://www.makerprojectlab.com/brick-by-brick-maker-update/
Dopp Kit Bag,Becky Stern,project,sewing; fabric; fashion; travel,Dopp kit bag sewing pattern with canvas and zipper construction for travel storage,high,342,2023-07-20,main,https://beckystern.com/2023/07/02/dopp-kit-bag-sewing-pattern/,,https://youtube.com/watch?v=7sr27mHPyvY&t=10560s,https://www.makerprojectlab.com/brick-by-brick-maker-update/
Cyberpunk Prop from Baofeng Radio,Taylor Hay,project,cosplay,Cyberpunk Prop from Baofeng Radio by Taylor Hay.,high,342,2023-07-20,main,https://hackaday.io/project/191862-cyberpunk-uv-5r,,https://youtube.com/watch?v=7sr27mHPyvY&t=12900s,https://www.makerprojectlab.com/brick-by-brick-maker-update/
Workday Progress Bar,Danion Escu,project,iot; google-calendar; led; arduino,Arduino project displaying workday progress with Google Calendar integration,high,342,2023-07-20,main,https://www.instructables.com/Workday-Progressbar-With-Google-Calendar-Integrati/,,https://youtube.com/watch?v=7sr27mHPyvY&t=15600s,https://www.makerprojectlab.com/brick-by-brick-maker-update/
Planetary Gears,How To Mechatronics,tip,mechanical; plastic,Planetary Gears by How To Mechatronics.,high,342,2023-07-20,main,https://www.youtube.com/watch?v=Ho4AniHtgxM,,https://youtube.com/watch?v=7sr27mHPyvY&t=17880s,https://www.makerprojectlab.com/brick-by-brick-maker-update/
Pi Zero to USB Flash Drive,Russell Barnes,tip,raspberry-pi; usb; storage; hacking,Raspberry Pi Zero W configured as remote-accessible USB flash drive for TVs,high,342,2023-07-20,main,https://magpi.raspberrypi.com/articles/pi-zero-w-smart-usb-flash-drive,,https://youtube.com/watch?v=7sr27mHPyvY&t=20100s,https://www.makerprojectlab.com/brick-by-brick-maker-update/
Access Controller Features,Playstation,tip,gaming; controller; accessibility,YouTube video on PlayStation 5 controller features,low,342,2023-07-20,main,https://www.youtube.com/watch?v=3KUmHFU51NU,,https://youtube.com/watch?v=7sr27mHPyvY&t=22440s,https://www.makerprojectlab.com/brick-by-brick-maker-update/
The Coolest Robot I've Ever Built!,Workshop Nation,project,robotics,The Coolest Robot I've Ever Built! by Workshop Nation.,high,341,2023-07-13,main,https://youtu.be/bO-DWWFolPw,,https://youtube.com/watch?v=sIE7BKGIYNM,https://www.makerprojectlab.com/the-future-we-forgot-to-make-maker-update/
Person Sensor board,,project,sensor; computer-vision; person-detection,AI sensor board for detecting people and objects in a scene,high,341,2023-07-13,main,https://usefulsensors.com/person-sensor/,,https://youtube.com/watch?v=sIE7BKGIYNM,https://www.makerprojectlab.com/the-future-we-forgot-to-make-maker-update/
Carmagheddon Turns a Fiat Panda into the Ultimate Low-Rider,,project,automotive; lowrider; art,Italian auto collective's extremely low-rider Fiat Panda build,high,341,2023-07-13,main,https://www.core77.com/posts/124900/Hilarious-and-Ridiculous-Italian-Auto-Hackers-Build-Worlds-Lowest-Driveable-Car,,https://youtube.com/watch?v=sIE7BKGIYNM,https://www.makerprojectlab.com/the-future-we-forgot-to-make-maker-update/
We made a real life HUGGY WUGGY Animatronic!,Wicked Makers,project,animation,We made a real life HUGGY WUGGY Animatronic! by Wicked Makers.,high,341,2023-07-13,main,https://youtu.be/961NsOdUO2w,,https://youtube.com/watch?v=sIE7BKGIYNM,https://www.makerprojectlab.com/the-future-we-forgot-to-make-maker-update/
Experiential Robotics Platform (XRP) Kit,SparkFun,tip,plastic; robotics,Experiential Robotics Platform (XRP) Kit by SparkFun.,high,341,2023-07-13,main,https://youtu.be/G7gfPi7XHuA,,https://youtube.com/watch?v=sIE7BKGIYNM,https://www.makerprojectlab.com/the-future-we-forgot-to-make-maker-update/
chatGPT in your Arduino project?!,Programming Electronics,tip,ai; arduino; wearables,chatGPT in your Arduino project?! by Programming Electronics.,high,341,2023-07-13,main,https://www.youtube.com/watch?v=0SUPQ6ufxxc,,https://youtube.com/watch?v=sIE7BKGIYNM,https://www.makerprojectlab.com/the-future-we-forgot-to-make-maker-update/
100 DPS Nerf gun,3d printed life,project,nerf-gun; 3d-printing,YouTube video on 100 DPS 3D-printed Nerf gun modification,low,340,2023-07-06,main,https://www.youtube.com/watch?v=ESmGxkZOUbk,,https://youtube.com/watch?v=KUEOLO_V6vc&t=1920s,https://www.makerprojectlab.com/faster-blaster-maker-update/
DIY Space mouse,salimbenbouz,project,space,DIY Space mouse by salimbenbouz.,high,340,2023-07-06,main,https://www.instructables.com/DIY-Space-Mouse-for-Fusion-360-Using-Magnets/,,https://youtube.com/watch?v=KUEOLO_V6vc&t=8400s,https://www.makerprojectlab.com/faster-blaster-maker-update/
3D Printed Robot Acutator,aaedmusa,project,3d-printing; robotics,3D Printed Robot Acutator by aaedmusa.,high,340,2023-07-06,main,https://www.instructables.com/OpenQDD-V1-3D-Printed-Robotic-Actuator/,Git: https://github.com/aaedmusa/OpenQDD-V1,https://youtube.com/watch?v=KUEOLO_V6vc&t=11520s,https://www.makerprojectlab.com/faster-blaster-maker-update/
Prusaslicer 2.6,3dMusketeer,tip,3d-printing; slicing-software,YouTube video on PrusaSlicer 2.6 features and tips,low,340,2023-07-06,main,https://www.youtube.com/watch?v=LaezjEIkFKU,,https://youtube.com/watch?v=KUEOLO_V6vc&t=14760s,https://www.makerprojectlab.com/faster-blaster-maker-update/
Hollow SLA printing tips,Mark Rhodes,tip,3d-printing,Hollow SLA printing tips by Mark Rhodes.,high,340,2023-07-06,main,https://www.youtube.com/watch?v=Me8I_wiKMyI,,https://youtube.com/watch?v=KUEOLO_V6vc&t=16680s,https://www.makerprojectlab.com/faster-blaster-maker-update/
Video-Ready Microcontrollers (Feather RP2040 DVI and Esp32 S3 VGA ),,tip,esp32; rp2040,Video-Ready Microcontrollers (Feather RP2040 DVI and Esp32 S3 VGA ).,high,340,2023-07-06,main,https://www.youtube.com/watch?v=ckpyJYYWKf8,https://www.youtube.com/watch?v=muuhgrige5Q,https://youtube.com/watch?v=KUEOLO_V6vc&t=19560s,https://www.makerprojectlab.com/faster-blaster-maker-update/
Scratch Crochet Pattern Maker,Ecordeir3295,tip,fiber-art,Scratch Crochet Pattern Maker by Ecordeir3295.,high,340,2023-07-06,main,https://www.instructables.com/Scratch-Crochet-Pattern-Maker/,,https://youtube.com/watch?v=KUEOLO_V6vc&t=22860s,https://www.makerprojectlab.com/faster-blaster-maker-update/
Talkboy Ultra,Hung Truong,project,ai; voice-cloning; toy; audio,Voice-cloning toy project based on Talk Boy recorder with AI technology,low,339,2023-06-29,main,https://www.hung-truong.com/blog/2023/05/20/introducing-the-talkboy-ultra-voice-cloning-toy/,,https://youtube.com/watch?v=HjICOcsuBKY&t=1620s,https://www.makerprojectlab.com/i-think-im-a-clone-now-maker-update/
Calico: A Wearable Robotic Assistant,University of Maryland SMART LAB,project,robotics; wearables,Calico: A Wearable Robotic Assistant by University of Maryland SMART LAB.,high,339,2023-06-29,main,https://smartlab.cs.umd.edu/publication/calico,https://blog.adafruit.com/2023/06/21/calico-a-wearable-robotic-assistant-wearablewednesday/,https://youtube.com/watch?v=HjICOcsuBKY&t=10620s,https://www.makerprojectlab.com/i-think-im-a-clone-now-maker-update/
Self-Solving Rubik’s Cube,Takashi Kaburagi,project,robotics; mechanical; puzzle; ai,Self-solving Rubik's Cube with motors and sensors recognizing current state,high,339,2023-06-29,main,https://makezine.com/projects/smart3-the-self-solving-rubiks-cube/,,https://youtube.com/watch?v=HjICOcsuBKY&t=12840s,https://www.makerprojectlab.com/i-think-im-a-clone-now-maker-update/
I turned my pickup truck into a printer,Ryder Calm Down,project,3d-printing,I turned my pickup truck into a printer by Ryder Calm Down.,high,339,2023-06-29,main,https://youtu.be/WKIs_u5jr1s,https://hackaday.com/2023/06/22/is-this-the-worlds-largest-dot-matrix-printer/; https://www.hackster.io/news/this-attachment-makes-a-truck-a-dot-matrix-water-printer-9602310fad37,https://youtube.com/watch?v=HjICOcsuBKY&t=15360s,https://www.makerprojectlab.com/i-think-im-a-clone-now-maker-update/
Pickup Truck Dot Matrix Printer Software (GitHub),,project,3d-printing; display,Pickup Truck Dot Matrix Printer Software (GitHub).,high,339,2023-06-29,main,https://github.com/rydercalmdown/pickup_truck_dot_matrix_printer,,https://youtube.com/watch?v=HjICOcsuBKY,https://www.makerprojectlab.com/i-think-im-a-clone-now-maker-update/
Arduino R4 WiFi & Minima Now available,,tip,ai; arduino,Arduino R4 WiFi & Minima Now available.,high,339,2023-06-29,main,https://www.digikey.com/en/maker/blogs/2023/arduino-uno-r4-minima-and-wifi-now-available,https://blog.arduino.cc/2023/06/26/uno-r4-the-new-dimension-of-making/; video: https://youtu.be/XWrAjvwHOr8,https://youtube.com/watch?v=HjICOcsuBKY&t=17340s,https://www.makerprojectlab.com/i-think-im-a-clone-now-maker-update/
Meeting An instrument Inventor with a difference - Lomond Campbell,,tip,music,Meeting An instrument Inventor with a difference - Lomond Campbell.,high,339,2023-06-29,main,https://youtu.be/B-07uzruIHo,,https://youtube.com/watch?v=HjICOcsuBKY&t=20700s,https://www.makerprojectlab.com/i-think-im-a-clone-now-maker-update/
Dr. Who CAD Workstation,Jeremy Fielding & Smuggler's Room,project,cad; workspace; design,YouTube video on custom Dr. Who CAD workstation build,low,338,2023-06-22,main,https://www.youtube.com/watch?v=1AELueugOfk,https://www.youtube.com/watch?v=ipXFO9a2-C4,https://youtube.com/watch?v=6G5_eWL_iLo&t=2160s,https://www.makerprojectlab.com/extrudicate-maker-update/
Ionic Drive Catamaran,,project,boat; watercraft; electric,YouTube video on ionic drive catamaran project,low,338,2023-06-22,main,https://www.youtube.com/watch?v=2RTGv-p-xxY,,https://youtube.com/watch?v=6G5_eWL_iLo&t=10800s,https://www.makerprojectlab.com/extrudicate-maker-update/
Space Fishing,Make Anything,project,space,Space Fishing by Make Anything.,high,338,2023-06-22,main,https://www.youtube.com/watch?v=TnlPSnb9xFg,,https://youtube.com/watch?v=6G5_eWL_iLo&t=15960s,https://www.makerprojectlab.com/extrudicate-maker-update/
LOZ 3D Ultrahand,the Ruiz,project,toy; mechanical; gaming,YouTube video on LOZ 3D Ultrahand toy,low,338,2023-06-22,main,https://www.youtube.com/watch?v=DNyDilNJeho,,https://youtube.com/watch?v=6G5_eWL_iLo&t=18840s,https://www.makerprojectlab.com/extrudicate-maker-update/
How to use a scope,Zack Freedman,tip,electronics; test-equipment,YouTube video on how to use an oscilloscope,low,338,2023-06-22,main,https://www.youtube.com/watch?v=SSp1wn0Abck,,https://youtube.com/watch?v=6G5_eWL_iLo&t=20820s,https://www.makerprojectlab.com/extrudicate-maker-update/
Tool organization with Izzy Swan,,tip,workshop-organization,YouTube video on tool organization techniques,low,338,2023-06-22,main,https://www.youtube.com/watch?v=__EKwpolOgQ,,https://youtube.com/watch?v=6G5_eWL_iLo&t=22980s,https://www.makerprojectlab.com/extrudicate-maker-update/
Making PCB Art,Anne Barela,tip,art; pcb,Making PCB Art by Anne Barela.,high,338,2023-06-22,main,https://learn.adafruit.com/making-pcb-art-with-gingerbread-and-kicad,,https://youtube.com/watch?v=6G5_eWL_iLo&t=25080s,https://www.makerprojectlab.com/extrudicate-maker-update/
Pine64 discussion,the FOSSPod,tip,podcast; open-hardware; embedded-systems,Podcast discussing Pine64 open-source hardware platform,low,338,2023-06-22,main,https://fosspod.content.town/episodes/pine64-with-lukasz-erecinski,,https://youtube.com/watch?v=6G5_eWL_iLo&t=27660s,https://www.makerprojectlab.com/extrudicate-maker-update/
AdNose,Adnan Aga,project,art; scent; performance; olfactory,AdNose olfactory art installation using scent generation and performance,high,337,2023-06-15,main,https://www.olfactoryartkeller.com/scent-performance-series/adnose,vid: https://youtu.be/DKf4LaZ3ARU; https://www.hackster.io/news/this-giant-nose-art-piece-drips-descriptive-snot-cd496d33d3fc; https://www.raspberrypi.com/news/this-massive-nose-sniffs-things-then-prints-a-description-of-the-smell/,https://youtube.com/watch?v=pQcVzG4N3Ac&t=1200s,https://www.makerprojectlab.com/a-nose-for-details-maker-update/
AdNose Code on GitHub,,project,github; open-source; code; art,GitHub repository for AdNose open-source code,high,337,2023-06-15,main,https://github.com/adnanaga/Adnose,https://www.creativeapplications.net/member-submissions/adnose-anosmia-and-ml-smell-prediction/,https://youtube.com/watch?v=pQcVzG4N3Ac,https://www.makerprojectlab.com/a-nose-for-details-maker-update/
Handmade Gatekeeper Robot!,Handy Geng,project,robotics,Handmade Gatekeeper Robot! by Handy Geng.,high,337,2023-06-15,main,https://youtu.be/BZdk9xdkI4E,,https://youtube.com/watch?v=pQcVzG4N3Ac&t=8700s,https://www.makerprojectlab.com/a-nose-for-details-maker-update/
Make a Laser Cut Crankie (Moving Panorama),Federico Tobon,project,kinetic-art; laser-cutting,Make a Laser Cut Crankie (Moving Panorama) by Federico Tobon.,high,337,2023-06-15,main,https://youtu.be/lBZfYCp-As0,,https://youtube.com/watch?v=pQcVzG4N3Ac&t=10380s,https://www.makerprojectlab.com/a-nose-for-details-maker-update/
Magic Storybook with ChatGPT,Erin St Blaine,project,ai; wearables,Magic Storybook with ChatGPT by Erin St Blaine.,high,337,2023-06-15,main,https://learn.adafruit.com/magic-storybook-with-chatgpt,,https://youtube.com/watch?v=pQcVzG4N3Ac&t=12420s,https://www.makerprojectlab.com/a-nose-for-details-maker-update/
Architectural Researchers Use 3D-Printed Forms to Grow Structural Mycelium Blocks,,tip,3d-printing,Architectural Researchers Use 3D-Printed Forms to Grow Structural Mycelium Blocks.,high,337,2023-06-15,main,https://www.core77.com/posts/123835/Architectural-Researchers-Use-3D-Printed-Forms-to-Grow-Structural-Mycelium-Blocks,video: https://vimeo.com/827717921,https://youtube.com/watch?v=pQcVzG4N3Ac&t=15060s,https://www.makerprojectlab.com/a-nose-for-details-maker-update/
Vibrations - How it was made,Moritz Simon Geist,tip,music; kinetic-art; sound,YouTube video on Vibrations kinetic art installation and making,low,337,2023-06-15,main,https://youtu.be/BB_ngxEnynY,,https://youtube.com/watch?v=pQcVzG4N3Ac&t=17160s,https://www.makerprojectlab.com/a-nose-for-details-maker-update/
ElevenLabs AI Text-to-Speech,,tip,ai,ElevenLabs AI Text-to-Speech.,high,337,2023-06-15,main,https://beta.elevenlabs.io/,,https://youtube.com/watch?v=pQcVzG4N3Ac&t=19200s,https://www.makerprojectlab.com/a-nose-for-details-maker-update/
Mechanical Apple Watch,NanoRobotGeek,project,electronics; watch; repair; e-waste,Mechanical Apple Watch crafted from e-waste Apple Watch components,high,336,2023-06-08,main,https://www.instructables.com/Mechanical-Apple-Watch-From-Real-E-Waste-Apple-Wat/,,https://youtube.com/watch?v=235PrpELLJw&t=2280s,https://www.makerprojectlab.com/keeps-on-ticking-maker-update/
Coffee Grinder Silencer,Matt Perillo,project,coffee-grinder; soundproofing,YouTube video on coffee grinder silencer modification,low,336,2023-06-08,main,https://youtu.be/cZGOxctB4oE,,https://youtube.com/watch?v=235PrpELLJw&t=8760s,https://www.makerprojectlab.com/keeps-on-ticking-maker-update/
Grand Planet Spinner,IllusionManager,project,plastic,Grand Planet Spinner by IllusionManager.,high,336,2023-06-08,main,https://www.instructables.com/Grand-Planet-Spinner/,,https://youtube.com/watch?v=235PrpELLJw&t=11760s,https://www.makerprojectlab.com/keeps-on-ticking-maker-update/
Organizing my life with lasers,Chris Borge,tip,laser-cutting; organization; diy,YouTube video on organizing life with laser-cut tools,low,336,2023-06-08,main,https://www.youtube.com/watch?v=vXMjWxrbzg0,,https://youtube.com/watch?v=235PrpELLJw&t=14880s,https://www.makerprojectlab.com/keeps-on-ticking-maker-update/
The Best Soldering Stand,Testeed,tip,soldering,The Best Soldering Stand by Testeed.,high,336,2023-06-08,main,https://www.youtube.com/watch?v=NR9-GOLoJ3U,,https://youtube.com/watch?v=235PrpELLJw&t=17460s,https://www.makerprojectlab.com/keeps-on-ticking-maker-update/
Maze Solving competition,Veritasium,tip,competition; puzzle-solving; robotics,YouTube video on fastest maze-solving competition,low,336,2023-06-08,main,https://www.youtube.com/watch?v=ZMQbHMgK2rw,,https://youtube.com/watch?v=235PrpELLJw&t=20220s,https://www.makerprojectlab.com/keeps-on-ticking-maker-update/
Adjusting Cabinet Hinges by Kitchens,Savina,tip,furniture; home-improvement; hinges,YouTube video on adjusting cabinet hinges,low,336,2023-06-08,main,https://www.youtube.com/watch?v=Wo7TTAWt5Nk,,https://youtube.com/watch?v=235PrpELLJw&t=22320s,https://www.makerprojectlab.com/keeps-on-ticking-maker-update/
Airworthy wooden propeller,Xyla Foxlin,project,ai; cosplay; wood,Airworthy wooden propeller by Xyla Foxlin.,high,335,2023-06-01,main,https://www.youtube.com/watch?v=GXLDg7P5lO8,,https://youtube.com/watch?v=aDPi_nSBGek&t=2160s,https://www.makerprojectlab.com/up-in-the-air-maker-update/
Forgery Robot,Stuff Made Here,project,robotics,Forgery Robot by Stuff Made Here.,high,335,2023-06-01,main,https://www.youtube.com/watch?v=cQO2XTP7QDw,,https://youtube.com/watch?v=aDPi_nSBGek&t=11580s,https://www.makerprojectlab.com/up-in-the-air-maker-update/
Solving Joystick Drift with Marius Heier,,project,joystick; electronics; repair,YouTube video on solving joystick drift with DIY repair,low,335,2023-06-01,main,https://www.youtube.com/watch?v=oAsrLxaAkY0,,https://youtube.com/watch?v=aDPi_nSBGek&t=15180s,https://www.makerprojectlab.com/up-in-the-air-maker-update/
Bullet time photo booth,there oughta be,project,photography,Bullet time photo booth by there oughta be.,high,335,2023-06-01,main,https://there.oughta.be/a/bullet-time-video-booth,,https://youtube.com/watch?v=aDPi_nSBGek&t=18120s,https://www.makerprojectlab.com/up-in-the-air-maker-update/
Salvaging Vape Batteries with Becky Stern,,tip,battery-salvage; electronics; recycling,YouTube video on salvaging and reusing vape batteries,low,335,2023-06-01,main,https://www.youtube.com/watch?v=qiUyMLdVyfI,,https://youtube.com/watch?v=aDPi_nSBGek&t=21960s,https://www.makerprojectlab.com/up-in-the-air-maker-update/
Printing bores without supports,Makers Muse,tip,3d-printing,Printing bores without supports by Makers Muse.,high,335,2023-06-01,main,https://www.youtube.com/watch?v=KBuWcT8XkhA,,https://youtube.com/watch?v=aDPi_nSBGek&t=23880s,https://www.makerprojectlab.com/up-in-the-air-maker-update/
Best Places to find magnets,,tip,plastic,Best Places to find magnets.,high,335,2023-06-01,main,https://www.instructables.com/Best-Ways-to-Find-Magnets-for-DIY-Projects-at-Home/,,https://youtube.com/watch?v=aDPi_nSBGek&t=25740s,https://www.makerprojectlab.com/up-in-the-air-maker-update/
True,,project,sewing; fashion; period-costume,YouTube video on tailoring 1890s Victorian jacket,low,334,2023-05-25,main,https://www.youtube.com/watch?v=3xrfcR8COL4,,https://youtube.com/watch?v=UVs9mfIRUv4,https://www.makerprojectlab.com/nostalgic-technologies-maker-update/
True,,project,led; wearables; hairstyle,YouTube video on mermaid hairstyle with LED technology,low,334,2023-05-25,main,https://www.youtube.com/watch?v=qYQxUvCYKp0,,https://youtube.com/watch?v=UVs9mfIRUv4,https://www.makerprojectlab.com/nostalgic-technologies-maker-update/
True,,project,art; transportation; conservation,YouTube video on fine art transportation methods,low,334,2023-05-25,main,https://www.youtube.com/watch?v=vk5ELErNK24,,https://youtube.com/watch?v=UVs9mfIRUv4,https://www.makerprojectlab.com/nostalgic-technologies-maker-update/
False,,tip,sparse-entry,Sparse or invalid entry in archive.,low,334,2023-05-25,main,,,https://youtube.com/watch?v=UVs9mfIRUv4,https://www.makerprojectlab.com/nostalgic-technologies-maker-update/
Firefly Lantern,Electroboom,project,led; electronics; light-art,YouTube video on Firefly Lantern LED project,low,333,2023-05-18,main,https://www.youtube.com/watch?v=iJGPMMMn8VU&t=329s,,https://youtube.com/watch?v=5mfalFoJHiQ&t=1860s,https://www.makerprojectlab.com/jar-of-flies-maker-update/
Typing Automaton,Uri Turchman,project,mechanical; automaton; keyboard,YouTube video on typing automaton mechanical project,low,333,2023-05-18,main,https://www.youtube.com/watch?v=SA-KpGYG83E,,https://youtube.com/watch?v=5mfalFoJHiQ&t=10620s,https://www.makerprojectlab.com/jar-of-flies-maker-update/
LED Wave Array LuLabs,,project,led,LED Wave Array LuLabs.,high,333,2023-05-18,main,https://lulabs.net/electronics/ledwave/,,https://youtube.com/watch?v=5mfalFoJHiQ&t=13740s,https://www.makerprojectlab.com/jar-of-flies-maker-update/
turning a Logo into an Animated Sculpture,JBV Creative,project,animation; kinetic-art,turning a Logo into an Animated Sculpture by JBV Creative.,high,333,2023-05-18,main,https://www.youtube.com/watch?v=yKzX03VIRgs,,https://youtube.com/watch?v=5mfalFoJHiQ&t=16200s,https://www.makerprojectlab.com/jar-of-flies-maker-update/
Making Sketchbooks,Eric Strebel,tip,bookbinding; paper; craft,YouTube video on making custom sketchbooks,low,333,2023-05-18,main,https://www.youtube.com/watch?v=ZtqqxQ9RcBE,,https://youtube.com/watch?v=5mfalFoJHiQ&t=19860s,https://www.makerprojectlab.com/jar-of-flies-maker-update/
Tough Relay,Digital Loggers,tip,relay; electronics; switch,Tough relay component from Digital Loggers for Adafruit,high,333,2023-05-18,main,https://www.adafruit.com/product/5718,,https://youtube.com/watch?v=5mfalFoJHiQ&t=22440s,https://www.makerprojectlab.com/jar-of-flies-maker-update/
Fantastic Fabrics,"Kitty Yeung, Jen Colstillo and bleeptrack",tip,fabric,"Fantastic Fabrics by Kitty Yeung, Jen Colstillo and bleeptrack.",high,333,2023-05-18,main,https://makezine.com/projects/design-your-own-fantastic-fabrics/,,https://youtube.com/watch?v=5mfalFoJHiQ&t=24360s,https://www.makerprojectlab.com/jar-of-flies-maker-update/
Keep your clamps oiled,Jimmy Diresta,tip,led; lighting,Keep your clamps oiled by Jimmy Diresta.,high,333,2023-05-18,main,https://www.youtube.com/shorts/2TRLtC_RCfY,,https://youtube.com/watch?v=5mfalFoJHiQ&t=27360s,https://www.makerprojectlab.com/jar-of-flies-maker-update/
DIY WALL-E Robot (Fully Functional),ProfessorBoots,project,robotics,DIY WALL-E Robot (Fully Functional) by ProfessorBoots.,high,332,2023-05-11,main,https://youtu.be/iaqVNqsvQwI,,https://youtube.com/watch?v=7XElGE-KQsY&t=1440s,https://www.makerprojectlab.com/tread-gently-maker-update/
Step-by-Step Build video,,project,building; construction; time-lapse,YouTube video showing step-by-step build process,low,332,2023-05-11,main,https://youtu.be/Cqv2w0qYf-s,,https://youtube.com/watch?v=7XElGE-KQsY,https://www.makerprojectlab.com/tread-gently-maker-update/
Feather RP2040 DVI Video Synth,Liz Clark,project,music; rp2040,Feather RP2040 DVI Video Synth by Liz Clark.,high,332,2023-05-11,main,https://learn.adafruit.com/feather-rp2040-dvi-video-synth,,https://youtube.com/watch?v=7XElGE-KQsY&t=9180s,https://www.makerprojectlab.com/tread-gently-maker-update/
Star Trek LCARS Display,John Park,project,display; plastic,Star Trek LCARS Display by John Park.,high,332,2023-05-11,main,https://learn.adafruit.com/star-trek-lcars-display,video: https://youtu.be/13I8jH6S3rQ,https://youtube.com/watch?v=7XElGE-KQsY&t=12000s,https://www.makerprojectlab.com/tread-gently-maker-update/
3D Printing Obsolete Connectors,Teaching Tech,tip,3d-printing,3D Printing Obsolete Connectors by Teaching Tech.,high,332,2023-05-11,main,https://makezine.com/article/digital-fabrication/3d-printing-workshop/3d-printing-obsolete-connectors/,,https://youtube.com/watch?v=7XElGE-KQsY&t=15360s,https://www.makerprojectlab.com/tread-gently-maker-update/
How to Order Replacement Parts From Harbor Freight,r570sv,tip,art; plastic,How to Order Replacement Parts From Harbor Freight by r570sv.,high,332,2023-05-11,main,https://www.instructables.com/How-to-Order-Replacement-Parts-From-Harbor-Freight/,,https://youtube.com/watch?v=7XElGE-KQsY&t=16920s,https://www.makerprojectlab.com/tread-gently-maker-update/
Weightless Machine,Colin Furze,project,mechanical,Weightless Machine by Colin Furze.,high,331,2023-04-27,main,https://www.youtube.com/watch?v=8ZxNdUx0-Qc,,https://youtube.com/watch?v=J1C9xzrP1uc&t=2220s,
Canoe made from 100 year old porch slats,Jimmy Diresta,project,3d-printing; wood,Canoe made from 100 year old porch slats by Jimmy Diresta.,high,331,2023-04-27,main,https://www.youtube.com/watch?v=z0PsjO0BQsE,,https://youtube.com/watch?v=J1C9xzrP1uc&t=9840s,
Basketball Sculpture,JBV Creative,project,kinetic-art,Basketball Sculpture by JBV Creative.,high,331,2023-04-27,main,https://www.youtube.com/watch?v=LloG_Jn_TI0,,https://youtube.com/watch?v=J1C9xzrP1uc&t=13380s,
Acoustic to Electric Drum conversion,,project,music,Acoustic to Electric Drum conversion.,high,331,2023-04-27,main,https://www.instructables.com/A2E-Electric-Drum-Set-Acoustic-to-Electric-Drum-Co/,,https://youtube.com/watch?v=J1C9xzrP1uc&t=16320s,
Avoiding Spontaneous Combustion in your shop,Bourbon Moth Workshop,tip,workshop-safety; spontaneous-combustion,YouTube video on preventing shop fires and spontaneous combustion,low,331,2023-04-27,main,https://www.youtube.com/watch?v=3Gqi2cNCKQY,,https://youtube.com/watch?v=J1C9xzrP1uc&t=19320s,
PLCs with Tim Hunkin,,tip,electronics; industrial-control; plc,YouTube video on PLCs and industrial control with Tim Hunkin,low,331,2023-04-27,main,https://www.youtube.com/watch?v=heDQbZc8aX0,,https://youtube.com/watch?v=J1C9xzrP1uc&t=21960s,
Laser Kerf for press-fit finger joints,Cutting Paths,tip,laser-cutting,Laser Kerf for press-fit finger joints by Cutting Paths.,high,331,2023-04-27,main,https://www.instructables.com/Adjusting-Your-Laser-Cutters-Kerf-Settings-for-Pre/,,https://youtube.com/watch?v=J1C9xzrP1uc&t=24000s,
Custom Shoes with Becky Stern,,tip,sewing; footwear; custom-shoes,YouTube video on custom shoe design with Becky Stern,low,331,2023-04-27,main,https://www.youtube.com/watch?v=t_CDRGpGOO4,,https://youtube.com/watch?v=J1C9xzrP1uc&t=26460s,
I Built an Arduino Powered Hexapod from Scratch,Aecert Robotics,project,arduino,I Built an Arduino Powered Hexapod from Scratch by Aecert Robotics.,high,330,2023-04-20,main,https://www.youtube.com/playlist?list=PL-XaVOMPsP-sUAtWbSIZ7vT40Ko2FEq-d,,https://youtube.com/watch?v=wuHf-yPVENE&t=1380s,https://www.makerprojectlab.com/walk-this-way-maker-update/
LED Kaleidoscope,Becky Stern and Debra Ansell of GeekMomProjects,project,led,LED Kaleidoscope by Becky Stern and Debra Ansell of GeekMomProjects.,high,330,2023-04-20,main,https://www.digikey.com/en/maker/projects/3d-printed-led-kaleidoscope/fa143a47d44d40a594ec649ad3c60117,,https://youtube.com/watch?v=wuHf-yPVENE&t=6180s,https://www.makerprojectlab.com/walk-this-way-maker-update/
Robotic AI Bear using ChatGPT,M. LeBlanc-Williams,project,ai; robotics; wearables,Robotic AI Bear using ChatGPT by M. LeBlanc-Williams.,high,330,2023-04-20,main,https://learn.adafruit.com/robotic-ai-bear-using-chatgpt,,https://youtube.com/watch?v=wuHf-yPVENE&t=8280s,https://www.makerprojectlab.com/walk-this-way-maker-update/
How to build your own Raspberry Pi watch,"Ashley Whittaker, Alasdair Allan, Toby Roberts",tip,raspberry-pi,"How to build your own Raspberry Pi watch by Ashley Whittaker, Alasdair Allan, Toby Roberts.",high,330,2023-04-20,main,https://www.raspberrypi.com/news/how-to-build-your-own-raspberry-pi-watch/,,https://youtube.com/watch?v=wuHf-yPVENE&t=10680s,https://www.makerprojectlab.com/walk-this-way-maker-update/
9 mistakes beginners make at the bandsaw. What to do instead.,Jimmy Diresta,tip,wearables; woodworking,9 mistakes beginners make at the bandsaw. What to do instead. by Jimmy Diresta.,high,330,2023-04-20,main,https://youtu.be/WaTC1sNTHuE,,https://youtube.com/watch?v=wuHf-yPVENE&t=12840s,https://www.makerprojectlab.com/walk-this-way-maker-update/
HOLE CUTTING - The Secret Life of Components,Tim Hunkin,tip,electronics; component-design; engineering,YouTube video on hole cutting and component design by Tim Hunkin,low,330,2023-04-20,main,https://youtu.be/HFq7DDNs3qc,,https://youtube.com/watch?v=wuHf-yPVENE&t=13920s,https://www.makerprojectlab.com/walk-this-way-maker-update/
Make it Glow: NeoPixel and LED Diffusion Tips & Tricks,Erin St Blaine,tip,led; lighting,Make it Glow: NeoPixel and LED Diffusion Tips & Tricks by Erin St Blaine.,high,330,2023-04-20,main,https://learn.adafruit.com/make-it-glow-neopixel-and-led-diffusion-tips-tricks,,https://youtube.com/watch?v=wuHf-yPVENE&t=15360s,https://www.makerprojectlab.com/walk-this-way-maker-update/
Gearless Magnet Bike,Tom Stanton,project,mechanical; vehicles,Gearless Magnet Bike by Tom Stanton.,high,329,2023-04-13,main,https://www.youtube.com/watch?v=Dg8oVR4k5Dk,,https://youtube.com/watch?v=MPo6E5v_sc0&t=1680s,https://www.makerprojectlab.com/the-law-of-attraction-maker-update/
GPT4 Sarcastic Robot,Gabriel Levine and Selena Sun,project,ai; casting; robotics,GPT4 Sarcastic Robot by Gabriel Levine and Selena Sun.,high,329,2023-04-13,main,https://www.youtube.com/watch?v=PgT8tPChbqc,,https://youtube.com/watch?v=MPo6E5v_sc0&t=8640s,https://www.makerprojectlab.com/the-law-of-attraction-maker-update/
Rat King Diorama,wAw Creator,project,diorama; miniature; art,YouTube video on Rat King Diorama project,low,329,2023-04-13,main,https://www.youtube.com/watch?v=Iz1D0eKXEMk,,https://youtube.com/watch?v=MPo6E5v_sc0&t=12540s,https://www.makerprojectlab.com/the-law-of-attraction-maker-update/
Gridfinity 2.0 (Actually Hextraction),Zack Freedman,project,3d-printing; storage-organization; modular-design,Modular storage system using 3D-printed hexagonal containers.,high,329,2023-04-13,main,https://www.youtube.com/watch?v=ofI2OCq_QqA,,https://youtube.com/watch?v=MPo6E5v_sc0&t=15480s,https://www.makerprojectlab.com/the-law-of-attraction-maker-update/
Midi Hexpad,the Ruiz Brothers and John Park,project,midi; music; electronics; custom-controller,MIDI input device with hexagonal pad arrangement.,high,329,2023-04-13,main,https://www.youtube.com/watch?v=9-5TnB5oiEo,,https://youtube.com/watch?v=MPo6E5v_sc0&t=18660s,https://www.makerprojectlab.com/the-law-of-attraction-maker-update/
Better lost PLA Casting,Paul's Garage,tip,3d-printing; casting; lost-pla; metal,Improved lost-PLA casting technique for metal parts.,high,329,2023-04-13,main,https://www.youtube.com/watch?v=MoxK2hWN4LI,,https://youtube.com/watch?v=MPo6E5v_sc0&t=21600s,https://www.makerprojectlab.com/the-law-of-attraction-maker-update/
Plasticity,Nick Allen,tip,3d-modeling; cad; software; design,Plasticity 3D modeling and CAD software tool,low,329,2023-04-13,main,https://www.plasticity.xyz/,,https://youtube.com/watch?v=MPo6E5v_sc0&t=24420s,https://www.makerprojectlab.com/the-law-of-attraction-maker-update/
Solenoids and relays,Tim Hunkin,tip,electronics; solenoid; relay; tutorial,Engineering explanation of solenoid and relay operation.,high,329,2023-04-13,main,https://www.youtube.com/watch?v=fdj_g_1tj4c,,https://youtube.com/watch?v=MPo6E5v_sc0&t=26640s,https://www.makerprojectlab.com/the-law-of-attraction-maker-update/
Animas,Bureau Moeilijke Dingen,project,ai; music; generative; interactive,AI-powered installation for collaborative human-machine music creation,high,328,2023-04-06,main,https://www.moeilijkedingen.nl/cases/anima,,https://youtube.com/watch?v=tjvxBeG_NUQ,https://www.makerprojectlab.com/dancing-with-myself-maker-update/
Technical details:,,project,generative-music; ai; collaborative; audio,AI-powered music co-creation system using Google Magenta and Ableton,high,328,2023-04-06,main,https://www.creativeapplications.net/sound/animas-music-co-creation-with-ai/,,https://youtube.com/watch?v=tjvxBeG_NUQ,https://www.makerprojectlab.com/dancing-with-myself-maker-update/
LED Light Wand,lonesoulsurfer,project,led; lighting; diy-lighting,DIY LED wand with dynamic lighting effects.,high,328,2023-04-06,main,https://www.instructables.com/LED-Light-Wand/,,https://youtube.com/watch?v=tjvxBeG_NUQ,https://www.makerprojectlab.com/dancing-with-myself-maker-update/
Furby Backpack,Nina,project,wearables; costume; electronics; fabric,Furby incorporated into wearable backpack design.,high,328,2023-04-06,main,https://youtu.be/q9aSCBQYSec,https://hackaday.com/2023/03/31/move-aside-yoda-its-furbys-turn-on-lukes-back/; https://www.thingiverse.com/thing:4641116,https://youtube.com/watch?v=tjvxBeG_NUQ,https://www.makerprojectlab.com/dancing-with-myself-maker-update/
Turning a Circuit into a Foldable Rover,Carl Bugeja,project,robotics; circuit-design; mechanical-design,Robot that unfolds from circuit board pattern.,high,328,2023-04-06,main,https://youtu.be/PsZszv4qHu4,https://hackaday.com/2023/03/30/foldable-pcb-becomes-tiny-rover/,https://youtube.com/watch?v=tjvxBeG_NUQ,https://www.makerprojectlab.com/dancing-with-myself-maker-update/
MIDI Controlled Robot Lyre with CircuitPython,Liz Clark,project,music; robotics; midi; circuitpython,Robotic musical instrument controlled by MIDI signals.,high,328,2023-04-06,main,https://learn.adafruit.com/midi-controlled-robot-lyre-with-circuitpython,,https://youtube.com/watch?v=tjvxBeG_NUQ,https://www.makerprojectlab.com/dancing-with-myself-maker-update/
Arduino Announces the 32-Bit UNO R4,,tip,arduino; microcontroller; announcement,Arduino UNO R4 32-bit microcontroller release.,high,328,2023-04-06,main,https://blog.arduino.cc/2023/03/25/arduino-uno-r4/,https://www.hackster.io/news/arduino-announces-the-32-bit-uno-r4-0872e224235d,https://youtube.com/watch?v=tjvxBeG_NUQ,https://www.makerprojectlab.com/dancing-with-myself-maker-update/
Prusa MK4 Announced,,tip,3d-printing; printer-hardware; announcement,Prusa I3 MK4 3D printer announcement.,high,328,2023-04-06,main,https://blog.prusa3d.com/announcing-original-prusa-mk4_76585/,https://www.hackster.io/news/the-new-prusa-i3-mk4-is-now-available-1a66421ef44d,https://youtube.com/watch?v=tjvxBeG_NUQ,https://www.makerprojectlab.com/dancing-with-myself-maker-update/
"3D-Printable ""Solder Board""",Pete Prodoehl,tip,3d-printing; pcb; soldering-fixture; workshop-tool,3D printed organizing board for soldering tasks.,high,328,2023-04-06,main,https://rasterweb.net/raster/2023/03/27/solder-board/,https://www.hackster.io/news/pete-prodoehl-s-3d-printable-solder-board-aims-to-solve-your-pin-header-soldering-woes-526adef66b5a,https://youtube.com/watch?v=tjvxBeG_NUQ,https://www.makerprojectlab.com/dancing-with-myself-maker-update/
Vice Versa Bike,Meanwhile in the Garage,project,bicycle; mechanical,YouTube video on Vice Versa reversing bike project,low,326,2023-03-23,main,https://www.youtube.com/watch?app=desktop&v=5EJHECZSydU,,https://youtube.com/watch?v=1YCDWvW7V-0&t=1800s,https://www.makerprojectlab.com/reverse-engineering-maker-update/
A Machine that Counts Screws,Nicodem Bartnik,project,electronics; automation; sensor; machine,Automated fastener counting machine.,high,326,2023-03-23,main,https://www.youtube.com/watch?v=acUexuxC3fU,,https://youtube.com/watch?v=1YCDWvW7V-0&t=8520s,https://www.makerprojectlab.com/reverse-engineering-maker-update/
Infinite Text Adventure,Jeff Epler,project,circuitpython; game; text-adventure; interactive,Interactive text adventure game using AI and Adafruit PyPortal device,high,326,2023-03-23,main,https://learn.adafruit.com/infinite-text-adventure,,https://youtube.com/watch?v=1YCDWvW7V-0&t=11880s,https://www.makerprojectlab.com/reverse-engineering-maker-update/
Bluetooth RGB Camera Light,DIY Guy Chris,project,lighting; bluetooth; led; rgb,Wireless RGB light for camera rigs.,high,326,2023-03-23,main,https://www.instructables.com/DIY-Low-Cost-Bluetooth-Camera-Light/,,https://youtube.com/watch?v=1YCDWvW7V-0&t=14280s,https://www.makerprojectlab.com/reverse-engineering-maker-update/
3d Printed Router Lifter,USSA Woodworking & 3d Printing,project,3d-printing; woodworking-tools; router-lift,3D printed precision lift for router tables.,high,326,2023-03-23,main,https://www.youtube.com/watch?v=y5YqoidOVMc,,https://youtube.com/watch?v=1YCDWvW7V-0&t=16560s,https://www.makerprojectlab.com/reverse-engineering-maker-update/
MDF Tips,Stumpy Nubs,tip,woodworking; material-guide; mdf; tutorial,Tips for working with medium-density fiberboard.,high,326,2023-03-23,main,https://www.youtube.com/watch?v=6DiWO0qTi7I,,https://youtube.com/watch?v=1YCDWvW7V-0&t=18720s,https://www.makerprojectlab.com/reverse-engineering-maker-update/
$34 3D Printer,Rinoa's Auspicious Travails,tip,3d-printing; budget; affordable,YouTube video on $34 3D printer build,low,326,2023-03-23,main,https://www.youtube.com/watch?v=dXQ12aP4bVg,,https://youtube.com/watch?v=1YCDWvW7V-0&t=21240s,https://www.makerprojectlab.com/reverse-engineering-maker-update/
Arduino Giga review,Switch and Lever,tip,arduino; microcontroller,Arduino Giga development board overview.,high,326,2023-03-23,main,https://www.youtube.com/watch?v=h1AF7wKYA04,,https://youtube.com/watch?v=1YCDWvW7V-0&t=23460s,https://www.makerprojectlab.com/reverse-engineering-maker-update/
Flexible PLA,Frankly Built,tip,3d-printing; filament; material-properties,Flexible PLA filament properties and uses.,high,326,2023-03-23,main,https://www.youtube.com/watch?v=gLgKcZVfrj4,,https://youtube.com/watch?v=1YCDWvW7V-0&t=26040s,https://www.makerprojectlab.com/reverse-engineering-maker-update/
Tool Battery Fume Extractor,,project,workshop-safety; air-filtration; diy-equipment,Fume extraction powered by cordless tool battery.,high,325,2023-03-16,main,https://hackaday.com/2023/03/09/power-tool-battery-fume-extractor/,,https://youtube.com/watch?v=UYZtlKZtzMc&t=2280s,https://www.makerprojectlab.com/oddly-satisfying-solutions-maker-update/
Reviewing and Hacking Alien Rides Extreme Bull K6 E-Bike,,project,e-bike; battery; electronics-mod; transportation,E-bike review and performance modifications.,high,325,2023-03-16,main,https://www.youtube.com/watch?v=CvmDtxvkXDo,,https://youtube.com/watch?v=UYZtlKZtzMc&t=10620s,https://www.makerprojectlab.com/oddly-satisfying-solutions-maker-update/
DIY synthesizer upgrade,,project,music; electronics; synthesizer; audio-mods,DIY synthesizer upgrades and modifications.,high,325,2023-03-16,main,https://www.youtube.com/watch?v=bx-6P5wBkMc&t=0s,,https://youtube.com/watch?v=UYZtlKZtzMc&t=13500s,https://www.makerprojectlab.com/oddly-satisfying-solutions-maker-update/
Help me admire my new pretty shop,,project,workshop-tour; workspace-setup; organization,Workshop showcase and workspace design.,high,325,2023-03-16,main,https://www.youtube.com/watch?v=jtIX-msMGgg,,https://youtube.com/watch?v=UYZtlKZtzMc&t=16380s,https://www.makerprojectlab.com/oddly-satisfying-solutions-maker-update/
April Wilkerson reports on starting a laser cutting business,,tip,laser-cutting; business; small-business; entrepreneurship,Starting a professional laser cutting service.,high,325,2023-03-16,main,https://www.youtube.com/watch?v=gVmM9Bvd82c,,https://youtube.com/watch?v=UYZtlKZtzMc&t=18180s,https://www.makerprojectlab.com/oddly-satisfying-solutions-maker-update/
Adam Savage baffled,obscure armor-making tools,tip,cosplay; metalworking; armor; tool-guide,Specialized tools for professional armor crafting.,high,325,2023-03-16,main,https://www.youtube.com/watch?v=6F643XUqJ-o,,https://youtube.com/watch?v=UYZtlKZtzMc&t=19920s,https://www.makerprojectlab.com/oddly-satisfying-solutions-maker-update/
Auto-Return Parachute,Yohan Hadji,project,parachute; aerospace; mechanical-design,Parachute with automatic return deployment.,high,324,2023-03-09,main,https://makezine.com/projects/auto-return-parachute-comes-back-to-the-launch-site-every-time/,,https://youtube.com/watch?v=ptVtFnv5XwA,https://www.makerprojectlab.com/return-to-sender-maker-update/
Sliding Crosscut Table,Davis Piccuito,project,woodworking; table-saw-accessory; precision-tools,Sliding table for accurate crosscutting.,high,324,2023-03-09,main,https://www.youtube.com/watch?v=Svji38dVOcg,,https://youtube.com/watch?v=ptVtFnv5XwA,https://www.makerprojectlab.com/return-to-sender-maker-update/
DIY Loft Elevator,Wesley Treat,project,mechanical-lift; pulley; home-automation; architecture,Motorized platform lift for loft access.,high,324,2023-03-09,main,https://www.youtube.com/watch?v=-RYgdK5JlcY,,https://youtube.com/watch?v=ptVtFnv5XwA,https://www.makerprojectlab.com/return-to-sender-maker-update/
Neopixel Cufflinks,Erin St Blaine,project,wearables; neopixel; led; electronics; jewelry,Programmable LED cufflinks for wearable display.,high,324,2023-03-09,main,https://learn.adafruit.com/neopixel-novelty-cufflinks-with-scrolling-text,,https://youtube.com/watch?v=ptVtFnv5XwA,https://www.makerprojectlab.com/return-to-sender-maker-update/
Drill Press Upgrades,Marius Hornberger,tip,drill-press; tool-upgrades; cnc; woodworking,Drill press precision improvements.,high,324,2023-03-09,main,https://www.youtube.com/watch?v=rxNrA16yZsU,,https://youtube.com/watch?v=ptVtFnv5XwA,https://www.makerprojectlab.com/return-to-sender-maker-update/
Clever Tips for Stronger prints,NeedItMakeIt,tip,3d-printing; print-quality; settings; tutorial,Optimization for stronger 3D printed parts.,high,324,2023-03-09,main,https://www.youtube.com/watch?v=YggRB_vHuNk,,https://youtube.com/watch?v=ptVtFnv5XwA,https://www.makerprojectlab.com/return-to-sender-maker-update/
Arc Overhangs,CNC Kitchen,tip,3d-printing; overhang-handling; slicing-settings,Advanced overhang technique for quality.,high,324,2023-03-09,main,https://www.youtube.com/watch?v=B0yo-o47688,,https://youtube.com/watch?v=ptVtFnv5XwA,https://www.makerprojectlab.com/return-to-sender-maker-update/
A better house-building robot,Belinda Carr,tip,robotics; construction; automation; building,Improved robotic construction automation.,high,324,2023-03-09,main,https://www.youtube.com/watch?v=zezqko5dMKM,,https://youtube.com/watch?v=ptVtFnv5XwA,https://www.makerprojectlab.com/return-to-sender-maker-update/
Sea of Segments,Will Gallia,project,electronics; led; display-art; pcb,Large-scale seven-segment display art installation with 12,low,323,2023-03-02,main,https://willga.llia.io/sea-of-segments/build/,https://hackaday.com/2023/02/23/sailing-on-a-sea-of-seven-segment-displays/,https://youtube.com/watch?v=lgH9Ac-dPV0,https://www.makerprojectlab.com/segment-surf-maker-update/
I built a LED KATANA in 7 days!,KamuiCosplay,project,led; cosplay; props; sword; gaming-themed,LED-equipped sword prop completed in one week.,high,323,2023-03-02,main,https://youtu.be/-4-RYOzGAK0,,https://youtube.com/watch?v=lgH9Ac-dPV0,https://www.makerprojectlab.com/segment-surf-maker-update/
This Nerf Dart Fires Itself,Joel Creates,project,nerf; mechanical-design; toy; robotics,Self-firing automated Nerf dart mechanism.,high,323,2023-03-02,main,https://youtu.be/Y_viN0f66eo,,https://youtube.com/watch?v=lgH9Ac-dPV0,https://www.makerprojectlab.com/segment-surf-maker-update/
A Floppy Thumb Drive with a Color File Icon Display,Anne Barela,project,retro-tech; usb; display-module,USB drive with floppy disk design and color screen.,high,323,2023-03-02,main,https://learn.adafruit.com/a-floppy-thumb-drive-with-a-color-file-icon-display,,https://youtube.com/watch?v=lgH9Ac-dPV0,https://www.makerprojectlab.com/segment-surf-maker-update/
AI Tools You Can Use Right Now,Caleb Kraft and Dale Dougherty,tip,ai; software; machine-learning; tutorial,Practical AI tools for makers and creators.,high,323,2023-03-02,main,https://makezine.com/article/technology/ai-tools-you-can-use-right-now/,,https://youtube.com/watch?v=lgH9Ac-dPV0,https://www.makerprojectlab.com/segment-surf-maker-update/
A DIY Peristaltic Pump,Mr. Innovative,tip,mechanical-design; fluid-systems; pump; diy-equipment,Homemade peristaltic fluid dispensing pump.,high,323,2023-03-02,main,https://youtu.be/epkcpY3Fa4o,https://blog.arduino.cc/2023/02/22/a-diy-peristaltic-pump-controlled-by-an-arduino/,https://youtube.com/watch?v=lgH9Ac-dPV0,https://www.makerprojectlab.com/segment-surf-maker-update/
Single-Motor Wave Robots,ZARROUK LAB,tip,robotics; motors; mechanical-design; locomotion,Single-motor robots with wave-like motion.,high,323,2023-03-02,main,https://youtu.be/gfA-1BojhNU,https://youtu.be/w25zF1bWx5o,https://youtube.com/watch?v=lgH9Ac-dPV0,https://www.makerprojectlab.com/segment-surf-maker-update/
Making a New Finger,NerdForge,project,prosthetics; 3d-printing; medical; anatomy,Custom 3D printed prosthetic finger.,high,322,2023-02-23,main,https://www.youtube.com/watch?v=ZVqa7j6jG0Q,,https://youtube.com/watch?v=Ybz2ulcMfak,https://www.makerprojectlab.com/digital-analog-maker-update/
How to make a giant face out of foam,Caleb Kraft,project,foam; sculpture; props; foam-carving,Large-scale foam sculpture technique.,high,322,2023-02-23,main,https://www.youtube.com/watch?v=MlRdrjkuooc,,https://youtube.com/watch?v=Ybz2ulcMfak,https://www.makerprojectlab.com/digital-analog-maker-update/
World's Biggest Laptop,Evan and Katelyn,project,oversized-project; novelty; computer-hardware,Full-size working laptop computer.,high,322,2023-02-23,main,https://www.youtube.com/watch?v=uUVfHaW6nWs,,https://youtube.com/watch?v=Ybz2ulcMfak,https://www.makerprojectlab.com/digital-analog-maker-update/
Workbench Light Upgrades,Adam Savage,project,lighting; workshop-tool; led-lighting,Improved workbench lighting solutions.,high,322,2023-02-23,main,https://www.youtube.com/watch?v=3lpcdadoPmM,,https://youtube.com/watch?v=Ybz2ulcMfak,https://www.makerprojectlab.com/digital-analog-maker-update/
Intercom System from Rotary Phones,Thomas,project,vintage-restoration; electronics; communication,Communication system from rotary phones.,high,322,2023-02-23,main,https://hackaday.io/project/189587-an-intercom-system-from-rotary-telephones,,https://youtube.com/watch?v=Ybz2ulcMfak,https://www.makerprojectlab.com/digital-analog-maker-update/
Designing the Maker Coin in Rhinocerous 3D,Adrian Glaser,tip,3d-modeling; cad; coin-design; rhinoceros,Creating medallion design in Rhinoceros CAD.,high,322,2023-02-23,main,https://www.youtube.com/watch?v=8o2kCPihorA,,https://youtube.com/watch?v=Ybz2ulcMfak,https://www.makerprojectlab.com/digital-analog-maker-update/
Soldering Jig for LED Strips,David Gelinas,tip,soldering; fixture; led; electronics-assembly,Jig for soldering LED strips.,high,322,2023-02-23,main,https://www.printables.com/model/391968-led-strip-holder-soldering-station/files,,https://youtube.com/watch?v=Ybz2ulcMfak,https://www.makerprojectlab.com/digital-analog-maker-update/
Printables contest: Keycaps,,tip,3d-printing; keycaps; keyboard; design-contest,3D printable keyboard keycap designs.,high,322,2023-02-23,main,https://www.printables.com/contest/370-keycaps,,https://youtube.com/watch?v=Ybz2ulcMfak,https://www.makerprojectlab.com/digital-analog-maker-update/
The Strongest Filament Extruder,CNC Kitchen,tip,3d-printing; filament-production; diy-equipment,Extruder for producing stronger filament.,high,322,2023-02-23,main,https://www.youtube.com/watch?v=SRyUhA_hCXE,,https://youtube.com/watch?v=Ybz2ulcMfak,https://www.makerprojectlab.com/digital-analog-maker-update/
Massive LED Wall,ChrisParkerTech,project,led; display; installation; lighting-art,Large-scale LED panel installation.,high,321,2023-02-16,main,https://www.instructables.com/Build-Your-Own-Massive-LED-Wall-on-a-Budget/,,https://youtube.com/watch?v=3_yHJiyu6yM,https://www.makerprojectlab.com/glow-up-maker-update/
ScribbleBuddy,Mark Barkelew,project,drawing-robot; plotter; art; cnc,Robotic drawing or art plotter machine.,high,321,2023-02-16,main,https://www.instructables.com/Introducing-Scribble-Buddy-the-Scissor-Arm-CNC-Pen/,,https://youtube.com/watch?v=3_yHJiyu6yM,https://www.makerprojectlab.com/glow-up-maker-update/
Modular Fightstick,,project,arcade-controller; game-controller; modular,Modular fight stick arcade controller.,high,321,2023-02-16,main,https://www.reddit.com/r/fightsticks/comments/10syuxa/do_you_prefer_a_stick_hitbox_or_mixbox_if_your/,,https://youtube.com/watch?v=3_yHJiyu6yM,https://www.makerprojectlab.com/glow-up-maker-update/
15 Mechanisms Useless Machine,Baldy Makes Stuff,project,mechanical-design; mechanism; kinetic-art,Multiple elaborate useless machines.,high,321,2023-02-16,main,https://www.youtube.com/watch?v=ba0pLWGEQr8,,https://youtube.com/watch?v=3_yHJiyu6yM,https://www.makerprojectlab.com/glow-up-maker-update/
How do parallel pliers work,Pask Makes,tip,tool-mechanism; mechanical-design; engineering; tutorial,How parallel pliers work mechanically.,high,321,2023-02-16,main,https://www.youtube.com/watch?v=AOhupt318Fs&t=301s,,https://youtube.com/watch?v=3_yHJiyu6yM,https://www.makerprojectlab.com/glow-up-maker-update/
Octoprint controller and monitor,Liz Clark,tip,3d-printing; octoprint; controller; raspberry-pi,Custom controller for 3D printer management.,high,321,2023-02-16,main,https://learn.adafruit.com/circuitpython-octoprint-controller-and-monitor,,https://youtube.com/watch?v=3_yHJiyu6yM,https://www.makerprojectlab.com/glow-up-maker-update/
All electronics are made by robots,Zack Freedman,tip,robotics; manufacturing; automation; documentary,Overview of automated electronics manufacturing.,high,321,2023-02-16,main,https://www.youtube.com/watch?v=x3hKPOlG934,,https://youtube.com/watch?v=3_yHJiyu6yM,https://www.makerprojectlab.com/glow-up-maker-update/
The Utility Mat,Keith Decent,tip,workshop-equipment; mat; tool-organizer; storage,Organizational or workstation mat.,high,321,2023-02-16,main,https://www.youtube.com/shorts/LfGtt_oDaI8,,https://youtube.com/watch?v=3_yHJiyu6yM,https://www.makerprojectlab.com/glow-up-maker-update/
Spambots,Neil Mendoza,project,art; generative-art; robotics; interactive,AI art installation with robotic spam cans performing collaborative text generation,high,320,2023-02-09,main,https://www.neilmendoza.com/portfolio/spambots/,,https://youtube.com/watch?v=Zh4Udwhojrc,https://www.makerprojectlab.com/canned-response-maker-update/
LED Filament Ring,Charlyn Gonda,project,led; lighting; jewelry; wearables,Circular illuminated LED ring or display.,high,320,2023-02-09,main,https://twitter.com/chardane/status/1619972592919797762,,https://youtube.com/watch?v=Zh4Udwhojrc,https://www.makerprojectlab.com/canned-response-maker-update/
Easy 72 Pencil Sculpture,makendo,project,woodworking; art; sculpture; pencil,Art sculpture from arranged pencils.,high,320,2023-02-09,main,https://www.instructables.com/Easy-72-Pencil-Sculpture/,,https://youtube.com/watch?v=Zh4Udwhojrc,https://www.makerprojectlab.com/canned-response-maker-update/
See N Say Brain Transplant,John Park,project,electronics-mod; retro-toy; hacking; circuit-bending,Modified toy with upgraded electronics.,high,320,2023-02-09,main,https://learn.adafruit.com/see-n-say-brain-transplant/overview,full demo: https://learn.adafruit.com/see-n-say-brain-transplant/build-the-see-n-say-circuit,https://youtube.com/watch?v=Zh4Udwhojrc,https://www.makerprojectlab.com/canned-response-maker-update/
Flipdot software,Owen McAteer,tip,flip-dot; display; pixel-art-display; software,Software for flipdot matrix control.,high,320,2023-02-09,main,https://github.com/owenmcateer/FlipDots,,https://youtube.com/watch?v=Zh4Udwhojrc,https://www.makerprojectlab.com/canned-response-maker-update/
Retractable Badge Straps for Soldering Iron Cords,Pretty Periwinkle,tip,workshop-accessory; soldering-tool; 3d-printing,Retractable cord management solution.,high,320,2023-02-09,main,https://garstips.substack.com/p/gareths-tips-tools-and-shop-tales-23-01-18,,https://youtube.com/watch?v=Zh4Udwhojrc,https://www.makerprojectlab.com/canned-response-maker-update/
Die-Cast Toy Car Shelf,artifactdesignNC,tip,storage; shelving; toy-display; woodworking,Display shelf for die-cast cars.,high,320,2023-02-09,main,https://www.core77.com/posts/118724/Creative-Use-of-a-Lasercutter-Designing-Better-Toy-Car-Storage,,https://youtube.com/watch?v=Zh4Udwhojrc,https://www.makerprojectlab.com/canned-response-maker-update/
SG90 Servo Motor Bracket for Breadboard,Tokyo_Bird,tip,servo-motors; arduino; electronics; breadboard-accessory,Servo motor breadboard mounting bracket.,high,320,2023-02-09,main,https://www.thingiverse.com/thing:5344736,,https://youtube.com/watch?v=Zh4Udwhojrc,https://www.makerprojectlab.com/canned-response-maker-update/
Motorized Mini Jib,Digital Bird,project,camera-equipment; motorized-crane; robotics,Motorized camera jib crane for filming.,high,319,2023-02-02,main,https://www.instructables.com/Motorised-Camera-Mini-Jib/,,https://youtube.com/watch?v=EU3gsv5QbaI,https://www.makerprojectlab.com/cut-of-your-jib-maker-update/
Self Soldering Circuits,Carl Bugeja,project,soldering; electronics-assembly; automation,Self-soldering circuit mechanism or device.,high,319,2023-02-02,main,https://www.youtube.com/watch?v=r0csHZveVvY,,https://youtube.com/watch?v=EU3gsv5QbaI,https://www.makerprojectlab.com/cut-of-your-jib-maker-update/
Wandering Hour Clock,David Kingsman,project,clock; kinetic-art; mechanical-design; art,Moving artistic clock mechanism.,high,319,2023-02-02,main,https://www.printables.com/model/327198-improved-wandering-hour-clock,,https://youtube.com/watch?v=EU3gsv5QbaI,https://www.makerprojectlab.com/cut-of-your-jib-maker-update/
Mini Studio Light,immofoto3d,project,lighting; led; photography-gear; studio-equipment,Compact LED studio light setup.,high,319,2023-02-02,main,https://www.instructables.com/Modular-Mini-Photo-or-Video-Studio-Light-With-High/,,https://youtube.com/watch?v=EU3gsv5QbaI,https://www.makerprojectlab.com/cut-of-your-jib-maker-update/
How much does a $3 Collet cost?,This Old Tony,tip,cnc; tool-cost-analysis; machine-parts,Analysis of collet quality and costs.,high,319,2023-02-02,main,https://www.youtube.com/watch?v=ncbJkz1zHOI,,https://youtube.com/watch?v=EU3gsv5QbaI,https://www.makerprojectlab.com/cut-of-your-jib-maker-update/
Pipe Clamp Tricks,Izzy Swan,tip,clamp; woodworking-tools; workshop-tips,Tips for pipe clamp usage and tricks.,high,319,2023-02-02,main,https://www.youtube.com/watch?v=525n8Q9s84A,,https://youtube.com/watch?v=EU3gsv5QbaI,https://www.makerprojectlab.com/cut-of-your-jib-maker-update/
How to paint aluminum,BDK6,tip,metalworking; finishing; painting; surface-prep,Aluminum painting and surface techniques.,high,319,2023-02-02,main,https://www.instructables.com/How-to-Paint-Aluminum-and-Keep-It-Painted/,,https://youtube.com/watch?v=EU3gsv5QbaI,https://www.makerprojectlab.com/cut-of-your-jib-maker-update/
Handmade Bunny Air Humidifier,Handy Geng,project,3d-printing; product-design; home-appliance,Cute bunny-shaped humidifier design.,high,318,2023-01-26,main,https://youtu.be/nsxdYozaXyg,,https://youtube.com/watch?v=_VKJxBw8k2g,https://www.makerprojectlab.com/rolling-with-the-rabbit-maker-update/
The Memory Machine: Sound,Daric Gill,project,audio; sculpture; installation; sound-art,Interactive sound sculpture suspended in space detecting motion and playing audio,high,318,2023-01-26,main,https://daricgill.com/2022/11/19/memory-machine/,video: https://www.youtube.com/watch?v=tz-05_4yK0Y,https://youtube.com/watch?v=_VKJxBw8k2g,https://www.makerprojectlab.com/rolling-with-the-rabbit-maker-update/
Desert Songs,Love Hulten,project,music; electronics; synthesizer; biodata,Cactus biodata converted to MIDI music through electronic probes and synthesizer,high,318,2023-01-26,main,https://www.lovehulten.com/desertsongs.html,,https://youtube.com/watch?v=_VKJxBw8k2g,https://www.makerprojectlab.com/rolling-with-the-rabbit-maker-update/
Light Up your Costume with Noods,Erin St Blaine,tip,wearables; led; costume; neopixel,LED-enhanced costume with light strips.,high,318,2023-01-26,main,https://learn.adafruit.com/light-up-your-costume-with-noods,,https://youtube.com/watch?v=_VKJxBw8k2g,https://www.makerprojectlab.com/rolling-with-the-rabbit-maker-update/
A Simple Din Rail Mount for a Wire Shelf,NotLikeALeafOnTheWind,tip,workshop-accessory; 3d-printing; storage; mount,3D printed DIN rail shelf bracket.,high,318,2023-01-26,main,https://www.instructables.com/A-Simple-Din-Rail-Mount-for-a-Wire-Shelf/,,https://youtube.com/watch?v=_VKJxBw8k2g,https://www.makerprojectlab.com/rolling-with-the-rabbit-maker-update/
Hinged Lid Box - Laser Cutting Tutorial,Federico Tobon,tip,laser-cutting; woodworking; box-design; cad,Laser-cut hinged box design tutorial.,high,318,2023-01-26,main,https://youtu.be/gWBOaTTwLKI,,https://youtube.com/watch?v=_VKJxBw8k2g,https://www.makerprojectlab.com/rolling-with-the-rabbit-maker-update/
Ball Balancing Robot,Aaedmusa,project,robotics; control-systems; mechanical-design; balance,Robot balancing sphere using feedback.,high,317,2023-01-19,main,https://www.instructables.com/Ball-Balancing-Robot/,,https://youtube.com/watch?v=Ea0FmFwqmHE,https://www.makerprojectlab.com/on-the-level-maker-update/
Shaming Robot,Monday Makers,project,robotics; social-commentary; robot,YouTube video on Shaming Robot project,low,317,2023-01-19,main,https://www.youtube.com/watch?v=nNBenPzXBUA,,https://youtube.com/watch?v=Ea0FmFwqmHE,https://www.makerprojectlab.com/on-the-level-maker-update/
Fire Lamp,Caleb Kraft,project,led; lighting; sculpture; art; home-decor,LED-based decorative lamp with fire effect.,high,317,2023-01-19,main,https://www.youtube.com/watch?v=mJk4keLyQTw,,https://youtube.com/watch?v=Ea0FmFwqmHE,https://www.makerprojectlab.com/on-the-level-maker-update/
Walking Figure Automata,Federico Tobon,project,mechanical-design; automata; sculpture; clockwork,Mechanical automaton with moving figures.,high,317,2023-01-19,main,https://www.youtube.com/watch?v=bsDhRiuSCEU,,https://youtube.com/watch?v=Ea0FmFwqmHE,https://www.makerprojectlab.com/on-the-level-maker-update/
Using AI to design a woodworking project with David Piccuito,,tip,ai; woodworking; cad; design-tool,AI-assisted woodworking design.,high,317,2023-01-19,main,https://www.youtube.com/watch?v=0F3GJNYE6RE,,https://youtube.com/watch?v=Ea0FmFwqmHE,https://www.makerprojectlab.com/on-the-level-maker-update/
Hacking E-ink price tags,Maker's Fun Duck,tip,e-ink-display; hacking; electronics-mod; display-repurposing,Repurposing e-ink screens for DIY projects.,high,317,2023-01-19,main,https://www.youtube.com/watch?v=BvOkOANCmMk,,https://youtube.com/watch?v=Ea0FmFwqmHE,https://www.makerprojectlab.com/on-the-level-maker-update/
Feather RP2040 Scorpio from Adafruit,,tip,adafruit; microcontroller; electronics; embedded-systems,Adafruit Feather RP2040 board announcement.,high,317,2023-01-19,main,https://learn.adafruit.com/introducing-feather-rp2040-scorpio,,https://youtube.com/watch?v=Ea0FmFwqmHE,https://www.makerprojectlab.com/on-the-level-maker-update/
Zip Tie Omnibus,Hackaday,tip,workshop-tool; cable-management; organization; diy,Zip-tie uses and organizational tips.,high,317,2023-01-19,main,https://hackaday.com/2023/01/05/excuse-me-your-tie-is-unzipped/,,https://youtube.com/watch?v=Ea0FmFwqmHE,https://www.makerprojectlab.com/on-the-level-maker-update/
Building a Huge Neon Sign for Jimmy's Workshop,Wesley Treat,project,neon; high-voltage; sign-making; workshop-decor,Custom large-scale neon sign construction.,high,316,2023-01-12,main,https://youtu.be/svBd-k9oQZI,,https://youtube.com/watch?v=jDSoCwWg8s4,https://www.makerprojectlab.com/its-a-sign-maker-update/
DiResta Real NEON Sign Collaboration,,project,neon-sign; art; collaboration,YouTube video on DiResta Real NEON sign collaboration project,low,316,2023-01-12,main,https://youtu.be/gXg-r57q7Uk,,https://youtube.com/watch?v=jDSoCwWg8s4,https://www.makerprojectlab.com/its-a-sign-maker-update/
Deflektron,Niklas Roy,project,interactive-art; crt-monitor; magnetic; electron,Interactive installation bending electron beams with magnets in cathode ray tubes,high,316,2023-01-12,main,https://niklasroy.com/deflektron/,https://hackaday.com/2023/01/06/fifteen-flat-crts-and-a-bunch-of-magnets-make-for-interactive-fun/,https://youtube.com/watch?v=jDSoCwWg8s4,https://www.makerprojectlab.com/its-a-sign-maker-update/
Ghostwriter,Arvind Sanjeev,project,arduino; raspberry-pi; electronics; keyboard-matrix-decoding; ai; interaction-design; creative-technology,Vintage typewriter retrofitted with Arduino and GPT-3 for human-AI collaborative creative writing.,high,316,2023-01-12,main,https://arvindsanjeev.com/ghostwriter.html,also: https://www.creativeapplications.net/objects/ghostwriter-gpt3-powered-typewriter/,https://youtube.com/watch?v=jDSoCwWg8s4,https://www.makerprojectlab.com/its-a-sign-maker-update/
V Notcher / Duct Notcher,,tip,sheet-metal; metalworking-tool; cnc; tool-design,V-notcher tool for sheet metal.,high,316,2023-01-12,main,https://www.amazon.com/Ductwork-30-Degree-Klein-Tools-86526/dp/B07DLM281W/,,https://youtube.com/watch?v=jDSoCwWg8s4,https://www.makerprojectlab.com/its-a-sign-maker-update/
OLED Breakout Font Converter,Daniel Eichhorn,tip,oled-display; electronics; software; font-tool,Font conversion software for OLED.,high,316,2023-01-12,main,https://oleddisplay.squix.ch/,,https://youtube.com/watch?v=jDSoCwWg8s4,https://www.makerprojectlab.com/its-a-sign-maker-update/
Embossing Sheet Metal with 3D Molds,Hendrik Vogelpohl,tip,sheet-metal; metalworking; 3d-printing; metal-forming,Using 3D molds for embossing metal.,high,316,2023-01-12,main,https://twitter.com/v0g3l/status/1611769202674728963?t=HH1hDa8h6yZJU-6pD5saVg&s=03,video: https://youtu.be/EaerSdbugX8,https://youtube.com/watch?v=jDSoCwWg8s4,https://www.makerprojectlab.com/its-a-sign-maker-update/
Wormmhole Coffee Table,Oliver Gromis,project,furniture,Wormmhole Coffee Table project or resource mentioned in Maker Update.,low,315,2023-01-05,main,https://www.youtube.com/watch?v=5XlTkGEO564,,https://youtube.com/watch?v=gkMQm9WnYiI,https://www.makerprojectlab.com/shop-chop-maker-update/
The Perfect Fume Extractor,Chris Borge,project,workshop-safety; air-filtration; electronics,DIY soldering fume extraction.,high,315,2023-01-05,main,https://www.youtube.com/watch?v=XuhWTwN0GvE,,https://youtube.com/watch?v=gkMQm9WnYiI,https://www.makerprojectlab.com/shop-chop-maker-update/
"6DOF ""space mouse""",shiura,tip,input-device; electronics; cnc; mouse-design,Six-degree-of-freedom CAD input mouse.,high,315,2023-01-05,main,https://www.instructables.com/Space-Mushroom-Full-6-DOFs-Controller-for-CAD-Appl/,,https://youtube.com/watch?v=gkMQm9WnYiI,https://www.makerprojectlab.com/shop-chop-maker-update/
3d printing predictions for 2023,Maker's Muse,tip,3d-printing; forecast; industry-trends,3D printing technology predictions.,high,315,2023-01-05,main,https://www.youtube.com/watch?v=c22NF1L-1Yc,,https://youtube.com/watch?v=gkMQm9WnYiI,https://www.makerprojectlab.com/shop-chop-maker-update/
Arduino Programming and ChatGPT,Hanqaqa,tip,arduino; ai; programming-tutorial; chatgpt,Using AI to write Arduino code.,high,315,2023-01-05,main,https://www.youtube.com/watch?v=3cJ7_qCY7R4,,https://youtube.com/watch?v=gkMQm9WnYiI,https://www.makerprojectlab.com/shop-chop-maker-update/
New Tree Supports in Cura,Lost In Tech,tip,3d-printing; slicing-software; support-structures,Cura slicer support structure updates.,high,315,2023-01-05,main,https://www.youtube.com/watch?v=Lr4ZbBOyHTE,,https://youtube.com/watch?v=gkMQm9WnYiI,https://www.makerprojectlab.com/shop-chop-maker-update/
AdNose,Adnan Aga,project,ai; ml; wearables; art; sensor; electronics,AI-powered scent-performance wearable.,high,363,2023-12-21,main,https://www.olfactoryartkeller.com/scent-performance-series/adnose,vid: https://youtu.be/DKf4LaZ3ARU; https://github.com/adnanaga/Adnose; https://www.creativeapplications.net/member-submissions/adnose-anosmia-and-ml-smell-prediction/,https://youtube.com/watch?v=62ASq-osskc&t=6480s,https://www.makerprojectlab.com/favorite-projects-of-2023-maker-update/
Jumperless,Architeuthis Flux,project,electronics; breadboard; circuit-building; open-source,Breadboard-less electronic prototyping system.,high,363,2023-12-21,main,https://hackaday.io/project/191238-jumperless,,https://youtube.com/watch?v=62ASq-osskc&t=15120s,https://www.makerprojectlab.com/favorite-projects-of-2023-maker-update/
Animas,Bureau,project,ai; ml; music; art; interactive,AI music co-creation interactive installation.,high,363,2023-12-21,main,https://www.moeilijkedingen.nl/cases/anima,https://www.creativeapplications.net/sound/animas-music-co-creation-with-ai/,https://youtube.com/watch?v=62ASq-osskc&t=30900s,https://www.makerprojectlab.com/favorite-projects-of-2023-maker-update/
Airworthy wooden propeller,Xyla Foxlin,project,woodworking; aerospace; mechanical,Functional wooden aircraft propeller.,high,363,2023-12-21,main,https://www.youtube.com/watch?v=GXLDg7P5lO8,,https://youtube.com/watch?v=62ASq-osskc&t=45300s,https://www.makerprojectlab.com/favorite-projects-of-2023-maker-update/
Handmade Bunny Air Humidifier,Handy Geng,project,craft; home-automation; 3d-printing; maker,Decorative bunny-shaped air humidifier.,high,363,2023-12-21,main,https://youtu.be/nsxdYozaXyg,,https://youtube.com/watch?v=62ASq-osskc&t=57780s,https://www.makerprojectlab.com/favorite-projects-of-2023-maker-update/
Motorized Mini Jib,Digital Bird,project,camera; robotics; filming; mechanical,Motorized camera jib tool for video production.,high,363,2023-12-21,main,https://www.instructables.com/Motorised-Camera-Mini-Jib/,,https://youtube.com/watch?v=62ASq-osskc&t=70560s,https://www.makerprojectlab.com/favorite-projects-of-2023-maker-update/
Electronics of HUGE Animatronic Wings (Pharah from Overwatch Cosplay),Zibartas,project,cosplay; electronics; robotics; wearables; mechanical,Animatronic wing electronics for Pharah cosplay.,high,363,2023-12-21,main,https://youtu.be/KnKM29ny5aI,,https://youtube.com/watch?v=62ASq-osskc&t=83820s,https://www.makerprojectlab.com/favorite-projects-of-2023-maker-update/
Canon EOS M-Lite,3D Focus & IMCE,tip,camera; photography; optics,Compact mirrorless camera product review.,high,363,2023-12-21,main,https://www.3dfocus.org/product-page/m-lite,,https://youtube.com/watch?v=62ASq-osskc,https://www.makerprojectlab.com/favorite-projects-of-2023-maker-update/
Spambots,Neil Mendoza,project,robotics; art; kinetic-art; interactive,Kinetic art installation with robotic elements.,high,363,2023-12-21,main,https://www.neilmendoza.com/portfolio/spambots/,,https://youtube.com/watch?v=62ASq-osskc,https://www.makerprojectlab.com/favorite-projects-of-2023-maker-update/
Rocket made from Hot Glue,BPS SPace,project,craft; space; aerospace; maker,Functional rocket built from hot glue.,high,363,2023-12-21,main,https://www.youtube.com/watch?v=9PFuEmYMivU,https://www.youtube.com/watch?v=9PFuEmYMivU; https://www.youtube.com/watch?v=9PFuEmYMivU,https://youtube.com/watch?v=62ASq-osskc&t=1680s,https://www.makerprojectlab.com/favorite-projects-of-2023-maker-update/
The Best Soldering Stand,Tested,tip,soldering; electronics,Soldering stand tool review and recommendation.,high,363,2023-12-21,main,https://www.youtube.com/watch?v=NR9-GOLoJ3U,,https://youtube.com/watch?v=62ASq-osskc,https://www.makerprojectlab.com/favorite-projects-of-2023-maker-update/
Paper Glider,S213,project,alt-ctrl; game; interactive; controls,Alt.CTRL.GDC game with paper-glider controller.,high,327,2023-03-30,main,https://youtu.be/V653IDSxUmo,,https://youtube.com/watch?v=VhqL1_ks3Yc&t=2580s,https://www.makerprojectlab.com/the-makers-of-alt-ctrl-gdc-2023-maker-update/
Haber Dasher,Erin J.K. Truesdell,project,alt-ctrl; game; interactive; controls,Alt.CTRL.GDC custom-controller game.,high,327,2023-03-30,main,https://youtu.be/C9PzlUv415I,,https://youtube.com/watch?v=VhqL1_ks3Yc&t=8460s,https://www.makerprojectlab.com/the-makers-of-alt-ctrl-gdc-2023-maker-update/
Two by 4 Racing,Night Owls,project,alt-ctrl; game; racing; interactive; controls,Alt.CTRL.GDC racing game with custom controller.,high,327,2023-03-30,main,https://youtu.be/89Xi9iq4E4g,,https://youtube.com/watch?v=VhqL1_ks3Yc&t=16860s,https://www.makerprojectlab.com/the-makers-of-alt-ctrl-gdc-2023-maker-update/
Funny Kitty Stick,Kindle Games,project,alt-ctrl; game; interactive; controls; cats,Alt.CTRL.GDC game with cat-themed controller.,high,327,2023-03-30,main,https://youtu.be/q3roeLt1F3M,,https://youtube.com/watch?v=VhqL1_ks3Yc&t=22020s,https://www.makerprojectlab.com/the-makers-of-alt-ctrl-gdc-2023-maker-update/
Grocery Trip,"Victor Motti, Sara Brugoli, Arnaud Brabant, Clément Jamaer, Mathis Jibert",project,alt-ctrl; game; interactive; controls,Alt.CTRL.GDC shopping-themed game.,high,327,2023-03-30,main,https://youtu.be/niqEBSS88Jo,,https://youtube.com/watch?v=VhqL1_ks3Yc&t=26100s,https://www.makerprojectlab.com/the-makers-of-alt-ctrl-gdc-2023-maker-update/
Stump'd!,Team Borf,project,alt-ctrl; game; interactive; controls,Alt.CTRL.GDC custom-controlled game.,high,327,2023-03-30,main,https://youtu.be/ZswDKem8kb0,,https://youtube.com/watch?v=VhqL1_ks3Yc&t=29820s,https://www.makerprojectlab.com/the-makers-of-alt-ctrl-gdc-2023-maker-update/
