Title,Creator,Category,Tags,Synopsis,Confidence,Episode Number,Episode Date,Edition,Source URL,Secondary URLs,Episode Video URL,Episode Blog URL
A Christmas Tree Bauble That Plays Doom,Jeroen Domburg,project,video-game; led; electronics; christmas-ornament,Christmas ornament that plays Doom game.,high,313,2022-12-15,main,https://spritesmods.com/?art=doom-bauble&page=1,https://blog.adafruit.com/2022/12/07/a-christmas-tree-bauble-that-plays-doom-gaming-vintagecomputing-spritemods/,https://youtube.com/watch?v=NX5ME8qp1zo,https://www.makerprojectlab.com/ornament-of-doom-maker-update/
LED Noodle Snowflake,Ruiz Brothers,project,led-noodle; led-lights; christmas; decoration,LED noodle snowflake holiday decoration.,high,313,2022-12-15,main,https://learn.adafruit.com/led-noodle-snowflake,,https://youtube.com/watch?v=NX5ME8qp1zo,https://www.makerprojectlab.com/ornament-of-doom-maker-update/
Refurbishing an old fire alarm to make myself feel better,Simone Giertz,project,electronics; refurbishing; fire-alarm; upcycling,Restored fire alarm as art installation.,high,313,2022-12-15,main,https://youtu.be/sNe2cQw_3jg,,https://youtube.com/watch?v=NX5ME8qp1zo,https://www.makerprojectlab.com/ornament-of-doom-maker-update/
Alpakka Open Source Gamepad,,tip,gamepad; gaming; open-source; electronics,Alpakka open-source game controller project.,high,313,2022-12-15,main,https://inputlabs.io/alpakka,hero video: https://youtu.be/XMH92SyrQoo; DIY build video: https://youtu.be/yYwrVL2b9eM,https://youtube.com/watch?v=NX5ME8qp1zo,https://www.makerprojectlab.com/ornament-of-doom-maker-update/
CAT-CAT Walker Soldering Kit,Patchr,tip,soldering; kit; electronics; wearables,Soldering kit with cat character design.,high,313,2022-12-15,main,https://blog.tindie.com/2022/12/cat-cat-walker-soldering-kit/,Assembly instructions: https://patchr.io/lesson/26fd5a69-be72-4e59-bedc-5d27e21498d1/assembly,https://youtube.com/watch?v=NX5ME8qp1zo,https://www.makerprojectlab.com/ornament-of-doom-maker-update/
3D Printed Ikea Replacement Parts,Pete Szucs,tip,3d-printing; ikea; replacement-parts; customization,3D-printed replacement parts for IKEA furniture.,high,313,2022-12-15,main,https://petesparts.infinitediscounts.com/,https://www.core77.com/posts/117557/Industrial-Designers-Side-Gig-is-3D-Printing-Hard-to-Find-Replacement-Ikea-Parts,https://youtube.com/watch?v=NX5ME8qp1zo,https://www.makerprojectlab.com/ornament-of-doom-maker-update/
Make: Tips and Tales from the Workshop Volume 2,,tip,maker-books; workshop-tips; resources,Make magazine workshop tips anthology.,high,313,2022-12-15,main,https://www.amazon.com/Make-Tales-Workshop-Reference-Makers/dp/1680456377,,https://youtube.com/watch?v=NX5ME8qp1zo,https://www.makerprojectlab.com/ornament-of-doom-maker-update/
Tested Favorite Things '22 Playlist,,tip,playlist; resources,Tested's favorite things from 2022 YouTube playlist collection.,low,313,2022-12-15,main,https://www.youtube.com/watch?v=GUxCn3nsweU&list=PLJtitKU0CAejcDJ1S6a0oMi1GBmEthcW2,,https://youtube.com/watch?v=NX5ME8qp1zo,https://www.makerprojectlab.com/ornament-of-doom-maker-update/
Racing Monkeys,jegatheesan.soundarapandian,project,robotics; racing; animal-themed; competition,Racing monkeys animated robotic project.,high,312,2022-12-08,main,https://www.instructables.com/Racing-Monkey-Fast-Fingers-Bluetooth-App-Ctrl/,,https://youtube.com/watch?v=WdCZLdnesaU,https://www.makerprojectlab.com/monkeys-paw-maker-update/
Christmas LED Circuit Ornaments,4D Circuitry,project,led; ornament; circuit; electronics; christmas,LED circuit Christmas ornament project.,high,312,2022-12-08,main,https://www.instructables.com/Christmas-LED-Circuit-Ornaments/,,https://youtube.com/watch?v=WdCZLdnesaU,https://www.makerprojectlab.com/monkeys-paw-maker-update/
BinBot 9000,James Bruton,project,robotics; trash-sorting; automation; mechanical,Trash sorting robot competition entry.,high,312,2022-12-08,main,https://www.youtube.com/watch?v=j0aKJHhNAhc,,https://youtube.com/watch?v=WdCZLdnesaU,https://www.makerprojectlab.com/monkeys-paw-maker-update/
Mini Fogging Cauldron,wannabemadsci,project,electronics; fog-machine; cauldron; halloween,Motorized fogging cauldron for Halloween.,high,312,2022-12-08,main,https://www.instructables.com/Mini-Fogging-Cauldron-No-Dry-Ice-No-Fog-Fluid/,,https://youtube.com/watch?v=WdCZLdnesaU,https://www.makerprojectlab.com/monkeys-paw-maker-update/
Wyldcard,Jonah Steinnan,project,game-controller; card-game; gaming; electronics,Game-specific control device for Wyldcard.,high,312,2022-12-08,main,https://www.wyldcard.io/blog/introducing-wyldcard,,https://youtube.com/watch?v=WdCZLdnesaU,https://www.makerprojectlab.com/monkeys-paw-maker-update/
7 Jigsaw Hacks,Yasuhiro TV,tip,power-tools; jigsaw; woodworking,Seven jigsaw hacks and tricks.,high,312,2022-12-08,main,https://www.youtube.com/watch?v=qsxdFZJtQck,,https://youtube.com/watch?v=WdCZLdnesaU,https://www.makerprojectlab.com/monkeys-paw-maker-update/
The 3d Printed Fashion of Sophy Wong,,tip,fashion; 3d-printing; wearables; couture,3D-printed fashion design showcase.,high,312,2022-12-08,main,https://www.youtube.com/watch?v=JpykcHoEYGA,,https://youtube.com/watch?v=WdCZLdnesaU,https://www.makerprojectlab.com/monkeys-paw-maker-update/
Top 10 Cosplay Shops,Kamui Cosplay,tip,cosplay; shopping-guide; costume-shops,Top cosplay stores and material sources.,high,312,2022-12-08,main,https://www.youtube.com/watch?v=euw1GfqFfEM,,https://youtube.com/watch?v=WdCZLdnesaU,https://www.makerprojectlab.com/monkeys-paw-maker-update/
Hacking a TV Censoring Device,Ben Eater,tip,electronics; reverse-engineering; tv-censoring,Hacking TV censoring device for learning.,high,312,2022-12-08,main,https://www.youtube.com/watch?v=a6EWIh2D1NQ,,https://youtube.com/watch?v=WdCZLdnesaU,https://www.makerprojectlab.com/monkeys-paw-maker-update/
Automated Xmas Village,omantn,project,automation; christmas; village; stepper-motors,Automated Christmas village display project.,high,311,2022-12-01,main,https://www.reddit.com/r/raspberry_pi/comments/z2ov41/i_built_an_app_powered_christmas_village_for_my/,video: https://www.youtube.com/watch?v=Jlz0KlSLsbI; https://www.hackster.io/news/this-seasonal-raspberry-pi-powered-diorama-is-an-internet-of-christmas-villages-25d0891859d7; https://github.com/omantn/christmasvillage,https://youtube.com/watch?v=UWGqzA7qjFs,https://www.makerprojectlab.com/iot-xmas-spirit-maker-update/
World's Simplest Omnidirectional Mobile Robot,"Ayato Kanada, Y. Sato, T. Mashimo",project,robotics; omnidirectional; robot; mechanics,Simple omnidirectional mobile robot design.,high,311,2022-12-01,main,https://youtu.be/U2LdPMVteAg,https://ieeexplore.ieee.org/document/9954885,https://youtube.com/watch?v=UWGqzA7qjFs,https://www.makerprojectlab.com/iot-xmas-spirit-maker-update/
Simple Bots: Hopscotch,randofo,project,robotics; simple-bots; hopscotch; diy-robot,Simple bot hopscotch jumping robot.,high,311,2022-12-01,main,https://www.instructables.com/Simple-Bots-Hopscotch/,,https://youtube.com/watch?v=UWGqzA7qjFs,https://www.makerprojectlab.com/iot-xmas-spirit-maker-update/
CRUMB,Mike Bushell,tip,programming; microcontroller; education; crumb,CRUMB microcontroller programming tool.,high,311,2022-12-01,main,https://www.crumbsim.com/,video: https://www.youtube.com/watch?v=09gSmi2vpWQ; https://www.hackster.io/news/mike-bushell-s-crumb-offers-a-simulated-3d-breadboard-building-experience-on-mobile-desktop-fd24ac5ddbbb,https://youtube.com/watch?v=UWGqzA7qjFs,https://www.makerprojectlab.com/iot-xmas-spirit-maker-update/
Shape-Haptics Project,,tip,haptics; touch-feedback; prototyping; design,Shape-Haptics tactile feedback project.,high,311,2022-12-01,main,https://interactive-materials.github.io/#shape-haptics,https://www.core77.com/posts/117551/International-Industrial-Design-Departments-Collaborate-on-Shape-Haptics-Project,https://youtube.com/watch?v=UWGqzA7qjFs,https://www.makerprojectlab.com/iot-xmas-spirit-maker-update/
Shape-Haptics Online sandbox:,,tip,haptics; prototyping; online-tool; shape-haptics,Shape-Haptics online sandbox tool.,high,311,2022-12-01,main,https://interactive-materials.github.io/shape-haptics/,,https://youtube.com/watch?v=UWGqzA7qjFs,https://www.makerprojectlab.com/iot-xmas-spirit-maker-update/
Hybrid Supercapacitor Earrings,California STEAM,tip,wearables; supercapacitor; earrings; jewelry,Supercapacitor hybrid earring design.,high,311,2022-12-01,main,https://www.tindie.com/products/californiasteam/rechargeable-hybrid-super-capacitor-earrings/,https://blog.tindie.com/2022/11/hybrid-supercapacitor-earrings/,https://youtube.com/watch?v=UWGqzA7qjFs,https://www.makerprojectlab.com/iot-xmas-spirit-maker-update/
Adafruit NeoPixel Driver BFF,,tip,led; driver; neopixel; electronics; prototyping,NeoPixel LED driver expansion board.,high,311,2022-12-01,main,https://learn.adafruit.com/adafruit-neopixel-driver-bff,,https://youtube.com/watch?v=UWGqzA7qjFs,https://www.makerprojectlab.com/iot-xmas-spirit-maker-update/
Light Paintings from an AI Nose,4Eyes6Senses,project,ai; generative-art; light-painting; installation,Light painting from AI algorithm output.,high,309,2022-11-17,main,https://www.instructables.com/Visualize-AI-Nose-Classifications-With-Light-Paint/,,https://youtube.com/watch?v=vyQ_dY2IdNk,https://www.makerprojectlab.com/a-nose-for-art-maker-update/
Overhead Shop Storage,April Wilkerson,project,woodworking; shelving; storage,Overhead workshop storage shelving project.,high,309,2022-11-17,main,https://www.youtube.com/watch?v=uATS_c1I9Xs,,https://youtube.com/watch?v=vyQ_dY2IdNk,https://www.makerprojectlab.com/a-nose-for-art-maker-update/
Recycled Bubblewrap Bling Bag,CMoz,project,recycling; fashion; upcycling; bubble-wrap,Bubble wrap upcycled bling bag fashion.,high,309,2022-11-17,main,https://www.instructables.com/Making-a-Bling-Bag-With-Recycled-Bubble-Wrap-Fabri/,Also: https://www.instructables.com/POP-From-Bubble-Wrap-to-Fabulous-Fabric/,https://youtube.com/watch?v=vyQ_dY2IdNk,https://www.makerprojectlab.com/a-nose-for-art-maker-update/
DIY Wire Cutting Machine,MrInnovative,project,cnc; wire-cutting; laser-cutter; automation,Wire cutting machine DIY project.,high,309,2022-11-17,main,https://www.youtube.com/watch?v=7E6iHRjvH_k,https://electricdiylab.com/diy-arduino-based-wire-cutting-machine/,https://youtube.com/watch?v=vyQ_dY2IdNk,https://www.makerprojectlab.com/a-nose-for-art-maker-update/
Precise sheet metal parts,Applied Science,tip,sheet-metal; precision; metalworking,Precise sheet metal fabrication methods.,high,309,2022-11-17,main,https://www.youtube.com/watch?v=bR9EN3kUlfg,,https://youtube.com/watch?v=vyQ_dY2IdNk,https://www.makerprojectlab.com/a-nose-for-art-maker-update/
DIY 3d printing with Sugar,Caleb Kraft,tip,3d-printing; sugar; experimentation,3D printing using sugar material.,high,309,2022-11-17,main,https://www.youtube.com/watch?v=k8seYTYC008,,https://youtube.com/watch?v=vyQ_dY2IdNk,https://www.makerprojectlab.com/a-nose-for-art-maker-update/
Battery charging board,Great Scott,tip,electronics; battery; charger; power-management,Battery charging circuit board design.,high,309,2022-11-17,main,https://www.youtube.com/watch?v=_WI9Nwqvplo,,https://youtube.com/watch?v=vyQ_dY2IdNk,https://www.makerprojectlab.com/a-nose-for-art-maker-update/
Reverse Engineering from a 3d Scan,Making for Motorsport,tip,cad; reverse-engineering; 3d-scanning; modeling,Reverse engineering workflow from 3D scan.,high,309,2022-11-17,main,https://www.youtube.com/watch?v=imGrla3b3Mo,,https://youtube.com/watch?v=vyQ_dY2IdNk,https://www.makerprojectlab.com/a-nose-for-art-maker-update/
I made a €2 Actuator to animate Origami,Carl Bugeja,project,origami; actuator; animation; mechanical,Low-cost mechanical origami actuator.,high,308,2022-11-10,main,https://youtu.be/MDhT6-6Yr_I,,https://youtube.com/watch?v=f5Y-O0vGBfs,https://www.makerprojectlab.com/pleats-and-tweets-maker-update/
Dragon Mask,Devon's Workshop,project,cosplay; mask; 3d-printing; fantasy,Dragon mask cosplay prop project.,high,308,2022-11-10,main,https://github.com/DJDevon3/My_Circuit_Python_Projects/tree/main/Multi-Board%20Projects/Dragon%20Mask%20Halloween%202022,video: https://youtu.be/nHS1NcqewoI,https://youtube.com/watch?v=f5Y-O0vGBfs,https://www.makerprojectlab.com/pleats-and-tweets-maker-update/
Remote Controlled Tricycle-Riding Puppet,Donald Bell,project,robotics; puppet; remote-control; tricycle,Remote-controlled puppet tricycle vehicle.,high,308,2022-11-10,main,https://www.instructables.com/Remote-Controlled-Tricycle-Riding-Puppet/,,https://youtube.com/watch?v=f5Y-O0vGBfs,https://www.makerprojectlab.com/pleats-and-tweets-maker-update/
Light-Up Costumes in Harsh Environments,Erin St Blaine,tip,wearables; led; costume; environmental-resistance,LED costumes for outdoor harsh weather.,high,308,2022-11-10,main,https://learn.adafruit.com/light-up-costumes-in-harsh-environments,,https://youtube.com/watch?v=f5Y-O0vGBfs,https://www.makerprojectlab.com/pleats-and-tweets-maker-update/
Arduino Make Your UNO Kit,,tip,electronics; arduino; kit; uno; education,Arduino Make Your UNO learning kit.,high,308,2022-11-10,main,https://blog.arduino.cc/2022/11/03/are-you-ready-to-go-back-to-the-future/,,https://youtube.com/watch?v=f5Y-O0vGBfs,https://www.makerprojectlab.com/pleats-and-tweets-maker-update/
New Algae Resin Casting Kit From Checkerspot Points to a Bio-Based Future,,tip,resin; casting; bio-based,Algae-based resin casting kit.,high,308,2022-11-10,main,https://www.core77.com/posts/117294/New-Algae-Resin-Casting-Kit-From-Checkerspot-Points-to-a-Bio-Based-Future,,https://youtube.com/watch?v=f5Y-O0vGBfs,https://www.makerprojectlab.com/pleats-and-tweets-maker-update/
Pocket Toaster,Joel Creates,project,electronics; toaster; miniature; retro-tech,Miniature fully-functional toaster build.,high,307,2022-11-03,main,https://www.youtube.com/watch?v=c3mbSd3gwkY,,https://youtube.com/watch?v=xlUFQX6-sE4,https://www.makerprojectlab.com/hot-pocket-maker-update/
Pumpktris,HaHaBird,project,game-dev; game-mechanics; puzzle-game; tetris,Pumpkin Tetris game project.,high,307,2022-11-03,main,https://www.instructables.com/Pumpktris-The-Tetris-Pumpkin/,,https://youtube.com/watch?v=xlUFQX6-sE4,https://www.makerprojectlab.com/hot-pocket-maker-update/
Innovation in Star Wars droids,James Bruton,project,robotics; droid; star-wars; animatronics,Star Wars droid innovation and design.,high,307,2022-11-03,main,https://www.youtube.com/watch?v=zpHlCWpQh-I,,https://youtube.com/watch?v=xlUFQX6-sE4,https://www.makerprojectlab.com/hot-pocket-maker-update/
Wigglegram Camera,Profiel,project,photography; camera; optical; wigglegram,Wigglegram parallax camera technique.,high,307,2022-11-03,main,https://www.youtube.com/shorts/PVDwAEtDep0,,https://youtube.com/watch?v=xlUFQX6-sE4,https://www.makerprojectlab.com/hot-pocket-maker-update/
Lack Hacks contest,Printables,tip,furniture; ikea-hack; customization; contest,Lack table hacks competition and contest.,high,307,2022-11-03,main,https://www.printables.com/contest/157-lack-hacks,,https://youtube.com/watch?v=xlUFQX6-sE4,https://www.makerprojectlab.com/hot-pocket-maker-update/
8 ways to attach a tabletop,3x3 custom,tip,woodworking; furniture; table-top; fastening,Table top attachment methods and techniques.,high,307,2022-11-03,main,https://www.youtube.com/watch?v=HNfqnJH5YEA,,https://youtube.com/watch?v=xlUFQX6-sE4,https://www.makerprojectlab.com/hot-pocket-maker-update/
Epoxy Bent Lamination,Blacktail Studio,tip,woodworking; lamination; epoxy; bending,Epoxy laminated bent wood techniques.,high,307,2022-11-03,main,https://www.youtube.com/watch?v=hCmE2yY8Kvk,,https://youtube.com/watch?v=xlUFQX6-sE4,https://www.makerprojectlab.com/hot-pocket-maker-update/
Electrical arcs at 1.75 million FPS,Slowmo Guys and Electroboom,tip,physics; electricity; slow-motion; arc,Electrical arcs filmed at extreme slow-motion.,high,307,2022-11-03,main,https://www.youtube.com/watch?v=HDzVD-cqiWM,,https://youtube.com/watch?v=xlUFQX6-sE4,https://www.makerprojectlab.com/hot-pocket-maker-update/
Corwin Point,Eirik Brandal,project,electronics; point-cloud; 3d-projection,Point cloud 3D projection installation.,high,306,2022-10-27,main,https://hackaday.io/project/187914-corwin-point,,https://youtube.com/watch?v=fH4F2hkaGE8,https://www.makerprojectlab.com/synthesthesia-maker-update/
We Made Robot Pumpkins + Battled Them!,Kids Invent Stuff,project,robotics; pumpkin-robot; battle; competition,Robot pumpkins designed and battled.,high,306,2022-10-27,main,https://youtu.be/PSS3P8ZId2o,,https://youtube.com/watch?v=fH4F2hkaGE8,https://www.makerprojectlab.com/synthesthesia-maker-update/
3-Axis Skull Mod for 12ft Skeleton,Nelson BairosNelson Bairos,project,props; skeleton; halloween; 3d-printing; skull,Motorized skull for large skeleton prop.,high,306,2022-10-27,main,https://hackaday.io/project/181103-3-axis-skull-mod-for-12ft-skeleton,https://hackaday.io/contest/180664-halloween-hackfest,https://youtube.com/watch?v=fH4F2hkaGE8,https://www.makerprojectlab.com/synthesthesia-maker-update/
Foam or 3D-Print? Gotham Knights Cosplay!,KamuiCosplay,project,cosplay; foam-fabrication; 3d-printing; choice,Cosplay fabrication techniques comparison.,high,306,2022-10-27,main,https://youtu.be/F4BtIiY4Tz4,,https://youtube.com/watch?v=fH4F2hkaGE8,https://www.makerprojectlab.com/synthesthesia-maker-update/
PoKeBo Cube,ICD Lab,project,game-mechanics; collectible; 3d-printing; cube,Interactive Pokémon collectible cube.,high,306,2022-10-27,main,https://www.icd.cs.tut.ac.jp/index.php/portfolio/pokebo-cube/,video: https://www.youtube.com/watch?v=xesJ7O2g3H8,https://youtube.com/watch?v=fH4F2hkaGE8,https://www.makerprojectlab.com/synthesthesia-maker-update/
TinyCircuits Tiny TV 2 and Mini,,tip,microcontroller; tiny-screen; tv; retro,Tiny TV 2 microcontroller screen project.,high,306,2022-10-27,main,https://www.kickstarter.com/projects/kenburns/the-tinytv-2-and-tinytv-mini,Tested vid: https://youtu.be/3IlNdW6yQxE,https://youtube.com/watch?v=fH4F2hkaGE8,https://www.makerprojectlab.com/synthesthesia-maker-update/
Electroplating 3D Prints For Perfect Faux Chrome,HEN3DRIK,tip,electroplating; 3d-printing; metal-effect; finishing,Electroplating 3D prints for chrome finish.,high,306,2022-10-27,main,https://makezine.com/article/digital-fabrication/3d-printing-workshop/electroplating-3d-prints-for-perfect-faux-chrome/,,https://youtube.com/watch?v=fH4F2hkaGE8,https://www.makerprojectlab.com/synthesthesia-maker-update/
2 Strategies for Reading Code You Didn’t Write,Programming Electronics Academy,tip,programming; code-reading; software-engineering; learning,Code reading strategies and techniques.,high,306,2022-10-27,main,https://youtu.be/AQ8GIXh4ezs,,https://youtube.com/watch?v=fH4F2hkaGE8,https://www.makerprojectlab.com/synthesthesia-maker-update/
4 BEST Ways to Remove Rivets without a Rivet Tool,Yonatan24,tip,metalworking; rivets; removal; tool-technique,Rivet removal methods without specialized tools.,high,306,2022-10-27,main,https://youtu.be/9MWHm4J25JQ,,https://youtube.com/watch?v=fH4F2hkaGE8,https://www.makerprojectlab.com/synthesthesia-maker-update/
Lego Kinetic Sculpture,JK Brickworks,project,lego; kinetic-art; sculpture; animation,LEGO kinetic sculpture design project.,high,305,2022-10-20,main,https://www.youtube.com/watch?v=Jf6y7QnzCnE,,https://youtube.com/watch?v=_XnVTAHL-Bg,https://www.makerprojectlab.com/sisyphus-at-work-maker-update/
Optigon 2.0,VoidStarLabs,project,optics; projection; gaming; display,Optigon projection gaming display device.,high,305,2022-10-20,main,https://www.youtube.com/watch?v=77hET4FhH_0,,https://youtube.com/watch?v=_XnVTAHL-Bg,https://www.makerprojectlab.com/sisyphus-at-work-maker-update/
Eptaora,ekaggrat singh kalsi,project,electronics; wearables; jewelry; art,Wearable electronics art sculpture.,high,305,2022-10-20,main,https://hackaday.io/project/187684-eptaora,,https://youtube.com/watch?v=_XnVTAHL-Bg,https://www.makerprojectlab.com/sisyphus-at-work-maker-update/
Customizeable Plywood Lamp,DanTheMakerMan,project,lighting; lamp; plywood; diy-furniture,Customizable plywood lamp project.,high,305,2022-10-20,main,https://www.instructables.com/Sculptural-Customizable-Plywood-Lamp/,,https://youtube.com/watch?v=_XnVTAHL-Bg,https://www.makerprojectlab.com/sisyphus-at-work-maker-update/
World's Fastest Roomba,Electrosync,project,robotics; vacuum-robot; speed-hacks; automation,Ultra-fast Roomba modification project.,high,305,2022-10-20,main,https://www.youtube.com/watch?v=iLbMRJ9yrbg,,https://youtube.com/watch?v=_XnVTAHL-Bg,https://www.makerprojectlab.com/sisyphus-at-work-maker-update/
Tolerance and Fit in Fusion 360,Practical Alchemy,tip,cad; 3d-modeling; tolerance; design-principles,Tolerance and fit principles in 3D design.,high,305,2022-10-20,main,https://www.youtube.com/watch?v=Re4tKegVfqs,,https://youtube.com/watch?v=_XnVTAHL-Bg,https://www.makerprojectlab.com/sisyphus-at-work-maker-update/
Tools you should have when you start Resin Printing,Sword & Steel,tip,resin-printing; preparation,Resin printer starter tools and supplies.,high,305,2022-10-20,main,https://www.youtube.com/watch?v=tbSpJg4KBd8,,https://youtube.com/watch?v=_XnVTAHL-Bg,https://www.makerprojectlab.com/sisyphus-at-work-maker-update/
Create 3d floorplans quickly with Polycam,Uncle Jessy,tip,3d-scanning; photogrammetry; floor-planning; cad,Polycam 3D floor plan creation tool.,high,305,2022-10-20,main,https://www.youtube.com/watch?v=GNYfdqxJ9Xw,,https://youtube.com/watch?v=_XnVTAHL-Bg,https://www.makerprojectlab.com/sisyphus-at-work-maker-update/
4-axis 3d printing,CNC Kitchen,tip,3d-printing; multi-axis; axis-printing; advanced,Four-axis 3D printing techniques.,high,305,2022-10-20,main,https://www.youtube.com/watch?v=7LRWuccMGjc,,https://youtube.com/watch?v=_XnVTAHL-Bg,https://www.makerprojectlab.com/sisyphus-at-work-maker-update/
Open Circuits,Eric Schlaepfer and Windell Oskay,tip,electronics; circuit-analysis; design; book,Open Circuits book on electronics design.,high,305,2022-10-20,main,https://www.youtube.com/watch?v=byKyJ0b04Lo,,https://youtube.com/watch?v=_XnVTAHL-Bg,https://www.makerprojectlab.com/sisyphus-at-work-maker-update/
Flux,Nicholas Stedman,project,kinetic-art; light-installation; physics,Physics-based kinetic light art.,high,304,2022-10-13,main,https://hackaday.io/project/187446-flux-kinetic-art-installation,https://blog.arduino.cc/2022/10/04/flux-is-a-kinetic-art-installation-brought-to-life-with-arduino/; https://hackaday.com/2022/10/07/flux-a-forty-foot-long-kinetic-art-piece/,https://youtube.com/watch?v=c3eZl2DsOSI,https://www.makerprojectlab.com/in-flux-maker-update/
Halloween Cookie Monster,dh_dave,project,halloween; props; food-craft; costume,Halloween cookie monster decoration project.,high,304,2022-10-13,main,https://www.instructables.com/Halloween-Cookie-Monster/,,https://youtube.com/watch?v=c3eZl2DsOSI,https://www.makerprojectlab.com/in-flux-maker-update/
Gazing Car,Chia-Ming Chang,project,robotics; car; autonomous; gaze-tracking,Gaze-following autonomous car robot.,high,304,2022-10-13,main,http://chiamingchang.com/gazingcarproject.html,,https://youtube.com/watch?v=c3eZl2DsOSI,https://www.makerprojectlab.com/in-flux-maker-update/
Faux Barbed Wire Choker and Bracelet - Flexible 3D Print,Penolopy Bulnick,project,3d-printing; flexible-filament; fashion; jewelry,Flexible 3D-printed jewelry choker.,high,304,2022-10-13,main,https://www.instructables.com/Faux-Barbed-Wire-Choker-and-Bracelet/,,https://youtube.com/watch?v=c3eZl2DsOSI,https://www.makerprojectlab.com/in-flux-maker-update/
DiResta HUGE HEAD,,project,3d-printing; sculptural; portrait; large-scale,Giant 3D-printed portrait head.,high,304,2022-10-13,main,https://youtu.be/e-pxrbDlw10,,https://youtube.com/watch?v=c3eZl2DsOSI,https://www.makerprojectlab.com/in-flux-maker-update/
Designing LED Noodle Shapes in Fusion 360 via @ecken,,tip,led; led-noodle; cad; design-tutorial,LED noodle shape design in CAD.,high,304,2022-10-13,main,https://blog.adafruit.com/2022/10/07/layer-by-layer-designing-led-noodle-shapes-in-fusion-360-via-ecken/,,https://youtube.com/watch?v=c3eZl2DsOSI,https://www.makerprojectlab.com/in-flux-maker-update/
FastLED Animator,Noah,tip,led-animation; led-programming; led-control,LED animation programming library.,high,304,2022-10-13,main,https://www.fastledanimator.com/create,https://www.youtube.com/watch?v=900u02AsfJQ; https://blog.adafruit.com/2022/10/04/the-fastled-neopixel-animator-website-opensource-neopixels/,https://youtube.com/watch?v=c3eZl2DsOSI,https://www.makerprojectlab.com/in-flux-maker-update/
Mecanum Wheel Chassis Car for Robot Car DIY,Hiwonder,tip,robotics; chassis; mecanum-wheel; mobility,Mecanum wheel mobile robot platform.,high,304,2022-10-13,main,https://www.tindie.com/products/hiwonder/mecanum-wheel-chassis-car-for-robot-car-diy/,,https://youtube.com/watch?v=c3eZl2DsOSI,https://www.makerprojectlab.com/in-flux-maker-update/
Clever Shop Jigs and Hacks from Max Maker,,tip,tool-jigs; fixture-design; shop-hacks,Shop fixture and jig design ideas.,high,304,2022-10-13,main,https://www.core77.com/posts/116853/Clever-Shop-Jigs-and-Hacks-from-a-Creative-Product-Design-Engineer,,https://youtube.com/watch?v=c3eZl2DsOSI,https://www.makerprojectlab.com/in-flux-maker-update/
3d Printed 6-Axis Robot Arm,3d Printed Life,project,robotics; 3d-printing; arm; articulation,3D-printed six-axis robot arm.,high,303,2022-10-06,main,https://www.youtube.com/watch?v=e3TNaIyTAnY,,https://youtube.com/watch?v=BRs2w0rJESc,https://www.makerprojectlab.com/kinematic-conundrum-maker-update/
Trombone Champ Controller,Liz Clark,project,game-controller; trombone; musical-instrument,Custom trombone game controller.,high,303,2022-10-06,main,https://learn.adafruit.com/circuitpython-trombone-champ-controller,,https://youtube.com/watch?v=BRs2w0rJESc,https://www.makerprojectlab.com/kinematic-conundrum-maker-update/
RFID Workshop Safety Switch,Taste_The_Code,project,safety; rfid; automation,RFID safety switch for workshop machines.,high,303,2022-10-06,main,https://www.instructables.com/Workshop-Safety-Switch-With-RFID/,,https://youtube.com/watch?v=BRs2w0rJESc,https://www.makerprojectlab.com/kinematic-conundrum-maker-update/
Automated Slide Digitizer,rbwood53,project,digitization; slides; scanner; automation,Automated slide film digitizer machine.,high,303,2022-10-06,main,https://www.instructables.com/Automated-35mm-Slide-Digitizer/,,https://youtube.com/watch?v=BRs2w0rJESc,https://www.makerprojectlab.com/kinematic-conundrum-maker-update/
Oversized Foam Jack-O-Lantern,Haunted Spider,project,halloween; props; foam-fabrication; sculpture,Oversized foam jack-o-lantern decoration.,high,303,2022-10-06,main,https://www.instructables.com/Oversized-Foam-Jack-o-Lantern/,,https://youtube.com/watch?v=BRs2w0rJESc,https://www.makerprojectlab.com/kinematic-conundrum-maker-update/
Hidden Gems on AliExpress,Great Scott,tip,electronics; shopping; aliexpress; recommendations,Hidden gems and deals on AliExpress.,high,303,2022-10-06,main,https://www.youtube.com/watch?v=fUdlfc1nJcY,,https://youtube.com/watch?v=BRs2w0rJESc,https://www.makerprojectlab.com/kinematic-conundrum-maker-update/
Cyberpunk 2077 Techgogs,smiteorflight,tip,cosplay; goggles; cyberpunk; fashion,Cyberpunk 2077 techgogs cosplay prop.,high,303,2022-10-06,main,https://www.thingiverse.com/thing:5033163,,https://youtube.com/watch?v=BRs2w0rJESc,https://www.makerprojectlab.com/kinematic-conundrum-maker-update/
Clear Plastic Restoration,Adam Savage,tip,plastic; restoration; cleaning; finishing,Clear plastic restoration and care guide.,high,303,2022-10-06,main,https://www.youtube.com/watch?v=-Jk1MrTpJOk,,https://youtube.com/watch?v=BRs2w0rJESc,https://www.makerprojectlab.com/kinematic-conundrum-maker-update/
Slush Casting Guide,Robert Tolone,tip,casting; slush-casting,Slush casting technique for hollow forms.,high,303,2022-10-06,main,https://www.youtube.com/watch?v=mVAzfzzht1g,,https://youtube.com/watch?v=BRs2w0rJESc,https://www.makerprojectlab.com/kinematic-conundrum-maker-update/
Machine Perfectly Splits Oreos,Ian Charnas,project,robotics; automation; precision-engineering; oreo,Mechanical Oreo cookie splitting machine.,high,302,2022-09-29,main,https://www.youtube.com/watch?v=NAh2Oo_aPUw,https://www.instructables.com/The-Scientific-Solution-for-Perfectly-Splitting-Or/,https://youtube.com/watch?v=6TcBU9sxMnE,https://www.makerprojectlab.com/split-the-difference-maker-update/
Can you 3D PRINT HEELYS?,Emily The Engineer,project,3d-printing; heelys; footwear; experiments,3D-printed Heelys wheeled shoe experiment.,high,302,2022-09-29,main,https://www.youtube.com/watch?v=Ew8Q-SQeMDs,,https://youtube.com/watch?v=6TcBU9sxMnE,https://www.makerprojectlab.com/split-the-difference-maker-update/
Brick Wall Model From Foam,Handy Bear,project,foam; sculpting; model-making; architecture,Foam brick wall architectural model.,high,302,2022-09-29,main,https://www.instructables.com/Turn-Foam-Into-a-Hyper-Realistic-Brick-Wall-Model/,https://www.youtube.com/watch?v=JBEPbGVd_DA,https://youtube.com/watch?v=6TcBU9sxMnE,https://www.makerprojectlab.com/split-the-difference-maker-update/
Table collab,,project,furniture; collaboration; table-design,Collaborative table design project.,high,302,2022-09-29,main,https://www.youtube.com/watch?v=AEFGtirt-rQ,https://www.youtube.com/watch?v=Dk3LBJKGlBs; https://www.youtube.com/watch?v=Rhg8D3k5pUw,https://youtube.com/watch?v=6TcBU9sxMnE,https://www.makerprojectlab.com/split-the-difference-maker-update/
Making Glass Drip Oilers For A Steam Engine,Blondihacks,project,glass; steam-engine; oil-can; machining,Glass drip oil cans for steam engines.,high,302,2022-09-29,main,https://www.youtube.com/watch?v=14qLTRVRw88,,https://youtube.com/watch?v=6TcBU9sxMnE,https://www.makerprojectlab.com/split-the-difference-maker-update/
High-Vacuum Basics and Evacuating Electron Tubes,Signal Ditch,project,vacuum; electron-tubes; physics; experimentation,High-vacuum basics and electron tube evacuation.,high,302,2022-09-29,main,https://www.youtube.com/watch?v=Iv-hL3VMBRk,,https://youtube.com/watch?v=6TcBU9sxMnE,https://www.makerprojectlab.com/split-the-difference-maker-update/
Wood Turned Segmented Spheres,Frank Howarth,project,woodturning; segmented-wood; sphere; craftsmanship,Segmented wooden sphere turning techniques.,high,302,2022-09-29,main,https://www.youtube.com/watch?v=Dy4NV47w1r4,,https://youtube.com/watch?v=6TcBU9sxMnE,https://www.makerprojectlab.com/split-the-difference-maker-update/
Click-Wheel Organ,Garett Morrison,project,mechanical-music; organ; kinetic-art; clickwheel,Click-wheel mechanical organ project.,high,302,2022-09-29,main,https://hackaday.com/2022/09/25/this-found-sound-organ-was-made-with-python-and-a-laser-cutter/,https://www.garettmorrison.net/posts/click-wheel-organ/,https://youtube.com/watch?v=6TcBU9sxMnE,https://www.makerprojectlab.com/split-the-difference-maker-update/
"3D-Printed Kinetic Sculpture ""Love at First Swipe""",JBV Creative,project,kinetic-art; 3d-printing; sculpture; animation,Kinetic 3D-printed love sculpture.,high,302,2022-09-29,main,https://www.youtube.com/watch?v=TXtDSoNyIEI,,https://youtube.com/watch?v=6TcBU9sxMnE,https://www.makerprojectlab.com/split-the-difference-maker-update/
Hair Washing Hat,Kids Invent Stuff,project,children; toy; product; hair-washing,Kids' hair washing aid design project.,high,302,2022-09-29,main,https://www.youtube.com/watch?v=xLPE6U6BkxU,,https://youtube.com/watch?v=6TcBU9sxMnE,https://www.makerprojectlab.com/split-the-difference-maker-update/
WLED tutorial,,tip,led-lighting; programming; wled; lighting-control,WLED LED strip programming and control.,high,302,2022-09-29,main,https://www.youtube.com/watch?v=CAo4gYlHkfs,,https://youtube.com/watch?v=6TcBU9sxMnE,https://www.makerprojectlab.com/split-the-difference-maker-update/
Designing a Media Console,Get Hands Dirty,tip,furniture; media-console; design; woodworking,Media console furniture design process.,high,302,2022-09-29,main,https://www.youtube.com/watch?v=EDzJ-L4HzHo,,https://youtube.com/watch?v=6TcBU9sxMnE,https://www.makerprojectlab.com/split-the-difference-maker-update/
How to build a closet organizer,Anika's DIY Life,tip,organization; closet-storage; furniture; diy,Closet organizer DIY projects.,high,302,2022-09-29,main,https://www.youtube.com/watch?v=P8nnAE6Z12E,,https://youtube.com/watch?v=6TcBU9sxMnE,https://www.makerprojectlab.com/split-the-difference-maker-update/
Everybody's documenting their workshops incl. Paul Jackman and Johnny Brooke,,tip,documentation; maker-culture; creators,Workshop documentation showcase from creators.,high,302,2022-09-29,main,https://www.youtube.com/watch?v=Et_KwXURKsk,https://www.youtube.com/watch?v=2oPUCsR5C2k,https://youtube.com/watch?v=6TcBU9sxMnE,https://www.makerprojectlab.com/split-the-difference-maker-update/
Haptic VR Gun,Robert Enriquez,project,vr; haptics; game-controller; force-feedback,VR gun with haptic feedback for gaming.,high,301,2022-09-22,main,https://github.com/robegamesios/VRHapticGun,,https://youtube.com/watch?v=r_Zot2UQTy0,https://www.makerprojectlab.com/shoot-to-thrill-maker-update/
Pi SSD Media Server,The Ruiz Brothers,project,raspberry-pi; media-server; ssd; storage,Raspberry Pi solid-state media server.,high,301,2022-09-22,main,https://learn.adafruit.com/pi-ssd-media-server,,https://youtube.com/watch?v=r_Zot2UQTy0,https://www.makerprojectlab.com/shoot-to-thrill-maker-update/
Update on the Rotary Cellphone,Justine Haupt,project,retro-tech; rotary-phone; telephone; recreation,Modern rotary telephone restoration update.,high,301,2022-09-22,main,https://www.youtube.com/watch?v=uV1C-41tq64,,https://youtube.com/watch?v=r_Zot2UQTy0,https://www.makerprojectlab.com/shoot-to-thrill-maker-update/
Scrabble Mechanical Keyboard,Evan & Katelyn,project,mechanical-keyboard; scrabble; tiles; custom,Mechanical keyboard with Scrabble tiles.,high,301,2022-09-22,main,https://www.youtube.com/watch?v=jSwMhR70wF8,,https://youtube.com/watch?v=r_Zot2UQTy0,https://www.makerprojectlab.com/shoot-to-thrill-maker-update/
Removing Cured Resin with Wood Glue,Uncle Jessy,tip,resin; casting; removal; diy-technique,Cured resin removal using wood glue.,high,301,2022-09-22,main,https://www.youtube.com/watch?v=GfKmf8Dw6As,,https://youtube.com/watch?v=r_Zot2UQTy0,https://www.makerprojectlab.com/shoot-to-thrill-maker-update/
Tools made with Nuts and Bolts,JSK Koubou,tip,fasteners; tool-design; nuts-and-bolts,Creative tool designs from fasteners.,high,301,2022-09-22,main,https://www.youtube.com/watch?v=Zr_9QaGmCfo,,https://youtube.com/watch?v=r_Zot2UQTy0,https://www.makerprojectlab.com/shoot-to-thrill-maker-update/
PCB Design Mistakes,Altium Academy,tip,pcb; design; electronics; mistakes; education,PCB design error prevention and principles.,high,301,2022-09-22,main,https://www.youtube.com/watch?v=D0X76Kbf8fQ,,https://youtube.com/watch?v=r_Zot2UQTy0,https://www.makerprojectlab.com/shoot-to-thrill-maker-update/
Dice to help you brainstorm,Laura Kampf and Simone Giertz,tip,ideation; brainstorming; game; creative-tools,Dice for creative brainstorming sessions.,high,301,2022-09-22,main,https://www.youtube.com/watch?v=oztGElIlyLA,,https://youtube.com/watch?v=r_Zot2UQTy0,https://www.makerprojectlab.com/shoot-to-thrill-maker-update/
PS4 Controller Breakout Board PCB,bekathwia,project,electronics; gamepad; pcb; breakout-board,PS4 controller breakout board project.,high,300,2022-09-15,main,https://www.instructables.com/PS4-Controller-Breakout-Board-PCB/,https://hackaday.com/2022/09/07/interfacing-broken-ps4-controllers-with-a-replacement-pcb/,https://youtube.com/watch?v=Juie_lJMQEM,https://www.makerprojectlab.com/xtra-life-maker-update/
Tiny LED WiFi Companion Cube,Charlyn Gonda,project,led-noodle; wifi; electronics; cube-prop,WiFi-connected LED companion cube project.,high,300,2022-09-15,main,https://charlyn.codes/tiny-led-wifi-cube/,videos: https://twitter.com/chardane/status/1567661269968363520,https://youtube.com/watch?v=Juie_lJMQEM,https://www.makerprojectlab.com/xtra-life-maker-update/
My 3D Printed Robot sucked... so I made an UNBEATABLE one!,Maker's Muse,project,robotics; 3d-printing; design; competition,3D-printed competition robot project.,high,300,2022-09-15,main,https://youtu.be/YWOqAwXmvJU,,https://youtube.com/watch?v=Juie_lJMQEM,https://www.makerprojectlab.com/xtra-life-maker-update/
Full Control XYZ,,tip,machinery; cartesian-robot; cnc; automation,Full Control XYZ cartesian robot system.,high,300,2022-09-15,main,https://fullcontrol.xyz/,Launch post: https://twitter.com/FullControlXYZ/status/1566826786037579777,https://youtube.com/watch?v=Juie_lJMQEM,https://www.makerprojectlab.com/xtra-life-maker-update/
Tips for CLEANEST Wire Management,Zibartas,tip,electronics; wiring; cable-management,Proper wire management techniques.,high,300,2022-09-15,main,https://youtu.be/dnUqBoIq0J0,,https://youtube.com/watch?v=Juie_lJMQEM,https://www.makerprojectlab.com/xtra-life-maker-update/
Dupont connector lock,marelk485,tip,electronics; connector; dupont; wire-management,Dupont connector wire lock modification.,high,300,2022-09-15,main,https://www.thingiverse.com/thing:5409132,,https://youtube.com/watch?v=Juie_lJMQEM,https://www.makerprojectlab.com/xtra-life-maker-update/
Cosplay Hacks,Phillip Burgess,tip,cosplay; performance; costume,Cosplay construction techniques and hacks.,high,300,2022-09-15,main,https://learn.adafruit.com/cosplay-hacks,,https://youtube.com/watch?v=Juie_lJMQEM,https://www.makerprojectlab.com/xtra-life-maker-update/
Cutting Grass with a laser,rctestflight,project,laser-cutting; grass-cutting; automation; robot,Laser-based grass cutting automation.,high,299,2022-09-08,main,https://www.youtube.com/watch?v=WTPHsouuGq4,,https://youtube.com/watch?v=C21A-GhYUhs,https://www.makerprojectlab.com/laser-landscaping-maker-update/
Cyberpunk PC Case,Nerdforge,project,pc-case; custom-build; cyberpunk; fabrication,Cyberpunk-themed custom PC case build.,high,299,2022-09-08,main,https://www.youtube.com/watch?v=42MO6Sj210g,,https://youtube.com/watch?v=C21A-GhYUhs,https://www.makerprojectlab.com/laser-landscaping-maker-update/
Kumiko Canoe Paddle,Make With Miles,project,woodworking; paddle; kumiko; traditional-craft,Japanese kumiko woodworking paddle craft.,high,299,2022-09-08,main,https://www.youtube.com/watch?v=Ik-D7uMC3fQ,,https://youtube.com/watch?v=C21A-GhYUhs,https://www.makerprojectlab.com/laser-landscaping-maker-update/
Halloween Prop Makeover,Wicked Makers,project,halloween; props; cosplay; costume; makeover,Halloween costume and prop makeover project.,high,299,2022-09-08,main,https://www.youtube.com/watch?v=zIxv03FK0AU,,https://youtube.com/watch?v=C21A-GhYUhs,https://www.makerprojectlab.com/laser-landscaping-maker-update/
NOODS,Adafruit,tip,led-wearable; addressable-rgb; electronics,NOODS is an Adafruit tool for working with addressable LED strips.,high,299,2022-09-08,main,https://www.youtube.com/watch?v=FzVV738YoCw,,https://youtube.com/watch?v=C21A-GhYUhs,https://www.makerprojectlab.com/laser-landscaping-maker-update/
T-Display S3,Volos Projects,tip,esp32; microcontroller; display,T-Display S3 is an ESP32 board with an integrated screen.,high,299,2022-09-08,main,https://www.youtube.com/watch?v=j8THAc1sMww,,https://youtube.com/watch?v=C21A-GhYUhs,https://www.makerprojectlab.com/laser-landscaping-maker-update/
Make 3d prints look like metal,ILTMS,tip,3d-printing; post-processing; finishing,Technique for making 3D prints look like metal surfaces.,high,299,2022-09-08,main,https://www.youtube.com/watch?v=r5VvQHERWlI,,https://youtube.com/watch?v=C21A-GhYUhs,https://www.makerprojectlab.com/laser-landscaping-maker-update/
Cross Infill in Cura,Lost In Tech,tip,3d-printing; slicing; cura,Cross infill pattern in Cura 3D printing software.,high,299,2022-09-08,main,https://www.youtube.com/watch?v=PA4p_H0xl3A,,https://youtube.com/watch?v=C21A-GhYUhs,https://www.makerprojectlab.com/laser-landscaping-maker-update/
Knife throwing machine,Quint Builds,project,woodworking; metalworking; machine,Custom knife throwing machine project by Quint Builds.,high,297,2022-08-25,main,https://www.youtube.com/watch?v=-BKEZbYOMpI,,https://youtube.com/watch?v=Jfb_ceDn0CA,https://www.makerprojectlab.com/circus-cyborg-maker-update/
Allen Pan gives snakes their legs back,,project,sculpture; mechanics; animal-inspired,Allen Pan creates prosthetics for pet snakes.,high,297,2022-08-25,main,https://www.youtube.com/watch?v=1SgGfMlbCoM&t=68s,,https://youtube.com/watch?v=Jfb_ceDn0CA,https://www.makerprojectlab.com/circus-cyborg-maker-update/
Spaceship Model,Cut Transform Glue,project,scale-model; construction; spacecraft,Spaceship model by Cut Transform Glue.,high,297,2022-08-25,main,https://www.youtube.com/watch?v=xeOrisHNsh4,,https://youtube.com/watch?v=Jfb_ceDn0CA,https://www.makerprojectlab.com/circus-cyborg-maker-update/
Slidee Non-Motorized Camera Slider,Shivam Dehinwal,project,motorized-slider; video-equipment; diy,Non-motorized camera slider for video production.,high,297,2022-08-25,main,https://www.instructables.com/Slidee-Non-motorized-Automatic-Camera-Slider/,,https://youtube.com/watch?v=Jfb_ceDn0CA,https://www.makerprojectlab.com/circus-cyborg-maker-update/
How to learn any skill quickly,Jeremy Fielding,tip,learning; skill-building,Tips for rapidly learning any skill.,high,297,2022-08-25,main,https://www.youtube.com/watch?v=DPbKux9cemU,,https://youtube.com/watch?v=Jfb_ceDn0CA,https://www.makerprojectlab.com/circus-cyborg-maker-update/
How strong is 3d printed metal,My Tech Fun,tip,3d-printing; strength-testing; material-science,Testing the structural strength of 3D printed metals.,high,297,2022-08-25,main,https://www.youtube.com/watch?v=mrp28hZ_Qu0,,https://youtube.com/watch?v=Jfb_ceDn0CA,https://www.makerprojectlab.com/circus-cyborg-maker-update/
Solvent on every layer,CNC Kitchen,tip,3d-printing; finishing; solvent-treatment,Post-processing technique for 3D printed layers.,high,297,2022-08-25,main,https://www.youtube.com/watch?v=YzZqJtEOWjE,,https://youtube.com/watch?v=Jfb_ceDn0CA,https://www.makerprojectlab.com/circus-cyborg-maker-update/
Handheld Multimeter PCB,Electronoobs,tip,electronics; multimeter; pcb,DIY handheld multimeter PCB project.,high,297,2022-08-25,main,https://www.youtube.com/watch?v=r83YSbyju8A,,https://youtube.com/watch?v=Jfb_ceDn0CA,https://www.makerprojectlab.com/circus-cyborg-maker-update/
This machine can play a song by popping bubble wrap,Simone Giertz,project,mechanical-music; kinetic-art; instrument,Machine that plays music by popping bubble wrap.,high,296,2022-08-18,main,https://youtu.be/nLGs7auWdgE,,https://youtube.com/watch?v=XOghGdR6GvI,https://www.makerprojectlab.com/wrap-music-maker-update/
Two Way Telegraph with Analog Feedback Servos,"Ruiz Brothers, lady ada, Liz Clark",project,electronics; servo; communication,Telegraph with analog servo feedback.,high,296,2022-08-18,main,https://learn.adafruit.com/two-way-display-with-analog-feedback-servos,,https://youtube.com/watch?v=XOghGdR6GvI,https://www.makerprojectlab.com/wrap-music-maker-update/
LED Matrix Headband,Charlyn Gonda,project,led-matrix; wearables; headwear,LED matrix integrated into a wearable headband.,high,296,2022-08-18,main,https://twitter.com/chardane/status/1557966736107847680?t=9kfEMl6xEdaMWKm4PwZpcg&s=03,,https://youtube.com/watch?v=XOghGdR6GvI,https://www.makerprojectlab.com/wrap-music-maker-update/
DIY Arm Wrestling Tool for Left-handed People,Handy Geng,project,arm-wrestling; accessibility; mechanical-toy,DIY arm wrestling machine for left-handed users.,high,296,2022-08-18,main,https://youtu.be/ihW06EIluE8,,https://youtube.com/watch?v=XOghGdR6GvI,https://www.makerprojectlab.com/wrap-music-maker-update/
Flying Faders,"John Park, Kattni Rembor",tip,fader; midi; synth-hardware,Flying faders for music production.,high,296,2022-08-18,main,https://learn.adafruit.com/flying-faders,,https://youtube.com/watch?v=XOghGdR6GvI,https://www.makerprojectlab.com/wrap-music-maker-update/
ConstructLab's Universal Connector,,tip,connector; modular; electronics,Universal connector system.,high,296,2022-08-18,main,https://www.core77.com/posts/116549/ConstructLabs-Universal-Connector-to-Combat-Single-Use-Wood,,https://youtube.com/watch?v=XOghGdR6GvI,https://www.makerprojectlab.com/wrap-music-maker-update/
Deciphering Strange Arduino Code,Phillip Burgess,tip,arduino; coding; embedded-systems,Techniques for understanding Arduino code.,high,296,2022-08-18,main,https://learn.adafruit.com/deciphering-strange-arduino-code,,https://youtube.com/watch?v=XOghGdR6GvI,https://www.makerprojectlab.com/wrap-music-maker-update/
Use 3D Scanning to Make Low Poly 3D Models,"Andrew Sink, Phil Torrone",tip,3d-scanning; photogrammetry; low-poly-modeling,Using 3D scans to create low polygon models.,high,296,2022-08-18,main,https://learn.adafruit.com/use-3d-scanning-to-make-low-poly-3d-models,,https://youtube.com/watch?v=XOghGdR6GvI,https://www.makerprojectlab.com/wrap-music-maker-update/
3D Scans for Low Poly Statues,Ruiz Brothers,tip,3d-scanning; sculpture; figure-art,3D scanning for creating low poly statues.,high,296,2022-08-18,main,https://learn.adafruit.com/low-poly-3d-scans-for-3d-printing,,https://youtube.com/watch?v=XOghGdR6GvI,https://www.makerprojectlab.com/wrap-music-maker-update/
I landed a rocket like SpaceX,BPS. Space,project,rocketry; space-tech; amateur-rockets,Landing a rocket like SpaceX.,high,295,2022-08-11,main,https://www.youtube.com/watch?v=SH3lR2GLgT0,,https://youtube.com/watch?v=lfet0ni8r-k,https://www.makerprojectlab.com/just-read-the-instructions-maker-update/
zenscape,pengfeizhang,project,zen-art; garden; water-feature,Zen scape water feature project.,high,295,2022-08-11,main,https://www.instructables.com/Zenscape/,,https://youtube.com/watch?v=lfet0ni8r-k,https://www.makerprojectlab.com/just-read-the-instructions-maker-update/
Penny Coffee Table,DIY Creators,project,woodworking; resin; surface-finish,Penny inlaid coffee table.,high,295,2022-08-11,main,https://www.youtube.com/watch?v=Ot7qPlpCdPM,,https://youtube.com/watch?v=lfet0ni8r-k,https://www.makerprojectlab.com/just-read-the-instructions-maker-update/
Modern Cardboard House for Cats,Cardboard Ninja,project,cardboard; cat-furniture; recycled,Cardboard cat house construction.,high,295,2022-08-11,main,https://www.instructables.com/Modern-Cardboard-Pet-House-for-Cats-/,,https://youtube.com/watch?v=lfet0ni8r-k,https://www.makerprojectlab.com/just-read-the-instructions-maker-update/
.4mm Nozzles arre Obsolete,Thomas Sanladerer,tip,3d-printing; nozzle; settings,0.4mm nozzles analysis and alternatives.,high,295,2022-08-11,main,https://www.youtube.com/watch?v=WgXM2zPusXo,,https://youtube.com/watch?v=lfet0ni8r-k,https://www.makerprojectlab.com/just-read-the-instructions-maker-update/
Cordless Heat Gun,Adam Savage,tip,power-tools; heat-gun; cordless,Cordless heat gun tool review.,high,295,2022-08-11,main,https://www.youtube.com/watch?v=dYaS2MeXQk0,,https://youtube.com/watch?v=lfet0ni8r-k,https://www.makerprojectlab.com/just-read-the-instructions-maker-update/
3D Printed Radius Caliper,sorrenaveria,tip,3d-printing; precision-tools; calipers,3D printed radius caliper tool.,high,295,2022-08-11,main,https://www.printables.com/model/236582-radius-caliper-no-computation-required,,https://youtube.com/watch?v=lfet0ni8r-k,https://www.makerprojectlab.com/just-read-the-instructions-maker-update/
Hardware Kit for 1-2-3 Blocks,Stumpy Nubs,tip,workbench; hardware-organization; storage,Hardware kit for 1-2-3 blocks.,high,295,2022-08-11,main,https://www.youtube.com/watch?v=qQezV-E1kMk,,https://youtube.com/watch?v=lfet0ni8r-k,https://www.makerprojectlab.com/just-read-the-instructions-maker-update/
Building a custom Bass,Xyla Foxlin,project,music; luthier; instrument-building,Custom electric bass guitar build.,high,294,2022-08-04,main,https://www.youtube.com/watch?v=KML8mQIZkNI,,https://youtube.com/watch?v=ggEMSwgpYck,https://www.makerprojectlab.com/get-into-the-groove-maker-update/
DIY Sawstop,Ruth Amos,project,woodworking; safety-tech; saw-protection,DIY SawStop safety system.,high,294,2022-08-04,main,https://www.youtube.com/watch?v=F87u7IQL-3M,,https://youtube.com/watch?v=ggEMSwgpYck,https://www.makerprojectlab.com/get-into-the-groove-maker-update/
3d printed handbag,3d print and design,project,3d-printing; fashion; accessories,3D printed handbag design.,high,294,2022-08-04,main,https://www.youtube.com/watch?v=VSqAChFuueo,https://www.facebook.com/groups/makerbot/posts/5259384960845632/?comment_id=5259436690840459&reply_comment_id=5259444004173061&notif_id=1658947172831334&notif_t=group_comment&ref=notif,https://youtube.com/watch?v=ggEMSwgpYck,https://www.makerprojectlab.com/get-into-the-groove-maker-update/
CNC Jigsaw puzzle solver,Stuff Made Here,project,cnc; puzzle; automation,CNC machine solving jigsaw puzzles.,high,294,2022-08-04,main,https://www.youtube.com/watch?v=Gu_1S77XkiM,,https://youtube.com/watch?v=ggEMSwgpYck,https://www.makerprojectlab.com/get-into-the-groove-maker-update/
Zip Tie Channels in 3d print designs,Alan Reiner,tip,3d-printing; fastening; cable-management,Zip tie channels for 3D printed parts.,high,294,2022-08-04,main,https://www.youtube.com/watch?v=qgt9P6jsyaY,,https://youtube.com/watch?v=ggEMSwgpYck,https://www.makerprojectlab.com/get-into-the-groove-maker-update/
Raspberry Pi Alternatives,MichaelKlements,tip,raspberry-pi; single-board-computer; alternatives,Alternatives to Raspberry Pi boards.,high,294,2022-08-04,main,https://www.youtube.com/watch?v=q_FWsuQwSMk,,https://youtube.com/watch?v=ggEMSwgpYck,https://www.makerprojectlab.com/get-into-the-groove-maker-update/
Tips and Tricks for 3d scanning,,tip,3d-scanning; workflow,Best practices for 3D scanning.,high,294,2022-08-04,main,https://www.youtube.com/watch?v=fiLMHEtqUOY,,https://youtube.com/watch?v=ggEMSwgpYck,https://www.makerprojectlab.com/get-into-the-groove-maker-update/
Electro-Etching Brass Plaques,Becky Stern,tip,electroplating; metal-finishing; etching,Electro-etching brass plaques.,high,294,2022-08-04,main,https://beckystern.com/2022/07/31/electro-etching-brass-plaques/,,https://youtube.com/watch?v=ggEMSwgpYck,https://www.makerprojectlab.com/get-into-the-groove-maker-update/
RE:PLACES,Carolin Liebl and Nikolas Schmid-Pfähler,project,interactive-installation; mixed-media; art,RE:PLACES interactive art project.,high,293,2022-07-28,main,https://www.creativeapplications.net/arduino-2/replaces-liebl-and-schmid-pfahler/,see also: https://radiate.fish/#spittingbot,https://youtube.com/watch?v=A5-B6kr3E5Q,https://www.makerprojectlab.com/robot-regularity-maker-update/
DiResta Go-Kart Build “The Toe Pincher”,,project,go-kart; diy-vehicle; mechanics,Homemade go-kart build by DiResta.,high,293,2022-07-28,main,https://youtu.be/-p2wK6nSZq4,,https://youtube.com/watch?v=A5-B6kr3E5Q,https://www.makerprojectlab.com/robot-regularity-maker-update/
Glowy Circuit Sculpture Pendant,Charlyn Gonda,project,circuit-sculpture; led; jewelry,Glowing circuit sculpture pendant.,high,293,2022-07-28,main,https://charlyn.codes/glowy-circuit-sculpture-pendant/,via https://makezine.com/2022/07/19/this-gorgeous-led-pendant-is-a-simple-and-elegant-wearable-circuit/,https://youtube.com/watch?v=A5-B6kr3E5Q,https://www.makerprojectlab.com/robot-regularity-maker-update/
Watercolor Tip,Wolfcat Workshop,tip,watercolor; painting,Watercolor painting tips.,high,293,2022-07-28,main,https://www.instagram.com/reel/CgS7U1jLB56/?igshid=MDJmNzVkMjY=,,https://youtube.com/watch?v=A5-B6kr3E5Q,https://www.makerprojectlab.com/robot-regularity-maker-update/
Fiskars Workwear,,tip,workwear; shop-gear; safety,Fiskars workwear gear review.,high,293,2022-07-28,main,https://fiskarsgardenwear.us/collections/all,https://www.core77.com/posts/116395/Fiskars-Launches-Workwear-Line-With-Plenty-of-On-Body-Tool-Storage,https://youtube.com/watch?v=A5-B6kr3E5Q,https://www.makerprojectlab.com/robot-regularity-maker-update/
How To Make Laser-Cut Wood Kits Look Handcrafted!,Tested,tip,laser-cutting; wood; finishing-techniques,Making laser-cut kits look handcrafted.,high,293,2022-07-28,main,https://www.tested.com/making/how-tos/how-to-make-laser-cut-wood-kits-look-handcrafted/,,https://youtube.com/watch?v=A5-B6kr3E5Q,https://www.makerprojectlab.com/robot-regularity-maker-update/
Free 3D Printed Repairs for Strangers,Morley Kert,tip,3d-printing; repair; sustainability,Free 3D printing repairs for strangers.,high,293,2022-07-28,main,https://youtu.be/ArBCCkSGhFk,,https://youtube.com/watch?v=A5-B6kr3E5Q,https://www.makerprojectlab.com/robot-regularity-maker-update/
Scratch Built Robot Arm,Jeremy Fielding,project,robotics; articulation; mechanical-arm,Scratch built robot arm project.,high,292,2022-07-21,main,https://www.youtube.com/watch?v=XasThxf_YGo,,https://youtube.com/watch?v=uwDP4-p0510,https://www.makerprojectlab.com/the-automation-paradox-maker-update/
3d Printed Sewing Machine,Fraens,project,3d-printing; sewing-machine; mechanical,3D printed sewing machine project.,high,292,2022-07-21,main,https://www.youtube.com/watch?v=f2U4lxzaf48,,https://youtube.com/watch?v=uwDP4-p0510,https://www.makerprojectlab.com/the-automation-paradox-maker-update/
Digital Measuring Wheel,AGBarber,project,electronics; measurement; digital-tools,Digital measuring wheel tool.,high,292,2022-07-21,main,https://www.instructables.com/Digital-Measuring-Wheel/,,https://youtube.com/watch?v=uwDP4-p0510,https://www.makerprojectlab.com/the-automation-paradox-maker-update/
Smart Water Bubbles Lamp,DIY_MVB,project,led-lighting; smart-home; water-feature,Smart water bubbles lamp.,high,292,2022-07-21,main,https://www.instructables.com/Smart-WATER-BUBBLES-LAMP/,,https://youtube.com/watch?v=uwDP4-p0510,https://www.makerprojectlab.com/the-automation-paradox-maker-update/
Geonosis Battle Diorama,Boylei Hobby Time,project,miniature-models; diorama; sculpture,Star Wars Geonosis battle diorama.,high,292,2022-07-21,main,https://www.youtube.com/watch?v=BHJa7RH1EUE,,https://youtube.com/watch?v=uwDP4-p0510,https://www.makerprojectlab.com/the-automation-paradox-maker-update/
How to print glass,Rygar1432,tip,3d-printing; glass-printing,Technique for 3D printing glass.,high,292,2022-07-21,main,https://www.printables.com/model/15310-how-to-print-glass,,https://youtube.com/watch?v=uwDP4-p0510,https://www.makerprojectlab.com/the-automation-paradox-maker-update/
Best Thread Repair,Project Farm,tip,repair; fasteners; thread-insert,Thread repair techniques and tools.,high,292,2022-07-21,main,https://www.youtube.com/watch?v=jknMrFOGMOQ,,https://youtube.com/watch?v=uwDP4-p0510,https://www.makerprojectlab.com/the-automation-paradox-maker-update/
Magnetic connector,Adafruit,tip,connector; magnetic; assembly,Magnetic connector system.,high,292,2022-07-21,main,https://www.adafruit.com/product/5469,,https://youtube.com/watch?v=uwDP4-p0510,https://www.makerprojectlab.com/the-automation-paradox-maker-update/
Five tools to make with your cnc,carbide 3d,tip,cnc; machining,CNC tools and techniques.,high,292,2022-07-21,main,https://www.youtube.com/watch?v=tg3ooNALpZw,,https://youtube.com/watch?v=uwDP4-p0510,https://www.makerprojectlab.com/the-automation-paradox-maker-update/
3D Print Your Own Mini Battlebot!,Maker's Muse,project,robotics; combat; 3d-printing,Mini battlebot 3D printed robot.,high,291,2022-07-14,main,https://youtu.be/BvNRtRuOALw,,https://youtube.com/watch?v=z8tTwziiqxo,https://www.makerprojectlab.com/ready-to-rumble-maker-update/
LO-LA59 Droid,"Ruiz Brothers, Philip Burgess and Kattni Rembor",project,droid; sculpture; collectible,LO-LA59 droid sculpture.,high,291,2022-07-14,main,https://learn.adafruit.com/lola-droid,,https://youtube.com/watch?v=z8tTwziiqxo,https://www.makerprojectlab.com/ready-to-rumble-maker-update/
"Marblevator, Pick and Place, Version 2.",gzumwalt,project,automation; pick-and-place; marble-run,Marblevator pick and place machine.,high,291,2022-07-14,main,https://www.instructables.com/Marblevator-Pick-and-Place-Version-2/,,https://youtube.com/watch?v=z8tTwziiqxo,https://www.makerprojectlab.com/ready-to-rumble-maker-update/
"Making a Space Age Neon Sign, Start to Finish",Wesley Treat,project,neon-sign; high-voltage; glass-working,Space age neon sign creation.,high,291,2022-07-14,main,https://youtu.be/WT88LeltbT4,,https://youtube.com/watch?v=z8tTwziiqxo,https://www.makerprojectlab.com/ready-to-rumble-maker-update/
How To Make Vintage Hand-Painted Signs with a Laser Cutter!,Jen Schachter,tip,laser-cutting; hand-painted; lettering,Vintage hand-painted signs with laser cutter.,high,291,2022-07-14,main,https://www.tested.com/making/how-tos/how-to-make-vintage-hand-painted-signs-with-a-laser-cutter/,,https://youtube.com/watch?v=z8tTwziiqxo,https://www.makerprojectlab.com/ready-to-rumble-maker-update/
Fascinating Production Method: Hot Wire Extensions,,tip,production; manufacturing; hot-wire,Hot wire extension production method.,high,291,2022-07-14,main,https://www.core77.com/posts/116267/Fascinating-Production-Method-Hot-Wire-Extensions,video: https://www.youtube.com/watch?v=PL7rsUBJp0o,https://youtube.com/watch?v=z8tTwziiqxo,https://www.makerprojectlab.com/ready-to-rumble-maker-update/
Adafruit NeoPXL8 FeatherWing and Library,lady ada,tip,led-strip; addressable-rgb; microcontroller,Adafruit NeoPXL8 LED control.,high,291,2022-07-14,main,https://learn.adafruit.com/adafruit-neopxl8-featherwing-and-library,,https://youtube.com/watch?v=z8tTwziiqxo,https://www.makerprojectlab.com/ready-to-rumble-maker-update/
Knurled knobs generator,franpoli,tip,3d-printing; parametric-design; knobs,Generator for knurled knobs.,high,291,2022-07-14,main,https://www.thingiverse.com/thing:5348989,,https://youtube.com/watch?v=z8tTwziiqxo,https://www.makerprojectlab.com/ready-to-rumble-maker-update/
Now you can simulate circuits with Fritzing,,tip,electronics; circuit-design; simulation,Circuit simulation with Fritzing.,high,291,2022-07-14,main,https://blog.fritzing.org/2022/06/27/Simulating-Circuits-with-Fritzing,https://blog.adafruit.com/2022/07/05/now-you-can-simulate-circuits-with-fritzing-fritzing-fritzingorg/,https://youtube.com/watch?v=z8tTwziiqxo,https://www.makerprojectlab.com/ready-to-rumble-maker-update/
Building a Haptic Input Knob from Scratch,ScottBez1,project,haptic-feedback; electronics; input-device,Haptic input knob from scratch.,high,290,2022-07-07,main,https://www.youtube.com/watch?v=Q76dMggUH1M,,https://youtube.com/watch?v=83o7ehRkaZ4,https://www.makerprojectlab.com/feedback-looper-maker-update/
Miniature Casita,Studson Studio,project,miniature-building; architecture; scale-model,Miniature casita architectural model.,high,290,2022-07-07,main,https://www.youtube.com/watch?v=iojNr30s0TY,,https://youtube.com/watch?v=83o7ehRkaZ4,https://www.makerprojectlab.com/feedback-looper-maker-update/
Holographic 3d printed jewelry,Penelope Bulnick,project,3d-printing; holographic; jewelry,Holographic 3D printed jewelry.,high,290,2022-07-07,main,https://www.instructables.com/Holographic-Rainbow-Reflective-3D-Prints/,,https://youtube.com/watch?v=83o7ehRkaZ4,https://www.makerprojectlab.com/feedback-looper-maker-update/
Walkmelotron,John Park,project,kinetic-art; music; motion-sculpture,Walkmelotron kinetic music sculpture.,high,290,2022-07-07,main,https://learn.adafruit.com/walkmellotron,,https://youtube.com/watch?v=83o7ehRkaZ4,https://www.makerprojectlab.com/feedback-looper-maker-update/
Adam's Curta Calculator gets CT Scanned,Tested,tip,vintage-tech; ct-scanning; restoration,Curta calculator analyzed with CT scan.,high,290,2022-07-07,main,https://www.youtube.com/watch?v=n564Cw0lHLk,,https://youtube.com/watch?v=83o7ehRkaZ4,https://www.makerprojectlab.com/feedback-looper-maker-update/
What Makes TMC2208 Steppers Silent,Michael Klements,tip,stepper-motors; silent-motors; electronics,Silent motor technology explanation.,high,290,2022-07-07,main,https://www.youtube.com/watch?v=Ut3Mj0AX5T4,,https://youtube.com/watch?v=83o7ehRkaZ4,https://www.makerprojectlab.com/feedback-looper-maker-update/
Haptic Feedback Breakout,Afafruit,tip,haptic-feedback; microcontroller; breakout-board,Haptic feedback electronics component.,high,290,2022-07-07,main,https://learn.adafruit.com/adafruit-drv2605-haptic-controller-breakout,,https://youtube.com/watch?v=83o7ehRkaZ4,https://www.makerprojectlab.com/feedback-looper-maker-update/
"3d print modular tool storage, soldering station & etc with Zack Freedman",,tip,3d-printing; organization; tool-storage,Modular tool storage 3D printing.,high,290,2022-07-07,main,https://www.youtube.com/watch?v=Bd4NnHvTRAY,,https://youtube.com/watch?v=83o7ehRkaZ4,https://www.makerprojectlab.com/feedback-looper-maker-update/
E-TKT: anachronic label maker,Andrei Speridião,project,label-maker; typewriter; vintage-tech,E-TKT anachronic label maker.,high,289,2022-06-30,main,https://hackaday.io/project/185912-e-tkt-anachronic-label-maker,https://www.hackster.io/news/e-tkt-prints-embossed-labels-with-the-power-of-iot-5ad25299cf22,https://youtube.com/watch?v=3jpaBhROYGc,https://www.makerprojectlab.com/stamp-of-approval-maker-update/
Recycled Plastic Skateboard Deck,Jason Knight,project,skateboard; recycled-plastic; sustainable,Skateboard deck from recycled plastic.,high,289,2022-06-30,main,https://hackaday.io/project/185588-rpsd-recycled-plastic-skateboard-deck,vid: https://youtu.be/v7-KU0ofVPM; more vid: https://youtu.be/BnGELNGFSCY,https://youtube.com/watch?v=3jpaBhROYGc,https://www.makerprojectlab.com/stamp-of-approval-maker-update/
DIY Retro Audio Player,Max.K,project,audio-player; retro; diy-electronics,DIY retro audio player.,high,289,2022-06-30,main,https://hackaday.io/project/185994-diy-retro-audio-player,https://hackaday.com/2022/06/23/faux-retro-tape-player-runs-on-esp32-and-80s-vibes/,https://youtube.com/watch?v=3jpaBhROYGc,https://www.makerprojectlab.com/stamp-of-approval-maker-update/
Cyber Tail,pengfeizhang,project,wearables; animatronics; cyberpunk-fashion,Cyber tail wearable costume piece.,high,289,2022-06-30,main,https://www.instructables.com/Cyber-Tail/,https://blog.arduino.cc/2022/06/23/this-project-lets-you-experience-life-with-a-cybernetic-tail/,https://youtube.com/watch?v=3jpaBhROYGc,https://www.makerprojectlab.com/stamp-of-approval-maker-update/
Print-in-place ratchet knob with 1/4inch hex socket,Shinsaku Hiura,tip,3d-printing; print-in-place; mechanical-design,Print-in-place ratchet knob.,high,289,2022-06-30,main,https://www.printables.com/model/230516-print-in-place-ratchet-knob-with-14-hex-socket,,https://youtube.com/watch?v=3jpaBhROYGc,https://www.makerprojectlab.com/stamp-of-approval-maker-update/
How to Cover Plywood Edges - for Beginners!,Anika's DIY Life,tip,woodworking; edge-finishing; veneer-technique,Covering plywood edges tutorial.,high,289,2022-06-30,main,https://youtu.be/_JOYJCGfT_g,,https://youtube.com/watch?v=3jpaBhROYGc,https://www.makerprojectlab.com/stamp-of-approval-maker-update/
LED corner for addressable LED,TechnoBumble,tip,led-strip; connector; addressable-rgb,LED corner piece for addressable LEDs.,high,289,2022-06-30,main,https://www.thingiverse.com/thing:5352615,,https://youtube.com/watch?v=3jpaBhROYGc,https://www.makerprojectlab.com/stamp-of-approval-maker-update/
DIY FYI: Making A Cassette Loop,Blitz City DIY,tip,audio; cassette; tape-loop,Making cassette tape loops.,high,289,2022-06-30,main,https://youtu.be/zEFLEi5I564,,https://youtube.com/watch?v=3jpaBhROYGc,https://www.makerprojectlab.com/stamp-of-approval-maker-update/
Arduino Masterclass Series,Programming Electronics Academy,tip,arduino; microcontroller; education,Arduino masterclass educational series.,high,289,2022-06-30,main,https://www.youtube.com/playlist?list=PLYutciIGBqC3wBleqH41YCMCqx9V1jLII,,https://youtube.com/watch?v=3jpaBhROYGc,https://www.makerprojectlab.com/stamp-of-approval-maker-update/
Custom Nanoleaf Lights,Projects with Red,project,smart-lighting; rgb-led; diy-electronics,Custom nanoleaf style lights.,high,288,2022-06-23,main,https://www.instructables.com/Custom-NanoLeaf-Lights-DIY-Wireless-Modular-Arduin/,,https://youtube.com/watch?v=OaqA9uCBAGU,https://www.makerprojectlab.com/tangled-up-in-hue/
The Doodlestation,Love Hulten,project,arcade; music; synthesizer-instrument,Doodlestation arcade music machine.,high,288,2022-06-23,main,https://www.youtube.com/watch?v=wC5qX3ECciY,,https://youtube.com/watch?v=OaqA9uCBAGU,https://www.makerprojectlab.com/tangled-up-in-hue/
Magic Wand Fiber Optic Dress,Kellechu,project,fiber-optic; led-dress; wearables-fashion,Magic wand fiber optic dress.,high,288,2022-06-23,main,https://www.instructables.com/Color-Changing-Prom-Dress-With-Wand/,,https://youtube.com/watch?v=OaqA9uCBAGU,https://www.makerprojectlab.com/tangled-up-in-hue/
High-Speed 3D Printed Arduino Pen Plotter,IV PRojects,project,3d-printing; plotter; pen-drawing,Arduino controlled pen plotter.,high,288,2022-06-23,main,https://www.youtube.com/watch?v=wX90X4rVUr8,,https://youtube.com/watch?v=OaqA9uCBAGU,https://www.makerprojectlab.com/tangled-up-in-hue/
Electromechanical Counter,Look Mum No Computer,project,electronics; mechanical; counter-device,Electromechanical counter project.,high,288,2022-06-23,main,https://www.youtube.com/watch?v=lKROdxOyX-Q,,https://youtube.com/watch?v=OaqA9uCBAGU,https://www.makerprojectlab.com/tangled-up-in-hue/
Smooth Arduino 16x2 Gauge,upir,tip,arduino; gauge; analog-display,Arduino 16x2 gauge display.,high,288,2022-06-23,main,https://www.youtube.com/watch?v=cx9CoGqpsfg,,https://youtube.com/watch?v=OaqA9uCBAGU,https://www.makerprojectlab.com/tangled-up-in-hue/
Two Factor USB Key,[Josh],tip,usb-security; authentication; microcontroller,Two-factor USB security key.,high,288,2022-06-23,main,https://youtu.be/6b-HfaJbiQg,,https://youtube.com/watch?v=OaqA9uCBAGU,https://www.makerprojectlab.com/tangled-up-in-hue/
Magnetic Saw Guide,Kiwi Workshop,tip,woodworking; tool-jigs; precision-guide,Magnetic saw guide jig.,high,288,2022-06-23,main,https://www.youtube.com/watch?v=BFCjpxclFBM,,https://youtube.com/watch?v=OaqA9uCBAGU,https://www.makerprojectlab.com/tangled-up-in-hue/
Industrial Raspberry Pis,Jeff Geerling,tip,raspberry-pi; industrial; edge-computing,Industrial-grade Raspberry Pi systems.,high,288,2022-06-23,main,https://www.youtube.com/watch?v=9MqJI_F-sz8,,https://youtube.com/watch?v=OaqA9uCBAGU,https://www.makerprojectlab.com/tangled-up-in-hue/
The Internet Time Machine,The Science Elf,project,internet-history; retro-tech; computer-science,Internet time machine project.,high,287,2022-06-16,main,https://www.youtube.com/watch?v=0OB1g8CUdbA,,https://youtube.com/watch?v=VXFg0AfISz0,https://www.makerprojectlab.com/eternal-september-maker-update/
Lego Mangle Rack Clock,Akiyuki Brick Channel,project,lego; clock; gear-mechanism,Lego Manga rack clock.,high,287,2022-06-16,main,https://www.youtube.com/watch?v=GUdlSYC1cCE,,https://youtube.com/watch?v=VXFg0AfISz0,https://www.makerprojectlab.com/eternal-september-maker-update/
WhatsApp Notifier for your Home,GreatScott!!,project,iot; notifications; smart-home,WhatsApp home notification system.,high,287,2022-06-16,main,https://www.youtube.com/watch?v=ZrkAWSemDC8,,https://youtube.com/watch?v=VXFg0AfISz0,https://www.makerprojectlab.com/eternal-september-maker-update/
Random Numbers from Bananas,Valerio Nappi,project,random-number; fruit-electronics; diy-sensor,Generating random numbers from bananas.,high,287,2022-06-16,main,https://www.valerionappi.it/brng-en/,,https://youtube.com/watch?v=VXFg0AfISz0,https://www.makerprojectlab.com/eternal-september-maker-update/
Measuring Tape Tips,Stumpy Nubs,tip,measurement; hand-tools; woodworking-technique,Measuring tape tips and tricks.,high,287,2022-06-16,main,https://www.youtube.com/watch?v=udd2kcXlB2k,,https://youtube.com/watch?v=VXFg0AfISz0,https://www.makerprojectlab.com/eternal-september-maker-update/
Laser Engraving vs Hand Engraving Metal,Caleb Kraft,tip,metal-finishing; laser-engraving; etching-comparison,Laser engraving vs hand engraving metal.,high,287,2022-06-16,main,https://www.youtube.com/watch?v=Y2W95xTFXAA,,https://youtube.com/watch?v=VXFg0AfISz0,https://www.makerprojectlab.com/eternal-september-maker-update/
Humidity Gauge made of Wood,gardeningjanrichard,tip,wood; humidity-sensing; analog-gauge,Wooden humidity gauge project.,high,287,2022-06-16,main,https://www.instructables.com/Humidity-Gauge-Made-Out-of-Wood/,,https://youtube.com/watch?v=VXFg0AfISz0,https://www.makerprojectlab.com/eternal-september-maker-update/
Milling tips with Blondiehacks,,tip,cnc; milling; woodworking-technique,CNC milling techniques.,high,287,2022-06-16,main,https://www.youtube.com/watch?v=a8K21GmlPNA,,https://youtube.com/watch?v=VXFg0AfISz0,https://www.makerprojectlab.com/eternal-september-maker-update/
"CUBOTino Autonomous: Small, 3D Printed, Rubik's Cube Robot (Raspberry Pi Zero 2, PiCamera)",,project,robotics; rubik-cube-solver; raspberry-pi,CUBOTino autonomous cube solver.,high,286,2022-06-09,main,https://www.instructables.com/CUBOTino-Autonomous-Small-3D-Printed-Rubiks-Cube-R/,,https://youtube.com/watch?v=SjmzeXc42Vs,https://www.makerprojectlab.com/with-a-twist-maker-update/
"My dog was bullied, so I made him armor",Nerdforge,project,pet-armor; cosplay; 3d-printing,Protective armor for bullied dog.,high,286,2022-06-09,main,https://youtu.be/9U85M3_E8XQ,,https://youtube.com/watch?v=SjmzeXc42Vs,https://www.makerprojectlab.com/with-a-twist-maker-update/
ArmaLamp,Peter Misenko,project,armor; 3d-printing; wearable-sculpture,ArmaLamp illuminated armor.,high,286,2022-06-09,main,https://hackaday.io/project/185116-armalamp-armageddon-resistant-night-lamp,,https://youtube.com/watch?v=SjmzeXc42Vs,https://www.makerprojectlab.com/with-a-twist-maker-update/
Mini GIF Players,"Ruiz Brothers, Kattni Rembor, Liz Clark",project,gif-animation; led-display; microcontroller,Mini GIF player animation display.,high,286,2022-06-09,main,https://learn.adafruit.com/mini-gif-players,,https://youtube.com/watch?v=SjmzeXc42Vs,https://www.makerprojectlab.com/with-a-twist-maker-update/
PeloTok,Eric Guidry,project,smart-home; tiktok; fitness-tracker-hack,PeloTok fitness tracking integration.,high,286,2022-06-09,main,https://youtu.be/oH5exxoLeaQ,https://www.hackster.io/news/the-pelotok-bike-forces-you-to-pedal-to-scroll-your-tiktok-feed-97b6e62eec8f,https://youtube.com/watch?v=SjmzeXc42Vs,https://www.makerprojectlab.com/with-a-twist-maker-update/
3D Printed Flexure,Topias Korpi,tip,3d-printing; mechanical-design; flexure-joint,3D printed flexure mechanism.,high,286,2022-06-09,main,https://hackaday.com/2022/06/03/3d-printed-flexture-shows-precision-in-action/,,https://youtube.com/watch?v=SjmzeXc42Vs,https://www.makerprojectlab.com/with-a-twist-maker-update/
How To Design Print In Place 3D Printed Mechanical Iris,Caleb Kraft,tip,3d-printing; mechanical-iris; print-in-place,Print-in-place mechanical iris design.,high,286,2022-06-09,main,https://youtu.be/eOW_kQQz2Fk,,https://youtube.com/watch?v=SjmzeXc42Vs,https://www.makerprojectlab.com/with-a-twist-maker-update/
AI-Based Dog Poop Laser Targeting System,Caleb Olsen,project,ai; pet-control; laser-pointer-automation,AI-powered dog poop laser system.,high,285,2022-06-02,main,https://youtu.be/rVzwHwN4-V0,https://www.hackster.io/news/an-ai-based-dog-poop-laser-targeting-system-907c762792e8,https://youtube.com/watch?v=GE8-7C8uORM,https://www.makerprojectlab.com/ground-score-maker-update/
YouTube Viewing Terminal Using a Recycled Super-8 Film Viewer,VEEB Projects,project,retro-tech; super-8-viewer; repurposing,YouTube viewer from old film projector.,high,285,2022-06-02,main,https://youtu.be/I5iHMEqll0Q,,https://youtube.com/watch?v=GE8-7C8uORM,https://www.makerprojectlab.com/ground-score-maker-update/
A Strange Phone,Guy Dupont,project,telephone; unconventional; electronic-sculpture,Strange phone art project.,high,285,2022-06-02,main,https://hackaday.io/project/185413-a-strange-phone,,https://youtube.com/watch?v=GE8-7C8uORM,https://www.makerprojectlab.com/ground-score-maker-update/
Portable Soldering Station,Becky Stern,tip,soldering; station; electronics-workbench,Portable soldering station setup.,high,285,2022-06-02,main,https://beckystern.com/2022/05/29/portable-soldering-station/,,https://youtube.com/watch?v=GE8-7C8uORM,https://www.makerprojectlab.com/ground-score-maker-update/
Adam’s Guide to Sanding Tools,,tip,abrasives; sanding; finishing-techniques,Guide to sanding tools and methods.,high,285,2022-06-02,main,https://www.tested.com/making/how-tos/adams-guide-to-sanding-tools/,,https://youtube.com/watch?v=GE8-7C8uORM,https://www.makerprojectlab.com/ground-score-maker-update/
Make Anything Easily Rotate,3DSage,tip,3d-printing; rotation; mechanical-design,Making rotating mechanisms easily.,high,285,2022-06-02,main,https://www.instructables.com/Make-Anything-Easily-Rotate/,,https://youtube.com/watch?v=GE8-7C8uORM,https://www.makerprojectlab.com/ground-score-maker-update/
Vacuum Form Upcycled Bubble Wrap,blorgggg,tip,plastic-forming; vacuum-forming; upcycling,Vacuum forming with bubble wrap.,high,285,2022-06-02,main,https://www.instructables.com/Vacuum-Form-Upcycled-Bubble-Wrap/,,https://youtube.com/watch?v=GE8-7C8uORM,https://www.makerprojectlab.com/ground-score-maker-update/
Doris Sung's Thermobimetal Window Shading System,,tip,window-shading; thermobimetal; responsive-architecture,Thermobimetal window shading system.,high,285,2022-06-02,main,https://www.core77.com/posts/115704/Architects-Brilliant-Use-of-Materials-Yields-Self-Shading-Windows,,https://youtube.com/watch?v=GE8-7C8uORM,https://www.makerprojectlab.com/ground-score-maker-update/
Real-Life Subtitles,Zack Freedman,project,augmented-reality; display; wearable-tech,Real-life subtitles AR project.,high,284,2022-05-26,main,https://www.youtube.com/watch?v=mTK8dIBJIqg,,https://youtube.com/watch?v=WkpnoeVVvFA,https://www.makerprojectlab.com/access-granted-maker-update/
Masking Tape Plotter,MichiMartini,project,plotter; masking-tape; mechanical-drawing,Masking tape X-Y plotter.,high,284,2022-05-26,main,https://hackaday.io/project/185279-masking-tape-plotter,,https://youtube.com/watch?v=WkpnoeVVvFA,https://www.makerprojectlab.com/access-granted-maker-update/
Hot Glue Gem Charms,Randomona,project,hot-glue; resin; jewelry,Hot glue gem charm jewelry.,high,284,2022-05-26,main,https://www.instructables.com/Wire-Rimmed-Hot-Glue-Gems-Charms/,,https://youtube.com/watch?v=WkpnoeVVvFA,https://www.makerprojectlab.com/access-granted-maker-update/
Thumb Speed Control for Mobility Scooter,Rays Fix,project,accessibility; mobility-scooter; controller-modification,Thumb speed control for mobility devices.,high,284,2022-05-26,main,https://www.youtube.com/watch?v=DAEXZgYUG6E,,https://youtube.com/watch?v=WkpnoeVVvFA,https://www.makerprojectlab.com/access-granted-maker-update/
How to use threaded inserts,Sean Charlesworth,tip,mechanical-fastening; threaded-inserts; assembly-techniques,Threaded inserts installation guide.,high,284,2022-05-26,main,https://www.youtube.com/watch?v=2u1z1bApFo4,,https://youtube.com/watch?v=WkpnoeVVvFA,https://www.makerprojectlab.com/access-granted-maker-update/
Cura 5.0 review,Lost In Tech,tip,3d-printing; slicing-software; cura-review,Cura 5.0 software review.,high,284,2022-05-26,main,https://www.youtube.com/watch?v=jRyRlEzUIaA,,https://youtube.com/watch?v=WkpnoeVVvFA,https://www.makerprojectlab.com/access-granted-maker-update/
What Glues work on 3d prints,Thomas Sanladerer,tip,3d-printing; adhesive; glue-testing,Testing glues for 3D prints.,high,284,2022-05-26,main,https://www.youtube.com/watch?v=dGE509zjf7E,,https://youtube.com/watch?v=WkpnoeVVvFA,https://www.makerprojectlab.com/access-granted-maker-update/
Cheap Flockign MAterials,Bill Makign Stuff,tip,flocking; texture; material-application,Flocking material and techniques.,high,284,2022-05-26,main,https://www.youtube.com/watch?v=duDjTX6-abw,,https://youtube.com/watch?v=WkpnoeVVvFA,https://www.makerprojectlab.com/access-granted-maker-update/
Beer Crate Battery Holder,Jarda K 66,tip,battery; storage-solution; organization,Beer crate battery holder DIY.,high,284,2022-05-26,main,https://www.printables.com/model/149774-beer-crate-battery-holder-aa-aaa-boxes,,https://youtube.com/watch?v=WkpnoeVVvFA,https://www.makerprojectlab.com/access-granted-maker-update/
Zenbot,David Covarrubias,project,zen-robot; garden; meditation-tech,Zenbot zen garden robot.,high,283,2022-05-19,main,https://makezine.com/projects/zenbot-musical-doorbell-drumbot/,,https://youtube.com/watch?v=HmyPfUsfV8o,https://www.makerprojectlab.com/handpan-servo-band-maker-update/
Color Changing Bling Ring,GeekMomProjects,project,led-jewelry; wearables; color-changing,Color changing bling ring.,high,283,2022-05-19,main,https://www.instructables.com/Color-Changing-Bling-Ring/,,https://youtube.com/watch?v=HmyPfUsfV8o,https://www.makerprojectlab.com/handpan-servo-band-maker-update/
"RGB LED Matrix Cube with 25,000 LEDs","Ruiz Brothers, Phillip Burgess",project,led-matrix; addressable-rgb; large-scale-projects,25000 LED RGB matrix cube.,high,283,2022-05-19,main,https://learn.adafruit.com/rgb-led-matrix-cube-for-pi,,https://youtube.com/watch?v=HmyPfUsfV8o,https://www.makerprojectlab.com/handpan-servo-band-maker-update/
I Made a Weightless Centrifugal,Handy Geng,project,physics; centrifugal-force; mechanical-sculpture,Weightless centrifugal sculpture.,high,283,2022-05-19,main,https://www.youtube.com/watch?v=jyYxfNyWU5I,,https://youtube.com/watch?v=HmyPfUsfV8o,https://www.makerprojectlab.com/handpan-servo-band-maker-update/
Open Resin Printer Settings Database,Adam Bute,tip,3d-printing; resin-printer; settings-database,Open resin printer settings resource.,high,283,2022-05-19,main,https://makertrainer.com/,https://hackaday.com/2022/05/13/open-database-shares-resin-3d-printing-settings/,https://youtube.com/watch?v=HmyPfUsfV8o,https://www.makerprojectlab.com/handpan-servo-band-maker-update/
DiResta Miter Saw Tip,,tip,woodworking; saw; cutting-technique,Miter saw tips and tricks.,high,283,2022-05-19,main,https://www.youtube.com/shorts/gxDnrLe0J1I,,https://youtube.com/watch?v=HmyPfUsfV8o,https://www.makerprojectlab.com/handpan-servo-band-maker-update/
How I Design Gear Trains in Autodesk Fusion 360,Greg Zumwalt,tip,cad; fusion360; mechanical-design; gear-trains,Designing gear trains in Fusion 360.,high,283,2022-05-19,main,https://youtu.be/BsEk0xB8VLk,,https://youtube.com/watch?v=HmyPfUsfV8o,https://www.makerprojectlab.com/handpan-servo-band-maker-update/
Embed Animations in your 3d Print,Caleb Kraft,project,3d-printing; animation; embedded-motion,Embedding animations in 3D prints.,high,282,2022-05-12,main,https://www.youtube.com/watch?v=I5ix8-bwDS4,,https://youtube.com/watch?v=DBOBtnujgc8,https://www.makerprojectlab.com/frame-by-frame-maker-update/
CNC Machine for a magnifying glass burner,Cranktown City,project,cnc; magnifying-glass; burning-wood,CNC magnifying glass wood burner.,high,282,2022-05-12,main,https://makezine.com/2022/04/27/this-sun-tracking-cnc-machine-uses-the-sun-instead-of-a-laser/?fbclid=IwAR0OqarwVXsEdsEjlygvE0GtyKSU1qYUydGaxrtqxNrLYTr7t2LV0pNX1oM,,https://youtube.com/watch?v=DBOBtnujgc8,https://www.makerprojectlab.com/frame-by-frame-maker-update/
Lift-up coffee table,Get Hands Dirty,project,furniture; mechanical-lifting; coffee-table,Lift-up coffee table project.,high,282,2022-05-12,main,https://www.youtube.com/watch?v=W054UOrutYM,,https://youtube.com/watch?v=DBOBtnujgc8,https://www.makerprojectlab.com/frame-by-frame-maker-update/
I made a robot that picks locks,Sparks and Code,project,robotics; lock-picking; mechanical-design,Robot lock picking project.,high,282,2022-05-12,main,https://www.youtube.com/watch?v=bLKxT6O0RQk,,https://youtube.com/watch?v=DBOBtnujgc8,https://www.makerprojectlab.com/frame-by-frame-maker-update/
Turning a Good Idea into a Product,ILTMS,tip,prototyping; product-design; business-tips,Tips for turning ideas into products.,high,282,2022-05-12,main,https://www.youtube.com/watch?v=q-uZKGlFZ70,,https://youtube.com/watch?v=DBOBtnujgc8,https://www.makerprojectlab.com/frame-by-frame-maker-update/
Faux Mud Weathering,Off Earth Cosplay,tip,weathering; cosplay; painting-technique,Faux mud weathering for costumes.,high,282,2022-05-12,main,https://www.youtube.com/watch?v=NwZDLBHPi80,,https://youtube.com/watch?v=DBOBtnujgc8,https://www.makerprojectlab.com/frame-by-frame-maker-update/
CAD in Blender,the CG Essentials,tip,cad; 3d-modeling; blender-software,CAD techniques in Blender.,high,282,2022-05-12,main,https://www.youtube.com/watch?v=6u2mLh9ZmxU,,https://youtube.com/watch?v=DBOBtnujgc8,https://www.makerprojectlab.com/frame-by-frame-maker-update/
The Winder,Crafsman Steady Craftin',tip,winding; coil,The Winder coil winding tool.,high,282,2022-05-12,main,https://www.youtube.com/watch?v=eKx4A6LU3-s,,https://youtube.com/watch?v=DBOBtnujgc8,https://www.makerprojectlab.com/frame-by-frame-maker-update/
10 Tips to Help You Win at Robot Combat,David Calkins,tip,robotics; combat-robot; strategy,Robot combat competition tips.,high,282,2022-05-12,main,https://makezine.com/2022/04/30/10-rules-to-win-at-robot-combat/,,https://youtube.com/watch?v=DBOBtnujgc8,https://www.makerprojectlab.com/frame-by-frame-maker-update/
Fiber optic and LED ceiling,Lindsay Zuelich,project,led-lighting; fiber-optic; ceiling-installation,Fiber optic and LED ceiling installation.,high,281,2022-05-05,main,https://www.youtube.com/watch?v=c5VkR78SRM0,,https://youtube.com/watch?v=pk3y9WrMGik,https://www.makerprojectlab.com/in-bloom-maker-update/
Audio spectrum display,pyrograf,project,audio-spectrum; visualizer; electronics,Audio spectrum display visualizer.,high,281,2022-05-05,main,https://www.instructables.com/Audio-Spectrum-Display-ASDV10-ESP32-399-WS2812B/,https://www.youtube.com/playlist?list=PL8wSwpauApjfmXVlVaw0af760IL2LlR8K; https://www.youtube.com/watch?v=PZK8QYlz3o4; https://www.youtube.com/watch?v=Vy4BbQ_T4lo,https://youtube.com/watch?v=pk3y9WrMGik,https://www.makerprojectlab.com/in-bloom-maker-update/
E-paper clock,Mattwach,project,electronics; e-ink-display; smart-clock,E-paper clock project.,high,281,2022-05-05,main,https://www.instructables.com/E-Paper-Clock/,,https://youtube.com/watch?v=pk3y9WrMGik,https://www.makerprojectlab.com/in-bloom-maker-update/
Butterfly Lamp,Lukasz Tuz,project,led-lamp; fiber-optic; decorative-lighting,Butterfly lamp with fiber optics.,high,281,2022-05-05,main,https://www.instructables.com/Butterfly-LED-Panel-Smart-Light-for-ESPHome/,,https://youtube.com/watch?v=pk3y9WrMGik,https://www.makerprojectlab.com/in-bloom-maker-update/
Laser cut lamp,Amy Makes Stuff,project,laser-cutting; wood; lamp-design,Laser cut lamp project.,high,281,2022-05-05,main,https://youtu.be/8kmGcYNwFaQ,,https://youtube.com/watch?v=pk3y9WrMGik,https://www.makerprojectlab.com/in-bloom-maker-update/
Confetti Shoes,Kids Invent Stuff,project,wearables; led; footwear,Confetti shoes with LED effects.,high,281,2022-05-05,main,https://www.youtube.com/watch?v=_X7gdpzkLpg,,https://youtube.com/watch?v=pk3y9WrMGik,https://www.makerprojectlab.com/in-bloom-maker-update/
Xyla Foxlin's new workshop build,,tip,makerspace; studio-setup,Workshop build and setup guide.,high,281,2022-05-05,main,https://youtu.be/wY43YAMggRs,,https://youtube.com/watch?v=pk3y9WrMGik,https://www.makerprojectlab.com/in-bloom-maker-update/
Workbench for fixing 3D printers,CHEP,tip,3d-printing; maintenance; workbench,Workbench for 3D printer repairs.,high,281,2022-05-05,main,https://www.youtube.com/watch?v=YP3zhrUCBEY,,https://youtube.com/watch?v=pk3y9WrMGik,https://www.makerprojectlab.com/in-bloom-maker-update/
Digital Toy Camera,Christopher Getschmann,project,camera; digital; toy-camera-hack,Digital toy camera project.,high,280,2022-04-28,main,https://volzo.de/thing/digitaltoycamera/,https://www.hackster.io/news/christopher-getschmann-s-digital-toy-cameras-boast-interchangeable-multi-function-lenses-0e6e6138337a,https://youtube.com/watch?v=CJK0_ihqNNw,https://www.makerprojectlab.com/lens-flare-maker-update/
Oreometer,Crystal Owens,project,measurement; ore-content; metal-detection,Oreometer ore content measurement tool.,high,280,2022-04-28,main,https://github.com/crystalowens/oreometer/,video: https://youtu.be/V_gaJ4po_Nw,https://youtube.com/watch?v=CJK0_ihqNNw,https://www.makerprojectlab.com/lens-flare-maker-update/
Pushup Lockscreen,Victor Sonck,project,fitness; gamification; smartphone-lockscreen,Pushup lockscreen fitness game.,high,280,2022-04-28,main,https://youtu.be/ZiOr9EdYEeE,video: https://youtu.be/ZiOr9EdYEeE; https://www.hackster.io/news/this-oak-1-and-raspberry-pi-powered-device-forces-you-to-perform-push-ups-to-unlock-your-desktop-966287d28aa6,https://youtube.com/watch?v=CJK0_ihqNNw,https://www.makerprojectlab.com/lens-flare-maker-update/
Cyberpunk Inspired Watch,HCLI,tip,wearables; watch; cyberpunk-fashion,Cyberpunk inspired wearable watch.,high,280,2022-04-28,main,https://www.tindie.com/products/hcli/cyberpunk-inspired-watch/,https://hackspace.raspberrypi.com/articles/cyberpunk-watch,https://youtube.com/watch?v=CJK0_ihqNNw,https://www.makerprojectlab.com/lens-flare-maker-update/
WS2812B 10001000 LED Coaster,MakeTvee,tip,led-strip; addressable-rgb; coaster-display,WS2812B LED coaster project.,high,280,2022-04-28,main,https://www.printables.com/model/171701-ws2812b-10001000-led-coasterdeco,,https://youtube.com/watch?v=CJK0_ihqNNw,https://www.makerprojectlab.com/lens-flare-maker-update/
Hacked gameboy camera takes amazing pictures,HackMakeMod,project,camera; game-boy; photography,Hacked game boy camera photography.,high,279,2022-04-21,main,https://www.youtube.com/watch?v=Hdk_Kdd3Clc,,https://youtube.com/watch?v=avt8Jx_0mqM,https://www.makerprojectlab.com/moonshot-maker-update/
DIY Dice Towers,I Like to Make Stuff,project,dice-tower; tabletop-gaming; 3d-printing,DIY dice towers for gaming.,high,279,2022-04-21,main,https://www.youtube.com/watch?v=2W6MWQ4JRGU,,https://youtube.com/watch?v=avt8Jx_0mqM,https://www.makerprojectlab.com/moonshot-maker-update/
Make Future Kitchen Timer,Valima,project,kitchen-timer; smart-home; futility,Make Future kitchen timer project.,high,279,2022-04-21,main,https://www.youtube.com/watch?v=vGFdMpF_PYA,,https://youtube.com/watch?v=avt8Jx_0mqM,https://www.makerprojectlab.com/moonshot-maker-update/
Gridfinity,Voidstar Labs,tip,storage-organization; 3d-printing; gridfinity,Gridfinity modular storage system.,high,279,2022-04-21,main,https://www.youtube.com/watch?v=ra_9zU-mnl8,,https://youtube.com/watch?v=avt8Jx_0mqM,https://www.makerprojectlab.com/moonshot-maker-update/
Send Cut Send!,,tip,laser-cutting; metal-cutting; service,Send Cut Send laser cutting service.,high,279,2022-04-21,main,,,https://youtube.com/watch?v=avt8Jx_0mqM,https://www.makerprojectlab.com/moonshot-maker-update/
Melt your PCBs,mitxela,tip,pcb-manufacturing; etching; alternative-process,Melting PCBs for circuit making.,high,279,2022-04-21,main,https://www.youtube.com/watch?v=euJgtLcWWyo,,https://youtube.com/watch?v=avt8Jx_0mqM,https://www.makerprojectlab.com/moonshot-maker-update/
Two Techniques for Breakaway plastic: Cinecom.net,,tip,plastic-separation; breakaway-plastic,Breakaway plastic separation techniques.,high,279,2022-04-21,main,https://www.youtube.com/watch?v=XJCBkRZVVqY,,https://youtube.com/watch?v=avt8Jx_0mqM,https://www.makerprojectlab.com/moonshot-maker-update/
Smooth-On,,tip,resin; mold-making; casting,Smooth-On mold making products.,high,279,2022-04-21,main,https://www.youtube.com/watch?v=rNhhizjQldI,,https://youtube.com/watch?v=avt8Jx_0mqM,https://www.makerprojectlab.com/moonshot-maker-update/
MIDI Foot Pedal,Ruiz Brothers,project,midi-controller; synthesizer; foot-pedal,MIDI foot pedal music controller.,high,278,2022-04-14,main,https://learn.adafruit.com/midi-foot-pedal/,,https://youtube.com/watch?v=jBDRgOewF8I,https://www.makerprojectlab.com/express-yourself-maker-update/
Waxed Canvas Tool Roll,Becky Stern,project,canvas; leather-crafting; tool-organization,Waxed canvas tool roll DIY.,high,278,2022-04-14,main,https://beckystern.com/2022/04/03/waxed-canvas-tool-roll/,,https://youtube.com/watch?v=jBDRgOewF8I,https://www.makerprojectlab.com/express-yourself-maker-update/
Wireless ESP32-S2 Touch Screen Controller for Pure Data,Liz Clark,project,esp32; touchscreen; pure-data; wireless-controller,Wireless ESP32 touchscreen Pure Data controller.,high,278,2022-04-14,main,https://learn.adafruit.com/wireless-esp32-s2-controller-for-pure-data/overview,,https://youtube.com/watch?v=jBDRgOewF8I,https://www.makerprojectlab.com/express-yourself-maker-update/
MyoWare 2.0,,tip,emg-sensor; muscle-sensing; electronics,MyoWare muscle sensor breakout.,high,278,2022-04-14,main,https://myoware.com/,https://www.hackster.io/news/myoware-2-0-sensor-range-boosts-performance-reliability-and-accessibility-of-emg-sensing-639fc1af0221,https://youtube.com/watch?v=jBDRgOewF8I,https://www.makerprojectlab.com/express-yourself-maker-update/
Induction Coin Selector with Arduino,Electronoobs,tip,electronics; arduino; coin-detection,Arduino coin selector circuit.,high,278,2022-04-14,main,https://youtu.be/Kl7uTviiOG0,,https://youtube.com/watch?v=jBDRgOewF8I,https://www.makerprojectlab.com/express-yourself-maker-update/
Todbot's CircuitPython Tricks,,tip,circuitpython; microcontroller; programming,CircuitPython tricks and techniques.,high,278,2022-04-14,main,https://learn.adafruit.com/todbot-circuitpython-tricks,,https://youtube.com/watch?v=jBDRgOewF8I,https://www.makerprojectlab.com/express-yourself-maker-update/
"Tips, Tools, and Shop Tales 2 - Book Giveaway Update",,tip,book; newsletter,Tips and Tales 2 book giveaway update newsletter.,low,278,2022-04-14,main,https://www.getrevue.co/profile/garethbranwyn,,https://youtube.com/watch?v=jBDRgOewF8I,https://www.makerprojectlab.com/express-yourself-maker-update/
Lego Sorting Vacuum,Unnecessary Inventions,project,lego; automation; vacuum-system,Lego sorting vacuum machine.,high,277,2022-04-07,main,https://www.youtube.com/watch?v=V0AbOTftMps,,https://youtube.com/watch?v=TCxtVQMJiJ4,https://www.makerprojectlab.com/sorting-by-suction-maker-update/
Noisy Cricket Replica Prop,Punished Props,project,cosplay; props; replica-weapon,Noisy Cricket weapon replica prop.,high,277,2022-04-07,main,https://www.youtube.com/watch?v=ZSJO44_jgnA,,https://youtube.com/watch?v=TCxtVQMJiJ4,https://www.makerprojectlab.com/sorting-by-suction-maker-update/
100 LED Oscilloscope,lonesoulsurfer,project,led-display; oscilloscope-visualization; electronics,100 LED oscilloscope display.,high,277,2022-04-07,main,https://www.instructables.com/100-LED-Oscilloscope/,,https://youtube.com/watch?v=TCxtVQMJiJ4,https://www.makerprojectlab.com/sorting-by-suction-maker-update/
Aliens Diorama Book Nook,Muhammed FaysaD,project,diorama; miniature; book-nook,Aliens diorama book nook.,high,277,2022-04-07,main,https://www.instructables.com/Aliens-Movie-Book-Nook-Diorama/,,https://youtube.com/watch?v=TCxtVQMJiJ4,https://www.makerprojectlab.com/sorting-by-suction-maker-update/
Using a jobsite saw fr fine woodworking,3x3Custom,tip,woodworking; saw-technique; precision-cutting,Jobsite saw for fine woodworking.,high,277,2022-04-07,main,https://www.youtube.com/watch?v=22oqr6o5z-w,,https://youtube.com/watch?v=TCxtVQMJiJ4,https://www.makerprojectlab.com/sorting-by-suction-maker-update/
Monport 20w fiber laser review,Caleb Kraft,tip,laser-cutter; fiber-laser,Monport 20W fiber laser review.,high,277,2022-04-07,main,https://www.youtube.com/watch?v=tjdv2wVuiCQ,,https://youtube.com/watch?v=TCxtVQMJiJ4,https://www.makerprojectlab.com/sorting-by-suction-maker-update/
Print-flat 3d-printed buildings byu Desktop Makes,,tip,3d-printing; flat-printing; architecture,Printing flat architecture buildings.,high,277,2022-04-07,main,https://www.youtube.com/watch?v=WBwKc8DM5OA,,https://youtube.com/watch?v=TCxtVQMJiJ4,https://www.makerprojectlab.com/sorting-by-suction-maker-update/
Lighting for Miniatures and Dioramas,Tested,tip,miniature; lighting-technique; photography,Lighting for miniatures and dioramas.,high,277,2022-04-07,main,https://www.youtube.com/watch?v=veSJ4K5rwWU,,https://youtube.com/watch?v=TCxtVQMJiJ4,https://www.makerprojectlab.com/sorting-by-suction-maker-update/
Servo Wordclock V2,Moritz Sivers,project,clock; word-display; servo-mechanism,Servo wordclock display.,high,276,2022-03-31,main,https://www.instructables.com/Servo-Wordclock-V2/,More images: https://hackaday.io/project/166546-servo-controlled-word-clock-v2,https://youtube.com/watch?v=Jrbyo_GtFXQ,https://www.makerprojectlab.com/in-a-word-maker-update/
Free Standing VR Support Rig,finallyfunctional,project,vr-headset; support-rig; mechanical,VR headset support stand.,high,276,2022-03-31,main,https://hackaday.io/project/184516-free-standing-vr-support-rig,Other demo video: https://youtu.be/08YYwt489xE,https://youtube.com/watch?v=Jrbyo_GtFXQ,https://www.makerprojectlab.com/in-a-word-maker-update/
Homemade Dancing Robot for Cheering,Handy Geng,project,robot; dancing; mechanical-toy,Dancing robot animation project.,high,276,2022-03-31,main,https://youtu.be/2f4Ie6A3L40,,https://youtube.com/watch?v=Jrbyo_GtFXQ,https://www.makerprojectlab.com/in-a-word-maker-update/
3D Printed Heel Clips,Ruiz Brothers,project,3d-printing; footwear; heel-clips,3D printed heel clips.,high,276,2022-03-31,main,https://learn.adafruit.com/3d-printed-heel-clips,vid1: https://youtu.be/VNkhU6BB5sY; vid2: https://youtu.be/7L9T6EHGgmc,https://youtube.com/watch?v=Jrbyo_GtFXQ,https://www.makerprojectlab.com/in-a-word-maker-update/
"Tips, Tools, and Shop Tales 2 - Book Giveaway",,tip,woodworking; craftsmanship; electronics; soldering; book,Illustrated workshop guide with practical tips and maker insights.,high,276,2022-03-31,main,https://www.makershed.com/products/make-tips-and-tales-from-the-workshop-volume-2-print,,https://youtube.com/watch?v=Jrbyo_GtFXQ,https://www.makerprojectlab.com/in-a-word-maker-update/
Breakbeat Breadboard,John Park,tip,breadboard; music; circuit-design,Breakbeat breadboard synthesizer.,high,276,2022-03-31,main,https://learn.adafruit.com/breakbeat-breadboard,,https://youtube.com/watch?v=Jrbyo_GtFXQ,https://www.makerprojectlab.com/in-a-word-maker-update/
Controlling Devices with RFID Wiz,Smooth Technology,tip,rfid; automation; control-systems,RFID device control system.,high,276,2022-03-31,main,https://learn.adafruit.com/controlling-devices-with-rfid-wiz,,https://youtube.com/watch?v=Jrbyo_GtFXQ,https://www.makerprojectlab.com/in-a-word-maker-update/
Clean Air Necklace,Geeky Faye Art,project,wearables; air-purification; necklace,Clean air filtering necklace.,high,275,2022-03-24,main,https://www.youtube.com/watch?v=niAL5Nqm1jY,,https://youtube.com/watch?v=9g764hOJ-7U,https://www.makerprojectlab.com/something-in-the-air-maker-update/
Desk with hidden piano,Get Hands Dirty,project,furniture; music; hidden-piano-desk,Desk with concealed piano.,high,275,2022-03-24,main,https://www.youtube.com/watch?v=LlZgZ0vOPh0,,https://youtube.com/watch?v=9g764hOJ-7U,https://www.makerprojectlab.com/something-in-the-air-maker-update/
Head mounted nerf launcher,Adam Savage,project,nerf-launcher; head-mounted; projectile-toy,Head mounted nerf launcher.,high,275,2022-03-24,main,https://www.youtube.com/watch?v=9LVFVTMleio,,https://youtube.com/watch?v=9g764hOJ-7U,https://www.makerprojectlab.com/something-in-the-air-maker-update/
3d printed molds for carbon fiber,Matthieu Libeert,project,3d-printing; carbon-fiber; molds,3D printed molds for carbon fiber.,high,275,2022-03-24,main,https://www.youtube.com/watch?v=g0MwuuJ6cJA,,https://youtube.com/watch?v=9g764hOJ-7U,https://www.makerprojectlab.com/something-in-the-air-maker-update/
Prototyping in Cardboard and Foamcore,Jen Schachter,tip,prototyping; foam; cardboard-mockup,Cardboard and foamcore prototyping.,high,275,2022-03-24,main,https://www.youtube.com/watch?v=UtQTIZSf8Mo,,https://youtube.com/watch?v=9g764hOJ-7U,https://www.makerprojectlab.com/something-in-the-air-maker-update/
Photo Etched Plastic PArts,Plasmo,tip,plastic; etching; detail-work,Photo etched plastic parts.,high,275,2022-03-24,main,https://www.youtube.com/watch?v=NntLi4KcLlI,,https://youtube.com/watch?v=9g764hOJ-7U,https://www.makerprojectlab.com/something-in-the-air-maker-update/
Non-Planar Gcode Bending,CNC Kitchen,tip,3d-printing; curved-paths; gcode-modification,Non-planar gcode 3D printing.,high,275,2022-03-24,main,https://youtu.be/0XaaUXOwzTs,,https://youtube.com/watch?v=9g764hOJ-7U,https://www.makerprojectlab.com/something-in-the-air-maker-update/
Five Screw Clamp Tips,DIY Creators,tip,clamping; woodworking; fastening-technique,Screw clamp tips and tricks.,high,275,2022-03-24,main,https://www.youtube.com/watch?v=I18y14nuqgY,,https://youtube.com/watch?v=9g764hOJ-7U,https://www.makerprojectlab.com/something-in-the-air-maker-update/
Milling PCBs,Zack Freedman,tip,pcb-milling; desktop-manufacturing; circuit-boards,PCB milling techniques.,high,275,2022-03-24,main,https://www.youtube.com/watch?v=Hm_JrACrmVs,,https://youtube.com/watch?v=9g764hOJ-7U,https://www.makerprojectlab.com/something-in-the-air-maker-update/
Raspberry Pi Smart Magic Mirror,Becky Stern,project,smart-home; mirror; display-technology,Raspberry Pi smart mirror.,high,274,2022-03-17,main,https://beckystern.com/2022/03/06/raspberry-pi-smart-magic-mirror/,,https://youtube.com/watch?v=eF5NNZ6-rgA,https://www.makerprojectlab.com/where-the-magic-happens-maker-update/
Lazy Susan 2.0 (Sushi Train),Garage Avenger,project,mechanical; rotating-platform; automated-serving,Lazy Susan sushi train machine.,high,274,2022-03-17,main,https://www.instructables.com/Lazy-Susan-20-Sushi-Train/,https://hackaday.com/2022/03/11/you-can-build-your-own-sushi-train/,https://youtube.com/watch?v=eF5NNZ6-rgA,https://www.makerprojectlab.com/where-the-magic-happens-maker-update/
Sketch Drawing Toy with CircuitPython,Ruiz Brothers,project,drawing-toy; circuitpython; microcontroller,Sketch drawing toy project.,high,274,2022-03-17,main,https://learn.adafruit.com/sketch-drawing-toy,,https://youtube.com/watch?v=eF5NNZ6-rgA,https://www.makerprojectlab.com/where-the-magic-happens-maker-update/
Touch Tone Phone Dial-a-Song,John Park,project,telephone-dial; music-box; vintage-tech,Phone dial-a-song music player.,high,274,2022-03-17,main,https://learn.adafruit.com/touch-tone-phone-dial-a-song,,https://youtube.com/watch?v=eF5NNZ6-rgA,https://www.makerprojectlab.com/where-the-magic-happens-maker-update/
90s Payphone Boombox Hack,Fuzzy-Wobble,project,payphone; boombox; audio,90s payphone boombox hack.,high,274,2022-03-17,main,https://www.instructables.com/90s-Payphone-Boombox-Hack/,,https://youtube.com/watch?v=eF5NNZ6-rgA,https://www.makerprojectlab.com/where-the-magic-happens-maker-update/
Complimentary Curves Router Technique,Stumpy Nubs,tip,woodworking; routing; curved-surfaces,Router technique for curved surfaces.,high,274,2022-03-17,main,https://youtu.be/tJJ8qCdnsLY,,https://youtube.com/watch?v=eF5NNZ6-rgA,https://www.makerprojectlab.com/where-the-magic-happens-maker-update/
MIDI for Makers,Liz Clark,tip,midi; music-production; audio-interface,MIDI techniques for makers.,high,274,2022-03-17,main,https://learn.adafruit.com/midi-for-makers,vid: https://youtu.be/mnKVtUq_rNY,https://youtube.com/watch?v=eF5NNZ6-rgA,https://www.makerprojectlab.com/where-the-magic-happens-maker-update/
Over-complicated lava lamp window,Simone Giertz,project,kinetic-art; interactive-installation; lava-lamp,Over-complicated lava lamp installation.,high,273,2022-03-10,main,https://www.youtube.com/watch?v=0Z8nfEOJS6M,,https://youtube.com/watch?v=NfHk4LNmQZo,https://www.makerprojectlab.com/dont-overthink-it-maker-update/
Disc Golf Launcher,Stuff Made Here,project,disc-golf; launcher; toy,Disc golf launcher toy.,high,273,2022-03-10,main,https://www.youtube.com/watch?v=gnwIiw3Rz3I,,https://youtube.com/watch?v=NfHk4LNmQZo,https://www.makerprojectlab.com/dont-overthink-it-maker-update/
Hiding a Gaming Table in Plain Sight,I Like to Make Stuff,project,furniture; gaming-table; hidden-feature,Gaming table disguised as furniture.,high,273,2022-03-10,main,https://www.youtube.com/watch?v=Lj4hjtHxTu8,,https://youtube.com/watch?v=NfHk4LNmQZo,https://www.makerprojectlab.com/dont-overthink-it-maker-update/
PVC Rocking Chair,AbrarMulla,project,pvc; furniture; rocking-chair,PVC pipe rocking chair.,high,273,2022-03-10,main,https://www.instructables.com/PVC-Rocking-Chair/,,https://youtube.com/watch?v=NfHk4LNmQZo,https://www.makerprojectlab.com/dont-overthink-it-maker-update/
DIY Motorized Camera Dolly,IV Projects,project,video-production; motorized-dolly; camera-rig,DIY motorized camera dolly.,high,273,2022-03-10,main,https://www.youtube.com/watch?v=Pt4oQwCLm9s,,https://youtube.com/watch?v=NfHk4LNmQZo,https://www.makerprojectlab.com/dont-overthink-it-maker-update/
Cutting an Acme Thread with Blondiehacks,,tip,machining; threading; acme-thread,Cutting acme threads on mills.,high,273,2022-03-10,main,https://www.youtube.com/watch?v=7ihitU-EWPY,,https://youtube.com/watch?v=NfHk4LNmQZo,https://www.makerprojectlab.com/dont-overthink-it-maker-update/
Faster prints with 100% Infill,CHEP,tip,3d-printing; infill-pattern; speed-optimization,100% infill for faster 3D prints.,high,273,2022-03-10,main,https://www.youtube.com/watch?v=Z0dW5r1EVEM,,https://youtube.com/watch?v=NfHk4LNmQZo,https://www.makerprojectlab.com/dont-overthink-it-maker-update/
GH6 Review,Joey Fameli,tip,camera; action-cam,GH6 action camera review.,high,273,2022-03-10,main,https://www.youtube.com/watch?v=7I4oFhbmEZY,,https://youtube.com/watch?v=NfHk4LNmQZo,https://www.makerprojectlab.com/dont-overthink-it-maker-update/
The Ranking or Trashes,Studson Studio,tip,trash; resource-evaluation; material-science,Ranking of different trash types.,high,273,2022-03-10,main,https://www.youtube.com/watch?v=3Ys4OOEAU9I,,https://youtube.com/watch?v=NfHk4LNmQZo,https://www.makerprojectlab.com/dont-overthink-it-maker-update/
"Blowing up Capacitors at 187,000fps",The Slowmo Guys,tip,capacitor; high-speed-video; electronics-demo,Capacitor explosion slow motion video.,high,273,2022-03-10,main,https://www.youtube.com/watch?v=6WUxgmMDts4,,https://youtube.com/watch?v=NfHk4LNmQZo,https://www.makerprojectlab.com/dont-overthink-it-maker-update/
Hacked car backup alarm,Guy Dupont,project,car-electronics; alarm-hacking; vehicle-modification,Hacked car backup alarm project.,high,272,2022-03-03,main,https://www.youtube.com/watch?v=Wy4Ua8bXRiE,,https://youtube.com/watch?v=5Vxv2BDc-Ew,https://www.makerprojectlab.com/funk-in-the-trunk-maker-update/
Gingerbread Condo,Natasha (and Matt) at Technochic,project,architecture; gingerbread-house; miniature-building,Gingerbread architectural model.,high,272,2022-03-03,main,https://www.youtube.com/watch?v=cDGhZ7-k81U,,https://youtube.com/watch?v=5Vxv2BDc-Ew,https://www.makerprojectlab.com/funk-in-the-trunk-maker-update/
GIANT Bird Feeder for People!,Kids Invent Stuff,project,bird-feeder; oversized; toy-creation,Giant oversized bird feeder.,high,272,2022-03-03,main,https://www.youtube.com/watch?v=dHRPT-LtP-4,,https://youtube.com/watch?v=5Vxv2BDc-Ew,https://www.makerprojectlab.com/funk-in-the-trunk-maker-update/
Anti-Swear Box,Ruth Amos,project,electronics; sound-detection; novelty-device,Anti-swear box sound detector.,high,272,2022-03-03,main,https://youtu.be/RZvADQMPKn4,,https://youtube.com/watch?v=5Vxv2BDc-Ew,https://www.makerprojectlab.com/funk-in-the-trunk-maker-update/
PVC Screw Drive RC Tank cy DIY_MVB,,project,pvc; rc-vehicle; tank-robot,PVC screw drive RC tank.,high,272,2022-03-03,main,https://www.instructables.com/SCREW-DRIVE-RC-TANK/,,https://youtube.com/watch?v=5Vxv2BDc-Ew,https://www.makerprojectlab.com/funk-in-the-trunk-maker-update/
Concrete Vase with Cardboard frame,kikomoda,project,concrete; cardboard-frame; mold-making,Concrete vase with cardboard frame.,high,272,2022-03-03,main,https://www.youtube.com/watch?v=tYChFCNhhDs,,https://youtube.com/watch?v=5Vxv2BDc-Ew,https://www.makerprojectlab.com/funk-in-the-trunk-maker-update/
Superhuman Jumping Shoes,Ian Charnas,project,footwear; jump-augmentation; wearable-tech,Superhuman jumping shoes project.,high,272,2022-03-03,main,https://www.youtube.com/watch?v=zJbGiatk_Ro,,https://youtube.com/watch?v=5Vxv2BDc-Ew,https://www.makerprojectlab.com/funk-in-the-trunk-maker-update/
Mechanical Ping Pong Sculpture,JBV Creative,project,kinetic-sculpture; mechanics; ping-pong,Mechanical ping pong sculpture.,high,272,2022-03-03,main,https://www.youtube.com/watch?v=AUsbQAm9Y_c,,https://youtube.com/watch?v=5Vxv2BDc-Ew,https://www.makerprojectlab.com/funk-in-the-trunk-maker-update/
Ball with 242 RGB-LEDs,Carl Bugeja,project,led-sphere; rgb-led; lighting-sphere,RGB LED sphere with 242 LEDs.,high,272,2022-03-03,main,https://www.youtube.com/watch?v=5iIn6wOLhv4,,https://youtube.com/watch?v=5Vxv2BDc-Ew,https://www.makerprojectlab.com/funk-in-the-trunk-maker-update/
How To Make Prototypes,Jeremy Fielding,tip,prototyping; rapid-development; methodology,Prototyping techniques and methods.,high,272,2022-03-03,main,https://www.youtube.com/watch?v=l2nNmENmMdk,,https://youtube.com/watch?v=5Vxv2BDc-Ew,https://www.makerprojectlab.com/funk-in-the-trunk-maker-update/
How does 1v/OCT work?,Liz at Blitz City DIY,tip,synthesizer; music-theory; volt-per-octave,Volt per octave synthesizer basics.,high,272,2022-03-03,main,https://www.youtube.com/watch?v=RgVXPwUlIQU,,https://youtube.com/watch?v=5Vxv2BDc-Ew,https://www.makerprojectlab.com/funk-in-the-trunk-maker-update/
Coin Cell Eliminator,,tip,battery; power-supply; coin-cell,Coin cell battery eliminator.,high,272,2022-03-03,main,https://hackaday.com/2022/02/23/coin-cell-eliminator-does-more-than-save-batteries/,,https://youtube.com/watch?v=5Vxv2BDc-Ew,https://www.makerprojectlab.com/funk-in-the-trunk-maker-update/
Phased Arrays (DIY sonar scanner),Bitluni,tip,sonar; phased-array; radar,Phased array sonar scanner DIY.,high,272,2022-03-03,main,https://youtu.be/z4uxC7ISd-c,,https://youtube.com/watch?v=5Vxv2BDc-Ew,https://www.makerprojectlab.com/funk-in-the-trunk-maker-update/
Weighted Blanket Filling Tool,Makerneer,tip,weighted-blanket; sewing-aid,Weighted blanket filling tool.,high,272,2022-03-03,main,https://www.instructables.com/Weighted-Blanket-Filling-Tool/,,https://youtube.com/watch?v=5Vxv2BDc-Ew,https://www.makerprojectlab.com/funk-in-the-trunk-maker-update/
Use canned air on hot glue,,tip,adhesive-technique; hot-glue; application,Canned air hot glue technique.,high,272,2022-03-03,main,https://youtu.be/okRKcGSsdw0,,https://youtube.com/watch?v=5Vxv2BDc-Ew,https://www.makerprojectlab.com/funk-in-the-trunk-maker-update/
Fiber Optic Matrix Display,elliotmade,project,fiber-optic; led-display; matrix-visualization,Fiber optic matrix display.,high,271,2022-02-24,main,https://www.instructables.com/Fiber-Optic-Matrix-Display/,,https://youtube.com/watch?v=Yg0pJC2kM6g,https://www.makerprojectlab.com/all-that-glitters-maker-update/
Sequential Discovery Puzzle Box,Durss,project,puzzle-box; mechanical-lock; sequential-puzzle,Sequential discovery puzzle box.,high,271,2022-02-24,main,https://www.instructables.com/Sequential-Discovery-Puzzle-Box/,,https://youtube.com/watch?v=Yg0pJC2kM6g,https://www.makerprojectlab.com/all-that-glitters-maker-update/
Portable Workbench,3x3Custom,project,workbench; portable; modular-design,Portable workbench setup.,high,271,2022-02-24,main,https://www.youtube.com/watch?v=rG5V5LszdJQ,,https://youtube.com/watch?v=Yg0pJC2kM6g,https://www.makerprojectlab.com/all-that-glitters-maker-update/
Party Parrot Zoetrope,The Ruiz Brothers,project,animation; zoetrope; kinetic-art,Party parrot zoetrope animation.,high,271,2022-02-24,main,https://learn.adafruit.com/party-parrot-zoetrope,,https://youtube.com/watch?v=Yg0pJC2kM6g,https://www.makerprojectlab.com/all-that-glitters-maker-update/
Infinity Mirror Hypercrystal,Inanna Malick,project,infinity-mirror; led; decorative-display,Infinity mirror hypercrystal.,high,271,2022-02-24,main,https://recursion.wtf/posts/infinity_mirror_hypercrystal/,,https://youtube.com/watch?v=Yg0pJC2kM6g,https://www.makerprojectlab.com/all-that-glitters-maker-update/
Understanding Optical Filters,IMSAI Guy,tip,optics; light-filtering; optical-science,Understanding optical filters.,high,271,2022-02-24,main,https://www.youtube.com/watch?v=h9McddItZk8,,https://youtube.com/watch?v=Yg0pJC2kM6g,https://www.makerprojectlab.com/all-that-glitters-maker-update/
Polygonia Design,,tip,design; software; cad-tool,Polygonia design tool.,high,271,2022-02-24,main,https://polygonia.design/,,https://youtube.com/watch?v=Yg0pJC2kM6g,https://www.makerprojectlab.com/all-that-glitters-maker-update/
TRRS Connectors as i2c Breakouts,Ron Nelson,tip,i2c; connector; trrs-jack,TRRS connectors for i2c.,high,271,2022-02-24,main,https://www.amazon.com/gp/product/B09KGL52W8?ie=UTF8&psc=1&linkCode=sl1&tag=austanti-20&linkId=b3718d216a19f0a16e60305cbe93e023&language=en_US&ref_=as_li_ss_tl&fbclid=IwAR0sp-HWWjkZQn9tkCpBjv5LFE-z4zWYHhbdzOx4HJZBDn8yKr4-qkUm7b8,,https://youtube.com/watch?v=Yg0pJC2kM6g,https://www.makerprojectlab.com/all-that-glitters-maker-update/
What's the best Wire Connector?,Great Scott!,tip,connector; electrical; wire-connections,Best wire connector types.,high,271,2022-02-24,main,https://www.youtube.com/watch?v=zgjo36-jaFY,,https://youtube.com/watch?v=Yg0pJC2kM6g,https://www.makerprojectlab.com/all-that-glitters-maker-update/
"WeatherBot - a Motorised Weather Machine | 3D Printable, ESP32 & OpenWeatherMap",DIY Machines,project,weather-machine; 3d-printing; esp32; smart-home,WeatherBot motorized display machine.,high,270,2022-02-17,main,https://www.instructables.com/WeatherBot-a-Motorised-Weather-Machine-3D-Printabl/,,https://youtube.com/watch?v=iyfpNirQ3Cs,https://www.makerprojectlab.com/turn-turn-turn-maker-update/
Freaky Fractals: HD Video Feedback Machine,Dave Blair,project,video-feedback; hd-video; kinetic-art,Freaky fractals video feedback machine.,high,270,2022-02-17,main,https://makezine.com/projects/freaky-fractals-hd-video-feedback-machine/,,https://youtube.com/watch?v=iyfpNirQ3Cs,https://www.makerprojectlab.com/turn-turn-turn-maker-update/
Make Your Own MONSTERS Using OLD TOYS,Bill Making Stuff,project,toy-modification; sculpture; repurposing,Making monsters from old toys.,high,270,2022-02-17,main,https://youtu.be/MfgICk7WIs8,,https://youtube.com/watch?v=iyfpNirQ3Cs,https://www.makerprojectlab.com/turn-turn-turn-maker-update/
PlottyBot,Ben Akrin,project,plotter; diy-machine; automation,PlottyBot drawing plotter.,high,270,2022-02-17,main,https://ben.akrin.com/?page_id=9650,https://hackaday.com/2022/02/07/plottybot-a-drawbot-that-plots-a-lot/,https://youtube.com/watch?v=iyfpNirQ3Cs,https://www.makerprojectlab.com/turn-turn-turn-maker-update/
MandalaGaba,Ben Akrin,tip,mandala; generative-art; drawing-tools,MandalaGaba generative art tool.,high,270,2022-02-17,main,https://www.mandalagaba.com/,https://pro.mandalagaba.com/,https://youtube.com/watch?v=iyfpNirQ3Cs,https://www.makerprojectlab.com/turn-turn-turn-maker-update/
3D Contour Map,makendo,tip,3d-mapping; topography; contour-map,3D topographic contour mapping.,high,270,2022-02-17,main,https://www.instructables.com/3D-Contour-Map/,,https://youtube.com/watch?v=iyfpNirQ3Cs,https://www.makerprojectlab.com/turn-turn-turn-maker-update/
Kiri:Moto,,tip,cad; 3d-modeling; slicing-software,Kiri:Moto 3D CAD and slicing.,high,270,2022-02-17,main,https://grid.space/kiri/,,https://youtube.com/watch?v=iyfpNirQ3Cs,https://www.makerprojectlab.com/turn-turn-turn-maker-update/
Casino Clock,Shinsaku Hiura,project,clock; gaming; casino-aesthetic,Casino clock project.,high,269,2022-02-10,main,https://www.youtube.com/watch?v=GRZh4gPptd4,,https://youtube.com/watch?v=HIXFlATx9Ys,https://www.makerprojectlab.com/half-past-a-full-house-maker-update/
Puzzle Box,Progress,project,puzzle-box; mechanical-lock; brain-teaser,Puzzle box mechanical project.,high,269,2022-02-10,main,https://www.youtube.com/watch?v=5ewb5g7V3EM,,https://youtube.com/watch?v=HIXFlATx9Ys,https://www.makerprojectlab.com/half-past-a-full-house-maker-update/
Car Rotisserie,I Like to Make Stuff,project,automotive; car-maintenance; rotisserie-tool,Car rotisserie stand DIY.,high,269,2022-02-10,main,https://www.youtube.com/watch?v=bUVFici8lpY,,https://youtube.com/watch?v=HIXFlATx9Ys,https://www.makerprojectlab.com/half-past-a-full-house-maker-update/
One-Handed PlayStation controllers,Akaki Kuumeri,project,accessibility; gaming-controller; adaptive-tech,One-handed PlayStation controllers.,high,269,2022-02-10,main,https://www.youtube.com/watch?v=VIqHEktjqu4,https://thecontrollerproject.com/,https://youtube.com/watch?v=HIXFlATx9Ys,https://www.makerprojectlab.com/half-past-a-full-house-maker-update/
Five failed 3d printing concepts,Maker's Muse,tip,3d-printing; failure-analysis; design-flaws,Failed 3D printing design examples.,high,269,2022-02-10,main,https://www.youtube.com/watch?v=waQQg1uz-wI,,https://youtube.com/watch?v=HIXFlATx9Ys,https://www.makerprojectlab.com/half-past-a-full-house-maker-update/
A better method for soldering wires,Richard Wagner,tip,soldering; wire-joining; electronics-assembly,Better wire soldering techniques.,high,269,2022-02-10,main,https://www.instructables.com/Soldering-Wires-Heres-a-Better-Way/,,https://youtube.com/watch?v=HIXFlATx9Ys,https://www.makerprojectlab.com/half-past-a-full-house-maker-update/
Boxes.py,Florian Festi,tip,design-tool; parameterized-boxes; laser-cutting,Boxes.py parametric box generator.,high,269,2022-02-10,main,https://www.festi.info/boxes.py/,,https://youtube.com/watch?v=HIXFlATx9Ys,https://www.makerprojectlab.com/half-past-a-full-house-maker-update/
Portable Laser review,Tested,tip,laser-cutter; portable,Portable laser cutter review.,high,269,2022-02-10,main,https://www.youtube.com/watch?v=OHCxslQoWQQ,,https://youtube.com/watch?v=HIXFlATx9Ys,https://www.makerprojectlab.com/half-past-a-full-house-maker-update/
Scratch Built Spaceship Out Of Trash,Bill Making Stuff,project,sculpture; trash-art; found-objects; spaceship,Spaceship sculpture from recycled trash.,high,268,2022-02-03,main,https://youtu.be/XbArvY4GYm0,,https://youtube.com/watch?v=M0Zj1qGT4HM,https://www.makerprojectlab.com/space-junk-maker-update/
Altar-3000,Vytautas Jankauskas,project,multimedia; installation; interactive-art,Altar-3000 interactive installation.,high,268,2022-02-03,main,https://vjnks.com/works/altar-3000-51,https://www.creativeapplications.net/openframeworks/altar-3000-an-ai-prophet-in-the-age-of-digestible-truths/,https://youtube.com/watch?v=M0Zj1qGT4HM,https://www.makerprojectlab.com/space-junk-maker-update/
I invented the spoon for eating curry and rice,Marina Fujiwara,project,utensil-design; functional-design; personal-project,Specialized spoon for curry and rice.,high,268,2022-02-03,main,https://youtu.be/bwF-i3sNAIE,,https://youtube.com/watch?v=M0Zj1qGT4HM,https://www.makerprojectlab.com/space-junk-maker-update/
Can 3D Printing Improve Your Car?,I Like to Make Stuff,tip,3d-printing; automotive; repair-parts,3D printed car improvements.,high,268,2022-02-03,main,https://youtu.be/SndYymulUe4,,https://youtube.com/watch?v=M0Zj1qGT4HM,https://www.makerprojectlab.com/space-junk-maker-update/
Replace Micro-USB Port With Only a Soldering Iron,ErinTheSmall,tip,micro-usb; port-repair; soldering-technique,Repairing micro-USB with soldering.,high,268,2022-02-03,main,https://www.instructables.com/Replace-Micro-USB-Port-With-Only-a-Soldering-Iron/,,https://youtube.com/watch?v=M0Zj1qGT4HM,https://www.makerprojectlab.com/space-junk-maker-update/
Japanese Finishing Expert Develops Metal Paint Engraving Technique,,tip,metal; engraving; finishing-techniques,Metal paint engraving method.,high,268,2022-02-03,main,https://www.rohan-izawa.com/,Video of process: https://youtu.be/L706Xf40lQY; https://www.core77.com/posts/111572/Tattoos-for-Cars-Japanese-Finishing-Expert-Develops-Metal-Paint-Engraving-Technique,https://youtube.com/watch?v=M0Zj1qGT4HM,https://www.makerprojectlab.com/space-junk-maker-update/
McGuyver Lamp,Laura Kampf,project,lamp; repurposing; rustic-design,McGuyver lamp lighting project.,high,267,2022-01-27,main,https://www.youtube.com/watch?v=pPi6vQz2m4U,,https://youtube.com/watch?v=hYtTA_sUNZE,https://www.makerprojectlab.com/within-constraints-maker-update/
Giant Caliper Clock,Fantasy Forge,project,clock; mechanical; caliper-design,Giant mechanical caliper clock.,high,267,2022-01-27,main,https://www.youtube.com/watch?v=QKd1luTGQvI,,https://youtube.com/watch?v=hYtTA_sUNZE,https://www.makerprojectlab.com/within-constraints-maker-update/
DIY Desktop Injection Molding machine,Action Box,project,injection-molding; manufacturing; plastic-processing,Desktop injection molding machine.,high,267,2022-01-27,main,https://www.youtube.com/watch?v=JtcJAaYVMAg,,https://youtube.com/watch?v=hYtTA_sUNZE,https://www.makerprojectlab.com/within-constraints-maker-update/
Repurposing dead power banks,Lonesoulsurver,project,power-bank; repurposing; electronics-recycling,Repurposing dead power banks.,high,267,2022-01-27,main,https://www.instructables.com/Re-purpose-Broken-Power-Banks/,,https://youtube.com/watch?v=hYtTA_sUNZE,https://www.makerprojectlab.com/within-constraints-maker-update/
Bluetooth Pedal footswitch,Nuri Erginer,project,bluetooth; pedal-switch; wireless-control,Bluetooth footswitch pedal.,high,267,2022-01-27,main,https://hackaday.io/project/183533-bluepedal,,https://youtube.com/watch?v=hYtTA_sUNZE,https://www.makerprojectlab.com/within-constraints-maker-update/
Spaceship Paneling with Adam Savage,,tip,spaceship; set-design; fabrication-technique,Spaceship paneling fabrication tips.,high,267,2022-01-27,main,https://www.youtube.com/watch?v=NiZPuE0wBE8,,https://youtube.com/watch?v=hYtTA_sUNZE,https://www.makerprojectlab.com/within-constraints-maker-update/
KiCad 6 impressions,VoltLog,tip,kicad; electronics; cad-software,KiCad 6 software review.,high,267,2022-01-27,main,https://www.youtube.com/watch?v=NlUhXlaiFZw,,https://youtube.com/watch?v=hYtTA_sUNZE,https://www.makerprojectlab.com/within-constraints-maker-update/
Designing within constraints,Make Something,tip,design-methodology; constraints; problem-solving,Designing within constraints.,high,267,2022-01-27,main,https://www.youtube.com/watch?v=YHO98r7zKIw,,https://youtube.com/watch?v=hYtTA_sUNZE,https://www.makerprojectlab.com/within-constraints-maker-update/
Caliper funsion 360 Integration,84Mota,tip,calipers; cad; design-workflow,Calipers integration with Fusion 360.,high,267,2022-01-27,main,https://twitter.com/84mota/status/1484752979307626496,,https://youtube.com/watch?v=hYtTA_sUNZE,https://www.makerprojectlab.com/within-constraints-maker-update/
Breeze,Boyoung Lee,project,wearables; air-quality; pollutant-detection,Breeze air quality wearable.,high,266,2022-01-20,main,https://bycworks.com/Breeze,https://www.creativeapplications.net/environment/breeze-the-decimal-place-a-construct-of-nature-beyond-0-and-1/,https://youtube.com/watch?v=kJut5gMnSDk,https://www.makerprojectlab.com/easy-breezy-maker-update/
ioalieia,Eirik Brandal,project,interactive-art; sound-responsive; installation,ioalieia interactive sound art.,high,266,2022-01-20,main,https://hackaday.io/project/183534-ioalieia,,https://youtube.com/watch?v=kJut5gMnSDk,https://www.makerprojectlab.com/easy-breezy-maker-update/
Airpods Controller,Marina Fujiwara,project,wireless-controller; airpods; electronics,AirPods controller DIY.,high,266,2022-01-20,main,https://youtu.be/TIeSdSQlevo,,https://youtube.com/watch?v=kJut5gMnSDk,https://www.makerprojectlab.com/easy-breezy-maker-update/
Umwelten,"Yang Gao, Amelia Goldie and Sienna Liu",project,wearables; environmental-sensing; fashion-tech,Umwelten environmental wearables.,high,266,2022-01-20,main,http://www.interactivearchitecture.org/lab-projects/umwelten,best video: https://vimeo.com/661523224,https://youtube.com/watch?v=kJut5gMnSDk,https://www.makerprojectlab.com/easy-breezy-maker-update/
Low Poly-fy Your 3D Models Online For Free,,tip,3d-modeling; low-poly; online-tool,Low poly model converter tool.,high,266,2022-01-20,main,https://lowpoly3d.xyz/,video: https://www.youtube.com/watch?v=5s5rWGLhoEI; via: https://makezine.com/2022/01/12/low-poly-fy-your-3d-models-online-for-free/,https://youtube.com/watch?v=kJut5gMnSDk,https://www.makerprojectlab.com/easy-breezy-maker-update/
Video overview:,,tip,overview,Video overview of project content.,low,266,2022-01-20,main,https://www.youtube.com/watch?v=5s5rWGLhoEI,,https://youtube.com/watch?v=kJut5gMnSDk,https://www.makerprojectlab.com/easy-breezy-maker-update/
New Form 3+ SLA 3D Printer Review + Build Platform 2,,tip,3d-printer; sla-resin,Form 3+ SLA printer review.,high,266,2022-01-20,main,https://www.tested.com/tech/reviews/new-form-3-sla-3d-printer-review-build-platform-2/,,https://youtube.com/watch?v=kJut5gMnSDk,https://www.makerprojectlab.com/easy-breezy-maker-update/
UPDATED GUIDE: Animated Eyes for Raspberry Pi,Phil B,tip,raspberry-pi; animation; eyes-project,Animated eyes for Raspberry Pi.,high,266,2022-01-20,main,https://blog.adafruit.com/2022/01/11/updated-guide-animated-eyes-for-raspberry-pi/,,https://youtube.com/watch?v=kJut5gMnSDk,https://www.makerprojectlab.com/easy-breezy-maker-update/
Designing Custom Mounts for Motors & Solenoids,,tip,motor-mounts; mechanical-design; 3d-printing,Custom motor mount design.,high,266,2022-01-20,main,https://youtu.be/C7N01D5KMQk,,https://youtube.com/watch?v=kJut5gMnSDk,https://www.makerprojectlab.com/easy-breezy-maker-update/
Slideshow,,tip,presentation; slides,Google Slides presentation about maker topic.,low,266,2022-01-20,main,https://docs.google.com/presentation/d/1aQFVvdp4ORpGMTYAYTbR-T3GeZSgxic6lCsUvcWYTi4/edit?usp=sharing,,https://youtube.com/watch?v=kJut5gMnSDk,https://www.makerprojectlab.com/easy-breezy-maker-update/
$60 haptic feedback VR gloves,Lucas VRTech,project,vr-haptics; force-feedback; wearable-tech,$60 haptic feedback VR gloves.,high,265,2022-01-13,main,https://youtu.be/ZTzn37Usa-U,,https://youtube.com/watch?v=xOR4EOecKMs,https://www.makerprojectlab.com/invisible-touch-maker-update/
Modular PingPong display,David Vogt,project,display; modular; led-screen,Modular PingPong display.,high,265,2022-01-13,main,https://hackaday.io/project/183328-modular-3d-printed-led-ping-pong-ball-display/details,,https://youtube.com/watch?v=xOR4EOecKMs,https://www.makerprojectlab.com/invisible-touch-maker-update/
Action Camera with Vintge Lens,W&M Levsha,project,camera; vintage-lens; repurposing-optics,Action camera with vintage lens.,high,265,2022-01-13,main,https://www.youtube.com/watch?v=5gLIizIJeUk,,https://youtube.com/watch?v=xOR4EOecKMs,https://www.makerprojectlab.com/invisible-touch-maker-update/
Passive Mixer,Blitz City DIY,project,audio-mixer; passive-circuit; music-production,Passive audio mixer DIY.,high,265,2022-01-13,main,https://www.youtube.com/watch?v=xiyIrjOXLjM,,https://youtube.com/watch?v=xOR4EOecKMs,https://www.makerprojectlab.com/invisible-touch-maker-update/
Printable USB-> Dupont Power adapter,PROSCH,tip,adapter; usb-connector; 3d-printed,USB to Dupont adapter 3D printed.,high,265,2022-01-13,main,https://hackaday.com/2022/01/05/usb-power-has-never-been-easier/,,https://youtube.com/watch?v=xOR4EOecKMs,https://www.makerprojectlab.com/invisible-touch-maker-update/
Settings Guide plugin for Cura,,tip,3d-printing; cura; plugin-software,Cura settings guide plugin.,high,265,2022-01-13,main,https://www.youtube.com/watch?v=YrvkJOPoWMc,,https://youtube.com/watch?v=xOR4EOecKMs,https://www.makerprojectlab.com/invisible-touch-maker-update/
50 CAD tips,Jeremy Fielding,tip,cad; design; fusion360,50 CAD tips collection.,high,265,2022-01-13,main,https://www.youtube.com/watch?v=X5fvqiFhMg0,,https://youtube.com/watch?v=xOR4EOecKMs,https://www.makerprojectlab.com/invisible-touch-maker-update/
I Got a Probe Macro lens,Crafsman Steady Craftin,tip,macro-lens; probe-lens; photography-optics,Probe macro lens for photography.,high,265,2022-01-13,main,https://www.youtube.com/watch?v=tfQfCCHJGYw&t=314s,,https://youtube.com/watch?v=xOR4EOecKMs,https://www.makerprojectlab.com/invisible-touch-maker-update/
HeartBeatDress,Anouk Wipprecht,project,wearables; electronics; heartbeat-dress,HeartBeatDress electronic wearable.,high,264,2022-01-06,main,https://makezine.com/2021/12/17/anouk-wipprecht-teams-with-swarovski-to-make-a-heartbeat-dress/,video: https://vimeo.com/657856376; https://www.hackster.io/news/anouk-wipprecht-s-3d-printed-bio-monitoring-heartbeatdress-makes-the-hidden-visible-0c877cfca953,https://youtube.com/watch?v=g_Md4S3055c,https://www.makerprojectlab.com/dont-stress-the-dress-maker-update/
Anouk's Instructables,,project,instructables; tutorial; projects-guide,Anouk Wipprecht instructables tutorials.,high,264,2022-01-06,main,https://www.instructables.com/member/anoukwipprecht/instructables/,,https://youtube.com/watch?v=g_Md4S3055c,https://www.makerprojectlab.com/dont-stress-the-dress-maker-update/
My New Clever Soldering Station,Laura Kampf,project,soldering; workbench; metalworking; tool-making,A custom-built soldering workstation by maker Laura Kampf.,high,264,2022-01-06,main,https://youtu.be/BnNstxggP9A,,https://youtube.com/watch?v=g_Md4S3055c,https://www.makerprojectlab.com/dont-stress-the-dress-maker-update/
Tetrakis Square Tiling With WS2812 LEDs,andrei.erdei,project,led,Tetrakis Square Tiling With WS2812 LEDs by andrei.erdei.,high,264,2022-01-06,main,https://www.instructables.com/Tetrakis-Square-Tiling-With-WS2812-LEDs/,,https://youtube.com/watch?v=g_Md4S3055c,https://www.makerprojectlab.com/dont-stress-the-dress-maker-update/
YouTube Makers Secret Santa,,project,playlist,YouTube Makers Secret Santa playlist event.,low,264,2022-01-06,main,https://www.youtube.com/playlist?list=PLBsfTOjKcQe-dxiUtDUMUkOL3bXDowADb,,https://youtube.com/watch?v=g_Md4S3055c,https://www.makerprojectlab.com/dont-stress-the-dress-maker-update/
10 Cool Inventions Anyone Can Print,Zack Freedman,tip,3d-printing,10 Cool Inventions Anyone Can Print by Zack Freedman.,high,264,2022-01-06,main,https://youtu.be/1XVcix5n8x8,,https://youtube.com/watch?v=g_Md4S3055c,https://www.makerprojectlab.com/dont-stress-the-dress-maker-update/
"Industrial Sewing Machine, Basics Mods for your Beast!",Eric Strebel,tip,mechanical; sewing,"Industrial Sewing Machine, Basics Mods for your Beast! by Eric Strebel.",high,264,2022-01-06,main,https://youtu.be/7xf7v8GM738,,https://youtube.com/watch?v=g_Md4S3055c,https://www.makerprojectlab.com/dont-stress-the-dress-maker-update/
Danilo Olim's Interlocking Plywood Shapes for Custom Shelving Units,,tip,wood,Danilo Olim's Interlocking Plywood Shapes for Custom Shelving Units.,high,264,2022-01-06,main,https://www.core77.com/posts/111191/Danilo-Olims-Interlocking-Plywood-Shapes-for-Custom-Shelving-Units,,https://youtube.com/watch?v=g_Md4S3055c,https://www.makerprojectlab.com/dont-stress-the-dress-maker-update/
Zenbot,David Covarrubias,project,music; robotics; electronics; sound; percussion,Musical robot doorbell that plays drums.,high,314,2022-12-29,main,https://makezine.com/projects/zenbot-musical-doorbell-drumbot/,,https://youtube.com/watch?v=Bcpz1bi7Uek,https://www.makerprojectlab.com/favorite-projects-of-2022-maker-update/
Freaky Fractals: HD Video Feedback Machine,Dave Blair,project,video-art; light; kinetic-art; electronics; diy,HD video feedback loop art installation.,high,314,2022-12-29,main,https://makezine.com/projects/freaky-fractals-hd-video-feedback-machine/,,https://youtube.com/watch?v=Bcpz1bi7Uek,https://www.makerprojectlab.com/favorite-projects-of-2022-maker-update/
AI-Based Dog Poop Laser Targeting System,Caleb Olsen,project,ai; laser; robotics; machine-learning; smart-home,AI-powered laser system targeting dog waste.,high,314,2022-12-29,main,https://youtu.be/rVzwHwN4-V0,https://www.hackster.io/news/an-ai-based-dog-poop-laser-targeting-system-907c762792e8,https://youtube.com/watch?v=Bcpz1bi7Uek,https://www.makerprojectlab.com/favorite-projects-of-2022-maker-update/
Real-Life Subtitles,Zack Freedman,project,computer-vision; wearables; ai; assistive-tech; electronics,Real-time subtitle display for daily conversations.,high,314,2022-12-29,main,https://www.youtube.com/watch?v=mTK8dIBJIqg,,https://youtube.com/watch?v=Bcpz1bi7Uek,https://www.makerprojectlab.com/favorite-projects-of-2022-maker-update/
Making a Tiny Glowy WiFi Message Cube,Charlyn Gonda,project,led; electronics; wifi; esp32; iot,Tiny WiFi-enabled LED message cube.,high,314,2022-12-29,main,https://charlyn.codes/tiny-led-wifi-cube/,,https://youtube.com/watch?v=Bcpz1bi7Uek,https://www.makerprojectlab.com/favorite-projects-of-2022-maker-update/
The Internet Time Machine,The Science Elf,project,internet-archive; retro-technology,The Internet Time Machine by Science Elf channel,low,314,2022-12-29,main,https://www.youtube.com/watch?v=0OB1g8CUdbA,,https://youtube.com/watch?v=Bcpz1bi7Uek,https://www.makerprojectlab.com/favorite-projects-of-2022-maker-update/
Portable Soldering Station,Becky Stern,project,soldering; electronics; diy-workshop; mobile,Portable soldering workstation for electronics.,high,314,2022-12-29,main,https://beckystern.com/2022/05/29/portable-soldering-station/,,https://youtube.com/watch?v=Bcpz1bi7Uek,https://www.makerprojectlab.com/favorite-projects-of-2022-maker-update/
Raspberry Pi Pico W,,tip,microcontroller; electronics; iot; embedded-systems; raspberry-pi,Wireless-enabled Raspberry Pi Pico board.,high,314,2022-12-29,main,https://www.raspberrypi.com/news/raspberry-pi-pico-w-your-6-iot-platform/,,https://youtube.com/watch?v=Bcpz1bi7Uek,https://www.makerprojectlab.com/favorite-projects-of-2022-maker-update/
How To Make Vintage Hand-Painted Signs with a Laser Cutter!,Jen Schachter,tip,laser-cutting; design; craft; signage,Technique for laser-cut vintage hand-painted signs.,high,314,2022-12-29,main,https://www.tested.com/making/how-tos/how-to-make-vintage-hand-painted-signs-with-a-laser-cutter/,,https://youtube.com/watch?v=Bcpz1bi7Uek,https://www.makerprojectlab.com/favorite-projects-of-2022-maker-update/
Watercolor Tip,Wolfcat Workshop,tip,watercolor; painting,Watercolor painting technique tip from Wolfcat Workshop,low,314,2022-12-29,main,https://www.instagram.com/reel/CgS7U1jLB56/?igshid=MDJmNzVkMjY=,,https://youtube.com/watch?v=Bcpz1bi7Uek,https://www.makerprojectlab.com/favorite-projects-of-2022-maker-update/
NOODS,Adafruit,project,music; noodles; adafruit,NOODS musical project or device by Adafruit,low,314,2022-12-29,main,https://www.youtube.com/watch?v=FzVV738YoCw,,https://youtube.com/watch?v=Bcpz1bi7Uek,https://www.makerprojectlab.com/favorite-projects-of-2022-maker-update/
Full Control XYZ,,tip,3d-printing; software; cad; design,Full Control software for 3D printing design.,high,314,2022-12-29,main,https://fullcontrol.xyz/,Launch post: https://twitter.com/FullControlXYZ/status/1566826786037579777,https://youtube.com/watch?v=Bcpz1bi7Uek,https://www.makerprojectlab.com/favorite-projects-of-2022-maker-update/
Alpakka Open Source Gamepad,,project,robotics; open-source; gaming; controller; diy-electronics,Open-source programmable gamepad platform.,high,314,2022-12-29,main,https://inputlabs.io/alpakka,hero video: https://youtu.be/XMH92SyrQoo; DIY build video: https://youtu.be/yYwrVL2b9eM,https://youtube.com/watch?v=Bcpz1bi7Uek,https://www.makerprojectlab.com/favorite-projects-of-2022-maker-update/
Industrial Raspberry Pis,Jeff Geerling,tip,raspberry-pi; industrial; electronics; embedded-systems; iot,Industrial applications of Raspberry Pi boards.,high,314,2022-12-29,main,https://www.youtube.com/watch?v=9MqJI_F-sz8,,https://youtube.com/watch?v=Bcpz1bi7Uek,https://www.makerprojectlab.com/favorite-projects-of-2022-maker-update/
.4mm Nozzles arre Obsolete,Thomas Sanladerer,tip,3d-printing; 3d-printer-nozzles; filament,3D printing technique examining nozzle obsolescence.,high,314,2022-12-29,main,https://www.youtube.com/watch?v=WgXM2zPusXo,,https://youtube.com/watch?v=Bcpz1bi7Uek,https://www.makerprojectlab.com/favorite-projects-of-2022-maker-update/
Gridfinity,Voidstar Labs,project,3d-printing; organization; modular; storage; pla,Modular storage system for 3D printing customization.,high,314,2022-12-29,main,https://www.youtube.com/watch?v=ra_9zU-mnl8,,https://youtube.com/watch?v=Bcpz1bi7Uek,https://www.makerprojectlab.com/favorite-projects-of-2022-maker-update/
WLED Project,,project,led; electronics; esp32; open-source; lighting,WLED open-source LED control software.,high,314,2022-12-29,main,https://kno.wled.ge/,,https://youtube.com/watch?v=Bcpz1bi7Uek,https://www.makerprojectlab.com/favorite-projects-of-2022-maker-update/
Airigami,,project,balloons; art; installation,Large-scale balloon sculptures and installations by Airigami,high,310,2022-11-24,main,http://www.airigami.com,,https://youtube.com/watch?v=SFi3YkVGcsU,https://www.makerprojectlab.com/sound-is-just-wiggly-air-maker-update/
F.R.R. and Or-bit,Jorvon Moss (Odd Jayy),project,animation; robotics; design,F.R.R. and Or-bit animation projects by Odd Jayy,low,298,2022-09-01,main,https://www.instagram.com/odd_jayy/?hl=en,,https://youtube.com/watch?v=UYxLq8mdk2A,https://www.makerprojectlab.com/makers-at-silicon-2022-maker-update/
Noisy Cricket,Bill Doran of Punished Props,project,cosplay; props; performance-art,Prop creation for costume character.,high,298,2022-09-01,main,https://www.punishedprops.com/,,https://youtube.com/watch?v=UYxLq8mdk2A,https://www.makerprojectlab.com/makers-at-silicon-2022-maker-update/
E5D1 Droid,Jonathan,project,cosplay; robotics; wearables,Droid costume with robotic elements.,high,298,2022-09-01,main,https://www.instagram.com/odd_adventures_of_e5d1/,,https://youtube.com/watch?v=UYxLq8mdk2A,https://www.makerprojectlab.com/makers-at-silicon-2022-maker-update/
RX-78-2 Gundam Costume,Odin Makes,project,cosplay; robotics; wearables,Gundam mobile suit costume build.,high,298,2022-09-01,main,https://youtu.be/zXpVTeJNJZA,,https://youtube.com/watch?v=UYxLq8mdk2A,https://www.makerprojectlab.com/makers-at-silicon-2022-maker-update/
Wall-E,Matt Hobbs,project,cosplay; robotics; wearables,Wall-E robot character costume.,high,298,2022-09-01,main,https://youtu.be/pR_umIoyD3Y,,https://youtube.com/watch?v=UYxLq8mdk2A,https://www.makerprojectlab.com/makers-at-silicon-2022-maker-update/
Cyberpunk Glove,Sophy Wong,project,cosplay; wearables; electronics; fabric,Wearable cyberpunk-styled glove.,high,298,2022-09-01,main,,,https://youtube.com/watch?v=UYxLq8mdk2A,https://www.makerprojectlab.com/makers-at-silicon-2022-maker-update/
Winchester Mystery Costume,Alison Fisher,project,costume; cosplay; wearables,A Winchester Mystery House-themed costume by Alison Fisher.,high,298,2022-09-01,main,https://www.instagram.com/sayyadina42/,,https://youtube.com/watch?v=UYxLq8mdk2A,https://www.makerprojectlab.com/makers-at-silicon-2022-maker-update/
Adam's Cosmic Creations,,project,welding; metalworking; sculpture,Custom metalwork and fabrication studio with LED installations,high,310,2022-11-24,main,https://adamfosterart.com/,,https://youtube.com/watch?v=SFi3YkVGcsU,https://www.makerprojectlab.com/sound-is-just-wiggly-air-maker-update/
