Title,Creator,Category,Tags,Synopsis,Confidence,Episode Number,Episode Date,Edition,Source URL,Secondary URLs,Episode Video URL,Episode Blog URL
3D printed printing plates,Pete Prodoehl,tip,3d-printing; printmaking; plate-making; art,3D printed printmaking plates and stamps.,high,414,2024-12-26,main,http://photos.rasterweb.net/index.php?/category/32,,https://youtube.com/watch?v=jdwhenWVT4o,https://www.makerprojectlab.com/favorite-projects-of-2024-maker-update/
Erin St. Blaine WLED Projects,,tip,led; wled; addressable-led; holiday-lighting,Holiday decoration projects with WLED.,high,414,2024-12-26,main,,,https://youtube.com/watch?v=jdwhenWVT4o,https://www.makerprojectlab.com/favorite-projects-of-2024-maker-update/
How I Made My Own iPhone from a Block of Aluminum,Strange Parts,project,machining; metalworking; cnc; electronics,Custom smartphone built from aluminum block.,high,413,2024-12-19,main,https://www.youtube.com/watch?v=Yrl4OmS3bBA,,https://youtube.com/watch?v=bH7o_gSR8so&t=1560s,https://www.makerprojectlab.com/tough-call-maker-update/
Making Retro Art With Future Tech,Wesley Treat,project,pixel-art; led; retro-gaming; art-installation,Retro-styled art with modern technology.,high,413,2024-12-19,main,https://www.youtube.com/watch?v=Vi86vH8fUq0,,https://youtube.com/watch?v=bH7o_gSR8so&t=8820s,https://www.makerprojectlab.com/tough-call-maker-update/
Build an FPV Head-Tracking Camera That Puts You Inside Your RC Vehicle!,Max Imagination,project,fpv; drone; camera; head-tracking; robotics,FPV camera with head-tracking for RC vehicles.,high,413,2024-12-19,main,https://www.instructables.com/Build-an-Arduino-FPV-Head-Tracking-Camera-for-RC-V/,,https://youtube.com/watch?v=bH7o_gSR8so&t=12000s,https://www.makerprojectlab.com/tough-call-maker-update/
3D Print 10 Board Games Too Silly for Stores,Zack Freedman,tip,3d-printing; board-games; game-design; novelty,Humorous 3D printed board games.,high,413,2024-12-19,main,https://www.youtube.com/watch?v=o78L0DPMGQg,,https://youtube.com/watch?v=bH7o_gSR8so&t=14220s,https://www.makerprojectlab.com/tough-call-maker-update/
GIY Materials: Growing Fungi for Biofabrication,Elizabeth Marley,tip,biofabrication; material-science; mycelium; biotechnology,Growing fungal materials for textiles.,high,413,2024-12-19,main,https://makezine.com/article/science/health-science/giy-materials-growing-fungi-for-biofabrication/,vid: https://www.youtube.com/watch?v=bM-znEdqih0,https://youtube.com/watch?v=bH7o_gSR8so&t=15360s,https://www.makerprojectlab.com/tough-call-maker-update/
Gar’s Favorite Tools of 2024,,tip,tool-review; best-tools; year-roundup,Curated favorite tools and products.,high,413,2024-12-19,main,https://kk.org/cooltools/gars-tips-tools-issue-191/,,https://youtube.com/watch?v=bH7o_gSR8so&t=17160s,https://www.makerprojectlab.com/tough-call-maker-update/
...like an extension cord for LEDs! Laura Kampf,,tip,led,...like an extension cord for LEDs! Laura Kampf project or resource mentioned in Maker Update.,low,413,2024-12-19,main,https://www.youtube.com/watch?v=Qge19QOvOSY,,https://youtube.com/watch?v=bH7o_gSR8so&t=18540s,https://www.makerprojectlab.com/tough-call-maker-update/
Reverse Perspective Camera,Stuff Made Here,project,photography,Reverse Perspective Camera project or resource mentioned in Maker Update.,low,412,2024-12-12,main,https://www.youtube.com/watch?v=aXfTgCCsRSg,,https://youtube.com/watch?v=YmVGKeTboEo&t=1860s,https://www.makerprojectlab.com/bombastic-side-eye-maker-update/
Wedding Place Cards,Becky Stern,project,laser-cutting; card-design; event-planning; personalization,Customized wedding place cards.,high,412,2024-12-12,main,https://www.youtube.com/watch?v=4BTP3QS946g,,https://youtube.com/watch?v=YmVGKeTboEo&t=12120s,https://www.makerprojectlab.com/bombastic-side-eye-maker-update/
Robot Skin,Will Cogley,project,robotics,Robot Skin project or resource mentioned in Maker Update.,low,412,2024-12-12,main,https://www.youtube.com/watch?v=yWrldOS6xBw,,https://youtube.com/watch?v=YmVGKeTboEo&t=15480s,https://www.makerprojectlab.com/bombastic-side-eye-maker-update/
A Chair for your Half Dirty Clothes,Simone Giertz,project,furniture; 3d-printing; organization; clothing-storage,Chair for partially worn clothing storage.,high,412,2024-12-12,main,https://www.youtube.com/watch?v=H175G8NH2Cg,,https://youtube.com/watch?v=YmVGKeTboEo&t=18120s,https://www.makerprojectlab.com/bombastic-side-eye-maker-update/
Freecad 1.0 release guide,DeltaHedra,tip,freecad; cad; 3d-modeling; software-release,FreeCAD 1.0 release feature guide.,high,412,2024-12-12,main,https://www.youtube.com/watch?v=E14m5hf6Pvo,,https://youtube.com/watch?v=YmVGKeTboEo&t=23640s,https://www.makerprojectlab.com/bombastic-side-eye-maker-update/
Running SteamLink on your Raspberry Pi 5,,tip,raspberry-pi; gaming; streaming; software-setup,Gaming with SteamLink on Raspberry Pi.,high,412,2024-12-12,main,https://www.raspberrypi.com/news/valves-steam-link-on-raspberry-pi/,,https://youtube.com/watch?v=YmVGKeTboEo&t=25500s,https://www.makerprojectlab.com/bombastic-side-eye-maker-update/
ROBOTIC OPEN-SOURCE SCALE DRESS,Anouk Wipprecht,project,wearables; fashion; robotics; scale-mail; costume,Motorized robotic dress with moving scales.,high,411,2024-12-05,main,https://www.instructables.com/ROBOTIC-OPEN-SOURCE-SCALE-DRESS-Mechanic-Modular-3/,vid: https://www.youtube.com/watch?v=q3eJkzqzcB8; https://www.hackster.io/news/anouk-wipprecht-s-haute-couture-dress-contains-robotic-elements-you-can-use-in-your-designs-8b52a7df7eb8,https://youtube.com/watch?v=f3_lLdpr6bs&t=6000s,https://www.makerprojectlab.com/face-it-maker-update/
LEGO Omnidirectional vehicle,Akiyuki Brick Channel,project,lego; robotics; vehicles; mechanical-design,LEGO robot with omnidirectional motion.,high,411,2024-12-05,main,https://www.youtube.com/watch?v=EG9ISMjM-uQ,,https://youtube.com/watch?v=f3_lLdpr6bs&t=8460s,https://www.makerprojectlab.com/face-it-maker-update/
Minichord,BenjaminPoilve,project,music; synthesizer; embedded-systems; pcb; 3d-printing,Pocket-sized MIDI-compatible musical synthesizer with custom PCB and 3D-printed enclosure.,high,411,2024-12-05,main,https://github.com/BenjaminPoilve/minichord/tree/main,vid: https://www.youtube.com/watch?v=66Gu4NNnHgA; https://hackaday.com/2024/11/28/minichord-wants-to-help-you-find-rad-chord-progressions/,https://youtube.com/watch?v=f3_lLdpr6bs&t=11280s,https://www.makerprojectlab.com/face-it-maker-update/
Raspberry Pi Pico 2 W,,tip,microcontroller; raspberry-pi; embedded-systems; announcement,Raspberry Pi Pico 2 W wireless microcontroller.,high,411,2024-12-05,main,https://www.raspberrypi.com/news/raspberry-pi-pico-2-w-on-sale-now/,https://www.hackster.io/news/raspberry-pi-launches-the-radio-equipped-raspberry-pi-pico-2-w-for-just-7-4073d1130363,https://youtube.com/watch?v=f3_lLdpr6bs&t=14820s,https://www.makerprojectlab.com/face-it-maker-update/
Shop All Raspberry Pi Boards on DigiKey,,tip,raspberry-pi,Shop All Raspberry Pi Boards on DigiKey project or resource mentioned in Maker Update.,low,411,2024-12-05,main,https://www.digikey.com/en/supplier-centers/raspberry-pi,,https://youtube.com/watch?v=f3_lLdpr6bs,https://www.makerprojectlab.com/face-it-maker-update/
Introducing the Bantam Tools ArtFrame™,,tip,laser-cutting; desktop-tool; product-announcement,Compact laser cutting system announcement.,high,411,2024-12-05,main,https://www.evilmadscientist.com/2024/bantam-tools-artframe/,vid: https://www.bantamtools.com/; https://www.hackster.io/news/windell-oskay-unveils-the-bantam-tools-artframe-art-machine-system-plotter-family-6b7d0ce34e25,https://youtube.com/watch?v=f3_lLdpr6bs&t=15600s,https://www.makerprojectlab.com/face-it-maker-update/
Holiday Lights: Easy DIY Christmas Wreath & Garland with WLED,Erin St Blaine,tip,led; wled; seasonal; home-decor,Holiday decorations with addressable LEDs.,high,411,2024-12-05,main,https://learn.adafruit.com/holiday-garland-decor-app-control-with-no-coding,vid: https://www.youtube.com/watch?v=o-aM9H9ppFM,https://youtube.com/watch?v=f3_lLdpr6bs&t=17220s,https://www.makerprojectlab.com/face-it-maker-update/
Tested Team's Favorite Things of 2024!,,tip,product-review; year-roundup; best-tools,End-of-year favorite tools roundup.,high,411,2024-12-05,main,https://www.youtube.com/playlist?list=PLJtitKU0CAejrnLxCpY1dZ9SigXt-Gwgj,,https://youtube.com/watch?v=f3_lLdpr6bs&t=18000s,https://www.makerprojectlab.com/face-it-maker-update/
3d Printed EDC Tool,Flatlander Tech,project,3d-printing; edc; everyday-carry; tool-design,3D printed everyday-carry utility tool.,high,410,2024-11-20,main,https://www.youtube.com/watch?v=4VVbZ9fXn1k,,https://youtube.com/watch?v=xAxIDaIahZ0&t=1920s,https://www.makerprojectlab.com/every-tool-is-a-hammer-maker-update/
Animatronic Eye,Esser50k,project,animatronics; robotics; prosthetics; special-effects,Motorized eye mechanism for animation.,high,410,2024-11-20,main,https://youtu.be/aWKz5cGIKcs,,https://youtube.com/watch?v=xAxIDaIahZ0&t=9540s,https://www.makerprojectlab.com/every-tool-is-a-hammer-maker-update/
Drugstore Cowboy,RC Jedi,project,instructables,Drugstore Cowboy project or resource mentioned in Maker Update.,low,410,2024-11-20,main,https://www.instructables.com/THE-DRUG-STORE-COWBOY/,,https://youtube.com/watch?v=xAxIDaIahZ0&t=13020s,https://www.makerprojectlab.com/every-tool-is-a-hammer-maker-update/
Single Motor Sand Table,LivyJJ,project,kinetic-art; sand-table; motors; cad,Single-motor controlled sand drawing display.,high,410,2024-11-20,main,https://www.instructables.com/Create-a-Mesmerizing-Kinetic-Sand-Table-With-Just-/,,https://youtube.com/watch?v=xAxIDaIahZ0&t=15300s,https://www.makerprojectlab.com/every-tool-is-a-hammer-maker-update/
Mini Sisyphus Sand Table,Printerforge,project,kinetic-art; sand-table; mechanical-design; art,Miniature sand drawing robot.,high,410,2024-11-20,main,https://www.instructables.com/Mini-Sisyphus-Sand-Table/,,https://youtube.com/watch?v=xAxIDaIahZ0&t=16860s,https://www.makerprojectlab.com/every-tool-is-a-hammer-maker-update/
NESHUB,RetroTime,tip,retro-gaming; bluetooth; wireless; nes; adapter,Bluetooth wireless adapter for original NES console enabling up to 4 wireless controllers.,high,410,2024-11-20,main,https://8bitmods.com/retrotime-nes-hub-bluetooth-for-nes/?ref=n892nvxq,https://www.youtube.com/watch?v=0pCe8eiyx0E,https://youtube.com/watch?v=xAxIDaIahZ0&t=18720s,https://www.makerprojectlab.com/every-tool-is-a-hammer-maker-update/
Homebrew Gameboy Guide,John Park,tip,retro-gaming; game-boy; modding; electronics-mod,Game Boy modding and building guide.,high,410,2024-11-20,main,https://learn.adafruit.com/homebrew-game-boy-games,,https://youtube.com/watch?v=xAxIDaIahZ0&t=21240s,https://www.makerprojectlab.com/every-tool-is-a-hammer-maker-update/
Building a REAL Pawn That Transforms Into a Queen (automatically) by Works,Design,project,mechanical-design; chess; automata; motorized,Motorized chess pawn to queen transformation.,high,409,2024-11-14,main,https://www.youtube.com/watch?v=CSOnnle3zbA,,https://youtube.com/watch?v=Ev-uVfi4Q1Y,https://www.makerprojectlab.com/unexpected-promotion-maker-update/
LifeTime,rabbitcreek,project,instructables,LifeTime project or resource mentioned in Maker Update.,low,409,2024-11-14,main,https://www.instructables.com/LifeTime/,,https://youtube.com/watch?v=Ev-uVfi4Q1Y,https://www.makerprojectlab.com/unexpected-promotion-maker-update/
One Button to Rule Them All: Simplifying the Microwave,Reed Bigham,project,electronics-mod; product-simplification; human-factors,Microwave operation simplified redesign.,high,409,2024-11-14,main,https://www.youtube.com/watch?v=Za1TVzcp8Uw,,https://youtube.com/watch?v=Ev-uVfi4Q1Y,https://www.makerprojectlab.com/unexpected-promotion-maker-update/
Make it Yourself: 1000 Useful Things to Make,N-O-D-E,tip,howto; diy-guide; maker-resources,Comprehensive DIY project collection guide.,high,409,2024-11-14,main,https://makeityourself.org/,https://www.hackster.io/news/n-o-d-e-returns-with-a-gift-make-it-yourself-an-ebook-gathering-1-000-projects-from-around-the-web-196f36da6ddb,https://youtube.com/watch?v=Ev-uVfi4Q1Y,https://www.makerprojectlab.com/unexpected-promotion-maker-update/
Adafruit Pixel Shifter Learning Guide,,tip,adafruit; led; tutorial; circuitpython,Adafruit Pixel Shifter LED controller guide.,high,409,2024-11-14,main,https://learn.adafruit.com/adafruit-pixel-shifter,,https://youtube.com/watch?v=Ev-uVfi4Q1Y,https://www.makerprojectlab.com/unexpected-promotion-maker-update/
Available through DigiKey,,tip,ai,Available through DigiKey project or resource mentioned in Maker Update.,low,409,2024-11-14,main,https://www.digikey.com/short/05bb40vb,,https://youtube.com/watch?v=Ev-uVfi4Q1Y,https://www.makerprojectlab.com/unexpected-promotion-maker-update/
Clip Leads Made With Fake Wire,Matthias random stuff,tip,electronics-tools; diy-tools; soldering-accessory,Homemade alligator clip leads.,high,409,2024-11-14,main,https://www.youtube.com/watch?v=15sMogK3vTI,,https://youtube.com/watch?v=Ev-uVfi4Q1Y,https://www.makerprojectlab.com/unexpected-promotion-maker-update/
Life Sized Velociraptor Costume,Adam Savage,project,cosplay; costume; foam; props; sculpture,Full-scale dinosaur costume with animatronics.,high,408,2024-11-07,main,https://www.youtube.com/watch?v=X-1qBbir3zA,,https://youtube.com/watch?v=mmsxNPLCjic&t=1620s,https://www.makerprojectlab.com/dino-dna-maker-update/
Making Comics with Plastic Models,12% on the Desk,project,photography; miniature-photography; comic-art; animation,Comic art from plastic model photography.,high,408,2024-11-07,main,https://www.youtube.com/watch?v=G2kzSWrfd_g,,https://youtube.com/watch?v=mmsxNPLCjic&t=9000s,https://www.makerprojectlab.com/dino-dna-maker-update/
Quadruped Robot,Yufeng Eric Wu,project,robotics; walking-robot; mechanical-design; four-legged,Four-legged robot with autonomous walking.,high,408,2024-11-07,main,https://www.youtube.com/watch?v=YJDc1xAhaOI,,https://youtube.com/watch?v=mmsxNPLCjic&t=12660s,https://www.makerprojectlab.com/dino-dna-maker-update/
Magnetic Kinetic Sculpture,Jens' Maker Adventures,project,kinetic-art; magnets; sculpture; mechanical-design,Magnetic-based motion art installation.,high,408,2024-11-07,main,https://www.youtube.com/watch?v=kftVqA0UVDY,,https://youtube.com/watch?v=mmsxNPLCjic&t=14940s,https://www.makerprojectlab.com/dino-dna-maker-update/
Gridfinity Update,Zack Freedman,project,3d-printing; storage; modular-design; gridfinity,Gridfinity modular storage updates.,high,408,2024-11-07,main,https://www.youtube.com/watch?v=MrkGsgbomjY&t=16s,,https://youtube.com/watch?v=mmsxNPLCjic&t=17520s,https://www.makerprojectlab.com/dino-dna-maker-update/
Mini Hot Plate,MINIWARE,tip,soldering-equipment; electronics-tools; tool-review,Compact heating plate for electronics.,high,408,2024-11-07,main,https://www.digikey.com/short/dd58qbb4,,https://youtube.com/watch?v=mmsxNPLCjic&t=20100s,https://www.makerprojectlab.com/dino-dna-maker-update/
3d Printed Lathe,Chris Borge,tip,3d-printing; lathe; machine-tool; cnc-alternative,Functional lathe from 3D printing.,high,408,2024-11-07,main,https://www.youtube.com/watch?v=6Js8erWbsDQ&t=15s,,https://youtube.com/watch?v=mmsxNPLCjic&t=21600s,https://www.makerprojectlab.com/dino-dna-maker-update/
Styrene Build Tips,Cut Transform Glue,tip,foam; material-guide; props; model-building,Polystyrene foam building techniques.,high,408,2024-11-07,main,https://www.youtube.com/watch?v=_H6Bbg2bINk,,https://youtube.com/watch?v=mmsxNPLCjic&t=23760s,https://www.makerprojectlab.com/dino-dna-maker-update/
ItsaSNAP Guides on Adafruit,,tip,adafruit; modular-electronics; circuitpython,ItsaSNAP modular electronics documentation.,high,408,2024-11-07,main,https://learn.adafruit.com/itssnap-apple-fitness-status-board,https://learn.adafruit.com/use-apple-homekit-devices-with-itsasnap; https://learn.adafruit.com/memento-photo-capture-with-itsasnap,https://youtube.com/watch?v=mmsxNPLCjic&t=25620s,https://www.makerprojectlab.com/dino-dna-maker-update/
Racer,StuckAtPrototype,project,robotics; autonomous; machine-learning; bluetooth; esp32; pcb; neural-networks,"Micro autonomous racing car with PCB, ESP32, color sensors, and trained neural network control.",high,407,2024-10-31,main,https://github.com/StuckAtPrototype/Racer,vid: https://www.youtube.com/watch?v=6jzG-BMannc; https://www.hackster.io/news/failed-kickstarter-project-becomes-open-source-power-uppable-rc-car-412de00bc346,https://youtube.com/watch?v=O3B9X4tK5QM&t=1500s,https://www.makerprojectlab.com/low-rider-maker-update/
Skull of Fate SAO,MakeItHackin,project,badge; electronics; hackaday; add-on,Animated skull badge with motion effects.,high,407,2024-10-31,main,https://hackaday.io/project/198974-skull-of-fate-sao,vid: https://www.youtube.com/watch?v=K-RiMK6Kz78,https://youtube.com/watch?v=O3B9X4tK5QM&t=14940s,https://www.makerprojectlab.com/low-rider-maker-update/
Rhinestone Furby,Jessica Crafternoon,project,toy-mod; fashion; electronics-mod; sequin-craft,Rhinestone-decorated Furby toy.,high,407,2024-10-31,main,https://www.youtube.com/watch?v=WU5gMc5Rkrs,,https://youtube.com/watch?v=O3B9X4tK5QM,https://www.makerprojectlab.com/low-rider-maker-update/
How Adam Savage Stores His Paints and Solvents!,Adam Savage’s Tested,tip,workshop-organization; safety; storage-solution,Paint and solvent storage practices.,high,407,2024-10-31,main,https://www.youtube.com/watch?v=diT-lIhTauo,,https://youtube.com/watch?v=O3B9X4tK5QM&t=17040s,https://www.makerprojectlab.com/low-rider-maker-update/
Self Balancing Cube,Mircenk,project,robotics; balance; control-systems; mechanical-design,Self-balancing cube device.,high,406,2024-10-24,main,https://www.instructables.com/Arduino-3D-Printed-Self-Balancing-Cube/,,https://youtube.com/watch?v=d4orf3006-A&t=1800s,https://www.makerprojectlab.com/cubist-conundrum-maker-update/
Adam Savage in Carbonite,,project,cosplay; props; sculpture; pop-culture,Star Wars carbonite figure display.,high,406,2024-10-24,main,https://www.youtube.com/watch?v=24yZ-2tpM80,,https://youtube.com/watch?v=d4orf3006-A&t=9240s,https://www.makerprojectlab.com/cubist-conundrum-maker-update/
Shop Island Upgrade,Get Hands Dirty,project,workshop-organization; shelving; storage; workspace,Upgraded workbench organizing system.,high,406,2024-10-24,main,https://www.youtube.com/watch?v=k7Q5DWcTAfo,,https://youtube.com/watch?v=d4orf3006-A&t=12780s,https://www.makerprojectlab.com/cubist-conundrum-maker-update/
Self playing ukulele,Zeroshot,project,music; mechanical-design; robotics; musical-instrument,Automated self-playing ukulele.,high,406,2024-10-24,main,https://www.instructables.com/Self-playing-Ukulele-Robot-Using-Arduino/,,https://youtube.com/watch?v=d4orf3006-A&t=15300s,https://www.makerprojectlab.com/cubist-conundrum-maker-update/
printing support tips with Uncle Jessy,,tip,3d-printing; print-quality; troubleshooting,3D printing support structure tips.,high,406,2024-10-24,main,https://www.youtube.com/watch?v=1BXPPyk-CgI,,https://youtube.com/watch?v=d4orf3006-A&t=18000s,https://www.makerprojectlab.com/cubist-conundrum-maker-update/
Miniature Light controller,Valentin Felder,tip,electronics; led-controller; circuit-design,Compact LED light control electronics.,high,406,2024-10-24,main,https://www.youtube.com/watch?v=Fa_pF1SHCSA,,https://youtube.com/watch?v=d4orf3006-A&t=19500s,https://www.makerprojectlab.com/cubist-conundrum-maker-update/
Painting in spooky off-grid cabins,,tip,badge; sao; tarot; nfc; microcontroller; led; interactive,Skull of Fate SAO: tarot-themed interactive badge with NFC and LED eye animations.,high,406,2024-10-24,main,https://www.youtube.com/watch?v=MkB6K2Ux93w,,https://youtube.com/watch?v=d4orf3006-A&t=23100s,https://www.makerprojectlab.com/cubist-conundrum-maker-update/
Infinity Reflective Mirror Device,DavidHuangLab,project,optical; mirror; kinetic-art; engineering,Mirror-based light reflection installation.,high,405,2024-10-17,main,https://www.youtube.com/watch?v=4EmVLgm8lrg,,https://youtube.com/watch?v=sfjR-UamFK8&t=1440s,https://www.makerprojectlab.com/infinity-plus-infinity-maker-update/
Gatoino,Small Batch Factory,project,arduino; electronics; development-board; maker-kit,Arduino-based development platform.,high,405,2024-10-17,main,https://smallbatchfactory.com/gatoino/,vid: https://www.youtube.com/watch?v=Dbzf_WYTEFQ,https://youtube.com/watch?v=sfjR-UamFK8&t=9360s,https://www.makerprojectlab.com/infinity-plus-infinity-maker-update/
I Sculpt a 12ft Skeleton Ghost…out of WIRE!,Ali Spagnola,project,sculpture; wire-art; installation-art; halloween,Large-scale wire skeleton sculpture.,high,405,2024-10-17,main,https://www.youtube.com/watch?v=d8hf8pW8-kw,,https://youtube.com/watch?v=sfjR-UamFK8&t=13560s,https://www.makerprojectlab.com/infinity-plus-infinity-maker-update/
Fog Machine with Motion Sensor and Adafruit IO,Erin St Blaine,tip,smart-home; sensor; automation; special-effects,Motion-triggered fog machine with IoT.,high,405,2024-10-17,main,https://learn.adafruit.com/fog-machine-remote-trigger,,https://youtube.com/watch?v=sfjR-UamFK8&t=15840s,https://www.makerprojectlab.com/infinity-plus-infinity-maker-update/
Raspberry Pi AI Camera,,tip,raspberry-pi; camera; ai; vision-system,AI-enabled Raspberry Pi camera module.,high,405,2024-10-17,main,https://www.raspberrypi.com/products/ai-camera/,https://www.hackster.io/news/raspberry-pi-s-ai-eye-hands-on-with-the-raspberry-pi-ai-camera-module-383fb34afcf7,https://youtube.com/watch?v=sfjR-UamFK8&t=17520s,https://www.makerprojectlab.com/infinity-plus-infinity-maker-update/
Available on DigiKey,,tip,ai,Available on DigiKey project or resource mentioned in Maker Update.,low,405,2024-10-17,main,https://www.digikey.com/short/9p0zrtrj,,https://youtube.com/watch?v=sfjR-UamFK8,https://www.makerprojectlab.com/infinity-plus-infinity-maker-update/
Tinkering Workshop,Ryan Jenkins,tip,uncategorized,Tinkering Workshop project or resource mentioned in Maker Update.,low,405,2024-10-17,main,https://www.hachettebookgroup.com/titles/ryan-jenkins/the-tinkering-workshop/9781635868098@/,vid: https://www.youtube.com/watch?v=FrKB856nlYE,https://youtube.com/watch?v=sfjR-UamFK8&t=19260s,https://www.makerprojectlab.com/infinity-plus-infinity-maker-update/
Marble Machine that makes Pixel Art,Engineezy,project,kinetic-art; marble-run; pixel-art; machine-art,Marble machine creating pixel patterns.,high,404,2024-10-10,main,https://www.youtube.com/watch?v=w1ks0Vy98KI,,https://youtube.com/watch?v=JKoLZEK4jXw&t=9480s,https://www.makerprojectlab.com/not-found-maker-update/
Solid Furniture from Sand,Modustrial Maker,project,furniture,Solid Furniture from Sand project or resource mentioned in Maker Update.,low,404,2024-10-10,main,https://www.youtube.com/watch?v=GLE_ZjE1PhM,,https://youtube.com/watch?v=JKoLZEK4jXw&t=13620s,https://www.makerprojectlab.com/not-found-maker-update/
Life Sized Furby costume,Jessica Crafternoon,project,cosplay; costume; wearables; electronics,Full-scale wearable Furby costume.,high,404,2024-10-10,main,https://www.youtube.com/watch?v=SJMmdKLxuJs,,https://youtube.com/watch?v=JKoLZEK4jXw&t=16500s,https://www.makerprojectlab.com/not-found-maker-update/
Prototyping with Cardboard,Punished Props,tip,cardboard; rapid-prototyping; design-tutorial,Quick cardboard prototyping method.,high,404,2024-10-10,main,https://www.youtube.com/watch?v=Mk5uMtUSpB0,,https://youtube.com/watch?v=JKoLZEK4jXw&t=19620s,https://www.makerprojectlab.com/not-found-maker-update/
How do QR codes work,Veritasium,tip,qr-codes; encoding; data; tutorial,QR code technology explanation.,high,404,2024-10-10,main,https://www.youtube.com/watch?v=w5ebcowAJD8,,https://youtube.com/watch?v=JKoLZEK4jXw&t=21900s,https://www.makerprojectlab.com/not-found-maker-update/
I Built Shattered Space Helmet (Starfield),Zibartas,project,cosplay; helmet; gaming-prop; props,Gaming prop helmet with damage effects.,high,403,2024-10-03,main,https://www.youtube.com/watch?v=AZqaHBKlm48,https://hackaday.com/2024/09/28/see-the-hands-on-details-behind-stunning-helmet-build/,https://youtube.com/watch?v=g_b9DkZBczE&t=1500s,https://www.makerprojectlab.com/headfirst-maker-update/
Making an Automatic Golf Putter Robot,Sparks and Code,project,robotics; sports; automation; mechanical-design,Robotic golf club for automated putting.,high,403,2024-10-03,main,https://www.youtube.com/watch?v=KWNAKPDI1rU,https://www.hackster.io/news/a-robotic-golf-putter-to-fix-your-short-game-ee01db4f09cd,https://youtube.com/watch?v=g_b9DkZBczE&t=12300s,https://www.makerprojectlab.com/headfirst-maker-update/
Garden Path Lights with WLED,Erin St Blaine,project,outdoor-lighting; led; wled; garden-decor,Addressable LED outdoor lighting.,high,403,2024-10-03,main,https://learn.adafruit.com/garden-path-lights-with-sunset-timer,,https://youtube.com/watch?v=g_b9DkZBczE&t=14940s,https://www.makerprojectlab.com/headfirst-maker-update/
Create Real 3D Printed Products Using AI 3D Modeling Slant 3D,,tip,3d-printing; ai; product-design; service,AI-assisted 3D design for products.,high,403,2024-10-03,main,https://www.youtube.com/watch?v=thfXHrAZVJI,,https://youtube.com/watch?v=g_b9DkZBczE&t=21000s,https://www.makerprojectlab.com/headfirst-maker-update/
Portable MFT Workbench with a DIY Fence & Rail Hinge,3x3Custom Tamar Hannah,tip,woodworking; mft; modular-furniture; workbench,Mobile fixture table workbench guide.,high,403,2024-10-03,main,https://www.youtube.com/watch?v=59RAkriXEh0,,https://youtube.com/watch?v=g_b9DkZBczE&t=22860s,https://www.makerprojectlab.com/headfirst-maker-update/
Origami Projection Mapping,Joaniel3,project,origami; projection-mapping; art-installation,Projection art with folded paper.,high,402,2024-09-26,main,https://www.instructables.com/Origami-and-Projection-Mapping/,,https://youtube.com/watch?v=vWARh2JnnJQ&t=1860s,https://www.makerprojectlab.com/folding-light-maker-update/
3 easy halloween props,wicked makers,project,props; halloween; foam; costume,Easy Halloween costume prop tutorials.,high,402,2024-09-26,main,https://www.youtube.com/watch?v=MLwkWQlMfoE,,https://youtube.com/watch?v=vWARh2JnnJQ&t=9420s,https://www.makerprojectlab.com/folding-light-maker-update/
Flaming zen garden,Xyla Foxlin,project,fire; sculpture; art; zen-garden; installation,Zen garden with controlled flames.,high,402,2024-09-26,main,https://www.youtube.com/watch?v=t8iPNAY94Hc,,https://youtube.com/watch?v=vWARh2JnnJQ&t=12660s,https://www.makerprojectlab.com/folding-light-maker-update/
Clockwork uGarden,sn0ren,tip,automata; mechanical-design; garden; clock-mechanism,Mechanical automaton garden display.,high,402,2024-09-26,main,https://www.youtube.com/watch?v=oN9zw3lzSVc,,https://youtube.com/watch?v=vWARh2JnnJQ&t=18660s,https://www.makerprojectlab.com/folding-light-maker-update/
Cool 3d Printed Toy,Uncle Jessy,tip,3d-printing; toy; novelty-toy,Fun 3D printed toy or gadget.,high,402,2024-09-26,main,https://www.youtube.com/watch?v=M5W5RB6cORo,,https://youtube.com/watch?v=vWARh2JnnJQ&t=21120s,https://www.makerprojectlab.com/folding-light-maker-update/
Rewiring an old lamp,Becky Stern,tip,electronics-mod; restoration; vintage; lighting,Vintage lamp rewiring restoration.,high,402,2024-09-26,main,https://www.youtube.com/watch?v=aFh8BYqCgt4,,https://youtube.com/watch?v=vWARh2JnnJQ&t=23160s,https://www.makerprojectlab.com/folding-light-maker-update/
Carpentopod,Giliam de Carpentier,project,robot; walking; legs; bamboo; arduino; wireless,"Carpentopod: 12-legged walking coffee table with bamboo legs, Arduino control, and wireless joystick.",high,401,2024-09-19,main,https://www.decarpentier.nl/carpentopod,https://blog.arduino.cc/2024/09/10/this-strandbeest-style-coffee-table-can-deliver-drinks/,https://youtube.com/watch?v=6wnj2yneBog&t=1380s,https://www.makerprojectlab.com/bar-crawl-maker-update/
NixieSAO,Kevin Santo Cappuccio,project,badge; nixie-tubes; electronics; retro-tech,Nixie tube badge for conventions.,high,401,2024-09-19,main,https://hackaday.io/project/197822-nixiesao,vid: https://www.youtube.com/watch?v=gS8xnwAx_z0; https://www.hackster.io/news/kevin-santo-cappuccio-s-simple-add-on-gives-your-badge-a-classic-nixie-tube-display-b598c0997679,https://youtube.com/watch?v=6wnj2yneBog&t=9900s,https://www.makerprojectlab.com/bar-crawl-maker-update/
Vectrex SAO,Brett Walach,project,badge; retro-gaming; electronics; display,Vintage game console badge display.,high,401,2024-09-19,main,https://hackaday.io/project/197854-vectrex-sao,vid: https://www.youtube.com/watch?v=AfYQyKARwps,https://youtube.com/watch?v=6wnj2yneBog&t=12000s,https://www.makerprojectlab.com/bar-crawl-maker-update/
Radio-Controlled Wagon,EduardoGE,project,rc-vehicle; mechanical-design; model; radio-control,Radio-controlled vintage wagon model.,high,401,2024-09-19,main,https://www.instructables.com/RC-Wagon/,,https://youtube.com/watch?v=6wnj2yneBog,https://www.makerprojectlab.com/bar-crawl-maker-update/
Mothbox: DIY Insect Camera,blorgggg,project,camera; photography; diy-equipment; nature-photography,DIY camera enclosure for insect photography.,high,401,2024-09-19,main,https://www.instructables.com/Mothbox-DIY-Insect-Camera/,,https://youtube.com/watch?v=6wnj2yneBog&t=17340s,https://www.makerprojectlab.com/bar-crawl-maker-update/
iFixit FixHub Portable Soldering Station,,tip,soldering-station; portable-tool; electronics-tools,Portable soldering workstation.,high,401,2024-09-19,main,https://makezine.com/article/maker-news/ifixit-empowers-makers-with-fixhub-portable-soldering-station/,https://hackaday.com/2024/09/12/review-ifixits-fixhub-may-be-the-last-soldering-iron-you-ever-buy/,https://youtube.com/watch?v=6wnj2yneBog&t=20940s,https://www.makerprojectlab.com/bar-crawl-maker-update/
Advanced Slicer Settings using Custom Modifier Meshes! Maker's Muse,,tip,3d-printing; slicing-software; cura; advanced-techniques,Advanced 3D print custom modifier mesh.,high,401,2024-09-19,main,https://www.youtube.com/watch?v=iziTcOLKfFc,,https://youtube.com/watch?v=6wnj2yneBog&t=23160s,https://www.makerprojectlab.com/bar-crawl-maker-update/
Building the Largest functional iPhone,DIY Perks,project,electronics; machining; product-customization; oversized,Full-size iPhone with custom electronics.,high,400,2024-09-12,main,https://www.youtube.com/watch?v=o8jFJAtVyr8,,https://youtube.com/watch?v=v83Fnyfg2PU&t=2160s,https://www.makerprojectlab.com/more-is-more-maker-update/
Offline Map Server,waymond91,project,software; mapping; gis; networking,Self-hosted offline mapping software.,high,400,2024-09-12,main,https://www.instructables.com/USB-Powered-Offline-Map-Server/,,https://youtube.com/watch?v=v83Fnyfg2PU&t=12000s,https://www.makerprojectlab.com/more-is-more-maker-update/
Analog Desk Lamp,Julius Makes,project,lighting; analog-control; lamp-design; home-decor,Minimalist desk lamp with analog control.,high,400,2024-09-12,main,https://www.youtube.com/watch?v=kRiMfGZ9pEY,,https://youtube.com/watch?v=v83Fnyfg2PU&t=15300s,https://www.makerprojectlab.com/more-is-more-maker-update/
Electromagnetic Aircraft Launcher,Tom Stanton,project,electromagnet; physics-project; aerospace; launcher,Linear motor projectile launcher.,high,400,2024-09-12,main,https://www.youtube.com/watch?v=v4zTAkLKgm4,,https://youtube.com/watch?v=v83Fnyfg2PU&t=17160s,https://www.makerprojectlab.com/more-is-more-maker-update/
Laser Cut Inlay earrings,Federico Tobon,tip,laser-cutting; jewelry; wood-inlay; wearables,Laser-cut wooden earrings.,high,400,2024-09-12,main,https://www.youtube.com/watch?v=hT5d93NH47Y,,https://youtube.com/watch?v=v83Fnyfg2PU&t=21480s,https://www.makerprojectlab.com/more-is-more-maker-update/
Parkerizing Metal,Breaking Taps,tip,metalworking; finishing; corrosion-resistance; phosphate,Metal rust resistance finish technique.,high,400,2024-09-12,main,https://youtu.be/O0-6g6NJMmE,,https://youtube.com/watch?v=v83Fnyfg2PU&t=23940s,https://www.makerprojectlab.com/more-is-more-maker-update/
Disney's revolutionary greenscreen tech,Corridor Crew,tip,filming; green-screen; special-effects; vfx,Advanced green screen technology.,high,400,2024-09-12,main,https://www.youtube.com/watch?v=UQuIVsNzqDk,,https://youtube.com/watch?v=v83Fnyfg2PU&t=26100s,https://www.makerprojectlab.com/more-is-more-maker-update/
PipBoy 3000 ESP32,Jéjé l'ingé,project,wearables; gaming-prop; esp32; display,Wearable gaming device with screen.,high,399,2024-09-05,main,https://www.thingiverse.com/thing:6654866,demo vid: https://www.youtube.com/watch?v=kcHX1w6o7BU,https://youtube.com/watch?v=sQbjq-he3Xs,https://www.makerprojectlab.com/its-all-in-the-wrist-maker-update/
News,,project,instructables,News project or resource mentioned in Maker Update.,low,399,2024-09-05,main,example PipBoys: https://www.instructables.com/search/?q=pipboy&projects=all,,https://youtube.com/watch?v=sQbjq-he3Xs,https://www.makerprojectlab.com/its-all-in-the-wrist-maker-update/
Supercon 8 - Add On Contest,,project,hackaday,Supercon 8 - Add On Contest project or resource mentioned in Maker Update.,low,399,2024-09-05,main,https://hackaday.io/contest/197237-supercon-8-add-on-contest,,https://youtube.com/watch?v=sQbjq-he3Xs,https://www.makerprojectlab.com/its-all-in-the-wrist-maker-update/
Plasma Toroid (sky-guided PCB edition),Sky Guided,project,electronics; pcb; circuit-design; diy-equipment,Plasma toroid PCB device.,high,399,2024-09-05,main,https://hackaday.io/project/194683-plasma-toroid-sky-guided-pcb-edition,vid: https://www.youtube.com/watch?v=Bl3zHuih_CY,https://youtube.com/watch?v=sQbjq-he3Xs,https://www.makerprojectlab.com/its-all-in-the-wrist-maker-update/
Illuminated Betta Fish,Haus Anima,project,led; lighting; aquarium-art; wearables,Illuminated betta fish tank feature.,high,399,2024-09-05,main,https://anima.haus/events/luminata/,vid: https://www.youtube.com/watch?v=zknjNJiU0xM,https://youtube.com/watch?v=sQbjq-he3Xs,https://www.makerprojectlab.com/its-all-in-the-wrist-maker-update/
I made a Marvel prop from Loki and Deadpool & Wolverine!,Matt Gray,project,cosplay; props; movie-prop; film-replica,Marvel movie prop costume replica.,high,399,2024-09-05,main,https://www.youtube.com/watch?v=B-IjAkmit-Q,,https://youtube.com/watch?v=sQbjq-he3Xs,https://www.makerprojectlab.com/its-all-in-the-wrist-maker-update/
Mastering fuzzy skin - 3D printing guide,Teaching Tech,tip,3d-printing; print-settings; layer-height; bed-temperature,3D printing surface quality guide.,high,399,2024-09-05,main,https://www.youtube.com/watch?v=UpRy_-K3lq8,,https://youtube.com/watch?v=sQbjq-he3Xs,https://www.makerprojectlab.com/its-all-in-the-wrist-maker-update/
Kintsugi and 3D Printing,Chris Borge,tip,kintsugi; 3d-printing; ceramics; pottery; art,Japanese ceramic repair technique with 3D printing technology,high,399,2024-09-05,main,https://www.youtube.com/watch?v=EISBKzTMk8Q,,https://youtube.com/watch?v=sQbjq-he3Xs,https://www.makerprojectlab.com/its-all-in-the-wrist-maker-update/
Hyperthread,Richard Vijgen,tip,creative-coding; art; algorithmic; textile,Hyperthread: tapestries weaving microchip designs at 4000x magnification using computational art.,high,399,2024-09-05,main,https://richardvijgen.nl/#hyperthread,https://www.creativeapplications.net/objects/hyperthread-the-intertwined-histories-of-the-microchip-and-the-jacquard-loom/,https://youtube.com/watch?v=sQbjq-he3Xs,https://www.makerprojectlab.com/its-all-in-the-wrist-maker-update/
Perfect Fanny Pack,Laura Kampf,project,sewing; fashion; accessories,Laura Kampf's fanny pack construction project,high,398,2024-08-29,main,https://www.youtube.com/watch?v=TeHyCcdKytA,,https://youtube.com/watch?v=s3sAGLloGi8&t=1680s,https://www.makerprojectlab.com/packs-a-punch-maker-update-2/
3D printed table loom,Fraens,project,3d-printing; weaving; textile; loom,3D printed table loom for weaving projects,high,398,2024-08-29,main,https://fraensengineering.com/3d-printed-table-loom/,,https://youtube.com/watch?v=s3sAGLloGi8&t=8100s,https://www.makerprojectlab.com/packs-a-punch-maker-update-2/
Lego Snake Game,OzzieGerff,project,lego; electronics; gaming; arcade,Snake game made from Lego and electronics,high,398,2024-08-29,main,https://www.youtube.com/watch?v=Ux_brSrV9-g,,https://youtube.com/watch?v=s3sAGLloGi8&t=11640s,https://www.makerprojectlab.com/packs-a-punch-maker-update-2/
Mobius Violin,Xyla Foxlin,project,3d-printing; violin; music; acoustics,Mobius strip-inspired violin design,high,398,2024-08-29,main,https://www.youtube.com/watch?v=nSblfD9GVTc,,https://youtube.com/watch?v=s3sAGLloGi8&t=14280s,https://www.makerprojectlab.com/packs-a-punch-maker-update-2/
3d Print Magnetic Switches,Andrew Klein,tip,3d-printing; magnets; switches; electromagnet,3D printed magnetic switch mechanisms,high,398,2024-08-29,main,https://www.youtube.com/watch?v=n9tZIFfM14o,,https://youtube.com/watch?v=s3sAGLloGi8&t=17580s,https://www.makerprojectlab.com/packs-a-punch-maker-update-2/
RGB Wood,Zack Freedman,tip,wood; led; lighting; rgb; painting,RGB-glowing wood panel finish technique,high,398,2024-08-29,main,https://www.youtube.com/watch?v=PebUhzrZpyE,,https://youtube.com/watch?v=s3sAGLloGi8&t=18900s,https://www.makerprojectlab.com/packs-a-punch-maker-update-2/
Better Tool Storage,April Wilkerson,tip,storage; tool-organization,Shop tool storage solutions and tips,high,398,2024-08-29,main,https://www.youtube.com/watch?v=XsS_svyBbSU,,https://youtube.com/watch?v=s3sAGLloGi8&t=21060s,https://www.makerprojectlab.com/packs-a-punch-maker-update-2/
History of the Telescope,PBS,tip,history; science; optics; telescope,Documentary on telescope history and development,high,398,2024-08-29,main,https://www.youtube.com/watch?v=eChiW3coNcY,,https://youtube.com/watch?v=s3sAGLloGi8&t=22740s,https://www.makerprojectlab.com/packs-a-punch-maker-update-2/
"""Orbital"" Arduino Escape Room Puzzle Prop",Playful Technology,project,arduino; electronics; escape-room; props,Arduino-controlled escape room puzzle automation device,high,397,2024-08-22,main,https://www.youtube.com/watch?v=vMZ4hSUh16g,,https://youtube.com/watch?v=CyfRO_zhDP0&t=1620s,https://www.makerprojectlab.com/gauging-your-reaction-maker-update/
Sound Reactive LED Top Hat,Erin St Blaine,project,led; wearables; fashion; hat; electronics,Sound-reactive LED top hat wearable,high,397,2024-08-22,main,https://learn.adafruit.com/sound-reactive-led-top-hat,,https://youtube.com/watch?v=CyfRO_zhDP0&t=10620s,https://www.makerprojectlab.com/gauging-your-reaction-maker-update/
Get Off My Lawn,"Awani Sheke, Christopher Jones, Deniece Radford, Jessy/Jingry Tang, Landon Beaty, Marc-Julian Galicha, Saurabg Sood, Shubbam More, William Rockwell & Ziyue/Sandy Sang",project,stop-motion; animation; mechanical,Multi-creator stop-motion animation project,high,397,2024-08-22,main,https://getofmylawn.wixsite.com/get-off-my-lawn,dev vid: https://www.youtube.com/watch?v=gYhs-xdHQsY; gameplay: https://www.youtube.com/watch?v=Ejr6SL3oj2A; https://shakethatbutton.com/get-off-my-lawn/,https://youtube.com/watch?v=CyfRO_zhDP0&t=12300s,https://www.makerprojectlab.com/gauging-your-reaction-maker-update/
Bore Tide Clock,rabbitcreek,project,clock; mechanical-design; marine,Bore tide clock inspired by ocean mechanics,high,397,2024-08-22,main,https://www.instructables.com/Bore-Tide-Clock/,,https://youtube.com/watch?v=CyfRO_zhDP0&t=15540s,https://www.makerprojectlab.com/gauging-your-reaction-maker-update/
38 Segment Display,Pekero,tip,led-display; segment-display; electronics,38-segment LED display design and construction,high,397,2024-08-22,main,https://www.youtube.com/watch?v=Th-u84OkpeQ,svg: https://twitter.com/pekerokotan/status/1820917873646411942; https://www.core77.com/posts/133321/A-38-Segment-Display,https://youtube.com/watch?v=CyfRO_zhDP0&t=21420s,https://www.makerprojectlab.com/gauging-your-reaction-maker-update/
svg: https://twitter.com/pekerokotan/status/1820917873646411942,,tip,electronics; design,Twitter reference for segment display project,low,397,2024-08-22,main,,,https://youtube.com/watch?v=CyfRO_zhDP0,https://www.makerprojectlab.com/gauging-your-reaction-maker-update/
Audio Options on Pi,Arya Voronova,tip,audio; raspberry-pi; sound; linux,Audio configuration options on Raspberry Pi,high,397,2024-08-22,main,https://hackaday.com/2024/08/12/audio-on-pi-here-are-your-options/,,https://youtube.com/watch?v=CyfRO_zhDP0&t=23580s,https://www.makerprojectlab.com/gauging-your-reaction-maker-update/
Iroh the Soft Skin Robot Sensor,Adrian Perez,tip,soft-robotics; sensor,Soft skin robot sensor design by Adrian Perez,high,397,2024-08-22,main,https://www.youtube.com/watch?v=RVtYYddi9Z8,,https://youtube.com/watch?v=CyfRO_zhDP0&t=25320s,https://www.makerprojectlab.com/gauging-your-reaction-maker-update/
Party Sub Projector Screen,Aunt Dena,project,projection; screen; diy; furniture,DIY projector screen from party sub container,high,396,2024-08-15,main,https://youtu.be/YCj9rRRdH48,,https://youtube.com/watch?v=WWTWzlhcXzU&t=1920s,https://www.makerprojectlab.com/bigger-meatier-craftier-maker-update/
Animatronic Claptrap,Mr Volt.,project,robotics; animatronics; props; borderlands,Claptrap animatronic robot build,high,396,2024-08-15,main,https://www.youtube.com/watch?v=s0fjvyjnHgA,,https://youtube.com/watch?v=WWTWzlhcXzU&t=12060s,https://www.makerprojectlab.com/bigger-meatier-craftier-maker-update/
Ford RS Gauge Cluster,Upir,project,automotive; electronics; gauge; dashboard,Ford RS gauge cluster restoration project,high,396,2024-08-15,main,https://www.youtube.com/watch?v=ugS3rKBZVVc,,https://youtube.com/watch?v=WWTWzlhcXzU&t=15300s,https://www.makerprojectlab.com/bigger-meatier-craftier-maker-update/
Worlds Smallest Bike,Stuff Made Here,project,bike; mechanical-design; miniature; scaling,World's smallest functional bicycle build,high,396,2024-08-15,main,https://www.youtube.com/watch?v=YqywL9PkM2s,,https://youtube.com/watch?v=WWTWzlhcXzU&t=17580s,https://www.makerprojectlab.com/bigger-meatier-craftier-maker-update/
Mecanum Wheels with Jememy Fielding,,tip,robotics; wheels; motion; tutorial,Mecanum wheels mechanics and applications,high,396,2024-08-15,main,https://www.youtube.com/watch?v=AlsCUzCCc-k,,https://youtube.com/watch?v=WWTWzlhcXzU&t=20220s,https://www.makerprojectlab.com/bigger-meatier-craftier-maker-update/
Best WLED controller,Chris Maher,tip,led; lighting; controller; rgb,Best wireless LED strip controller recommendations,high,396,2024-08-15,main,https://www.youtube.com/watch?v=0a-Y2CMrAiU,,https://youtube.com/watch?v=WWTWzlhcXzU&t=22380s,https://www.makerprojectlab.com/bigger-meatier-craftier-maker-update/
Full Color PCBs by JLCPCB,Anne Barela,tip,pcb; electronics; manufacturing; color,Full-color PCB production by JLCPCB,high,396,2024-08-15,main,https://learn.adafruit.com/colorful-creations-with-the-new-jlcpcb-pcb-service,,https://youtube.com/watch?v=WWTWzlhcXzU&t=25500s,https://www.makerprojectlab.com/bigger-meatier-craftier-maker-update/
Auto-Tune Kazoo,Guy Dupont,project,music; audio; sound-design; kazoo,Auto-tuning Kazoo musical instrument project,high,395,2024-08-08,main,https://hackaday.io/project/197147-the-auto-tune-kazoo,,https://youtube.com/watch?v=dA594zq9CkM&t=1500s,https://www.makerprojectlab.com/pitch-perfect-plastic-maker-update/
CNC Rotary Macropad,Ruiz Brothers,project,cnc; macropad; keyboard; woodworking,CNC-cut rotary macropad controller,high,395,2024-08-08,main,https://learn.adafruit.com/cnc-rotary-macropad,,https://youtube.com/watch?v=dA594zq9CkM&t=13200s,https://www.makerprojectlab.com/pitch-perfect-plastic-maker-update/
Floor Lamp with NeoPixels and WLED Custom Animations,Erin St Blaine,project,led; lighting; neopixel; floor-lamp,Floor lamp with programmable NeoPixel animations,high,395,2024-08-08,main,https://learn.adafruit.com/floor-lamp-with-wled,vid: https://www.youtube.com/watch?v=Wmjf8qvRKoo,https://youtube.com/watch?v=dA594zq9CkM&t=16200s,https://www.makerprojectlab.com/pitch-perfect-plastic-maker-update/
3D Printed Surfboard With Blinkenlights,mosivers,project,3d-printing; surfboard; led; sports,3D printed surfboard with integrated lighting,high,395,2024-08-08,main,https://www.instructables.com/3D-Printed-Surfboard-With-Blinkenlights/,,https://youtube.com/watch?v=dA594zq9CkM&t=20040s,https://www.makerprojectlab.com/pitch-perfect-plastic-maker-update/
Faux Stained Glass - 3D Printed,DIY Machines,tip,3d-printing; resin; stained-glass; art,Faux stained glass windows using 3D printing,high,395,2024-08-08,main,https://www.instructables.com/Faux-Stained-Glass-3D-Printed/,,https://youtube.com/watch?v=dA594zq9CkM&t=23400s,https://www.makerprojectlab.com/pitch-perfect-plastic-maker-update/
FPS Robot to Hunt Wasps,Basically Homeless,project,robotics; drone; wasp-control; fps,FPS robot designed to hunt and eliminate wasps,high,394,2024-08-01,main,https://www.youtube.com/watch?v=i5pflw2QmMM,,https://youtube.com/watch?v=p7z_Pj-mwEs&t=1680s,https://www.makerprojectlab.com/its-a-bug-hunt-maker-update/
Life-Sized Spongebob Meme,Emily the Engineer,project,scale-model; spongebob; sculpture; art,Life-sized SpongeBob SquarePants art sculpture,high,394,2024-08-01,main,https://www.youtube.com/watch?v=Oh6ijalF3hA,,https://youtube.com/watch?v=p7z_Pj-mwEs&t=10380s,https://www.makerprojectlab.com/its-a-bug-hunt-maker-update/
Resin Stained Glass Lamp,Shop Time,project,resin; casting; stained-glass; lamp,Resin-cast stained glass lamp project,high,394,2024-08-01,main,https://www.youtube.com/watch?v=nNTi9LJMy98,,https://youtube.com/watch?v=p7z_Pj-mwEs&t=15060s,https://www.makerprojectlab.com/its-a-bug-hunt-maker-update/
Puzzle for Cats,Makers Muse,project,3d-printing; puzzle; pet-entertainment; cats,3D printed interactive cat puzzle toy,high,394,2024-08-01,main,https://www.youtube.com/watch?v=CwVVBz6MNCk,,https://youtube.com/watch?v=p7z_Pj-mwEs&t=17520s,https://www.makerprojectlab.com/its-a-bug-hunt-maker-update/
Overcenter mechanisms,This Old /tony,tip,mechanical-design; engineering; mechanism,Overcenter mechanisms explanation and uses,high,394,2024-08-01,main,https://www.youtube.com/watch?v=Ia3Iieejyg8,,https://youtube.com/watch?v=p7z_Pj-mwEs,https://www.makerprojectlab.com/its-a-bug-hunt-maker-update/
What is the bounciest filament,CNC Kitchen,tip,filament; 3d-printing; testing,Bouncy filament material comparison and testing,high,394,2024-08-01,main,https://www.youtube.com/watch?v=4InFd5DoZa4,,https://youtube.com/watch?v=p7z_Pj-mwEs,https://www.makerprojectlab.com/its-a-bug-hunt-maker-update/
3D Print Tools Instead of Buying Them,Alexandre Chappel,tip,3d-printing; manufacturing,Using 3D printing to fabricate custom workshop tools,high,394,2024-08-01,main,https://www.youtube.com/watch?v=68pUUR5Ej60,,https://youtube.com/watch?v=p7z_Pj-mwEs,https://www.makerprojectlab.com/its-a-bug-hunt-maker-update/
Kawaii Useless Robot - 2024 Edition,Toby Chui,project,robotics; useless-machines; mechanism; toy,2024 version of Toby Chui's useless robot device,high,393,2024-07-25,main,https://www.instructables.com/Kawaii-Useless-Robot-2024-Edition/,vid: https://www.youtube.com/watch?v=l38ngzytmJw,https://youtube.com/watch?v=CQ0ntml2kZQ&t=1560s,https://www.makerprojectlab.com/too-many-turn-offs-maker-update/
Paper Geneva Drive Zoetrope,KAMIKARA,project,papercraft; animation; zoetrope; geneva,Paper-based Geneva drive zoetrope animation,high,393,2024-07-25,main,https://www.youtube.com/watch?v=tPoGD6_-WzU,,https://youtube.com/watch?v=CQ0ntml2kZQ&t=11820s,https://www.makerprojectlab.com/too-many-turn-offs-maker-update/
Remotely Controlling a 3D Printed Robotic Avatar Through VR Will Cogley,,project,vr; robotics; telepresence; 3d-printing,VR-controlled 3D printed robotic avatar system,high,393,2024-07-25,main,https://www.youtube.com/watch?v=5sgd5o21Y8s,,https://youtube.com/watch?v=CQ0ntml2kZQ&t=15660s,https://www.makerprojectlab.com/too-many-turn-offs-maker-update/
Clever Design Entrepreneurship: 3D-Printed RPG Organizing Cases for Gamers,,tip,3d-printing; product-design; business; gaming,3D printed RPG storage case design enterprise,high,393,2024-07-25,main,https://www.core77.com/posts/132933/Clever-Design-Entrepreneurship-3D-Printed-RPG-Organizing-Cases-for-Gamers,,https://youtube.com/watch?v=CQ0ntml2kZQ&t=18720s,https://www.makerprojectlab.com/too-many-turn-offs-maker-update/
Design and Control of a Bipedal Robotic Character DisneyResearchHub,,tip,robotics; bipedal; movement; animation,Disney research on bipedal robot character design,high,393,2024-07-25,main,https://www.youtube.com/watch?v=7_LW7u-nk6Q,,https://youtube.com/watch?v=CQ0ntml2kZQ&t=21900s,https://www.makerprojectlab.com/too-many-turn-offs-maker-update/
Flying RC Planes from an Actuated Chair,Michael Rechtin,project,rc-planes; chair; motion-control; automation,Flying RC planes controlled from motorized chair,high,392,2024-07-18,main,https://www.youtube.com/watch?v=RUl8RUT7FV0,,https://youtube.com/watch?v=lgR7ohu386g&t=1620s,https://www.makerprojectlab.com/instrument-landing-maker-update/
Fully Functional Droid Interface,Brunger Builds,project,props; star-wars; droid; electronics,Fully functional droid interface display panel,high,392,2024-07-18,main,https://www.youtube.com/watch?v=zh94U9Y77R8,,https://youtube.com/watch?v=lgR7ohu386g&t=9000s,https://www.makerprojectlab.com/instrument-landing-maker-update/
DIY SDR Cyberdeck,backofficeshow,project,cyberdeck; sdr; portable-computer; diy,DIY Software-Defined Radio cyberdeck build,high,392,2024-07-18,main,https://www.youtube.com/watch?v=LVLfVAbWFas,,https://youtube.com/watch?v=lgR7ohu386g&t=13020s,https://www.makerprojectlab.com/instrument-landing-maker-update/
Turning Colin Furze's tunnel dirt into art,Ali Spagnola,project,art; upcycling; sculpture; earthwork,Turning tunnel dirt into sculptural artwork,high,392,2024-07-18,main,https://www.youtube.com/watch?v=zqiGsaQxaJQ,,https://youtube.com/watch?v=lgR7ohu386g&t=15000s,https://www.makerprojectlab.com/instrument-landing-maker-update/
6 rules for organization,Laura Kampf,tip,organization; workspace,Six rules for effective workshop organization,high,392,2024-07-18,main,https://www.youtube.com/watch?v=qHfjImav1FU,,https://youtube.com/watch?v=lgR7ohu386g&t=18120s,https://www.makerprojectlab.com/instrument-landing-maker-update/
Design a project entirely in BambuStudio,Voidstar Lab,tip,3d-design; cad; bambu-studio; software,Comprehensive CAD project design in BambuStudio,high,392,2024-07-18,main,https://www.youtube.com/watch?v=B4bMm8w1rZY,,https://youtube.com/watch?v=lgR7ohu386g&t=19680s,https://www.makerprojectlab.com/instrument-landing-maker-update/
The Best cheap Calipers,Vector 3D,tip,calipers; measurement; precision,Affordable precision calipers for makers,high,392,2024-07-18,main,https://www.youtube.com/watch?v=bAdBPfqR0Uo,,https://youtube.com/watch?v=lgR7ohu386g&t=22260s,https://www.makerprojectlab.com/instrument-landing-maker-update/
Print Wave Metal Casting,Shake the Future,tip,metal-casting; 3d-printing; wave-pattern,Wave pattern metal casting from 3D printed molds,high,392,2024-07-18,main,https://www.youtube.com/watch?v=0kxfDN4cKTk,,https://youtube.com/watch?v=lgR7ohu386g&t=24060s,https://www.makerprojectlab.com/instrument-landing-maker-update/
Microwave Kiln Video: https://www.youtube.com/watch?v=XCI_FPDQA-U,,tip,kiln; microwave; ceramics; material-science,Microwave kiln for small ceramic work,high,392,2024-07-18,main,,,https://youtube.com/watch?v=lgR7ohu386g,https://www.makerprojectlab.com/instrument-landing-maker-update/
Building a Nightstand That Helps Me Sleep Better,Make With Miles,project,furniture; sleep-optimization; diy; bedroom,Custom nightstand improving sleep quality,high,391,2024-07-11,main,https://www.youtube.com/watch?v=k7tByIgkytA,,https://youtube.com/watch?v=LWAcrzjv-pU&t=1680s,https://www.makerprojectlab.com/a-kerf-goodnight-maker-update/
84 x 42 Flipdisc Display,Kathy Korevec,project,led-display; flipdisc; mechanical; animation,Large flipdisc display with mechanical pixels,high,391,2024-07-11,main,https://flipdisc.io/,vid: https://www.youtube.com/watch?v=_Kc9zDlKURs; https://www.hackster.io/news/make-your-own-interactive-flip-disc-art-e8f90d1b8b2b,https://youtube.com/watch?v=LWAcrzjv-pU&t=6900s,https://www.makerprojectlab.com/a-kerf-goodnight-maker-update/
Election Countdown Display,CriptasticHacker and Ruth Grace Wong,project,led-display; countdown; election; esp32,Election countdown display using LED technology,high,391,2024-07-11,main,https://hackaday.io/project/191810-election-countown-display,https://github.com/ruthgrace/mannys_sign,https://youtube.com/watch?v=LWAcrzjv-pU&t=10380s,https://www.makerprojectlab.com/a-kerf-goodnight-maker-update/
Brushless Motor and Driver Business Card Andy Geppert,,project,brushless-motor; pcb; electronics,Brushless motor and driver on business card,high,391,2024-07-11,main,https://hackaday.io/project/196576-brushless-motor-and-driver-business-card-kit,https://www.hackster.io/news/andy-geppert-s-business-card-is-making-moves-as-it-s-a-literal-brushless-motor-b1d339c946e5,https://youtube.com/watch?v=LWAcrzjv-pU&t=12840s,https://www.makerprojectlab.com/a-kerf-goodnight-maker-update/
M5Stack M5Dial,,tip,esp32; iot; smart-device; microcontroller,M5Stack M5Dial IoT dial interface module,high,391,2024-07-11,main,https://www.digikey.com/short/02r1nmm2,vid: https://www.youtube.com/watch?v=K04qKJ0Jwkg&t=13s; https://blog.adafruit.com/2024/07/05/back-in-stock-m5stack-dial-esp32-s3-smart-rotary-knob-with-1-28-touchscreen/,https://youtube.com/watch?v=LWAcrzjv-pU&t=14580s,https://www.makerprojectlab.com/a-kerf-goodnight-maker-update/
Mini Sheet Metal Brake,Josh Charles,tip,sheet-metal; bending; fabrication,Mini sheet metal brake tool for makers,high,391,2024-07-11,main,https://www.instructables.com/Mini-Sheet-Metal-Break/,,https://youtube.com/watch?v=LWAcrzjv-pU&t=16260s,https://www.makerprojectlab.com/a-kerf-goodnight-maker-update/
Why Harmonic Drives Are Awesome,Jeremy Fielding,tip,harmonic-drives; motion; robotics; mechanics,Harmonic drive gearing system explanation,high,391,2024-07-11,main,https://www.youtube.com/watch?v=LplZE0e3r3w,,https://youtube.com/watch?v=LWAcrzjv-pU&t=17700s,https://www.makerprojectlab.com/a-kerf-goodnight-maker-update/
Create 3D Printed Products Without Any CAD,Slant 3D,tip,3d-printing; cad; workflow; software,Creating 3D printed products without CAD knowledge,high,391,2024-07-11,main,https://www.youtube.com/watch?v=hUapiZIbleY,,https://youtube.com/watch?v=LWAcrzjv-pU&t=19680s,https://www.makerprojectlab.com/a-kerf-goodnight-maker-update/
Shopping Bag Hat,Simone Giertz,project,sewing; fashion; wearables; bags,Simone Giertz shopping bag hat design,high,390,2024-07-04,main,https://www.youtube.com/watch?v=ZHkoAWs-BQk,,https://youtube.com/watch?v=FHErRvlZRAs&t=1860s,https://www.makerprojectlab.com/its-in-the-bag-maker-update/
Tripteron Robot,Not an Engineer,project,robotics; motion-design; kinematics,Three-axis parallel robot mechanism design,high,390,2024-07-04,main,https://www.youtube.com/watch?v=io4S9amExNM,,https://youtube.com/watch?v=FHErRvlZRAs&t=7380s,https://www.makerprojectlab.com/its-in-the-bag-maker-update/
Meshtastic LoRa Pager,Random Alley Cat,project,lora; communication; pager; electronics,Meshtastic LoRa messaging pager device,high,390,2024-07-04,main,https://www.youtube.com/watch?v=DzUjgBNDcdI,https://meshtastic.org/docs/introduction/,https://youtube.com/watch?v=FHErRvlZRAs&t=10800s,https://www.makerprojectlab.com/its-in-the-bag-maker-update/
Welding Fixture Table,Marius Hornberger,project,welding; metal-fabrication; workbench; fixture,Precision welding fixture table construction,high,390,2024-07-04,main,https://www.youtube.com/watch?v=PE89b8MIQc0,,https://youtube.com/watch?v=FHErRvlZRAs&t=12840s,https://www.makerprojectlab.com/its-in-the-bag-maker-update/
No-weld metal fabrication,Wesley Treat,tip,metalworking; fabrication; welding,No-weld metal joinery fabrication methods,high,390,2024-07-04,main,https://www.youtube.com/watch?v=VwlXL-OhuMU,,https://youtube.com/watch?v=FHErRvlZRAs&t=15240s,https://www.makerprojectlab.com/its-in-the-bag-maker-update/
UNfilled 3d prints,Need It Make It,tip,3d-printing; infill; density,Reduced infill 3D printing techniques and tips,high,390,2024-07-04,main,https://www.youtube.com/watch?v=ss610c_KxKc,,https://youtube.com/watch?v=FHErRvlZRAs&t=17460s,https://www.makerprojectlab.com/its-in-the-bag-maker-update/
Servo Commander II,John Park,tip,servo; motor-control; electronics; robotics,Servo motor control hardware device,high,390,2024-07-04,main,https://www.youtube.com/watch?v=0KG0E1QZrlM,,https://youtube.com/watch?v=FHErRvlZRAs&t=19560s,https://www.makerprojectlab.com/its-in-the-bag-maker-update/
Injection molding with 3d printing,CNC kitchen,tip,injection-molding; 3d-printing; manufacturing,Injection molding using 3D printed molds,high,390,2024-07-04,main,https://www.youtube.com/watch?v=4xXs9go-Ieg,,https://youtube.com/watch?v=FHErRvlZRAs&t=21180s,https://www.makerprojectlab.com/its-in-the-bag-maker-update/
Transferscope is an AI+D Lab project,Christopher Pietsch,project,ai; design-tool; image-generation; interactive,AI-powered design scanning tool Transferscope,high,389,2024-06-27,main,https://aid-lab.hfg-gmuend.de/articles/transferscope,vid: https://vimeo.com/929277009; https://www.creativeapplications.net/objects/transferscope-synthesized-reality/; TW: https://twitter.com/chrispiecom/status/1797979648909054143,https://youtube.com/watch?v=lr2wBfHE-DY&t=1680s,https://www.makerprojectlab.com/reality-bytes-maker-update/
NeoPixel Party Bike - Update With Radio!,TechnoChic,project,led; bike; wearables; costume; radio,NeoPixel-adorned bike with radio control,high,389,2024-06-27,main,https://www.instructables.com/NeoPixel-Party-Bike-2024-Update-With-Radio/,vid: https://www.youtube.com/watch?v=OEeU9tP6dZ4,https://youtube.com/watch?v=lr2wBfHE-DY&t=9240s,https://www.makerprojectlab.com/reality-bytes-maker-update/
DIY Wooden Reactor Simulator,Timber Rough,project,woodworking; simulation; puzzle; game,DIY wooden reactor simulator puzzle,high,389,2024-06-27,main,https://www.instructables.com/Wooden-Reactor-Simulator-Nightlight-Desk-Lamp-Soun/,,https://youtube.com/watch?v=lr2wBfHE-DY&t=12360s,https://www.makerprojectlab.com/reality-bytes-maker-update/
3D Printed Nozzle Designs for Clay Printing,Piotr Wasniowski,tip,3d-printing; nozzle; ceramics; clay-printing,Clay printing nozzle designs for 3D printers,high,389,2024-06-27,main,https://www.instagram.com/piotr_wasniowski/,https://www.core77.com/posts/132566/Producing-Crazy-Textures-by-3D-Printing-Clay-With-Custom-Rotating-Nozzles,https://youtube.com/watch?v=lr2wBfHE-DY&t=15120s,https://www.makerprojectlab.com/reality-bytes-maker-update/
3D Print Any Texture You Want!,3DJake,tip,3d-printing; texture; surface,Custom texture application in 3D printing,high,389,2024-06-27,main,https://www.youtube.com/watch?v=MezOnZN1x18,https://hackaday.com/2024/06/20/adding-texture-to-3d-prints/,https://youtube.com/watch?v=lr2wBfHE-DY&t=17460s,https://www.makerprojectlab.com/reality-bytes-maker-update/
I Printed A Better Tapping Tool,Chris Borge,tip,3d-printing; tapping; metalworking,Improved tapping tool design via 3D printing,high,389,2024-06-27,main,https://www.youtube.com/watch?v=Q_pKrAjZ3b0,,https://youtube.com/watch?v=lr2wBfHE-DY&t=19140s,https://www.makerprojectlab.com/reality-bytes-maker-update/
Tron-themed 3d printing room,I Like to Make Stuff,project,3d-printing; room-design; workspace; aesthetics,Tron-inspired 3D printing studio workspace design,high,388,2024-06-20,main,https://www.youtube.com/watch?v=WWTxgRnQeJ4,,https://youtube.com/watch?v=eCDPsDo1c3w&t=1440s,https://www.makerprojectlab.com/fight-for-the-users-maker-update/
Light up name badge,Katz Creates,project,led; electronics; wearables; badge,LED-illuminated name badge maker,high,388,2024-06-20,main,https://www.youtube.com/watch?v=IFcErsWPGCk,,https://youtube.com/watch?v=eCDPsDo1c3w&t=10500s,https://www.makerprojectlab.com/fight-for-the-users-maker-update/
USB Rotary Media Dial,the Ruiz Brothers.,project,usb; dial; input-device; media-control,USB rotary media dial remote control,high,388,2024-06-20,main,https://learn.adafruit.com/usb-rotary-media-dial,,https://youtube.com/watch?v=eCDPsDo1c3w&t=12600s,https://www.makerprojectlab.com/fight-for-the-users-maker-update/
Ferrofluid synthesizer,Love Hulten,project,ferrofluid; art; synthesizer; music-visual,Ferrofluid synthesizer interactive installation,high,388,2024-06-20,main,https://www.youtube.com/watch?v=4LLXzCYme0I,,https://youtube.com/watch?v=eCDPsDo1c3w&t=14400s,https://www.makerprojectlab.com/fight-for-the-users-maker-update/
3d Printed Maker KNife,3D OCD,project,3d-printing; knives; kitchen,3D printed maker knife tool,high,388,2024-06-20,main,https://www.youtube.com/watch?v=lbHE7pVNlOE,,https://youtube.com/watch?v=eCDPsDo1c3w&t=16020s,https://www.makerprojectlab.com/fight-for-the-users-maker-update/
Mechamaven,EarlDanielph,tip,mechatronics; design-tool; software,Mechamaven CAD and mechanics design application,high,388,2024-06-20,main,https://www.instructables.com/MechaMaven-the-Educational-Robot-Explorer/,,https://youtube.com/watch?v=eCDPsDo1c3w&t=17400s,https://www.makerprojectlab.com/fight-for-the-users-maker-update/
3d printed panels,DIY Finn,tip,3d-printing; panels; enclosure; design,3D printed panel and enclosure design,high,388,2024-06-20,main,https://www.youtube.com/watch?v=WIdHBMIfGhQ,,https://youtube.com/watch?v=eCDPsDo1c3w&t=18900s,https://www.makerprojectlab.com/fight-for-the-users-maker-update/
Was I Unfair to FreeCAD,Maker's Muse,tip,freecad; cad-software; 3d-design,Maker's Muse review of FreeCAD capabilities,high,388,2024-06-20,main,https://www.youtube.com/watch?v=p8Pk1ayx6LQ&t=17s,,https://youtube.com/watch?v=eCDPsDo1c3w&t=20520s,https://www.makerprojectlab.com/fight-for-the-users-maker-update/
Printing circuits with SLS,Applied Science,tip,sls-printing; circuit; pcb; manufacturing,Circuit printing using selective laser sintering,high,388,2024-06-20,main,https://www.youtube.com/watch?v=UIqhpxul_og,,https://youtube.com/watch?v=eCDPsDo1c3w&t=22080s,https://www.makerprojectlab.com/fight-for-the-users-maker-update/
Slide Whistle Orchestrion,mitxela,project,music; mechanical-instrument; whistle; orchestration,Slide whistle orchestrion mechanical music player,high,387,2024-06-13,main,https://www.youtube.com/watch?v=6JeV53LZ8ag,,https://youtube.com/watch?v=JnaY5_4zJA0&t=1620s,https://www.makerprojectlab.com/whistle-while-your-robots-work-maker-update/
Copper Pipe Audio Delay,Look Mum No Computer,project,audio; sound-design; delay-line; copper-pipe,Copper pipe audio delay system project,high,387,2024-06-13,main,https://www.youtube.com/watch?v=cBZKziM0vlI,,https://youtube.com/watch?v=JnaY5_4zJA0&t=8160s,https://www.makerprojectlab.com/whistle-while-your-robots-work-maker-update/
Making the World's Fastest Drone,Mike Bell,project,drone; speed; racing; fpv,Record-breaking fastest drone design and build,high,387,2024-06-13,main,https://www.youtube.com/watch?v=RoSSaSkOTTc,,https://youtube.com/watch?v=JnaY5_4zJA0&t=10620s,https://www.makerprojectlab.com/whistle-while-your-robots-work-maker-update/
Metal Lathe Made by a 3d Printer,Chris Borge,project,lathe; cnc; 3d-printing; metalworking,Metal lathe machine tool made from 3D printer,high,387,2024-06-13,main,https://www.youtube.com/watch?v=mA5jHT-Nwxs,,https://youtube.com/watch?v=JnaY5_4zJA0&t=12960s,https://www.makerprojectlab.com/whistle-while-your-robots-work-maker-update/
Capstan Robotic Drives,Aaed Musa,tip,robotics; drive-system; mechanics; capstan,Capstan drive system for robotics applications,high,387,2024-06-13,main,https://www.youtube.com/watch?v=MwIBTbumd1Q,,https://youtube.com/watch?v=JnaY5_4zJA0&t=14820s,https://www.makerprojectlab.com/whistle-while-your-robots-work-maker-update/
Design for Assembly,Will Cogley,tip,engineering; design; assembly; manufacturing,Design for assembly principles and practices,high,387,2024-06-13,main,https://www.youtube.com/watch?v=uzPisRAmo2s,,https://youtube.com/watch?v=JnaY5_4zJA0&t=17520s,https://www.makerprojectlab.com/whistle-while-your-robots-work-maker-update/
Tools and Materials for the Beginning Maker,Adam Savage,tip,maker-fundamentals; tutorial,Essential tools and materials for beginner makers,high,387,2024-06-13,main,https://www.youtube.com/watch?v=7XaG8mmnY-8,,https://youtube.com/watch?v=JnaY5_4zJA0&t=19800s,https://www.makerprojectlab.com/whistle-while-your-robots-work-maker-update/
How to Print Gears,How To Mechatronics,tip,gears; 3d-printing; mechanical-design; tutorial,3D printing gear design and teeth generation,high,387,2024-06-13,main,https://www.youtube.com/watch?v=EhzCQHOy3yw,,https://youtube.com/watch?v=JnaY5_4zJA0&t=21480s,https://www.makerprojectlab.com/whistle-while-your-robots-work-maker-update/
Talk to Anything Using AI,Matt Reed,project,ai; voice-control; iot; accessibility,AI chatbot interface for smart device control,high,386,2024-06-06,main,https://www.redpepper.land/blog/little-shop-of-conversations-talk-to-plants-using-ai,vid: https://www.youtube.com/watch?v=4TWuMna29y8; https://www.hackster.io/news/a-fruitful-conversation-f9372d777e73,https://youtube.com/watch?v=UuTPFqu35po&t=1560s,https://www.makerprojectlab.com/chard-gpt-maker-update/
Light Geometry: Building a Voronoi LED Uplight Decorative Lamp,andrei.erdei,project,led-lighting; voronoi-design; geometric; lamp,Voronoi LED geometry decorative lamp project,high,386,2024-06-06,main,https://www.instructables.com/Light-Geometry-Building-a-Voronoi-LED-Uplight-Deco/,vid: https://www.youtube.com/watch?v=t5RABoh1sg8,https://youtube.com/watch?v=UuTPFqu35po&t=5640s,https://www.makerprojectlab.com/chard-gpt-maker-update/
Building a Keystep Pro Patch Bay,Blitz City DIY,project,music; synthesizer; patch-bay; keystep,Keystep Pro synthesizer patch panel builder,high,386,2024-06-06,main,https://www.youtube.com/watch?v=mWCxitBAL5U,,https://youtube.com/watch?v=UuTPFqu35po&t=9300s,https://www.makerprojectlab.com/chard-gpt-maker-update/
Magic Shutdown Button for Raspberry Pi,Charlyn Gonda,tip,raspberry-pi; automation; power-management; shutdown,Raspberry Pi emergency shutdown button design,high,386,2024-06-06,main,https://charlyn.codes/magic-button/,vid: https://www.instagram.com/p/C6X9xxVLrEg/,https://youtube.com/watch?v=UuTPFqu35po&t=10920s,https://www.makerprojectlab.com/chard-gpt-maker-update/
How to Use Every Dremel Bit,Log's Carving Club (via Gar's Tips and Tools),tip,dremel; rotary-tools; bits; tutorial,Comprehensive Dremel rotary tool bit guide,high,386,2024-06-06,main,https://www.youtube.com/watch?v=glEW8K9kn64,,https://youtube.com/watch?v=UuTPFqu35po&t=12240s,https://www.makerprojectlab.com/chard-gpt-maker-update/
How to Make Custom Gears for Beginners Jeremy Fielding,,tip,gears; mechanical-design; tutorial; cad,Custom gear design for beginners by Jeremy Fielding,high,386,2024-06-06,main,https://www.youtube.com/watch?v=DKE36Y5VGYs,,https://youtube.com/watch?v=UuTPFqu35po&t=13620s,https://www.makerprojectlab.com/chard-gpt-maker-update/
Attempting a Massive Twister Sculpture,Wesley Treat,project,sculpture; rope-art; installation; large-scale,Massive twister rope sculpture installation,high,385,2024-05-30,main,https://www.youtube.com/watch?v=eQAGJhUX8Os,,https://youtube.com/watch?v=w_mLmJ3PXjk&t=1620s,https://www.makerprojectlab.com/one-more-round-maker-update/
Hyper Wobbler,Robin Baumgarten & Philipp Helldorfer,project,mechanical-motion; wobbler; kinetic-art,Hyper wobbler mechanical motion sculpture,high,385,2024-05-30,main,https://www.wobblylabs.com/hyper-wobbler,vid: https://www.youtube.com/watch?v=jou3oU99_6c; https://shakethatbutton.com/hyper-wobbler/,https://youtube.com/watch?v=w_mLmJ3PXjk&t=9240s,https://www.makerprojectlab.com/one-more-round-maker-update/
Halo Energy Sword RP2040,Ruiz Brothers,project,led-wearable; props; gaming; halo; sword,Halo energy sword with RP2040 LED controller,high,385,2024-05-30,main,https://learn.adafruit.com/halo-energy-sword-rp2040,,https://youtube.com/watch?v=w_mLmJ3PXjk&t=12000s,https://www.makerprojectlab.com/one-more-round-maker-update/
Peter Donders' Wind Bench Combines Digital Fabrication with Hand Shaping,,tip,woodworking; fabrication; digital-tools; hand-finishing,Wind bench combining CNC and hand shaping,high,385,2024-05-30,main,https://www.core77.com/posts/132220/Peter-Donders-Wind-Bench-Combines-Digital-Fabrication-with-Hand-Shaping,,https://youtube.com/watch?v=w_mLmJ3PXjk&t=14100s,https://www.makerprojectlab.com/one-more-round-maker-update/
Design Your Very Own Watch,Johan Link,tip,watches; wearables; jewelry; design; cad,Custom watch design from scratch tutorial,high,385,2024-05-30,main,https://www.instructables.com/Design-Your-Very-Own-Watch/,,https://youtube.com/watch?v=w_mLmJ3PXjk&t=16200s,https://www.makerprojectlab.com/one-more-round-maker-update/
"Self Reversing Screw Mechanism, Walking!",gzumwalt,tip,mechanical-design; gears; mechanism; animation,Self-reversing walking screw mechanism design,high,385,2024-05-30,main,https://www.instructables.com/Self-Reversing-Screw-Mechanism-Walking/,,https://youtube.com/watch?v=w_mLmJ3PXjk&t=18540s,https://www.makerprojectlab.com/one-more-round-maker-update/
Ultimate FPS Controller Design,PyottDesign,project,gaming; input-device; controller; fps,Ultimate first-person controller game device,high,384,2024-05-23,main,https://www.youtube.com/watch?v=Ug06dhahqg0,,https://youtube.com/watch?v=MLZ3RarpO5o&t=1860s,https://www.makerprojectlab.com/360-noscope-maker-update/
Etch a Sketch Camera,Every Flavor of Robot,project,etch-a-sketch; electronics; robotics; art,Etch-a-sketch automated drawing robot,high,384,2024-05-23,main,https://www.youtube.com/watch?v=iQhhutAanu0,,https://youtube.com/watch?v=MLZ3RarpO5o&t=10860s,https://www.makerprojectlab.com/360-noscope-maker-update/
4 axis wire EDM,Morlock,project,cnc; edm; wire-cutting; metalworking,4-axis wire EDM electrical discharge machining,high,384,2024-05-23,main,https://www.youtube.com/watch?v=nTMlIvt_CDY,,https://youtube.com/watch?v=MLZ3RarpO5o&t=14400s,https://www.makerprojectlab.com/360-noscope-maker-update/
Moire Clock,Mosivers,project,clock; moiré-pattern; mechanical; optics,Moiré pattern visual clock design,high,384,2024-05-23,main,https://www.instructables.com/Moir%C3%A9-Clock/,,https://youtube.com/watch?v=MLZ3RarpO5o&t=16980s,https://www.makerprojectlab.com/360-noscope-maker-update/
Recasting Lancia Taillights,Eric Strebel,project,automotive; casting; metalworking; lancia,Custom taillight casting and restoration,high,384,2024-05-23,main,https://www.youtube.com/watch?v=1PTa3atA0oY,,https://youtube.com/watch?v=MLZ3RarpO5o&t=19200s,https://www.makerprojectlab.com/360-noscope-maker-update/
Emulating Biology to Make Tiny Robots,Breaking Taps,tip,biomimicry; micro-robotics; insects; movement,Bio-inspired tiny robot design methods,high,384,2024-05-23,main,https://www.youtube.com/watch?v=TQiLLcumqDw,,https://youtube.com/watch?v=MLZ3RarpO5o&t=20940s,https://www.makerprojectlab.com/360-noscope-maker-update/
Five Creative 3d Prints From MRRF,Zack Freedman,tip,3d-printing; creative-designs; showcase,Creative 3D print showcase from MRRF event,high,384,2024-05-23,main,https://www.youtube.com/watch?v=GobDWJS7haw,,https://youtube.com/watch?v=MLZ3RarpO5o&t=22980s,https://www.makerprojectlab.com/360-noscope-maker-update/
GPS Jamming,Scott Manley,tip,gps; signal-jamming; radio; technology,GPS jamming technology and principles,high,384,2024-05-23,main,https://youtu.be/sAjWJbZOq6I,,https://youtube.com/watch?v=MLZ3RarpO5o&t=24960s,https://www.makerprojectlab.com/360-noscope-maker-update/
Homemade Multi-Functional Electric Crutch,Handy Geng,project,mobility-aid; automation; engineering; crutch,Motorized multi-function electric crutch device,high,383,2024-05-16,main,https://www.youtube.com/watch?v=LROYe5HA-go,,https://youtube.com/watch?v=_Y8Ton9V9K8&t=1620s,https://www.makerprojectlab.com/lean-machine-maker-update/
Loom,ATELIER-E (Christian Losert and Daniel Dalfovo),project,weaving; textile; 3d-design; art,Loom weaving apparatus design by ATELIER-E,high,383,2024-05-16,main,https://www.atelier-e.net/works/loom,https://www.creativeapplications.net/environment/loom-a-weaving-frame-of-ons-and-offs/; vid: https://vimeo.com/725293258,https://youtube.com/watch?v=_Y8Ton9V9K8&t=11580s,https://www.makerprojectlab.com/lean-machine-maker-update/
Turning a Shop Vac into a Super-Roomba Clay Builds,,project,vacuum-cleaner; robotics; automation; sweeper,Shop vac converted to autonomous cleaning robot,high,383,2024-05-16,main,https://www.youtube.com/watch?v=BIobB7fyads,https://www.reddit.com/r/arduino/comments/1ceuoju/i_turned_a_shop_vac_into_a_giant_roomba/; https://hackaday.com/2024/05/08/robotic-platform-turns-shop-vac-into-roomba/,https://youtube.com/watch?v=_Y8Ton9V9K8&t=15180s,https://www.makerprojectlab.com/lean-machine-maker-update/
The Different Types of Galvanized Steel,,tip,metal; material-science; galvanizing; corrosion,Galvanized steel types and applications,high,383,2024-05-16,main,https://www.core77.com/posts/132034/Explainer-for-Designers-The-Different-Types-of-Galvanized-Steel,,https://youtube.com/watch?v=_Y8Ton9V9K8&t=19020s,https://www.makerprojectlab.com/lean-machine-maker-update/
Bantam Tools NextDraw,,tip,drawing-tools; cad; design; software,Bantam Tools NextDraw CNC drawing device,high,383,2024-05-16,main,https://www.evilmadscientist.com/2024/bantam-tools-nextdraw/,,https://youtube.com/watch?v=_Y8Ton9V9K8&t=21420s,https://www.makerprojectlab.com/lean-machine-maker-update/
Everything You Need To Know // Creative LEDs * 08 * TechnoChic,,tip,led; wearables; design; lighting,Creative LED design and wearable techniques,high,383,2024-05-16,main,https://www.youtube.com/watch?v=JpHJH5QsbTM,,https://youtube.com/watch?v=_Y8Ton9V9K8&t=22860s,https://www.makerprojectlab.com/lean-machine-maker-update/
Candle Powered Boat,Xiao Qian Feng,project,sailing; boat; thermodynamics; physics,Candle-powered hot air engine sailboat,high,382,2024-05-09,main,https://www.youtube.com/watch?v=S4PGg_TIReA,Science explainer by Steve Mould: https://www.youtube.com/watch?v=3AXupc7oE-g,https://youtube.com/watch?v=BAuoxYztPDs&t=1680s,https://www.makerprojectlab.com/maritime-miyazaki-maker-update/
A PC that Makes Coffee,Nerdforge,project,computer; coffee-maker; integration; art,PC case integrated with working coffee maker,high,382,2024-05-09,main,https://www.youtube.com/watch?v=oSVPkuplVRY,,https://youtube.com/watch?v=BAuoxYztPDs&t=8100s,https://www.makerprojectlab.com/maritime-miyazaki-maker-update/
Making an Animation Out of Felt,Aaron Fisher,project,felt; animation; stop-motion; craft,Stop-motion animation made from felt fabric,high,382,2024-05-09,main,https://www.youtube.com/watch?v=cBoQARCkv4Q,,https://youtube.com/watch?v=BAuoxYztPDs&t=11460s,https://www.makerprojectlab.com/maritime-miyazaki-maker-update/
Lockpicking Robot,Sparks and Code,project,lock-picking; robotics; security; automation,Automated lockpicking robot device,high,382,2024-05-09,main,https://www.youtube.com/watch?v=QE9MT1LG-PU,,https://youtube.com/watch?v=BAuoxYztPDs&t=14400s,https://www.makerprojectlab.com/maritime-miyazaki-maker-update/
Comprehensive Guide to Building an R4 Droid,Paul Gentile,tip,r2d2; droid; props; construction,Comprehensive R2D2 robot building guide,high,382,2024-05-09,main,https://makezine.com/projects/building-your-first-r2/,,https://youtube.com/watch?v=BAuoxYztPDs&t=16620s,https://www.makerprojectlab.com/maritime-miyazaki-maker-update/
Open-Source Emoji Library,,tip,emoji; library; open-source; design; font,Open-source emoji design library collection,high,382,2024-05-09,main,https://openmoji.org/,,https://youtube.com/watch?v=BAuoxYztPDs&t=18900s,https://www.makerprojectlab.com/maritime-miyazaki-maker-update/
Ultimate Pi NAS,Jeff Geerling,tip,raspberry-pi; nas; storage; network,Ultimate Raspberry Pi network attached storage,high,382,2024-05-09,main,https://www.youtube.com/watch?v=l30sADfDiM8,,https://youtube.com/watch?v=BAuoxYztPDs&t=21000s,https://www.makerprojectlab.com/maritime-miyazaki-maker-update/
DIY Soft Vinyl,Crafsman Steady Craftin,tip,vinyl; casting; soft-vinyl; production; toy,DIY soft vinyl toy casting technique,high,382,2024-05-09,main,https://www.youtube.com/watch?v=t-68PuRh1uk,,https://youtube.com/watch?v=BAuoxYztPDs&t=23400s,https://www.makerprojectlab.com/maritime-miyazaki-maker-update/
Building a MINI Vegas Sphere,Carl Bugeja,project,led-display; sphere; pixels; animation,Mini LED sphere Vegas-style display build,high,381,2024-05-02,main,https://www.youtube.com/watch?v=Jjg6-xT6rJg,https://www.hackster.io/news/from-vegas-to-your-desk-carl-bugeja-miniaturizes-the-iconic-sphere-venue-with-flexible-pcbs-cd0156172eda,https://youtube.com/watch?v=LDPltbFL3qY&t=1680s,https://www.makerprojectlab.com/vegas-baby-maker-update/
Gesture Controlled DNA Wooden Desk Lamp,Timber Rough,project,wood; lamp; gesture-control; dna; design,DNA-inspired gesture-controlled wooden lamp,high,381,2024-05-02,main,https://www.instructables.com/Gesture-Controlled-Wooden-DNA-Desk-Lamp/,https://hackaday.com/2024/04/24/diy-electronics-plus-woodworking-equal-custom-lamp/; https://hackaday.io/project/195731-gesture-controlled-dna-wooden-desk-lamp,https://youtube.com/watch?v=LDPltbFL3qY&t=7560s,https://www.makerprojectlab.com/vegas-baby-maker-update/
DIY Arduino Quiz Buzzer System,Playful Technology,project,arduino; buzzer; game-show; electronics,DIY quiz game buzzer system with Arduino,high,381,2024-05-02,main,https://www.youtube.com/watch?v=S2eK29do-z0,,https://youtube.com/watch?v=LDPltbFL3qY&t=11280s,https://www.makerprojectlab.com/vegas-baby-maker-update/
"The Secret Life of Arcade Machines, i-Zombie tim hunkin",,tip,arcade; documentary; history; automation,Documentary on arcade machine design history,high,381,2024-05-02,main,https://www.youtube.com/watch?v=3CWAYmhNNHI,,https://youtube.com/watch?v=LDPltbFL3qY&t=17460s,https://www.makerprojectlab.com/vegas-baby-maker-update/
Secrets to Better 3D Printed Domes,Slant 3D,tip,3d-printing; dome; geometry; optimization,Tips for printing large geometric domes,high,381,2024-05-02,main,https://www.youtube.com/watch?v=udEeJjzEQZI,,https://youtube.com/watch?v=LDPltbFL3qY&t=19440s,https://www.makerprojectlab.com/vegas-baby-maker-update/
Furniture Made from Aluminum Extrusions,Oneseo Choi,tip,aluminum-extrusion; furniture; industrial; design,Furniture from modular aluminum extrusions,high,381,2024-05-02,main,https://www.core77.com/posts/131947/Furniture-Made-from-Aluminum-Extrusions?utm_source=core77&utm_medium=from_title,,https://youtube.com/watch?v=LDPltbFL3qY&t=21060s,https://www.makerprojectlab.com/vegas-baby-maker-update/
How to get started with Cosplay in 2024! KamuiCosplay,,tip,cosplay; wearables; props; costume,Getting started with cosplay crafting,high,381,2024-05-02,main,https://www.youtube.com/watch?v=IuIKxva7GoE,,https://youtube.com/watch?v=LDPltbFL3qY&t=23220s,https://www.makerprojectlab.com/vegas-baby-maker-update/
Working Pokeball,Kiara's Workshop,project,gaming; pokemon; props; mechanical; lighting,Fully functional Pokeball replica with LED,high,380,2024-04-26,main,https://www.youtube.com/watch?v=AZzpK03AeCM,,https://youtube.com/watch?v=jjKH-n-wji4&t=1860s,https://www.makerprojectlab.com/arduino-i-choose-you-maker-update/
Radio Controlled power wheel with remote bubble cannon,RedRightHandArts,project,rc-vehicle; toy-modification; remote-control; weapons,Radio-controlled toy with bubble cannon,high,380,2024-04-26,main,https://www.youtube.com/watch?v=3VRlVcgJxIQ,https://www.facebook.com/RedRightHandARTS/,https://youtube.com/watch?v=jjKH-n-wji4&t=10920s,https://www.makerprojectlab.com/arduino-i-choose-you-maker-update/
Gear Shifter with Display,UPIR,project,automotive; digital-display; gauge; electronics,Gear shift indicator with display panel,high,380,2024-04-26,main,https://www.youtube.com/watch?v=HcP48uCBzDQ,,https://youtube.com/watch?v=jjKH-n-wji4&t=13800s,https://www.makerprojectlab.com/arduino-i-choose-you-maker-update/
Kinetic Coasters,DIY Machines,project,kinetic-art; mechanics; marble-run; motion,Kinetic marble run coaster sculpture,high,380,2024-04-26,main,https://www.instructables.com/KINETIC-COASTERS-With-a-TWIST-Laser-or-3D-Printabl/,,https://youtube.com/watch?v=jjKH-n-wji4&t=16020s,https://www.makerprojectlab.com/arduino-i-choose-you-maker-update/
Sturdy LED poles,Becky Stern,project,led; poles; structural; lighting; installation,LED structural poles for events and displays,high,380,2024-04-26,main,https://www.instructables.com/Big-Durable-LED-Sculpture/,,https://youtube.com/watch?v=jjKH-n-wji4&t=18360s,https://www.makerprojectlab.com/arduino-i-choose-you-maker-update/
DIY multimaterial filaments,CNC Kitchen,tip,filament; multi-material; 3d-printing; composite,DIY multi-material filament production,high,380,2024-04-26,main,https://www.youtube.com/watch?v=CQ-N1fr4N0w,,https://youtube.com/watch?v=jjKH-n-wji4&t=20820s,https://www.makerprojectlab.com/arduino-i-choose-you-maker-update/
Vacuum Bag clamping,Make Anything,tip,vacuum; bagging; lamination; composite-fabrication,Vacuum bagging clamping techniques,high,380,2024-04-26,main,https://www.youtube.com/watch?v=FsG-qAjFBh4,,https://youtube.com/watch?v=jjKH-n-wji4&t=23640s,https://www.makerprojectlab.com/arduino-i-choose-you-maker-update/
Creative LEDs Series,Technochic,tip,led; creative-techniques; design; color-mixing,Creative LED design and color techniques,high,380,2024-04-26,main,https://www.youtube.com/playlist?list=PLPiFRNZ7zZboIVDCQ79y9wtbERCvav2YN,,https://youtube.com/watch?v=jjKH-n-wji4&t=26040s,https://www.makerprojectlab.com/arduino-i-choose-you-maker-update/
Greeblies in old printers,Cut Transform Glue,tip,upcycling; recycling; decorative; parts; printers,Decorative parts salvaged from old printers,high,380,2024-04-26,main,https://www.youtube.com/watch?v=DzpUIhG78Sk,,https://youtube.com/watch?v=jjKH-n-wji4&t=28500s,https://www.makerprojectlab.com/arduino-i-choose-you-maker-update/
The Rack Driven Mechanical 7 Segment Display - How To Assemble JBV Creative,,project,mechanical-clock; segment-display; seven-segment,Mechanical 7-segment display clock assembly,high,379,2024-04-19,main,https://www.youtube.com/watch?v=OG50VaT9Jg0,see also: https://www.instagram.com/p/C5pRemVLhmv/; and: https://www.instagram.com/p/C5hD15Nrv9s/,https://youtube.com/watch?v=cKV1f3Lh_HA&t=1680s,https://www.makerprojectlab.com/counting-cams-maker-update/
Inspired,Karakuri,project,mechanical-design; kinetic-sculpture; art,Karakuri mechanical art design showcase,high,379,2024-04-19,main,https://www.youtube.com/watch?v=9HpNqMYmZeA,,https://youtube.com/watch?v=cKV1f3Lh_HA,https://www.makerprojectlab.com/counting-cams-maker-update/
TV Tote,Charlyn Gonda,project,bags; portable-electronics; wearables; fashion,TV-carrying wearable bag design,high,379,2024-04-19,main,https://www.instagram.com/reel/C5w0oQOPbuB/?utm_source=ig_web_copy_link,,https://youtube.com/watch?v=cKV1f3Lh_HA&t=8880s,https://www.makerprojectlab.com/counting-cams-maker-update/
Drinkbot 2.0,Anouk Wipprecht,project,wearables; robotics; fashion-tech; serving-robot,Drinkbot 2.0 serving robot upgrade,high,379,2024-04-19,main,https://makezine.com/article/maker-news/fashiontech-meets-mixology-with-drinkbot-2-0/,vid1: https://www.youtube.com/watch?v=ZrZCp4kvVL0; vid2: https://vimeo.com/932131874,https://youtube.com/watch?v=cKV1f3Lh_HA&t=12600s,https://www.makerprojectlab.com/counting-cams-maker-update/
Drinkbot Dress,Anouk Wipprecht,project,dress; wearables; robotics; fashion; innovation,Drinkbot robotic serving dress project,high,379,2024-04-19,main,https://www.instructables.com/HOW-TO-MAKE-YOUR-OWN-ROBOTIC-COCKTAIL-DRESS/,,https://youtube.com/watch?v=cKV1f3Lh_HA,https://www.makerprojectlab.com/counting-cams-maker-update/
Steel Stools for my New Shop jimmydiresta,,tip,furniture; metalworking; shop; construction,Steel stools for workshop seating,high,379,2024-04-19,main,https://www.youtube.com/watch?v=f4_vS6bat3U,,https://youtube.com/watch?v=cKV1f3Lh_HA&t=16560s,https://www.makerprojectlab.com/counting-cams-maker-update/
TILES: Geometric Tiles for Jewelry & More,sophywong,tip,tiles; jewelry; geometric; 3d-printing; design,Modular geometric tiles for jewelry making,high,379,2024-04-19,main,https://www.printables.com/model/830423-tiles-geometric-tiles-for-jewelry-more,https://blog.adafruit.com/2024/04/11/geometric-tiles-for-jewelry-3dthursday-3dprinting/,https://youtube.com/watch?v=cKV1f3Lh_HA&t=18960s,https://www.makerprojectlab.com/counting-cams-maker-update/
These threaded inserts aren't made for 3D prints (but work amazingly well),Made with Layers,tip,inserts; threaded-fasteners; 3d-printing,Threaded inserts in 3D printed parts,high,379,2024-04-19,main,https://www.youtube.com/watch?v=lYXTiJo_FQQ,,https://youtube.com/watch?v=cKV1f3Lh_HA&t=19920s,https://www.makerprojectlab.com/counting-cams-maker-update/
Monocycle Robot with Two Legs,Joohyung Kim,project,robotics; legged-motion; balance; gyroscope,Single-wheel monocycle balancing robot,high,378,2024-04-11,main,https://ece.illinois.edu/newsroom/monocycle-robot,https://www.core77.com/posts/131650/A-Bizarre-Robot-Form-Factor-One-Hubless-Wheel-and-Two-Legs,https://youtube.com/watch?v=Z0NEKTxluhQ&t=1680s,https://www.makerprojectlab.com/grievous-engineering-maker-update/
Wooden Vertical Carousel Spice Rack Alchemy Design,Timber Rough,project,wood; carousel; storage; spice-rack; rotating,Rotating wooden carousel spice storage rack,high,378,2024-04-11,main,https://www.instructables.com/Wooden-Vertical-Carousel-Spice-Rack-Alchemy-Design/,https://www.youtube.com/watch?v=HA4Yt23j3-w,https://youtube.com/watch?v=Z0NEKTxluhQ&t=7920s,https://www.makerprojectlab.com/grievous-engineering-maker-update/
LED Festival Coat with Mapping and WLED,Erin St Blaine,project,led-wearable; festival-fashion; mapping; animation,LED festival coat with light mapping,high,378,2024-04-11,main,https://learn.adafruit.com/led-festival-coat-with-mapping-and-wled,,https://youtube.com/watch?v=Z0NEKTxluhQ&t=10200s,https://www.makerprojectlab.com/grievous-engineering-maker-update/
Comparing Desoldering Tools,More Fun Making It,tip,soldering; comparison; electronics,Desoldering tool options and comparison,high,378,2024-04-11,main,https://www.youtube.com/watch?v=43h54-Pb-8M,https://hackaday.com/2024/04/07/comparing-desoldering-tools/,https://youtube.com/watch?v=Z0NEKTxluhQ&t=14700s,https://www.makerprojectlab.com/grievous-engineering-maker-update/
The Perfect Woodworking Finish. EVERY SINGLE TIME!,Make Something,tip,woodworking; finishing; paint; stain,Consistent woodworking finish techniques,high,378,2024-04-11,main,https://www.youtube.com/watch?v=lHTj38KTrFk,,https://youtube.com/watch?v=Z0NEKTxluhQ&t=18420s,https://www.makerprojectlab.com/grievous-engineering-maker-update/
Relay-Powered Pi Machine,The Science Elf,project,raspberry-pi; relay; automation; electronics,Relay-controlled Raspberry Pi machine project,high,377,2024-04-04,main,https://www.youtube.com/watch?v=SPTzzSuBFlc,,https://youtube.com/watch?v=awQGtMVfzH0&t=1800s,https://www.makerprojectlab.com/clicky-computer-maker-update/
Gravity Well Machine,JBV Creatve,project,mechanical-motion; gravity; ball-run; sculpture,Gravity well ball-bearing motion sculpture,high,377,2024-04-04,main,https://www.youtube.com/watch?v=c1NqGf7WUwY,,https://youtube.com/watch?v=awQGtMVfzH0&t=10860s,https://www.makerprojectlab.com/clicky-computer-maker-update/
Cyberdeck 2.0,Jared Carillo,project,portable-computer; cyberdeck; raspberry-pi; diy,Cyberdeck 2.0 portable computer build,high,377,2024-04-04,main,https://www.youtube.com/watch?v=QBLXKHedHG0,,https://youtube.com/watch?v=awQGtMVfzH0&t=13920s,https://www.makerprojectlab.com/clicky-computer-maker-update/
Elgato Light Controller,Liz Clark,project,smart-home; lighting-control; usb-automation,Elgato smart light controller automation,high,377,2024-04-04,main,https://learn.adafruit.com/circuitpython-elgato-wifi-light-controller,,https://youtube.com/watch?v=awQGtMVfzH0&t=16680s,https://www.makerprojectlab.com/clicky-computer-maker-update/
3D Printed Ball Vise,Chris Borge,tip,3d-printing; vise; workbench; clamping,3D printed ball vise clamping tool,high,377,2024-04-04,main,https://www.youtube.com/watch?v=bQhVKB64r4U,,https://youtube.com/watch?v=awQGtMVfzH0&t=19440s,https://www.makerprojectlab.com/clicky-computer-maker-update/
Can I Learn To Draw in 100 Hours,The Nerdforge,tip,drawing; art-skills; education; time-lapse,100 hour drawing skill progression challenge,high,377,2024-04-04,main,https://www.youtube.com/watch?v=MWi1pCR3peg,,https://youtube.com/watch?v=awQGtMVfzH0&t=21420s,https://www.makerprojectlab.com/clicky-computer-maker-update/
Hot Glue Gemstones,Randomona,tip,gemstones; craft; adhesive; hot-glue,Hot glue gemstone creation technique,high,377,2024-04-04,main,https://www.instructables.com/Vintage-Style-Hot-Glue-Gemstones/,,https://youtube.com/watch?v=awQGtMVfzH0&t=25320s,https://www.makerprojectlab.com/clicky-computer-maker-update/
Tape Measure Strap,Laura Kampf,tip,storage; measurement; strap,Tape measure carrying strap organizer,high,377,2024-04-04,main,https://youtu.be/F2UdQfSJW5E,,https://youtube.com/watch?v=awQGtMVfzH0&t=27420s,https://www.makerprojectlab.com/clicky-computer-maker-update/
The Making of Rail Blade 2.0,VALiMA,project,board-games; mechanical-design; gaming; props,Rail Blade 2.0 board game design evolution,high,376,2024-03-28,main,https://www.youtube.com/watch?v=9aMS9I-24gQ,,https://youtube.com/watch?v=e1U9lsrL2ME&t=1500s,https://www.makerprojectlab.com/prop-chops-maker-update/
DIY Analog Walkman Tape Echo Delay Pedal,Mark Gutierrez,project,audio; synthesizer; pedal; tape-echo; diy,DIY analog tape echo synthesizer pedal,high,376,2024-03-28,main,https://www.youtube.com/watch?v=e3-nmRLaavM,https://www.hackster.io/news/adding-analog-tape-echo-effects-with-a-cassette-player-a927072d86f1; https://hackaday.com/2024/03/20/a-tape-echo-for-anyone/,https://youtube.com/watch?v=e1U9lsrL2ME&t=12180s,https://www.makerprojectlab.com/prop-chops-maker-update/
Sound Reactive Paper Lanterns with LedFx,Erin St Blaine,project,led; reactive-sound; paper; lantern; art,Sound-reactive LED paper lanterns installation,high,376,2024-03-28,main,https://learn.adafruit.com/sound-reactive-paper-lanterns-with-led-fx,,https://youtube.com/watch?v=e1U9lsrL2ME&t=14280s,https://www.makerprojectlab.com/prop-chops-maker-update/
The 3D Filament Tier List! Which Should YOU Use?,Zack Freedman,tip,filament; material-science; 3d-printing; tier-list,3D printing filament material comparison guide,high,376,2024-03-28,main,https://www.youtube.com/watch?v=weeG9yOp3i4,,https://youtube.com/watch?v=e1U9lsrL2ME&t=18000s,https://www.makerprojectlab.com/prop-chops-maker-update/
5 Steel Fabrication Tools I Wish I'd Bought Sooner,Essential Craftsman,tip,metalworking; fabrication; woodworking,Essential steel fabrication tools showcase,high,376,2024-03-28,main,https://www.youtube.com/watch?v=itbWH6I5EKg,,https://youtube.com/watch?v=e1U9lsrL2ME&t=20040s,https://www.makerprojectlab.com/prop-chops-maker-update/
"""Salt"" Batteries are FINALLY Here?! Sooo should you use them? GreatScott!",,tip,battery; power-storage; salt-battery; chemistry,Emerging salt battery technology review,high,376,2024-03-28,main,https://www.youtube.com/watch?v=s6zcI1GrkK4,,https://youtube.com/watch?v=e1U9lsrL2ME&t=21180s,https://www.makerprojectlab.com/prop-chops-maker-update/
How to make? Naguri pattern jig,TWCDesign,tip,woodworking; joinery; jig; pattern; metalworking,Naguri texture pattern jig construction,high,376,2024-03-28,main,https://www.youtube.com/watch?v=CkShiMFieLA,via: https://www.core77.com/posts/130115/A-Clever-Jig-for-Producing-the-Naguri-Pattern-in-Wood,https://youtube.com/watch?v=e1U9lsrL2ME&t=23280s,https://www.makerprojectlab.com/prop-chops-maker-update/
Kaneda's Motorcycle,Ota Kobo,project,motorcycle; anime; akira; large-scale; engineering,Kaneda's motorcycle anime replica build,high,375,2024-03-21,main,https://youtu.be/9DCc9yLkY08,,https://youtube.com/watch?v=Y7u_cg3uhTs&t=1560s,https://www.makerprojectlab.com/good-for-health-bad-for-education-maker-update/
Wall Mounted Sound Sculpture,Eirik Brandal,project,sound; sculpture; art; vibration; acoustics,Wall-mounted vibration-activated sound sculpture,high,375,2024-03-21,main,https://www.youtube.com/watch?v=R9ZAp6HtYOs,,https://youtube.com/watch?v=Y7u_cg3uhTs&t=9060s,https://www.makerprojectlab.com/good-for-health-bad-for-education-maker-update/
Ultimate Cooking Robot,Gregulations,project,robotics; cooking; automation; mechanical,Ultimate cooking robot automation project,high,375,2024-03-21,main,https://www.youtube.com/watch?v=LMoHLUd81P8,,https://youtube.com/watch?v=Y7u_cg3uhTs&t=12540s,https://www.makerprojectlab.com/good-for-health-bad-for-education-maker-update/
Number Mumble,Audio Wanderer,project,music; audio; generative; sound-design,Number Mumble generative music project,high,375,2024-03-21,main,https://github.com/AUDIOWANDERER/NumberMumble,,https://youtube.com/watch?v=Y7u_cg3uhTs&t=16260s,https://www.makerprojectlab.com/good-for-health-bad-for-education-maker-update/
Arcade Costume,Ariknorr,project,arcade; wearables; props; costume; game,Arcade costume wearable interactive prop,high,375,2024-03-21,main,https://www.instructables.com/Instructable-Arcade-Costume/,,https://youtube.com/watch?v=Y7u_cg3uhTs&t=18960s,https://www.makerprojectlab.com/good-for-health-bad-for-education-maker-update/
3D print any texture,3D Jake,tip,3d-printing; texture; surface-finishing,Texture application in 3D printing,high,375,2024-03-21,main,https://www.youtube.com/watch?v=MezOnZN1x18,,https://youtube.com/watch?v=Y7u_cg3uhTs&t=21060s,https://www.makerprojectlab.com/good-for-health-bad-for-education-maker-update/
What's Possible with digital sculpting,Punished Props,tip,digital-sculpting; 3d-modeling; zbrush,Digital sculpture modeling techniques,high,375,2024-03-21,main,https://www.youtube.com/watch?v=2DTYW16BbSw,,https://youtube.com/watch?v=Y7u_cg3uhTs&t=22920s,https://www.makerprojectlab.com/good-for-health-bad-for-education-maker-update/
Single Point Incremental Forming,Russell Makes,tip,metal-forming; incremental-forming; machining; cnc,Single point incremental sheet metal forming,high,375,2024-03-21,main,https://www.youtube.com/watch?v=nM47ukoKTiQ,,https://youtube.com/watch?v=Y7u_cg3uhTs&t=24960s,https://www.makerprojectlab.com/good-for-health-bad-for-education-maker-update/
Upside Down Printing,247 Printing,tip,3d-printing; orientation; angle; optimization,Upside-down 3D print orientation techniques,high,375,2024-03-21,main,https://www.youtube.com/watch?v=n4nIM60UUZc,,https://youtube.com/watch?v=Y7u_cg3uhTs&t=26880s,https://www.makerprojectlab.com/good-for-health-bad-for-education-maker-update/
DIY Electric Kayak,BradenSunwold,project,boat; kayak; electric-motor; watercraft; diy,DIY electric kayak motor conversion,high,374,2024-03-14,main,https://www.instructables.com/DIY-Electric-Kayak/,,https://youtube.com/watch?v=agM3CrmVxOM&t=1440s,https://www.makerprojectlab.com/ready-oar-not-maker-update/
Face Tracking Robot with MEMENTO,Brent Rubell,project,robotics; computer-vision; ai; animatronics,Face-tracking robot using computer vision,high,374,2024-03-14,main,https://learn.adafruit.com/face-tracking-robot-with-memento,,https://youtube.com/watch?v=agM3CrmVxOM&t=7200s,https://www.makerprojectlab.com/ready-oar-not-maker-update/
We made a real CATNAP Animatronic!,Wicked Makers,project,animatronics; props; poppy-playtime; cosplay,CATNAP character animatronic construction,high,374,2024-03-14,main,https://www.youtube.com/watch?v=Fh6mimCibhQ,,https://youtube.com/watch?v=agM3CrmVxOM&t=9660s,https://www.makerprojectlab.com/ready-oar-not-maker-update/
3D Printed Moulds for Slab Built Ceramic Art!,katzcreates,tip,3d-printing; ceramics; moulds; sculpting; casting,3D printed molds for ceramic slab work,high,374,2024-03-14,main,https://www.instructables.com/3D-Printed-Moulds-for-Slab-Built-Ceramic-Art/,,https://youtube.com/watch?v=agM3CrmVxOM&t=13200s,https://www.makerprojectlab.com/ready-oar-not-maker-update/
Easter Egg Box,3DTECHDESIGNS,tip,easter-egg; 3d-printing; storage; decoration,Easter egg decorative box project,high,374,2024-03-14,main,https://cults3d.com/en/3d-model/various/print-in-place-easter-egg-box,vid: https://www.youtube.com/watch?v=tnwK0hIbxrA; https://blog.adafruit.com/2024/03/07/easter-egg-box-3dthursday-3dprinting/,https://youtube.com/watch?v=agM3CrmVxOM&t=15060s,https://www.makerprojectlab.com/ready-oar-not-maker-update/
Cosplay Pro Tips,Make,tip,cosplay; crafting; wearables; props; tutorial,Professional cosplay construction tips,high,374,2024-03-14,main,https://makezine.com/article/craft/cosplay-props/cosplay-pro-tips/,,https://youtube.com/watch?v=agM3CrmVxOM&t=16380s,https://www.makerprojectlab.com/ready-oar-not-maker-update/
Tips and Must-Have Tools for Small Shops Adam Savage’s Tested,,tip,maker-fundamentals; organization,Essential shop tools and organization guide,high,374,2024-03-14,main,https://www.youtube.com/watch?v=6nN8sFOXGFM,,https://youtube.com/watch?v=agM3CrmVxOM&t=17640s,https://www.makerprojectlab.com/ready-oar-not-maker-update/
Ultimate Open Source Lighting Rig,Super Valid Designs,project,led-lighting; dmx-control; stage-lighting; open-source,Open-source stage lighting control rig,high,373,2024-03-07,main,https://www.youtube.com/watch?v=WX8RWSwZnng,,https://youtube.com/watch?v=YKL7zjbK74o&t=1800s,https://www.makerprojectlab.com/any-color-you-like-maker-update/
Mini TV for Cats,Becky Stern,project,cat-entertainment; led; screen; pet-project,Miniature LED TV for cats entertainment,high,373,2024-03-07,main,https://www.digikey.com/en/maker/projects/cat-tv-with-raspberry-pi/8636bc60be2943a0867ee958337d1832,,https://youtube.com/watch?v=YKL7zjbK74o&t=10020s,https://www.makerprojectlab.com/any-color-you-like-maker-update/
Drivable Grenade,Backhaul Studios,project,drone; grenade; rc-vehicle; explosive-prop,Remote-controlled grenade model vehicle,high,373,2024-03-07,main,https://www.youtube.com/watch?v=k61Xcp0y554,,https://youtube.com/watch?v=YKL7zjbK74o&t=13500s,https://www.makerprojectlab.com/any-color-you-like-maker-update/
Camera Drone vs F1 car,Red Bull,project,drone; racing; fpv; sports; video,Camera drone racing against F1 car,high,373,2024-03-07,main,https://www.youtube.com/watch?v=9pEqyr_uT-k,,https://youtube.com/watch?v=YKL7zjbK74o&t=16320s,https://www.makerprojectlab.com/any-color-you-like-maker-update/
Mechanical 7-Segment Display Clock,Karakuri,project,clock; mechanical-design; seven-segment; animation,Mechanical seven-segment display clock,high,373,2024-03-07,main,https://www.youtube.com/watch?v=TmxXhfyIY5g,,https://youtube.com/watch?v=YKL7zjbK74o&t=18660s,https://www.makerprojectlab.com/any-color-you-like-maker-update/
Upgrading a Cheap Microscope,BirdBrain Engineer,tip,microscope; magnification; diy-upgrade; optics,Cheap microscope enhancement and upgrades,high,373,2024-03-07,main,https://github.com/BirdbrainEngineer/microscope-upgrade,https://youtu.be/QV-GfkwQU_8,https://youtube.com/watch?v=YKL7zjbK74o&t=20760s,https://www.makerprojectlab.com/any-color-you-like-maker-update/
Moving Shop in 2 days,Xyla Foxlin,tip,relocation; moving; organization,Tips for moving workshop spaces efficiently,high,373,2024-03-07,main,https://www.youtube.com/watch?v=xqqTJdNGSL4,,https://youtube.com/watch?v=YKL7zjbK74o&t=23280s,https://www.makerprojectlab.com/any-color-you-like-maker-update/
3d Printing for Filmmakers,Carl's Cinema,tip,3d-printing; film-production; filmmaking; props,3D printing applications for filmmakers,high,373,2024-03-07,main,https://www.youtube.com/watch?v=ALl0Nmne900,,https://youtube.com/watch?v=YKL7zjbK74o&t=25560s,https://www.makerprojectlab.com/any-color-you-like-maker-update/
DIY Sofubi,the Crafsman,tip,casting; soft-vinyl; toy; production,DIY soft vinyl toy casting and production,high,373,2024-03-07,main,https://www.youtube.com/watch?v=LCFzbhYcmPM,,https://youtube.com/watch?v=YKL7zjbK74o&t=27900s,https://www.makerprojectlab.com/any-color-you-like-maker-update/
LED Matrix Earrings,Mitxela,project,led; wearables; jewelry; electronics; earrings,LED matrix wearable earring project,high,372,2024-02-29,main,https://mitxela.com/projects/ledstud,https://hackaday.com/2024/02/21/led-matrix-earrings-show-off-smd-skills/; https://www.hackster.io/news/constructing-tiny-led-matrix-earrings-189ca53bf192,https://youtube.com/watch?v=Su8QtGqhZVc&t=1500s,https://www.makerprojectlab.com/lets-get-small-maker-update/
"Escape Room Puzzle Tutorial - The ""Fortune Teller's Crystal Ball"" Playful Technology",,project,escape-room; puzzle; props; automation; game,Fortune teller crystal ball escape room puzzle,high,372,2024-02-29,main,https://www.youtube.com/watch?v=XTrP3Fah3Fk,,https://youtube.com/watch?v=Su8QtGqhZVc&t=10140s,https://www.makerprojectlab.com/lets-get-small-maker-update/
Digital Clock with CircuitPython,Ruiz Brothers,project,clock; electronics; circuitpython; esp32; display,Digital clock using CircuitPython programming,high,372,2024-02-29,main,https://learn.adafruit.com/digital-clock-with-circuitpython,,https://youtube.com/watch?v=Su8QtGqhZVc&t=13560s,https://www.makerprojectlab.com/lets-get-small-maker-update/
2024 Make Board Guide,,tip,uncategorized,2024 Make Board Guide project or resource mentioned in Maker Update.,low,372,2024-02-29,main,https://www.digikey.com/en/maker/resources/boards-guide,,https://youtube.com/watch?v=Su8QtGqhZVc&t=16080s,https://www.makerprojectlab.com/lets-get-small-maker-update/
Filament Storage Tips!,Becky Stern,tip,storage; filament; organization; 3d-printing,Filament storage solutions and management,high,372,2024-02-29,main,https://www.youtube.com/watch?v=Y38mpG-PZ_Q,,https://youtube.com/watch?v=Su8QtGqhZVc&t=17520s,https://www.makerprojectlab.com/lets-get-small-maker-update/
Bringing GLaDOS To Life With AI,Dave's Armoury,project,ai; voice-synthesis; animatronics; glados; props,AI-powered GLaDOS animatronic character,high,371,2024-02-22,main,https://www.youtube.com/watch?v=yNcKTZsHyfA,,https://youtube.com/watch?v=2T7K5aviO_A&t=2220s,https://www.makerprojectlab.com/this-was-a-triumph-maker-update/
Massive Robot,Nerdforge,project,robotics; scale; large-scale; engineering; props,Large-scale robot construction project,high,371,2024-02-22,main,https://www.youtube.com/watch?v=bhNarNGG5yU,,https://youtube.com/watch?v=2T7K5aviO_A&t=11640s,https://www.makerprojectlab.com/this-was-a-triumph-maker-update/
Tiny Cinema Camera,Evan Monsma,project,camera; mechanical-design; film; cinema; miniature,Tiny film camera mechanical design,high,371,2024-02-22,main,https://www.youtube.com/watch?v=7qTvllQMTMA,,https://youtube.com/watch?v=2T7K5aviO_A&t=15840s,https://www.makerprojectlab.com/this-was-a-triumph-maker-update/
Nail Wave Machine,KARAKURI,project,machine; nail; mechanism; motion; automation,Automated nail hammering machine design,high,371,2024-02-22,main,https://www.youtube.com/watch?v=FsN6_sXG0Aw,,https://youtube.com/watch?v=2T7K5aviO_A&t=18240s,https://www.makerprojectlab.com/this-was-a-triumph-maker-update/
Bionic Hand,Will Cogley,project,prosthetics; robotics; bionic-limb; controls,Bionic hand prosthetic robotic arm,high,371,2024-02-22,main,https://www.youtube.com/watch?v=A7lJxBpecAY,,https://youtube.com/watch?v=2T7K5aviO_A&t=20400s,https://www.makerprojectlab.com/this-was-a-triumph-maker-update/
Tamiya Handy Drill,The Scruffy Crow,tip,hand-tools; rotary-tools,Tamiya handy drill hand tool review,high,371,2024-02-22,main,https://www.youtube.com/watch?v=DqmJyjmtL9U,,https://youtube.com/watch?v=2T7K5aviO_A&t=22680s,https://www.makerprojectlab.com/this-was-a-triumph-maker-update/
9 Angle Grinder Hacks,Yasuhiro TV,tip,angle-grinder; metalworking; hacks,Angle grinder project hacks and techniques,high,371,2024-02-22,main,https://www.youtube.com/watch?v=-39fu5ZoYxs,,https://youtube.com/watch?v=2T7K5aviO_A&t=24360s,https://www.makerprojectlab.com/this-was-a-triumph-maker-update/
The History of the Blue LED,Veritasium,tip,light; history; science; semiconductor; physics,Blue LED invention history and development,high,371,2024-02-22,main,https://www.youtube.com/watch?v=AF8d72mA41M,,https://youtube.com/watch?v=2T7K5aviO_A&t=26280s,https://www.makerprojectlab.com/this-was-a-triumph-maker-update/
APEROLiker - Cocktail Mixer,Florian,project,mixing; automation; cocktail-bar; robotics,APERO cocktail mixer robot bartender,high,370,2024-02-15,main,https://hackaday.io/project/194598-aperoliker-hugoliker-cocktail-mixer,vid: https://www.youtube.com/watch?v=noAwpnZ6lFE; https://github.com/flo199213/APEROLiker,https://youtube.com/watch?v=PRupJVNP72E&t=1440s,https://www.makerprojectlab.com/mixed-to-perfection-maker-update/
Round About Four Dimensions,Julius von Bismarck & Benjamin Maus,project,sculpture; kinetic-art; dimensions; mechanical,Four-dimensional mechanical sculpture art,high,370,2024-02-15,main,https://juliusvonbismarck.com/bank/index.php/projects/round-about-four-dimensions/,,https://youtube.com/watch?v=PRupJVNP72E&t=7980s,https://www.makerprojectlab.com/mixed-to-perfection-maker-update/
Technical details:,,project,kinetic-sculpture; mechanized; art; microcontroller,Round About Four Dimensions: motorized kinetic sculpture simulating tesseract rotation with 32 telescopic edges.,high,370,2024-02-15,main,https://www.creativeapplications.net/c/round-about-four-dimensions-exploring-the-unknown/,,https://youtube.com/watch?v=PRupJVNP72E,https://www.makerprojectlab.com/mixed-to-perfection-maker-update/
Glowy Leaf Ring,Charlyn Gonda,project,led; jewelry; wearables; glow; electronics,Glowing leaf-shaped ring wearable electronics,high,370,2024-02-15,main,Part 1: https://www.instagram.com/p/C3LwBmmv3gt/,,https://youtube.com/watch?v=PRupJVNP72E&t=11940s,https://www.makerprojectlab.com/mixed-to-perfection-maker-update/
Part 2: https://www.instagram.com/p/C3Lwz_CvNLm/,,project,social-media; instagram; art,Instagram documentation reference link,low,370,2024-02-15,main,,,https://youtube.com/watch?v=PRupJVNP72E,https://www.makerprojectlab.com/mixed-to-perfection-maker-update/
Handmade New Years Suits,手工耿Handy Geng,project,fashion; clothing; suits; craft; wearables,Handmade New Years suits by Handy Geng,high,370,2024-02-15,main,https://www.youtube.com/watch?v=R112lZqc48g,,https://youtube.com/watch?v=PRupJVNP72E&t=14160s,https://www.makerprojectlab.com/mixed-to-perfection-maker-update/
JustRite Plunger Can tip,Derek Forestier via Gar’s Tips & Tools,tip,plunger-can; containers; storage,JustRite plunger can storage container tip,high,370,2024-02-15,main,https://kk.org/cooltools/gars-tips-tools-issue-173/,,https://youtube.com/watch?v=PRupJVNP72E&t=15840s,https://www.makerprojectlab.com/mixed-to-perfection-maker-update/
JustRite Plunger Can (2 quart) on DigiKey,,tip,uncategorized,JustRite Plunger Can (2 quart) on DigiKey project or resource mentioned in Maker Update.,low,370,2024-02-15,main,https://www.digikey.com/en/products/detail/industrialsupplies-com/1020-8/14033923,,https://youtube.com/watch?v=PRupJVNP72E,https://www.makerprojectlab.com/mixed-to-perfection-maker-update/
Shop Tips From My Dad,Jimmy Diresta,tip,advice; maker-craft; organization,Shop tips from woodworking expert Jimmy Diresta,high,370,2024-02-15,main,https://www.youtube.com/watch?v=wKka8eTFElM,,https://youtube.com/watch?v=PRupJVNP72E&t=17400s,https://www.makerprojectlab.com/mixed-to-perfection-maker-update/
Motorized Mantis Blades,Zibartas,project,armor; props; motorized; cyberpunk; exoskeleton,Motorized mantis blade arm armor prop,high,369,2024-02-08,main,https://www.youtube.com/watch?v=xhH7lQ1SKPA,,https://youtube.com/watch?v=W9-7abM7iKA&t=1620s,https://www.makerprojectlab.com/lets-cyber-maker-update/
3D printed printing plates,Pete Prodoehl,project,printing; plates; relief-printing; etching; art,3D printed relief printing plate creation,high,369,2024-02-08,main,https://rasterweb.net/raster/2024/01/28/3d-printed-printing-plates/,http://photos.rasterweb.net/index.php?/category/32,https://youtube.com/watch?v=W9-7abM7iKA&t=8700s,https://www.makerprojectlab.com/lets-cyber-maker-update/
Tiny Cyberdeck,Michael Klements,project,computer; portable; cyberdeck; raspberry-pi; diy,Tiny portable computer cyberdeck build,high,369,2024-02-08,main,https://www.the-diy-life.com/make-a-tiny-raspberry-pi-based-cyberdeck/,,https://youtube.com/watch?v=W9-7abM7iKA&t=11640s,https://www.makerprojectlab.com/lets-cyber-maker-update/
Homelab Cable,clabretro,project,homelab; networking; cables; management; infrastructure,Homelab network cable routing and management,high,369,2024-02-08,main,https://www.youtube.com/watch?v=W7m7OW2xrJE,,https://youtube.com/watch?v=W9-7abM7iKA&t=14880s,https://www.makerprojectlab.com/lets-cyber-maker-update/
No more calibration cubes,CNC Kitchen,tip,3d-printing; calibration; first-layer; optimization,Eliminating 3D print calibration cubes,high,369,2024-02-08,main,https://www.youtube.com/watch?v=H7OsnMLDIMw,,https://youtube.com/watch?v=W9-7abM7iKA&t=16980s,https://www.makerprojectlab.com/lets-cyber-maker-update/
Soldering Solutions contest on Printables,,tip,soldering; contest; printables; crowdsourcing,Community soldering solutions challenge,high,369,2024-02-08,main,https://www.printables.com/contest/425-soldering-solutions,,https://youtube.com/watch?v=W9-7abM7iKA&t=20640s,https://www.makerprojectlab.com/lets-cyber-maker-update/
CAD in Blender with Geometry Nodes,Joe Bowers,tip,cad; blender; procedural-modeling; geometry-nodes,Blender CAD workflow with geometry nodes,high,369,2024-02-08,main,https://makezine.com/article/digital-fabrication/3d-printing-workshop/making-blender-do-things-that-cad-can-only-dream-of/,,https://youtube.com/watch?v=W9-7abM7iKA&t=22080s,https://www.makerprojectlab.com/lets-cyber-maker-update/
Sanjay Mortimer Tribute,Zack Freedman,tip,tributes; maker-history; craftsmanship; legacy,Sanjay Mortimer maker tribute video,high,369,2024-02-08,main,https://www.youtube.com/watch?v=Mm8sz6CB9ys,,https://youtube.com/watch?v=W9-7abM7iKA&t=24540s,https://www.makerprojectlab.com/lets-cyber-maker-update/
Ball Run Powered Tea Machine,James Bruton,project,tea; automation; kinetic-sculpture; ball-bearing,Ball-run-powered automatic tea machine,high,368,2024-02-01,main,https://www.youtube.com/watch?v=U5Su26FxBuo,,https://youtube.com/watch?v=94EVgYAAhAQ&t=1380s,https://www.makerprojectlab.com/tumbling-towards-tea-time-maker-update/
ThinkPad Nubbin Light Dimmer Switch Guy Dupont,,project,switch; illuminated; controls; dimmer; electronics,LED illuminated switch control device,high,368,2024-02-01,main,https://www.youtube.com/watch?v=cJmWED0PEd0,https://www.hackster.io/news/the-beauty-of-a-thinkpad-nubbin-light-dimmer-switch-664e2fb2669c,https://youtube.com/watch?v=94EVgYAAhAQ&t=6960s,https://www.makerprojectlab.com/tumbling-towards-tea-time-maker-update/
1D Chomper Tabletop Arcade Game,Tim C,project,arcade; game; pixel-art; emulation; electronics,1D arcade game tabletop cabinet,high,368,2024-02-01,main,https://learn.adafruit.com/1d-chomper-tabletop-arcade-game,,https://youtube.com/watch?v=94EVgYAAhAQ&t=9540s,https://www.makerprojectlab.com/tumbling-towards-tea-time-maker-update/
Sound Reactive Rapunzel Hair,Erin St Blaine,project,led; hair; costume; sound-reactive; wearables,Sound-reactive LED hair integration wearable,high,368,2024-02-01,main,https://learn.adafruit.com/sound-reactive-rapunzel-hair,,https://youtube.com/watch?v=94EVgYAAhAQ&t=11040s,https://www.makerprojectlab.com/tumbling-towards-tea-time-maker-update/
Using Infinity Mirrors in Illuminated Signage,,tip,infinity-mirror; led; lighting; optical-illusion,Infinity mirror LED display techniques,high,368,2024-02-01,main,https://www.core77.com/posts/127249/Using-Infinity-Mirrors-in-Illuminated-Signage,,https://youtube.com/watch?v=94EVgYAAhAQ&t=13980s,https://www.makerprojectlab.com/tumbling-towards-tea-time-maker-update/
"Japanese Soft Vinyl Toys | HOW they're made, WHY they're special",,tip,vinyl-toys; collectible; manufacturing; art; culture,Japanese soft vinyl toy production methods,high,368,2024-02-01,main,https://www.youtube.com/watch?v=z0zUGyUxouo,,https://youtube.com/watch?v=94EVgYAAhAQ&t=15540s,https://www.makerprojectlab.com/tumbling-towards-tea-time-maker-update/
Modular Macro Keyboard,Salim Benbouziyane,project,keyboard; ergonomics; macro-keys; mechanical; input,Modular programmable macro keyboard device,high,367,2024-01-25,main,https://www.youtube.com/watch?v=7DfexfHzT-w,,https://youtube.com/watch?v=ZTiZAPY9muY&t=2100s,https://www.makerprojectlab.com/your-input-is-welcome-maker-update/
SousaFX,sousastep,project,music; synthesizer; effects; diy; electronics,SousaFX music synthesizer effects maker,high,367,2024-01-25,main,https://sousastep.github.io/SousaFX-docs/en/master/,Videos: https://www.tiktok.com/@sousastep,https://youtube.com/watch?v=ZTiZAPY9muY&t=11160s,https://www.makerprojectlab.com/your-input-is-welcome-maker-update/
Rotary LED Fidget,the Ruiz Brothers,project,led; rotary-fidget; mechanical; spinner; toy,Rotary LED fidget spinner toy project,high,367,2024-01-25,main,https://learn.adafruit.com/neopixel-rotary-fidget,,https://youtube.com/watch?v=ZTiZAPY9muY&t=14400s,https://www.makerprojectlab.com/your-input-is-welcome-maker-update/
Geneva Clock,Greg Zumwalt,project,clock; mechanism; geneva-drive; mechanical-design,Geneva drive mechanism clock project,high,367,2024-01-25,main,https://www.instructables.com/Geneva-Clock/,,https://youtube.com/watch?v=ZTiZAPY9muY&t=16680s,https://www.makerprojectlab.com/your-input-is-welcome-maker-update/
Essential Guide to Electronics in Shenzhen,Naomi Wu and Bunnie Huang,tip,electronics; shenzhen; manufacturing; tech,Essential Shenzhen electronics manufacturing guide,high,367,2024-01-25,main,https://www.crowdsupply.com/machinery-enchantress/the-new-essential-guide-to-electronics-in-shenzhen/,,https://youtube.com/watch?v=ZTiZAPY9muY&t=18420s,https://www.makerprojectlab.com/your-input-is-welcome-maker-update/
Adam Savage's Shop redesign,Tested,tip,design; renovation; diy; tested,Adam Savage's workshop redesign tour,high,367,2024-01-25,main,https://www.youtube.com/watch?v=j8LqMv416mw,,https://youtube.com/watch?v=ZTiZAPY9muY&t=20280s,https://www.makerprojectlab.com/your-input-is-welcome-maker-update/
Quickrelease Tool Mounts used,Firefighters,tip,quick-release; firefighter; safety,Quick-release tool mount systems,high,367,2024-01-25,main,https://www.core77.com/posts/126741/A-Look-at-the-Design-of-Quick-Release-Tool-Mounts-for-Firefighters?utm_source=core77&utm_medium=from_title,,https://youtube.com/watch?v=ZTiZAPY9muY&t=22140s,https://www.makerprojectlab.com/your-input-is-welcome-maker-update/
Tips Tools & Shop Tales,Gareth Branwyn,tip,stories; podcast,Tips tools and shop tales storytelling podcast,high,367,2024-01-25,main,https://garstipsandtools.com/p/gars-tips-and-tools-issue-172,,https://youtube.com/watch?v=ZTiZAPY9muY&t=24420s,https://www.makerprojectlab.com/your-input-is-welcome-maker-update/
Handmade Snack Vending Cart【手工耿Handy Geng】,,project,vending-machine; snack; mechanical; handmade; cart,Handmade mechanized snack vending cart machine,high,366,2024-01-18,main,https://www.youtube.com/watch?v=9b4P6BORi7g,,https://youtube.com/watch?v=dLdcNAWzjAE&t=1380s,https://www.makerprojectlab.com/bread-roll-maker-update/
1D-Firework,Daniel Westhof,project,electronics; led,1D-Firework by Daniel,high,366,2024-01-18,main,https://daniel-westhof.de/electronics/1D-Firework/,vid: https://cdn.hackaday.io/files/1942528310877568/VID_20230102_190949.mp4; https://hackaday.io/project/194252-1d-fireworks; https://www.hackster.io/news/one-dimensional-fireworks-still-look-awesome-ec7bcedb98c1,https://youtube.com/watch?v=dLdcNAWzjAE&t=6960s,https://www.makerprojectlab.com/bread-roll-maker-update/
Fireworks-PIO,Andreas Kleber,project,electronics; pio,Fireworks-PIO by Andreas,high,366,2024-01-18,main,https://github.com/akleber/fireworks-pio?tab=readme-ov-file,vid: https://www.youtube.com/watch?v=zcFfDueI10Y,https://youtube.com/watch?v=dLdcNAWzjAE&t=9300s,https://www.makerprojectlab.com/bread-roll-maker-update/
Code and Diagram on Wokwi,,project,led-strip; animation; fireworks; addressable; wokwi,Arduino fireworks simulation using WS2812B addressable LEDs with physics-based particle effects.,high,366,2024-01-18,main,https://wokwi.com/projects/349772276028146259,,https://youtube.com/watch?v=dLdcNAWzjAE&t=11040s,https://www.makerprojectlab.com/bread-roll-maker-update/
Based on 1D-Firework,Carl Rosendahl,project,led,Based on 1D-Firework by Carl,high,366,2024-01-18,main,https://www.anirama.com/1000leds/1d-fireworks/,,https://youtube.com/watch?v=dLdcNAWzjAE&t=12000s,https://www.makerprojectlab.com/bread-roll-maker-update/
1000 LEDs,Carl Rosendahl,project,led,1000 LEDs by Carl,high,366,2024-01-18,main,https://www.anirama.com/1000leds/,vid: https://www.youtube.com/watch?v=It2-wUB7UWI; vid2: https://www.youtube.com/watch?v=Qii9w80F5EM,https://youtube.com/watch?v=dLdcNAWzjAE,https://www.makerprojectlab.com/bread-roll-maker-update/
Build a One-Handed Soldering Tool | Effortless Soldering With Only One Hand (How To),RoboticWorx,tip,soldering,Tip: Build a One-Handed Soldering Tool | Effortles...,high,366,2024-01-18,main,https://www.instructables.com/Build-a-One-Handed-Soldering-Tool-Effortless-Solde/,,https://youtube.com/watch?v=dLdcNAWzjAE&t=15720s,https://www.makerprojectlab.com/bread-roll-maker-update/
AI 2D to 3D Mesh,bearombaoa,tip,3d-modeling; ai,Tip: AI 2D to 3D Mesh,high,366,2024-01-18,main,https://www.instructables.com/Angulate-Wentletrap-Inspired-Shell/,vid: https://www.youtube.com/watch?v=WflCY4yuN7Y,https://youtube.com/watch?v=dLdcNAWzjAE&t=17160s,https://www.makerprojectlab.com/bread-roll-maker-update/
Flying Umbrella,I Build Stuff,project,mechanical,Flying Umbrella by I,high,365,2024-01-11,main,https://www.youtube.com/watch?v=qNTv5SgM0BM,,https://youtube.com/watch?v=qqV-LnJ2vXk&t=1740s,https://www.makerprojectlab.com/rainy-day-projects-maker-update/
High dunk Legs,Stuff Made Here,project,mechanical,High dunk Legs by Stuff,high,365,2024-01-11,main,https://www.youtube.com/watch?v=9SRFbFreCkE,,https://youtube.com/watch?v=qqV-LnJ2vXk&t=9000s,https://www.makerprojectlab.com/rainy-day-projects-maker-update/
LED Industrial Piercing,Mitxela,project,electronics; led,LED Industrial Piercing by Mitxela,high,365,2024-01-11,main,https://www.youtube.com/watch?v=T3evnh9lT9k,,https://youtube.com/watch?v=qqV-LnJ2vXk&t=13080s,https://www.makerprojectlab.com/rainy-day-projects-maker-update/
Qualia S3 Fireplace,The Ruiz Brothers,project,3d-filament; electronics,Qualia S3 Fireplace by The,high,365,2024-01-11,main,https://learn.adafruit.com/qualia-s3-fireplace,,https://youtube.com/watch?v=qqV-LnJ2vXk&t=16500s,https://www.makerprojectlab.com/rainy-day-projects-maker-update/
Threaded inserts vs 3d printed threads,Thomas Sanladerer,tip,3d-printing,Tip: Threaded inserts vs 3d printed threads,high,365,2024-01-11,main,https://www.youtube.com/watch?v=eNMAFTeowFs,,https://youtube.com/watch?v=qqV-LnJ2vXk&t=18780s,https://www.makerprojectlab.com/rainy-day-projects-maker-update/
Setting Up a NEw Workshop,Adam Savage,tip,workshop; workshop-setup,Adam Savage's tips for setting up a new workshop.,high,365,2024-01-11,main,https://www.youtube.com/watch?v=toxH_H91Peo,,https://youtube.com/watch?v=qqV-LnJ2vXk&t=20880s,https://www.makerprojectlab.com/rainy-day-projects-maker-update/
Auxetic Art,Make Anything,tip,mechanical,Tip: Auxetic Art,high,365,2024-01-11,main,https://www.youtube.com/watch?v=B-wB11bPXZc,,https://youtube.com/watch?v=qqV-LnJ2vXk&t=22740s,https://www.makerprojectlab.com/rainy-day-projects-maker-update/
The Mailblocks: Physical Inbox for Virtual Alerts,Guy Dupont,project,electronics; iot,The Mailblocks: Physical Inbox for ... by Guy,high,364,2024-01-04,main,https://hackaday.io/project/194115-the-mailblocks-physical-inbox-for-virtual-alerts,,https://youtube.com/watch?v=-SpIfq7bb7k&t=1320s,https://www.makerprojectlab.com/scheduled-delivery-maker-update/
BUILDING A MARBLE CLOCK - Pt. 3 Ivan Miranda,,project,clock,BUILDING A MARBLE CLOCK - Pt. 3 Ivan Miranda project or resource mentioned in Maker Update.,low,364,2024-01-04,main,https://www.youtube.com/watch?v=M6nZiRVzauM,,https://youtube.com/watch?v=-SpIfq7bb7k&t=8340s,https://www.makerprojectlab.com/scheduled-delivery-maker-update/
Digital Mirror Device (Macroscale Model),jbumstead,project,display; electronics,Digital Mirror Device (Macroscale M... by jbumstead,high,364,2024-01-04,main,https://www.instructables.com/Digital-Mirror-Device-Macroscale-Model/,,https://youtube.com/watch?v=-SpIfq7bb7k&t=11460s,https://www.makerprojectlab.com/scheduled-delivery-maker-update/
Synchronized NeoPixel Shoelaces with WLED,Erin St Blaine,tip,electronics; led; neopixel; wled,Tip: Synchronized NeoPixel Shoelaces with WLED,high,364,2024-01-04,main,https://learn.adafruit.com/neopixel-shoelaces-with-wled,,https://youtube.com/watch?v=-SpIfq7bb7k&t=14520s,https://www.makerprojectlab.com/scheduled-delivery-maker-update/
Adafruit Memento Camera Board,,tip,photography,Adafruit Memento Camera Board project or resource mentioned in Maker Update.,low,364,2024-01-04,main,https://learn.adafruit.com/adafruit-memento-camera-board,https://www.hackster.io/news/circuitpython-powering-adafruit-s-memento-camera-board-makes-programming-vision-apps-a-snap-eaa156ce11b0,https://youtube.com/watch?v=-SpIfq7bb7k&t=17340s,https://www.makerprojectlab.com/scheduled-delivery-maker-update/
Heat Treating For Beginners,Blondihacks,tip,metalworking,Tip: Heat Treating For Beginners,high,364,2024-01-04,main,https://hackaday.com/2023/12/28/a-guide-for-heat-treating-steel-at-home/,,https://youtube.com/watch?v=-SpIfq7bb7k&t=19200s,https://www.makerprojectlab.com/scheduled-delivery-maker-update/
Foot Operated Wire Strippers,John's Projects,tip,wire-stripping; tool-making; electronics,A foot-operated wire stripper tool build by John's Projects.,high,364,2024-01-04,main,https://www.youtube.com/watch?v=jFqfcDr2Els,,https://youtube.com/watch?v=-SpIfq7bb7k&t=20460s,https://www.makerprojectlab.com/scheduled-delivery-maker-update/
Candle Powered Boat,Xiao Qian Feng,project,science; physics; maker; mechanical,Functional boat powered by candle heat.,high,414,2024-12-26,main,Science explainer by Steve Mould: https://www.youtube.com/watch?v=3AXupc7oE-g,,https://youtube.com/watch?v=jdwhenWVT4o&t=48960s,https://www.makerprojectlab.com/favorite-projects-of-2024-maker-update/
NeoPixel Party Bike - Update With Radio!,TechnoChic,project,led; wearables; cycling; electronics; rgb,LED bike project with radio capability update.,high,414,2024-12-26,main,,,https://youtube.com/watch?v=jdwhenWVT4o&t=57960s,https://www.makerprojectlab.com/favorite-projects-of-2024-maker-update/
Kawaii Useless Robot - 2024 Edition,Toby Chui,project,robotics; craft; useless-machines; maker,"Cute useless robot project, 2024 edition.",high,414,2024-12-26,main,,,https://youtube.com/watch?v=jdwhenWVT4o&t=80100s,https://www.makerprojectlab.com/favorite-projects-of-2024-maker-update/
Modular Macro Keyboard,Salim Benbouziyane,project,keyboard; electronics; 3d-printing,A modular macro keyboard by Salim Benbouziyane.,high,414,2024-12-26,main,,,https://youtube.com/watch?v=jdwhenWVT4o&t=3660s,https://www.makerprojectlab.com/favorite-projects-of-2024-maker-update/
Carpentopod,Giliam de Carpentier,project,robotics; walking-robot; mechanical-engineering,Carpentopod -- a parametric multi-legged walking robot by Giliam de Carpentier.,high,414,2024-12-26,main,,,https://youtube.com/watch?v=jdwhenWVT4o&t=14040s,https://www.makerprojectlab.com/favorite-projects-of-2024-maker-update/
Kaneda's Motorcycle,Ota Kobo,project,replica; props,A replica build of Kaneda's motorcycle from Akira,low,414,2024-12-26,main,,,https://youtube.com/watch?v=jdwhenWVT4o&t=28140s,https://www.makerprojectlab.com/favorite-projects-of-2024-maker-update/
Building a REAL Pawn That Transforms Into a Queen (automatically) by Works,Design,project,mechanical-engineering; kinetic-art,A mechanical chess pawn that automatically transforms into a queen.,high,414,2024-12-26,main,,,https://youtube.com/watch?v=jdwhenWVT4o&t=39720s,https://www.makerprojectlab.com/favorite-projects-of-2024-maker-update/
Flying RC Planes from an Actuated Chair,Michael Rechtin,project,rc; robotics; motion-simulator,An actuated chair that simulates flying RC planes,low,414,2024-12-26,main,,,https://youtube.com/watch?v=jdwhenWVT4o&t=70860s,https://www.makerprojectlab.com/favorite-projects-of-2024-maker-update/
Party Sub Projector Screen,Aunt Dena,project,diy; party,A party sub-themed projector screen build by Aunt Dena.,low,414,2024-12-26,main,,,https://youtube.com/watch?v=jdwhenWVT4o,https://www.makerprojectlab.com/favorite-projects-of-2024-maker-update/
