Title,Creator,Category,Tags,Synopsis,Confidence,Episode Number,Episode Date,Edition,Source URL,Secondary URLs,Episode Video URL,Episode Blog URL
Motorized Camera Slider,,project,photography,Project: Motorized Camera Slider.,high,154,2020-01-02,adafruit,https://learn.adafruit.com/circuitpython-motorized-camera-slider,,https://youtube.com/watch?v=29NC1po7BQk,https://www.makerprojectlab.com/cyberslider-maker-update-154-adafruit-edition/
Bluefruit TFT Gizmo ANCS Notifier for iOS,,project,adafruit,Project: Bluefruit TFT Gizmo ANCS Notifier for iOS.,high,154,2020-01-02,adafruit,https://learn.adafruit.com/ancs-gizmo,,https://youtube.com/watch?v=29NC1po7BQk,https://www.makerprojectlab.com/cyberslider-maker-update-154-adafruit-edition/
Sister Night Goggles,,project,adafruit,Project: Sister Night Goggles.,high,154,2020-01-02,adafruit,https://learn.adafruit.com/watchmen-sister-night-circuitpython-neopixel-goggles,,https://youtube.com/watch?v=29NC1po7BQk,https://www.makerprojectlab.com/cyberslider-maker-update-154-adafruit-edition/
Hide & Seek ornament,,project,decorative; wearables; adafruit; seasonal,Project: Hide & Seek ornament.,high,154,2020-01-02,adafruit,https://learn.adafruit.com/hide-n-seek-bluefruit-ornament,,https://youtube.com/watch?v=29NC1po7BQk,https://www.makerprojectlab.com/cyberslider-maker-update-154-adafruit-edition/
Neopixel Christmas Tree,,project,neopixel; seasonal,Project: Neopixel Christmas Tree.,high,154,2020-01-02,adafruit,https://learn.adafruit.com/wooden-neopixel-xmas-tree,,https://youtube.com/watch?v=29NC1po7BQk,https://www.makerprojectlab.com/cyberslider-maker-update-154-adafruit-edition/
CircuitPython Libraries and Jupyter Notebook on any Computer with MCP2221,,tip,adafruit,Resource: CircuitPython Libraries and Jupyter Notebook on any Compu....,high,154,2020-01-02,adafruit,https://learn.adafruit.com/jupyter-on-any-computer-with-circuitpython-libraries-and-mcp2221,,https://youtube.com/watch?v=29NC1po7BQk,https://www.makerprojectlab.com/cyberslider-maker-update-154-adafruit-edition/
Bluefruit Playground App,,tip,adafruit; bluetooth; esp32; app,Adafruit's Bluefruit Playground companion app for Bluetooth boards.,high,154,2020-01-02,adafruit,https://learn.adafruit.com/bluefruit-playground-app/overview,,https://youtube.com/watch?v=29NC1po7BQk,https://www.makerprojectlab.com/cyberslider-maker-update-154-adafruit-edition/
S is for Soldering Iron,,tip,metal; soldering,Resource: S is for Soldering Iron.,high,154,2020-01-02,adafruit,https://learn.adafruit.com/circuit-playground-s-is-for-soldering-iron,,https://youtube.com/watch?v=29NC1po7BQk,https://www.makerprojectlab.com/cyberslider-maker-update-154-adafruit-edition/
Analog Future,Parker Heyl,project,diy; maker,Analog Future (by Parker Heyl).,high,153,2019-12-26,main,http://www.interactivearchitecture.org/lab-projects/analog-future,,https://youtube.com/watch?v=GDAZEBGzxa8,https://www.makerprojectlab.com/5-favorite-maker-projects-of-2019-maker-update-153/
Ball Balancing PID System,Johan Link,project,diy; maker,Ball Balancing PID System (by Johan Link).,high,153,2019-12-26,main,https://www.instructables.com/id/Ball-Balancing-PID-System/,,https://youtube.com/watch?v=GDAZEBGzxa8,https://www.makerprojectlab.com/5-favorite-maker-projects-of-2019-maker-update-153/
Raspberry Pi Stop-Motion Animation Rig,wonderfulidea,project,animation; raspberry-pi,Raspberry Pi Stop-Motion Animation Rig (by wonderfulidea).,high,153,2019-12-26,main,https://www.instructables.com/id/Raspberry-Pi-Stop-Motion-Animation-Rig/,,https://youtube.com/watch?v=GDAZEBGzxa8,https://www.makerprojectlab.com/5-favorite-maker-projects-of-2019-maker-update-153/
Word Clock Controlled by 114 Servos,mosivers,project,timekeeping,Word Clock Controlled by 114 Servos (by mosivers).,high,153,2019-12-26,main,https://www.instructables.com/id/Word-Clock-Controlled-by-114-Servos/,,https://youtube.com/watch?v=GDAZEBGzxa8,https://www.makerprojectlab.com/5-favorite-maker-projects-of-2019-maker-update-153/
Greatest Holdies: I Hacked an Old Phone to Play the Greatest Hold Music.,Fuzzy-Wobble,project,music,Greatest Holdies: I Hacked an Old Phone to Play the Great... (by Fuzzy-Wobble).,high,153,2019-12-26,main,https://www.instructables.com/id/Greatest-Holdies-I-Hacked-an-Old-Phone-to-Play-the/,,https://youtube.com/watch?v=GDAZEBGzxa8,https://www.makerprojectlab.com/5-favorite-maker-projects-of-2019-maker-update-153/
Hacking an Etch-A-Sketch with a Raspberry Pi and camera: Etch-A-Snap!,,project,hardware; raspberry-pi; photography,Project: Hacking an Etch-A-Sketch with a Raspberry Pi and camera: ....,high,153,2019-12-26,main,https://www.twobitarcade.net/article/etch-a-snap/,,https://youtube.com/watch?v=GDAZEBGzxa8,https://www.makerprojectlab.com/5-favorite-maker-projects-of-2019-maker-update-153/
Final Fantasy Black Mage Cosplay,Cody Sass,project,cosplay,Final Fantasy Black Mage Cosplay (by Cody Sass).,high,153,2019-12-26,main,https://blog.adafruit.com/2019/05/21/this-final-fantasy-black-mage-cosplay-has-all-the-feels/,,https://youtube.com/watch?v=GDAZEBGzxa8,https://www.makerprojectlab.com/5-favorite-maker-projects-of-2019-maker-update-153/
Upright Laser Harp,Jonathan Bumstead,project,laser-cutting,Upright Laser Harp (by Jonathan Bumstead).,high,153,2019-12-26,main,https://hackaday.io/project/167163-upright-laser-harp,,https://youtube.com/watch?v=GDAZEBGzxa8,https://www.makerprojectlab.com/5-favorite-maker-projects-of-2019-maker-update-153/
How to Make Realistic Eyes Using 3D Printing for Animatronic Eye Mechanisms,Will Cogley,project,printing; robotics; animatronics; wearables; 3d-printing,How to Make Realistic Eyes Using 3D Printing for Animatro... (by Will Cogley).,high,153,2019-12-26,main,https://www.instructables.com/id/How-to-Make-Ultra-Realistic-Eyes-Using-3D-Printing/,,https://youtube.com/watch?v=GDAZEBGzxa8,https://www.makerprojectlab.com/5-favorite-maker-projects-of-2019-maker-update-153/
Fetch,Applied Procrastination,project,diy; maker,Fetch (by Applied Procrastination).,high,152,2019-12-12,main,https://youtu.be/5PFgVtzsXHM,,https://youtube.com/watch?v=I-Q-8ZifIh0,https://www.makerprojectlab.com/signs-of-attraction-maker-update-152/
https://github.com/AppliedProcrastination/,,project,,Reference link provided in source.,low,152,2019-12-12,main,https://github.com/AppliedProcrastination/,,https://youtube.com/watch?v=I-Q-8ZifIh0,https://www.makerprojectlab.com/signs-of-attraction-maker-update-152/
Really Beautiful Swimming Ferrofluids,rogercarr,project,kinetic-art,Really Beautiful Swimming Ferrofluids (by rogercarr).,high,152,2019-12-12,main,https://www.instructables.com/id/Really-Beautiful-Swimming-Ferrofluids/,,https://youtube.com/watch?v=I-Q-8ZifIh0,https://www.makerprojectlab.com/signs-of-attraction-maker-update-152/
Colin Furze Landspeeder,,project,vehicles,Project: Colin Furze Landspeeder.,high,152,2019-12-12,main,https://youtu.be/X2h_yHnTwVw,,https://youtube.com/watch?v=I-Q-8ZifIh0,https://www.makerprojectlab.com/signs-of-attraction-maker-update-152/
How to Make a Compact Animatronic Eye Mechanism with 3D Printing and Arduino,Will Cogley,project,arduino; printing; robotics; animatronics; wearables; 3d-printing,How to Make a Compact Animatronic Eye Mechanism with 3D P... (by Will Cogley).,high,152,2019-12-12,main,https://www.instructables.com/id/DIY-Compact-3D-Printed-Animatronic-Eye-Mechanism/,,https://youtube.com/watch?v=I-Q-8ZifIh0,https://www.makerprojectlab.com/signs-of-attraction-maker-update-152/
Adam Savage's One Day Builds: Workshop Hardware Storage!,,tip,storage,Resource: Adam Savage's One Day Builds: Workshop Hardware Storage!.,high,152,2019-12-12,main,https://youtu.be/6ps4vbQ6Tk0,,https://youtube.com/watch?v=I-Q-8ZifIh0,https://www.makerprojectlab.com/signs-of-attraction-maker-update-152/
Clever Workbench,Laura Kampf,tip,workbench; woodworking; workshop,A clever custom workbench build by maker Laura Kampf.,high,152,2019-12-12,main,https://youtu.be/TPVq0zXKy3c,,https://youtube.com/watch?v=I-Q-8ZifIh0,https://www.makerprojectlab.com/signs-of-attraction-maker-update-152/
How to GROW or SHRINK Silicone Molds!,The CrafsMan,tip,silicone,Resource: How to GROW or SHRINK Silicone Molds!.,high,152,2019-12-12,main,https://www.youtube.com/watch?v=P6fnGUL307U,,https://youtube.com/watch?v=I-Q-8ZifIh0,https://www.makerprojectlab.com/signs-of-attraction-maker-update-152/
3D Printed Paper Folding Experiments,,tip,3d-printing; pla; papercraft,Resource: 3D Printed Paper Folding Experiments.,high,152,2019-12-12,main,https://www.instagram.com/p/B4tNz-AnOOO/,,https://youtube.com/watch?v=I-Q-8ZifIh0,https://www.makerprojectlab.com/signs-of-attraction-maker-update-152/
Folding Techniques for Designers: From Sheet to Form,Paul Jackson,tip,papercraft,Resource: Folding Techniques for Designers: From Sheet to Form.,high,152,2019-12-12,main,https://www.amazon.com/exec/obidos/ASIN/1856697215/makerprojec0c-20,,https://youtube.com/watch?v=I-Q-8ZifIh0,https://www.makerprojectlab.com/signs-of-attraction-maker-update-152/
Desktop Dumpster Fire,,project,diy; maker,Project: Desktop Dumpster Fire.,high,151,2019-12-05,adafruit,https://learn.adafruit.com/desktop-dumpster-fire,,https://youtube.com/watch?v=CZvZBG6_WRY,https://www.makerprojectlab.com/chestnuts-roasting-on-a-dumpster-fire-maker-update-151-adafruit-edition/
CircuitPython Animated Sprite pendants,,project,animation; adafruit,Project: CircuitPython Animated Sprite pendants.,high,151,2019-12-05,adafruit,https://learn.adafruit.com/circuitpython-sprite-animation-pendant-mario-clouds-flying-toasters,,https://youtube.com/watch?v=CZvZBG6_WRY,https://www.makerprojectlab.com/chestnuts-roasting-on-a-dumpster-fire-maker-update-151-adafruit-edition/
Cyberpunk Santa Eye,,project,wearables; animatronics; adafruit; seasonal,Project: Cyberpunk Santa Eye.,high,151,2019-12-05,adafruit,https://learn.adafruit.com/cyberpunk-santa-eye,,https://youtube.com/watch?v=CZvZBG6_WRY,https://www.makerprojectlab.com/chestnuts-roasting-on-a-dumpster-fire-maker-update-151-adafruit-edition/
No-Solder LED Tie,,project,soldering; lighting; adafruit,Project: No-Solder LED Tie.,high,151,2019-12-05,adafruit,https://learn.adafruit.com/no-solder-circuit-playground-bluetooth-disco-tie,,https://youtube.com/watch?v=CZvZBG6_WRY,https://www.makerprojectlab.com/chestnuts-roasting-on-a-dumpster-fire-maker-update-151-adafruit-edition/
Musical Walking Stick,,project,adafruit,Project: Musical Walking Stick.,high,151,2019-12-05,adafruit,https://learn.adafruit.com/musical-cane-walking-stick,,https://youtube.com/watch?v=CZvZBG6_WRY,https://www.makerprojectlab.com/chestnuts-roasting-on-a-dumpster-fire-maker-update-151-adafruit-edition/
Luminary Lanterns,,project,diy; maker,Project: Luminary Lanterns.,high,151,2019-12-05,adafruit,https://learn.adafruit.com/bluefruit-luminary-lanterns-with-capacitive-touch,,https://youtube.com/watch?v=CZvZBG6_WRY,https://www.makerprojectlab.com/chestnuts-roasting-on-a-dumpster-fire-maker-update-151-adafruit-edition/
Turtle Graphics on TFT Gizmo,,tip,adafruit; circuitpython; programming,A turtle-graphics programming demo on Adafruit's TFT Gizmo display.,high,151,2019-12-05,adafruit,https://learn.adafruit.com/turtle-graphics-gizmo,,https://youtube.com/watch?v=CZvZBG6_WRY,https://www.makerprojectlab.com/chestnuts-roasting-on-a-dumpster-fire-maker-update-151-adafruit-edition/
Gift Guides!,,tip,electronics,Gift Guides!,low,151,2019-12-05,adafruit,https://www.adafruit.com/explore,,https://youtube.com/watch?v=CZvZBG6_WRY,https://www.makerprojectlab.com/chestnuts-roasting-on-a-dumpster-fire-maker-update-151-adafruit-edition/
Adafruit in Hackspace,,tip,adafruit,Resource: Adafruit in Hackspace.,high,151,2019-12-05,adafruit,https://blog.adafruit.com/2019/11/21/maker-christmas-presents-issue-25-hackspace-magazine-maker-christmas-hackspacemag/,,https://youtube.com/watch?v=CZvZBG6_WRY,https://www.makerprojectlab.com/chestnuts-roasting-on-a-dumpster-fire-maker-update-151-adafruit-edition/
https://blog.adafruit.com/2019/11/21/circuitpython-and-bluetooth-low-energy-issue-25-hackspace-magazine-maker-christmas-hackspacemag-ben_everard-circuitpython/,,tip,electronics,Reference link provided in source.,low,151,2019-12-05,adafruit,https://blog.adafruit.com/2019/11/21/circuitpython-and-bluetooth-low-energy-issue-25-hackspace-magazine-maker-christmas-hackspacemag-ben_everard-circuitpython/,,https://youtube.com/watch?v=CZvZBG6_WRY,https://www.makerprojectlab.com/chestnuts-roasting-on-a-dumpster-fire-maker-update-151-adafruit-edition/
Check out the Feather entries,,tip,electronics,Check out the Feather entries,low,151,2019-12-05,adafruit,https://hackaday.io/contest/168107-take-flight-with-feather,,https://youtube.com/watch?v=CZvZBG6_WRY,https://www.makerprojectlab.com/chestnuts-roasting-on-a-dumpster-fire-maker-update-151-adafruit-edition/
Off-Grid Cyberdeck! The Raspberry Pi Recovery Kit,Jay Doscher,project,electronics; raspberry-pi,Off-Grid Cyberdeck! The Raspberry Pi Recovery Kit (by Jay Doscher).,high,150,2019-11-22,main,https://back7.co/home/raspberry-pi-recovery-kit,,https://youtube.com/watch?v=QLuF5eE3qDE,https://www.makerprojectlab.com/doomsday-pi-maker-update-150/
Make Old Toys Awesome Again,lonesoulsurfer,project,diy; maker,Make Old Toys Awesome Again (by lonesoulsurfer).,high,150,2019-11-22,main,https://www.instructables.com/id/Make-Old-Toys-Awesome-Again/,,https://youtube.com/watch?v=QLuF5eE3qDE,https://www.makerprojectlab.com/doomsday-pi-maker-update-150/
Transforming Bicycle! Tall Bike to Chopper Bike,rachl009,project,vehicles,Transforming Bicycle! Tall Bike to Chopper Bike (by rachl009).,high,150,2019-11-22,main,https://www.instructables.com/id/Transforming-Bicycle-Tall-Bike-to-Chopper-Bike/,https://youtu.be/B7Lqr_9u7jg,https://youtube.com/watch?v=QLuF5eE3qDE,https://www.makerprojectlab.com/doomsday-pi-maker-update-150/
Online Gcode Viewer,,tip,3d-printing; gcode; software-tools,A web-based tool for viewing G-code files.,high,150,2019-11-22,main,http://gcode.ws/,,https://youtube.com/watch?v=QLuF5eE3qDE,https://www.makerprojectlab.com/doomsday-pi-maker-update-150/
Making R2-D2 Part 3,Bob Clagett,tip,cosplay; props; robotics,Part 3 of Bob Clagett's R2-D2 replica build series.,high,150,2019-11-22,main,https://youtu.be/v-LjcBdbyiA,,https://youtube.com/watch?v=QLuF5eE3qDE,https://www.makerprojectlab.com/doomsday-pi-maker-update-150/
USC Spraymax Matte Clearcoat 3680065,,tip,spray-paint; clearcoat; finishing,A matte clearcoat spray finish product tip.,high,150,2019-11-22,main,https://www.amazon.com/dp/B0178ABUVM?tag=ilik-20,,https://youtube.com/watch?v=QLuF5eE3qDE,https://www.makerprojectlab.com/doomsday-pi-maker-update-150/
Easy How To Hydro-Dip Tutorial,TheCrafsMan SteadyCraftin,tip,education; hydro-dip,Resource: Easy How To Hydro-Dip Tutorial.,high,150,2019-11-22,main,https://youtu.be/maFcp9IbueA,,https://youtube.com/watch?v=QLuF5eE3qDE,https://www.makerprojectlab.com/doomsday-pi-maker-update-150/
Giant Analog CO2 Meter,rabbitcreek,project,diy; maker,Giant Analog CO2 Meter (by rabbitcreek).,high,149,2019-11-14,main,https://www.instructables.com/id/Giant-Analog-CO2-Meter/,https://youtu.be/33E5hsODIE8; https://youtu.be/biv6zJme5OY,https://youtube.com/watch?v=YEz-r8KDY-0,https://www.makerprojectlab.com/out-of-thin-air-maker-update-149/
"BrachioGraph - the cheapest, simplest possible pen-plotter",Daniele Procida,project,drawing,"BrachioGraph - the cheapest, simplest possible pen-plotter (by Daniele Procida).",high,149,2019-11-14,main,https://brachiograph.readthedocs.io/en/latest/,https://youtu.be/18T0IQNadbw,https://youtube.com/watch?v=YEz-r8KDY-0,https://www.makerprojectlab.com/out-of-thin-air-maker-update-149/
How to Build a Simple 3D Printed Arduino Animatronic Eye Mechanism,Will Cogley,project,arduino; pla; robotics; animatronics; wearables; 3d-printing,How to Build a Simple 3D Printed Arduino Animatronic Eye ... (by Will Cogley).,high,149,2019-11-14,main,http://www.nilheim.co.uk/latest-projects/simplified-3d-printed-animatronic-dual-eye-mechanism,,https://youtube.com/watch?v=YEz-r8KDY-0,https://www.makerprojectlab.com/out-of-thin-air-maker-update-149/
Face Changing Projection Mask - Be Anything,seanhodgins,project,cosplay; animatronics,Face Changing Projection Mask - Be Anything (by seanhodgins).,high,149,2019-11-14,main,https://www.instructables.com/id/Face-Changing-Projection-Mask-Be-Anything/,,https://youtube.com/watch?v=YEz-r8KDY-0,https://www.makerprojectlab.com/out-of-thin-air-maker-update-149/
Flexure Gripper and Demo Board,Amy Makes Stuff,tip,electronics,Resource: Flexure Gripper and Demo Board.,high,149,2019-11-14,main,https://youtu.be/YEz-r8KDY-0,,https://youtube.com/watch?v=YEz-r8KDY-0,https://www.makerprojectlab.com/out-of-thin-air-maker-update-149/
Some tips and tricks for controlling a servo with an Arduino,Jeremy S Cook,tip,motors; arduino,Resource: Some tips and tricks for controlling a servo with an Arduino.,high,149,2019-11-14,main,https://blog.arduino.cc/2019/11/06/some-tips-and-tricks-for-controlling-a-servo-with-an-arduino/,,https://youtube.com/watch?v=YEz-r8KDY-0,https://www.makerprojectlab.com/out-of-thin-air-maker-update-149/
A Primer on Paintbrushes!,,tip,painting; finishing,A primer on choosing and using paintbrushes.,high,149,2019-11-14,main,https://youtu.be/qwxOkqrca2M,,https://youtube.com/watch?v=YEz-r8KDY-0,https://www.makerprojectlab.com/out-of-thin-air-maker-update-149/
Talking Bluetooth Pumpkin,,project,wireless; seasonal,Project: Talking Bluetooth Pumpkin.,high,148,2019-11-06,adafruit,https://learn.adafruit.com/pumpkin-with-circuit-playground-bluefruit,,https://youtube.com/watch?v=QMAuJIiMuT0,https://www.makerprojectlab.com/pumpkin-spice-reflow-maker-update-148/
Monster m4sk round-up,,project,wearables; animatronics; adafruit,Project: Monster m4sk round-up.,high,148,2019-11-06,adafruit,,,https://youtube.com/watch?v=QMAuJIiMuT0,https://www.makerprojectlab.com/pumpkin-spice-reflow-maker-update-148/
Animatronic Fizzgig monster m4sk,,project,robotics; wearables; animatronics; adafruit,Project: Animatronic Fizzgig monster m4sk.,high,148,2019-11-06,adafruit,https://learn.adafruit.com/animatronic-fizzgig-monsterm4sk-puppet,,https://youtube.com/watch?v=QMAuJIiMuT0,https://www.makerprojectlab.com/pumpkin-spice-reflow-maker-update-148/
Goose Game monster m4sk controller,,project,wearables; gaming; animatronics; adafruit,Project: Goose Game monster m4sk controller.,high,148,2019-11-06,adafruit,https://learn.adafruit.com/goose-game-m4sk-controller,,https://youtube.com/watch?v=QMAuJIiMuT0,https://www.makerprojectlab.com/pumpkin-spice-reflow-maker-update-148/
Meat Skull Centerpiece,,project,adafruit,Project: Meat Skull Centerpiece.,high,148,2019-11-06,adafruit,https://learn.adafruit.com/meat-skull-centerpiece,,https://youtube.com/watch?v=QMAuJIiMuT0,https://www.makerprojectlab.com/pumpkin-spice-reflow-maker-update-148/
Monster Mask Voice Changer,,project,cosplay; animatronics; adafruit,Project: Monster Mask Voice Changer.,high,148,2019-11-06,adafruit,https://learn.adafruit.com/spruce-up-a-costume-with-monster-m4sk-eyes-and-voice,,https://youtube.com/watch?v=QMAuJIiMuT0,https://www.makerprojectlab.com/pumpkin-spice-reflow-maker-update-148/
Monster M4sk is Watching You,,project,wearables; animatronics; adafruit,Project: Monster M4sk is Watching You.,high,148,2019-11-06,adafruit,https://learn.adafruit.com/monster-m4sk-is-watching-you,,https://youtube.com/watch?v=QMAuJIiMuT0,https://www.makerprojectlab.com/pumpkin-spice-reflow-maker-update-148/
Ooze Master 3000,,project,animatronics; adafruit,Project: Ooze Master 3000.,high,148,2019-11-06,adafruit,https://learn.adafruit.com/ooze-master-3000-neopixel-simulated-liquid-physics/overview,,https://youtube.com/watch?v=QMAuJIiMuT0,https://www.makerprojectlab.com/pumpkin-spice-reflow-maker-update-148/
BLE Glowing Mini Cauldron,,project,retro-tech; adafruit; wireless; animatronics; decorative,Project: BLE Glowing Mini Cauldron.,high,148,2019-11-06,adafruit,https://www.youtube.com/watch?v=57s-rnjlolg,,https://youtube.com/watch?v=QMAuJIiMuT0,https://www.makerprojectlab.com/pumpkin-spice-reflow-maker-update-148/
EZ Make Oven,,project,diy; maker,Project: EZ Make Oven.,high,148,2019-11-06,adafruit,https://learn.adafruit.com/ez-make-oven,,https://youtube.com/watch?v=QMAuJIiMuT0,https://www.makerprojectlab.com/pumpkin-spice-reflow-maker-update-148/
The Open Book Project – an open eBook reader,,tip,media,Resource: The Open Book Project – an open eBook reader.,high,148,2019-11-06,adafruit,https://blog.adafruit.com/2019/11/01/the-open-book-project-an-open-ebook-reader-ebook-circuitpython-feather-samd51-josecastillo-hackaday-microchipmakes/,,https://youtube.com/watch?v=QMAuJIiMuT0,https://www.makerprojectlab.com/pumpkin-spice-reflow-maker-update-148/
CircuitPython snakes its way to the SparkFun Qwiic Micro,,tip,adafruit,Resource: CircuitPython snakes its way to the SparkFun Qwiic Micro.,high,148,2019-11-06,adafruit,https://blog.adafruit.com/2019/10/24/circuitpython-snakes-its-way-to-the-sparkfun-qwiic-micro-samd21-development-board-sparkfun-circuitpython-adafruit/,,https://youtube.com/watch?v=QMAuJIiMuT0,https://www.makerprojectlab.com/pumpkin-spice-reflow-maker-update-148/
Circuit Python on Sony Spresense,,tip,adafruit,Resource: Circuit Python on Sony Spresense.,high,148,2019-11-06,adafruit,https://circuitpython.org/board/spresense/,,https://youtube.com/watch?v=QMAuJIiMuT0,https://www.makerprojectlab.com/pumpkin-spice-reflow-maker-update-148/
Circuit Python on Arduino Nano BLE,,tip,wireless; arduino; adafruit,Resource: Circuit Python on Arduino Nano BLE.,high,148,2019-11-06,adafruit,https://circuitpython.org/board/arduino_nano_33_ble/,,https://youtube.com/watch?v=QMAuJIiMuT0,https://www.makerprojectlab.com/pumpkin-spice-reflow-maker-update-148/
How to Make Realistic Eyes Using 3D Printing for Animatronic Eye Mechanisms,Will Cogley,project,printing; robotics; animatronics; wearables; 3d-printing,How to Make Realistic Eyes Using 3D Printing for Animatro... (by Will Cogley).,high,147,2019-10-31,main,https://www.instructables.com/id/How-to-Make-Ultra-Realistic-Eyes-Using-3D-Printing/,,https://youtube.com/watch?v=RqZRKUbA_p0,https://www.makerprojectlab.com/youve-got-my-eyes-maker-update-147/
LEGO Mini Chocolate Vending Machine,JK Brickworks,project,retro-tech; toy; gaming; food-prep; ai,LEGO Mini Chocolate Vending Machine (by JK Brickworks).,high,147,2019-10-31,main,https://www.youtube.com/watch?v=bFGsgjLQXA8,,https://youtube.com/watch?v=RqZRKUbA_p0,https://www.makerprojectlab.com/youve-got-my-eyes-maker-update-147/
2001: a Space Suit Odyssey,badjer1,project,cosplay; space,2001: a Space Suit Odyssey (by badjer1).,high,147,2019-10-31,main,https://www.instructables.com/id/2001-a-Space-Suit-Odyssey/,,https://youtube.com/watch?v=RqZRKUbA_p0,https://www.makerprojectlab.com/youve-got-my-eyes-maker-update-147/
Star Wars Rebel Pilot Chest Box - Arduino,badjer1,project,cosplay; arduino; props,Star Wars Rebel Pilot Chest Box - Arduino (by badjer1).,high,147,2019-10-31,main,https://www.instructables.com/id/Star-Wars-Rebel-Pilot-Chest-Box-Arduino/,,https://youtube.com/watch?v=RqZRKUbA_p0,https://www.makerprojectlab.com/youve-got-my-eyes-maker-update-147/
Animated WiFi Doll,cabuu,project,cosplay; animation; wireless,Animated WiFi Doll (by cabuu).,high,147,2019-10-31,main,https://www.instructables.com/id/Animated-WiFi-Doll/,,https://youtube.com/watch?v=RqZRKUbA_p0,https://www.makerprojectlab.com/youve-got-my-eyes-maker-update-147/
Adam Savage's One Day Builds: No-Face Animatronic Mouth!,,tip,robotics; animatronics,Resource: Adam Savage's One Day Builds: No-Face Animatronic Mouth!.,high,147,2019-10-31,main,https://youtu.be/kjxdWnUBmpU,,https://youtube.com/watch?v=RqZRKUbA_p0,https://www.makerprojectlab.com/youve-got-my-eyes-maker-update-147/
How to Make Animatronics With the Pololu Maestro,,tip,animatronics; pololu; servo; electronics,A tutorial on building animatronics using the Pololu Maestro servo controller.,high,147,2019-10-31,main,https://maker.pro/custom/projects/how-to-make-animatronics-with-the-pololu-maestro-masterclass-maker-projects,,https://youtube.com/watch?v=RqZRKUbA_p0,https://www.makerprojectlab.com/youve-got-my-eyes-maker-update-147/
Benefits of Thin CA Glue,,tip,adhesive,Resource: Benefits of Thin CA Glue.,high,147,2019-10-31,main,https://www.youtube.com/watch?v=WWtXriCPhRQ,,https://youtube.com/watch?v=RqZRKUbA_p0,https://www.makerprojectlab.com/youve-got-my-eyes-maker-update-147/
1mm to 5mm Thickness Swatch,Roykinn7,tip,3d-printing; calibration,A 3D-printable thickness calibration swatch by Roykinn7.,high,147,2019-10-31,main,https://www.thingiverse.com/thing:3938054,,https://youtube.com/watch?v=RqZRKUbA_p0,https://www.makerprojectlab.com/youve-got-my-eyes-maker-update-147/
Make Your Own Sprockets,Lewin Day,tip,mechanical-engineering; gears; cnc,"A tutorial on designing and making your own sprockets, by Hackaday's Lewin Day.",high,147,2019-10-31,main,https://hackaday.com/2019/10/21/how-to-make-an-electric-scooter-chain-sprocket-with-nothing-but-hand-tools/,,https://youtube.com/watch?v=RqZRKUbA_p0,https://www.makerprojectlab.com/youve-got-my-eyes-maker-update-147/
Hackaday Supercon November 15 – 17,,tip,event,Resource: Hackaday Supercon November 15 – 17.,high,147,2019-10-31,main,https://hackaday.com/2019/10/18/speakers-taking-the-stage-at-supercon-plus-a-hint-of-the-hacking-to-come/,,https://youtube.com/watch?v=RqZRKUbA_p0,https://www.makerprojectlab.com/youve-got-my-eyes-maker-update-147/
Musically synced car windshield wipers using Raspberry Pi,Ian Charnas,project,raspberry-pi; music; automation; audio,Windshield wipers synchronized to music via Raspberry Pi.,high,146,2019-10-24,main,https://www.youtube.com/watch?v=oJkZpBi6n6Q,https://www.iancharnas.com/dancing-wipers/,https://youtube.com/watch?v=jT6fZGkA1EI,https://www.makerprojectlab.com/in-sync-maker-update-146/
How to Make Fold Away Tool Storage,I Like to Make Stuff,project,wood; woodworking; storage; diy,Foldable tool storage cabinet build.,high,146,2019-10-24,main,https://www.youtube.com/watch?v=LOYmB6q2wnM,,https://youtube.com/watch?v=jT6fZGkA1EI,https://www.makerprojectlab.com/in-sync-maker-update-146/
Virtuscope CyberDeck,Bootdsc,project,,Custom portable computing device (cyberdeck) build.,low,146,2019-10-24,main,https://thedigitalocean.wordpress.com/deck/,,https://youtube.com/watch?v=jT6fZGkA1EI,https://www.makerprojectlab.com/in-sync-maker-update-146/
Retro 7 Segment Clock TE (Tiny Edition),Daniel Cikic,project,led; 7-segment; clock; electronics; retro-tech,Compact retro-style 7-segment LED clock.,high,146,2019-10-24,main,https://www.thingiverse.com/thing:3865571,,https://youtube.com/watch?v=jT6fZGkA1EI,https://www.makerprojectlab.com/in-sync-maker-update-146/
10 Ways to Butt Joint,Make Something,tip,wood; woodworking; joints,Ten methods for joining wood with butt joints.,high,146,2019-10-24,main,https://www.youtube.com/watch?v=B1A3aiEHIzk,,https://youtube.com/watch?v=jT6fZGkA1EI,https://www.makerprojectlab.com/in-sync-maker-update-146/
Trigger Torch Test: Bernzomatic TS4000 vs. TS8000,,tip,torch; soldering; metalworking,Comparison review of Bernzomatic trigger torches.,high,146,2019-10-24,main,https://youtu.be/mJOCW6y5xY4,,https://youtube.com/watch?v=jT6fZGkA1EI,https://www.makerprojectlab.com/in-sync-maker-update-146/
True Cost of Multimeters,JohnAudioTech,tip,multimeter; electronics; tool-review,"An examination of multimeter quality and pricing tradeoffs, by JohnAudioTech.",high,146,2019-10-24,main,https://www.youtube.com/watch?v=5hTtLFrW07Y,,https://youtube.com/watch?v=jT6fZGkA1EI,https://www.makerprojectlab.com/in-sync-maker-update-146/
Making a HUGE Mt. Saint Helens on the CNC,Dom Riccobene,tip,cnc; woodworking; machining; sculpture,Carving large Mount Saint Helens landscape with CNC.,high,146,2019-10-24,main,https://youtu.be/gU27mPlDXcY,,https://youtube.com/watch?v=jT6fZGkA1EI,https://www.makerprojectlab.com/in-sync-maker-update-146/
Dom Riccobene: Turning Data Into Sculpture,,tip,cnc; art; sculpture; data-visualization,Converting data into physical sculptures using CNC.,high,146,2019-10-24,main,https://www.bantamtools.com/blogs/theedge/bantam-tools-remote-residents-dom-riccobene-amp-vince-ramirez,,https://youtube.com/watch?v=jT6fZGkA1EI,https://www.makerprojectlab.com/in-sync-maker-update-146/
LEGO is Now Offering to Pay For You to Ship Your Unused Bricks to Children in Need,,tip,lego; charity,LEGO donation program shipping unused bricks to children.,high,146,2019-10-24,main,https://www.lego.com/en-us/aboutus/news/2019/october/lego-replay,,https://youtube.com/watch?v=jT6fZGkA1EI,https://www.makerprojectlab.com/in-sync-maker-update-146/
How to Make a Trick or Treat Cart for Halloween,I Like To Make Stuff,project,wood; woodworking; halloween; props,DIY Halloween trick-or-treat cart build.,high,145,2019-10-17,main,https://youtu.be/w8CAmYqW9yM,,https://youtube.com/watch?v=w8CAmYqW9yM,https://www.makerprojectlab.com/spider-roll-maker-update-145/
Ultimate Dry Ice Fog Machine,DIY Machines,project,diy-machine; effects; props; engineering,Custom dry ice fog machine build.,high,145,2019-10-17,main,https://www.instructables.com/id/Ultimate-Dry-Ice-Machine-Bluetooth-Controlled-Batt/,,https://youtube.com/watch?v=w8CAmYqW9yM,https://www.makerprojectlab.com/spider-roll-maker-update-145/
Robot Centipede that really walks,Izzy Swan,project,robotics; woodworking; kinetic-art,A walking robotic centipede build by woodworker/maker Izzy Swan.,high,145,2019-10-17,main,https://youtu.be/r3aq_z5ZYgc,,https://youtube.com/watch?v=w8CAmYqW9yM,https://www.makerprojectlab.com/spider-roll-maker-update-145/
DiResta Kindergarten Table,,tip,woodworking; furniture,A kindergarten-sized table build by woodworker Jimmy DiResta.,high,145,2019-10-17,main,https://youtu.be/bs01tva0-HU,,https://youtube.com/watch?v=w8CAmYqW9yM,https://www.makerprojectlab.com/spider-roll-maker-update-145/
Making the WD-40 & Hammer Machine!,The Practical Engineer,tip,,Engineering build combining WD-40 and hammers.,low,145,2019-10-17,main,https://thepracticalengineer.com/blog/wd40hammer,,https://youtube.com/watch?v=w8CAmYqW9yM,https://www.makerprojectlab.com/spider-roll-maker-update-145/
Best Rulers for Lettering,Chris Rummell,tip,lettering; art; design,Top ruler picks for hand lettering work.,high,145,2019-10-17,main,https://youtu.be/t8Uwg7nwuco,,https://youtube.com/watch?v=w8CAmYqW9yM,https://www.makerprojectlab.com/spider-roll-maker-update-145/
Big Clive tears down LED Neon,,tip,electronics; led; teardown; education; el-wire,Teardown and analysis of LED neon lighting.,high,145,2019-10-17,main,https://youtu.be/cR-bepWcplc,,https://youtube.com/watch?v=w8CAmYqW9yM,https://www.makerprojectlab.com/spider-roll-maker-update-145/
Must Have 3D Printing Tips and Tricks!,Maker's Muse,tip,3d-printing; pla,Essential 3D printing tips and troubleshooting techniques.,high,145,2019-10-17,main,https://youtu.be/SxUobSs3B3A,,https://youtube.com/watch?v=w8CAmYqW9yM,https://www.makerprojectlab.com/spider-roll-maker-update-145/
3D Printed Press Brake Forming Tools,Proto G,tip,diy; 3d-printing,3D Printed Press Brake Forming Tools,low,145,2019-10-17,main,https://www.instructables.com/id/3D-Printed-Press-Brake-Forming-Tools/,,https://youtube.com/watch?v=w8CAmYqW9yM,https://www.makerprojectlab.com/spider-roll-maker-update-145/
The Dipper - a tea dipping robot,TexWorkshop,project,electronics,The Dipper - a tea dipping robot,low,144,2019-10-10,main,https://hackaday.com/2019/10/03/no-need-to-watch-your-tea-this-robot-does-it-for-you/,,https://youtube.com/watch?v=vLa9UqhfPvc,https://www.makerprojectlab.com/little-dipper-maker-update-144/
https://www.thingiverse.com/thing:3549640,,project,3d-printing,https://www.thingiverse.com/thing:3549640 (Thingiverse),low,144,2019-10-10,main,https://www.thingiverse.com/thing:3549640,,https://youtube.com/watch?v=vLa9UqhfPvc,https://www.makerprojectlab.com/little-dipper-maker-update-144/
Hertzian Landscapes – The interactive space of a radio spectrum,Richard Vijgen,project,art; visualization; radio; interactive; data-art,Interactive visualization exploring radio spectrum as landscape.,high,144,2019-10-10,main,https://www.creativeapplications.net/js/hertzian-landscapes-the-interactive-space-of-a-radio-spectrum/,,https://youtube.com/watch?v=vLa9UqhfPvc,https://www.makerprojectlab.com/little-dipper-maker-update-144/
Excitebike Bike Shed,Once Upon A Workbench,project,woodworking; retro-gaming; shed-build,An Excitebike-themed bike shed build by Once Upon A Workbench.,high,144,2019-10-10,main,https://youtu.be/OyrlvK7DMSM,,https://youtube.com/watch?v=vLa9UqhfPvc,https://www.makerprojectlab.com/little-dipper-maker-update-144/
Fiber Optic Wings,Natalina,project,fiber-optic; wearables; led; costume; light,Wearable fiber optic wings.,high,144,2019-10-10,main,https://www.instructables.com/id/Fiber-Optic-Wings/,,https://youtube.com/watch?v=vLa9UqhfPvc,https://www.makerprojectlab.com/little-dipper-maker-update-144/
Halloween Happy Ghost Pin Walker,gzumwalt,project,diy; raspberry-pi,Halloween Happy Ghost Pin Walker,low,144,2019-10-10,main,https://www.instructables.com/id/Halloween-Happy-Ghost-Pin-Walker/,,https://youtube.com/watch?v=vLa9UqhfPvc,https://www.makerprojectlab.com/little-dipper-maker-update-144/
3D Printed Googly Eyes,Make Anything,tip,3d-printing; pla; props; eyes,Making googly eyes with 3D printer.,high,144,2019-10-10,main,https://youtu.be/qJBBpmfiaNg,,https://youtube.com/watch?v=vLa9UqhfPvc,https://www.makerprojectlab.com/little-dipper-maker-update-144/
1-inch eyes download,,tip,3d-printing,3D model: 1-inch eyes download,low,144,2019-10-10,main,https://www.myminifactory.com/object/3d-print-googly-eyes-1-inch-93764,,https://youtube.com/watch?v=vLa9UqhfPvc,https://www.makerprojectlab.com/little-dipper-maker-update-144/
How to Control Addressable LEDs With Fadecandy and Processing,amygoodchild,tip,led; fadecandy; neopixel; arduino; programming,Tutorial for controlling addressable LEDs using Fadecandy.,high,144,2019-10-10,main,https://www.instructables.com/id/How-to-Control-Addressable-LEDs-With-Fadecandy-and/,,https://youtube.com/watch?v=vLa9UqhfPvc,https://www.makerprojectlab.com/little-dipper-maker-update-144/
The Billy Bones Kit,MadLab,tip,,Educational electronics kit (Billy Bones).,low,144,2019-10-10,main,https://blog.tindie.com/2019/10/billy-bones-kit-get-halloween-mood/,,https://youtube.com/watch?v=vLa9UqhfPvc,https://www.makerprojectlab.com/little-dipper-maker-update-144/
Making sliding angle grinder,Workshop from Scratch,tip,electronics,Making sliding angle grinder,low,144,2019-10-10,main,https://hackaday.com/2019/10/03/solve-your-precision-woes-with-a-sliding-angle-grinder/,,https://youtube.com/watch?v=vLa9UqhfPvc,https://www.makerprojectlab.com/little-dipper-maker-update-144/
https://youtu.be/aShvcyknkDo,,tip,,Video link about angle grinder.,low,144,2019-10-10,main,https://youtu.be/aShvcyknkDo,,https://youtube.com/watch?v=vLa9UqhfPvc,https://www.makerprojectlab.com/little-dipper-maker-update-144/
Makevember kit now available,,tip,,Makevember monthly making challenge kit available.,low,144,2019-10-10,main,https://www.bricolage.run/blog/2019/9/10/makevember-2019-pocket-kit,,https://youtube.com/watch?v=vLa9UqhfPvc,https://www.makerprojectlab.com/little-dipper-maker-update-144/
MONSTER M4SK Toon Hat,,project,adafruit; wearables; electronics; led,Toon-themed animated mask using Adafruit M4SK.,high,143,2019-10-03,adafruit,https://learn.adafruit.com/monster-mask-augmented-eyes-toon-hat/graphics,,https://youtube.com/watch?v=DW09bSGNuHE,https://www.makerprojectlab.com/glass-eye-for-the-spooky-guy-maker-update-143-adafruit-edition/
LEGO Head Lamp with Audio,,project,lego; wearables; led; audio,LEGO headlamp with integrated audio functionality.,high,143,2019-10-03,adafruit,https://learn.adafruit.com/lego-head-lamp-with-audio,,https://youtube.com/watch?v=DW09bSGNuHE,https://www.makerprojectlab.com/glass-eye-for-the-spooky-guy-maker-update-143-adafruit-edition/
LED Neopixel Mickey Ears,,project,wearables; led; neopixel; adafruit; costume,LED-powered Mickey Mouse ears using NeoPixels.,high,143,2019-10-03,adafruit,https://learn.adafruit.com/neopixel-led-mickey-ears,,https://youtube.com/watch?v=DW09bSGNuHE,https://www.makerprojectlab.com/glass-eye-for-the-spooky-guy-maker-update-143-adafruit-edition/
NEW GUIDE: Alien Xenomorph Halloween Candy Bucket with CPX & MakeCode,,project,adafruit; circuit-playground; halloween; props; electronics,Interactive Halloween candy bucket based on Alien Xenomorph.,high,143,2019-10-03,adafruit,https://blog.adafruit.com/2019/09/27/new-guide-alien-xenomorph-halloween-candy-bucket-with-cpx-makecode-adafruit/,,https://youtube.com/watch?v=DW09bSGNuHE,https://www.makerprojectlab.com/glass-eye-for-the-spooky-guy-maker-update-143-adafruit-edition/
3d Printed Glowing Scale Armor,,project,3d-printing; wearables; led; neopixel; costume,3D-printed scale armor with integrated LED lighting.,high,143,2019-10-03,adafruit,https://blog.adafruit.com/2019/09/25/new-guide-3d-printed-glowing-scale-armor/,,https://youtube.com/watch?v=DW09bSGNuHE,https://www.makerprojectlab.com/glass-eye-for-the-spooky-guy-maker-update-143-adafruit-edition/
Capacitive Touch Pulsing Heart,,project,adafruit; electronics; capacitive-sensing; interactive,Interactive light-up heart with capacitive touch sensing.,high,143,2019-10-03,adafruit,https://learn.adafruit.com/3d-printed-heart-capacitive-touch,,https://youtube.com/watch?v=DW09bSGNuHE,https://www.makerprojectlab.com/glass-eye-for-the-spooky-guy-maker-update-143-adafruit-edition/
Motorized Turntable,Liz Clark,project,electronics,Motorized Turntable,low,143,2019-10-03,adafruit,https://learn.adafruit.com/motorized-turntable-circuitpython,,https://youtube.com/watch?v=DW09bSGNuHE,https://www.makerprojectlab.com/glass-eye-for-the-spooky-guy-maker-update-143-adafruit-edition/
Adafruit Discord!,,tip,adafruit; discord,Adafruit Discord community platform announcement.,high,143,2019-10-03,adafruit,https://blog.adafruit.com/2019/09/17/14000-thank-yous-celebrating-14000-members-in-the-adafruit-discord-community-adafruit-discordapp/,,https://youtube.com/watch?v=DW09bSGNuHE,https://www.makerprojectlab.com/glass-eye-for-the-spooky-guy-maker-update-143-adafruit-edition/
Glider - An app for editing Python on mobile devices wirelessly,,tip,python; software; mobile-app; programming,"Glider, an app for wirelessly editing Python code on mobile devices.",high,143,2019-10-03,adafruit,https://www.youtube.com/watch?v=NYpcjDBA6xw&feature=youtu.be,,https://youtube.com/watch?v=DW09bSGNuHE,https://www.makerprojectlab.com/glass-eye-for-the-spooky-guy-maker-update-143-adafruit-edition/
TypeCase – a gestural keyboard phone case,,tip,electronics,TypeCase – a gestural keyboard phone case,low,143,2019-10-03,adafruit,https://blog.adafruit.com/2019/09/26/typecase-a-gestural-keyboard-phone-case-assistivetechnology-feather-hackaday/,,https://youtube.com/watch?v=DW09bSGNuHE,https://www.makerprojectlab.com/glass-eye-for-the-spooky-guy-maker-update-143-adafruit-edition/
MobileNet V2 SSD Lite on Raspberry Pi 4,,tip,machine-learning; raspberry-pi; ai; tensorflow; computer-vision,Running MobileNet V2 object detection on Raspberry Pi 4.,high,143,2019-10-03,adafruit,https://youtu.be/4wC2jVvGSXs,,https://youtube.com/watch?v=DW09bSGNuHE,https://www.makerprojectlab.com/glass-eye-for-the-spooky-guy-maker-update-143-adafruit-edition/
All the Internet of Things – Episode 5: The S in IoT is for Security,,tip,iot; security; education; electronics,Episode about security in Internet of Things.,high,143,2019-10-03,adafruit,https://www.youtube.com/watch?v=ISHqKL1okno&feature=youtu.be,,https://youtube.com/watch?v=DW09bSGNuHE,https://www.makerprojectlab.com/glass-eye-for-the-spooky-guy-maker-update-143-adafruit-edition/
Making a Digital Dashboard! (w/ Google Calendar integration),Thomas Sanladerer,project,raspberry-pi; display; home-automation; software; calendar,Digital dashboard with Google Calendar integration on Raspberry Pi.,high,142,2019-09-26,main,https://youtu.be/BR_yko0gr-Y,,https://youtube.com/watch?v=OGifVgc2aS4,https://www.makerprojectlab.com/framed-maker-update-142/
Software Guide,,project,,Software guide and instructions.,low,142,2019-09-26,main,https://toms3d.org/2019/09/19/building-a-digital-dashboard-software-setup/,,https://youtube.com/watch?v=OGifVgc2aS4,https://www.makerprojectlab.com/framed-maker-update-142/
Hooking a REAL pinball machine ONLINE together with DeadFlip!,SurrogateTV,project,pinball; iot; arcade,"Connecting a real pinball machine online via the DeadFlip platform, by SurrogateTV.",high,142,2019-09-26,main,https://youtu.be/R3I_Z7_2K7s,,https://youtube.com/watch?v=OGifVgc2aS4,https://www.makerprojectlab.com/framed-maker-update-142/
Laser Crown,p3nguin,project,diy,Laser Crown,low,142,2019-09-26,main,https://www.instructables.com/id/Laser-Crown/,,https://youtube.com/watch?v=OGifVgc2aS4,https://www.makerprojectlab.com/framed-maker-update-142/
RIP Skeleton,gzumwalt,project,diy,RIP Skeleton,low,142,2019-09-26,main,https://www.instructables.com/id/RIP-Skeleton/,,https://youtube.com/watch?v=OGifVgc2aS4,https://www.makerprojectlab.com/framed-maker-update-142/
Upgrading old vending machine for Credit Card Paymentby Ryoko Matsumoto,,tip,,Retrofitting vintage vending machine with credit card payment.,low,142,2019-09-26,main,https://www.exploratorium.edu/tinkering/blogs/upgrading-tinkering-vending-machine,,https://youtube.com/watch?v=OGifVgc2aS4,https://www.makerprojectlab.com/framed-maker-update-142/
A little app on @glitch to make creating sprites in @MSMakeCode Arcade easier,Tiffany Tseng 🍡 (@scientiffic),tip,software; game-development; makecode; arcade,Sprite creation tool for MakeCode Arcade games.,high,142,2019-09-26,main,https://glitch.com/~makecode-pixelart-maker,,https://youtube.com/watch?v=OGifVgc2aS4,https://www.makerprojectlab.com/framed-maker-update-142/
https://twitter.com/scientiffic/status/1174925565817548800,,tip,,Twitter link about the sprite creation tool.,low,142,2019-09-26,main,https://twitter.com/scientiffic/status/1174925565817548800,,https://youtube.com/watch?v=OGifVgc2aS4,https://www.makerprojectlab.com/framed-maker-update-142/
Allway “Helix” paint mixer - Cool Tool,,tip,painting,Review of Allway Helix paint mixer tool.,high,142,2019-09-26,main,https://youtu.be/VbEiiBM441U,,https://youtube.com/watch?v=OGifVgc2aS4,https://www.makerprojectlab.com/framed-maker-update-142/
Machine shop channels pitched in for #tipblitz19,,tip,event,A multi-contributor tip roundup event (#tipblitz19) featuring several machine shop channels.,low,142,2019-09-26,main,https://www.youtube.com/results?search_query=%23tipblitz19,,https://youtube.com/watch?v=OGifVgc2aS4,https://www.makerprojectlab.com/framed-maker-update-142/
Hakko Soldering Tip Caddy,stickyfox,tip,soldering; electronics; organization,Organizer caddy for soldering iron tips.,high,142,2019-09-26,main,https://www.thingiverse.com/thing:3806519,,https://youtube.com/watch?v=OGifVgc2aS4,https://www.makerprojectlab.com/framed-maker-update-142/
Driving A Tiny RC Car Over The Internet Using ESP8266,Surrogate.Tv,project,esp8266; iot; robotics; rc-car; internet-connected,Remote-controlled car operated over internet via ESP8266.,high,141,2019-09-19,main,https://makezine.com/2019/09/12/driving-a-tiny-rc-car-over-the-internet-using-esp8266/,,https://youtube.com/watch?v=gL586jr_yiE,https://www.makerprojectlab.com/internet-of-tiny-cars-maker-update-141/
Drive the cars online,,project,,Online interface for driving remote-controlled cars.,low,141,2019-09-19,main,https://www.surrogate.tv/game/racerealcars143,,https://youtube.com/watch?v=gL586jr_yiE,https://www.makerprojectlab.com/internet-of-tiny-cars-maker-update-141/
Servo Motor Artwork,Doug Domke,project,,Kinetic art installation using servo motors.,low,141,2019-09-19,main,https://create.arduino.cc/projecthub/doug-domke/servo-motor-artwork-79e2d3,,https://youtube.com/watch?v=gL586jr_yiE,https://www.makerprojectlab.com/internet-of-tiny-cars-maker-update-141/
Putting The Pieces Back Together Again,Ralf Baecker,project,,Kinetic art installation reassembling fragmented objects.,low,141,2019-09-19,main,https://www.creativeapplications.net/robotics/putting-the-pieces-back-together-again-the-order-of-chaos/,,https://youtube.com/watch?v=gL586jr_yiE,https://www.makerprojectlab.com/internet-of-tiny-cars-maker-update-141/
WiFi Impressionist – City as an electromagnetic landscape,Richard Vijgen,project,art; wifi; data-visualization; interactive; sculpture,WiFi signal visualization as electromagnetic landscape artwork.,high,141,2019-09-19,main,https://www.creativeapplications.net/environment/wifi-impressionist-city-as-an-electromagnetic-landscape/,,https://youtube.com/watch?v=gL586jr_yiE,https://www.makerprojectlab.com/internet-of-tiny-cars-maker-update-141/
http://www.wifiimpressionist.com/,,project,,Website for WiFi Impressionist art project.,low,141,2019-09-19,main,http://www.wifiimpressionist.com/,,https://youtube.com/watch?v=gL586jr_yiE,https://www.makerprojectlab.com/internet-of-tiny-cars-maker-update-141/
Funkgeist,bobtato,project,3d-printing,Funkgeist (Thingiverse),low,141,2019-09-19,main,https://www.thingiverse.com/thing:570654,,https://youtube.com/watch?v=gL586jr_yiE,https://www.makerprojectlab.com/internet-of-tiny-cars-maker-update-141/
https://www.youtube.com/watch?v=QAS_xohexmk,,project,,YouTube video link.,low,141,2019-09-19,main,https://www.youtube.com/watch?v=QAS_xohexmk,,https://youtube.com/watch?v=gL586jr_yiE,https://www.makerprojectlab.com/internet-of-tiny-cars-maker-update-141/
Building Freeform w/ Mohit Bhoite,,tip,soldering; electronics; freeform-soldering,Tutorial on freeform soldering technique with Mohit Bhoite.,high,141,2019-09-19,main,https://vimeo.com/354276626,,https://youtube.com/watch?v=gL586jr_yiE,https://www.makerprojectlab.com/internet-of-tiny-cars-maker-update-141/
Getting Started in Woodworking | 5 Things You Need,Make Something,tip,woodworking; beginner-guide; diy,Essential tools and getting started guide for woodworking.,high,141,2019-09-19,main,https://youtu.be/b5srGLxUiMQ,,https://youtube.com/watch?v=gL586jr_yiE,https://www.makerprojectlab.com/internet-of-tiny-cars-maker-update-141/
Mashing Up Toy Hacking and Microcontrollers,colleengraves,tip,circuit-bending; toy; electronics; microcontroller,Combining toy hacking with microcontroller programming.,high,141,2019-09-19,main,https://www.instructables.com/id/Mashing-Up-Toy-Hacking-and-Microcontrollers/,,https://youtube.com/watch?v=gL586jr_yiE,https://www.makerprojectlab.com/internet-of-tiny-cars-maker-update-141/
The Impact Armor costume,Punished Props,project,cosplay; armor; props,An Impact Armor cosplay build by Punished Props.,high,140,2019-09-12,main,https://www.youtube.com/watch?v=GKDE8E0Q0BA,,https://youtube.com/watch?v=GKDE8E0Q0BA,https://www.makerprojectlab.com/making-an-impact-maker-update-140/
RFID ring,Becky Stern,project,wearables; rfid; electronics,RFID-enabled wearable ring.,high,140,2019-09-12,main,https://www.youtube.com/watch?v=mmIDlaN9sc0,,https://youtube.com/watch?v=GKDE8E0Q0BA,https://www.makerprojectlab.com/making-an-impact-maker-update-140/
How to Make a Custom Car Badge (with a secret),I Like to Make Stuff,project,,Custom car badge with hidden functional element.,low,140,2019-09-12,main,https://iliketomakestuff.com/how-to-make-a-custom-car-badge-with-a-secret/,,https://youtube.com/watch?v=GKDE8E0Q0BA,https://www.makerprojectlab.com/making-an-impact-maker-update-140/
How to Make a Stool // 2 Different Methods,Get Hands Dirty,project,wood; woodworking; furniture; diy,Two woodworking methods for building a stool.,high,140,2019-09-12,main,https://www.youtube.com/watch?v=glTpDDa-wOg,,https://youtube.com/watch?v=GKDE8E0Q0BA,https://www.makerprojectlab.com/making-an-impact-maker-update-140/
PCB - 3D Startrek Enterprise,bobricius on Hackaday,project,pcb-art; electronics; star-trek; nerdy-crafts,3D Star Trek Enterprise shaped PCB circuit board.,high,140,2019-09-12,main,https://hackaday.io/project/162654-pcb-3d-startrek-enterprise,,https://youtube.com/watch?v=GKDE8E0Q0BA,https://www.makerprojectlab.com/making-an-impact-maker-update-140/
3D Printing a Liquor Cabinet | 3D PRINTED FURNITURE EP 1,Homemade Modern,project,3d-printing; pla; furniture; home-decor,Building a liquor storage cabinet using 3D printing.,high,140,2019-09-12,main,https://www.youtube.com/watch?v=gT41mq0aSxA,,https://youtube.com/watch?v=GKDE8E0Q0BA,https://www.makerprojectlab.com/making-an-impact-maker-update-140/
Automatic 3D Print Removal using G-Code,Make Anything,tip,3d-printing; gcode; automation,"A G-code technique for automatically ejecting finished 3D prints, by Make Anything.",high,140,2019-09-12,main,https://www.youtube.com/watch?v=avlengYsJdw,,https://youtube.com/watch?v=GKDE8E0Q0BA,https://www.makerprojectlab.com/making-an-impact-maker-update-140/
"Milling styrene, solving mechanical problems first,  (for Starlord Walkman)",Adam Savage,tip,cnc; milling; props; mechanical-design; diy,Milling styrofoam for prop construction (Starlord Walkman).,high,140,2019-09-12,main,https://www.youtube.com/watch?v=vqqEFEgx-ZI,,https://youtube.com/watch?v=GKDE8E0Q0BA,https://www.makerprojectlab.com/making-an-impact-maker-update-140/
Achieve true 3D printing with non planar slicing,Teaching Tech,tip,3d-printing; advanced-techniques; software; slicing,Non-planar layer slicing for more complex 3D prints.,high,140,2019-09-12,main,https://www.youtube.com/watch?v=gmePlcU0TRw,,https://youtube.com/watch?v=GKDE8E0Q0BA,https://www.makerprojectlab.com/making-an-impact-maker-update-140/
Making Plywood Patterns,Michael Alm,tip,woodworking; plywood; bent-lamination,A plywood bent-lamination patterning technique by woodworker Michael Alm.,high,140,2019-09-12,main,https://www.youtube.com/watch?v=XjxfVR2K_Ew,,https://youtube.com/watch?v=GKDE8E0Q0BA,https://www.makerprojectlab.com/making-an-impact-maker-update-140/
FS-Touch Bed Levelling Tool,Antzy Carmasaic,tip,diy; 3d-printing,FS-Touch Bed Levelling Tool,low,140,2019-09-12,main,https://www.instructables.com/id/FS-Touch-Bed-Levelling-Tool/,,https://youtube.com/watch?v=GKDE8E0Q0BA,https://www.makerprojectlab.com/making-an-impact-maker-update-140/
Best Helping Hands Tool - Cool Tools with Donald Bell and Becky Stern,,tip,soldering; electronics,Review of helping hands soldering tool.,high,140,2019-09-12,main,https://www.youtube.com/watch?v=IeBBoXdueyU,,https://youtube.com/watch?v=GKDE8E0Q0BA,https://www.makerprojectlab.com/making-an-impact-maker-update-140/
Best Best Push Stick Ever - Adjustable Fancy Tail Stock :),April Wilkerson,tip,woodworking; safety; table-saw,Adjustable push stick for table saw safety.,high,140,2019-09-12,main,https://www.youtube.com/watch?v=bJM1FFOiQ_M,,https://youtube.com/watch?v=GKDE8E0Q0BA,https://www.makerprojectlab.com/making-an-impact-maker-update-140/
SpaceX Helmet,Ruiz Brothers,project,adafruit; wearables; led; cosplay; space-themed,LED-equipped SpaceX helmet with Adafruit components.,high,139,2019-09-05,adafruit,https://learn.adafruit.com/spacex-helmet,,https://youtube.com/watch?v=e0nlHFemk2I,https://www.makerprojectlab.com/visors-down-maker-update-139/
Anatomical 3D Printed Beating Heart with MakeCode,Dano Wall,project,3d-printing; makecode; interactive; anatomical; heart,3D-printed beating heart animation using MakeCode.,high,139,2019-09-05,adafruit,https://learn.adafruit.com/anatomical-3d-printed-beating-heart-with-makecode,,https://youtube.com/watch?v=e0nlHFemk2I,https://www.makerprojectlab.com/visors-down-maker-update-139/
Cranky Adabot Solder Dispenser,Ruiz Brothers,project,3d-printing; adafruit; pla; soldering,Hand-cranked 3D printed solder dispenser with print-in-place crank design.,high,139,2019-09-05,adafruit,https://learn.adafruit.com/cranky-adabot-solder-dispenser,,https://youtube.com/watch?v=e0nlHFemk2I,https://www.makerprojectlab.com/visors-down-maker-update-139/
Disco Band Camp Jacket,Amelia T,project,wearables; neopixel; led; costume; adafruit,LED-equipped disco jacket for band camp.,high,139,2019-09-05,adafruit,https://learn.adafruit.com/Disco-Band-Camp-Jacket,,https://youtube.com/watch?v=e0nlHFemk2I,https://www.makerprojectlab.com/visors-down-maker-update-139/
"Explore Magic Cap, a smartphone OS from a decade before the iPhone",,tip,retro-tech; software; history; phone,Retrospective on Magic Cap smartphone OS from pre-iPhone era.,high,139,2019-09-05,adafruit,https://learn.adafruit.com/magic-cap-the-smartphone-os-from-the-90s?view=all,,https://youtube.com/watch?v=e0nlHFemk2I,https://www.makerprojectlab.com/visors-down-maker-update-139/
CircuitPython snakes its way to Micro Center!,,tip,circuitpython; adafruit; retail; programming,CircuitPython now available at Micro Center stores.,high,139,2019-09-05,adafruit,https://blog.adafruit.com/2019/08/24/circuitpython-snakes-its-way-to-micro-center-microcenter-adafruitcircuitpython-circuitpython/,,https://youtube.com/watch?v=e0nlHFemk2I,https://www.makerprojectlab.com/visors-down-maker-update-139/
Getting Started with Braille Output for CircuitPython REPL,Isaac Wellish,tip,circuitpython; accessibility; braille; adafruit; electronics,Tutorial for Braille output with CircuitPython REPL.,high,139,2019-09-05,adafruit,https://learn.adafruit.com/getting-started-braille-output-circuitpython-repl,,https://youtube.com/watch?v=e0nlHFemk2I,https://www.makerprojectlab.com/visors-down-maker-update-139/
"Meet Device Simulator Express, a Microsoft Garage project, built","Garage interns that makes it easier to program the Adafruit Circuit Playground Express in Python / CircuitPython, with or without a physical device!",tip,3d-printing; adafruit; circuitpython; electronics; plastic; programming; wearables,"Meet Device Simulator Express, a Microsoft Garage project, built.",low,139,2019-09-05,adafruit,https://blog.adafruit.com/2019/08/29/meet-device-simulator-express-pythonsim-a-msftgarage-project-built-by-garage-interns-that-makes-it-easier-to-program-the-adafruit-circuit-playground-express-in-python-with-or-without-a-physica/,,https://youtube.com/watch?v=e0nlHFemk2I,https://www.makerprojectlab.com/visors-down-maker-update-139/
First Look at the BrainCraft HAT for Raspberry Pi and single board Linux computers,,tip,raspberry-pi; ai; machine-learning; hardware; adafruit,First look at BrainCraft HAT for machine learning on Pi.,high,139,2019-09-05,adafruit,https://blog.adafruit.com/2019/08/24/first-look-at-the-braincraft-hat-for-raspberry-pi-and-single-board-linux-computers-adafruit-raspberry_pi-tensorflow-machinelearning-tinyml-raspberrypi/,,https://youtube.com/watch?v=e0nlHFemk2I,https://www.makerprojectlab.com/visors-down-maker-update-139/
BrainCraft HAT video overview,,tip,braincraft; overview; wearables,BrainCraft HAT video overview.,low,139,2019-09-05,adafruit,https://youtu.be/N9qMeJ-CB1Y,,https://youtube.com/watch?v=e0nlHFemk2I,https://www.makerprojectlab.com/visors-down-maker-update-139/
Tiny Autostereogram Construction Kit,Dan Cogliano,project,3d-printing; adafruit; electronics; epaper,Generates 3D autostereograms viewable without glasses using ePaper display.,high,139,2019-09-05,adafruit,https://learn.adafruit.com/tiny-autostereogram-construction-kit,,https://youtube.com/watch?v=e0nlHFemk2I,https://www.makerprojectlab.com/visors-down-maker-update-139/
Improve Your Code with Pylint,Kattni Rembor,project,python; programming; code-quality,Guide to using Pylint for Python code quality improvement.,high,139,2019-09-05,adafruit,https://learn.adafruit.com/improve-your-code-with-pylint,,https://youtube.com/watch?v=e0nlHFemk2I,https://www.makerprojectlab.com/visors-down-maker-update-139/
Go Fishing with Rotary Encoders,John Park,project,rotary-encoder; electronics; adafruit; game; interactive,Interactive fishing game using rotary encoders.,high,139,2019-09-05,adafruit,https://learn.adafruit.com/gone-fishing-game,,https://youtube.com/watch?v=e0nlHFemk2I,https://www.makerprojectlab.com/visors-down-maker-update-139/
How googly eyes solved one of today’s trickiest user acceptance issues,,project,adafruit; eyes; googly; robotics; solved; today; trickiest,How googly eyes solved one of today’s trickiest user acceptance issues.,low,139,2019-09-05,adafruit,https://blog.adafruit.com/2019/08/30/how-googly-eyes-solved-one-of-todays-trickiest-user-acceptance-issues-robots-robotics-fastcompany/,,https://youtube.com/watch?v=e0nlHFemk2I,https://www.makerprojectlab.com/visors-down-maker-update-139/
Plantagotchi: PyBadge Plant Monitor,John Park,project,adafruit; pybadge; iot; gardening; sensor,Plant monitoring device using Adafruit PyBadge.,high,139,2019-09-05,adafruit,https://learn.adafruit.com/plantagotchi-pybadge-plant-monitor,,https://youtube.com/watch?v=e0nlHFemk2I,https://www.makerprojectlab.com/visors-down-maker-update-139/
Adafruit MONSTER M4SK,Phillip Burgess,project,adafruit; wearables; electronics; mask; led,Animated LED mask wearable platform.,high,139,2019-09-05,adafruit,https://learn.adafruit.com/adafruit-monster-m4sk-eyes,,https://youtube.com/watch?v=e0nlHFemk2I,https://www.makerprojectlab.com/visors-down-maker-update-139/
CustomEyesation: DIY Monster M4SK Graphics,John Park,project,adafruit; custom-graphics; programming; circuitpython,Custom graphics and animation for Monster M4SK mask.,high,139,2019-09-05,adafruit,https://learn.adafruit.com/customeyesation-diy-monster-m4sk-graphics,,https://youtube.com/watch?v=e0nlHFemk2I,https://www.makerprojectlab.com/visors-down-maker-update-139/
Upright Laser Harp,Jonathan Bumstead,project,laser; music; interactive-art; diy-instrument; sensing,Vertical laser harp musical instrument.,high,138,2019-08-30,main,https://hackaday.io/project/167163-upright-laser-harp,,https://youtube.com/watch?v=FWt6Vi4Htxc,https://www.makerprojectlab.com/lasers-to-11-maker-update-138/
Automatic Kite String Reeler-Inner,Matt Bilsky,project,motors; kite; automation; diy-machine,Motorized kite string reeling system.,high,138,2019-08-30,main,https://mattbilsky.com/mediawiki/index.php?title=Automatic_Kite_String_Reeler-Inner,,https://youtube.com/watch?v=FWt6Vi4Htxc,https://www.makerprojectlab.com/lasers-to-11-maker-update-138/
Arduino Powered Andorian Antenna,r570sv (Rick P),project,arduino; cosplay; wearables; star-trek,Arduino-powered Star Trek Andorian costume antenna.,high,138,2019-08-30,main,https://www.instructables.com/id/Arduino-Powered-Andorian-Antenna/,,https://youtube.com/watch?v=FWt6Vi4Htxc,https://www.makerprojectlab.com/lasers-to-11-maker-update-138/
Wireless Quiz / Game Buzzers,Flute Systems,project,electronics; wireless; game; arduino,Wireless buzzer system for quiz competitions.,high,138,2019-08-30,main,https://flutesystems.blogspot.com/2019/08/wireless-quiz-buzzer.html,https://hackaday.com/2019/08/20/game-on-with-these-open-source-arduino-buzzers/,https://youtube.com/watch?v=FWt6Vi4Htxc,https://www.makerprojectlab.com/lasers-to-11-maker-update-138/
Designing for Burning Man,,tip,event; design; burning-man,Design principles for Burning Man festival creations.,high,138,2019-08-30,main,https://www.core77.com/posts/89912/What-is-it-Like-to-Design-and-Build-Something-for-Burning-Man?utm_source=core77&utm_medium=from_title,,https://youtube.com/watch?v=FWt6Vi4Htxc,https://www.makerprojectlab.com/lasers-to-11-maker-update-138/
https://soundcloud.com/corejr/designing-for-burning-man,,tip,burning; corejr; designing; music; soundcloud,https://soundcloud.com/corejr/designing-for-burning-man.,low,138,2019-08-30,main,https://soundcloud.com/corejr/designing-for-burning-man,,https://youtube.com/watch?v=FWt6Vi4Htxc,https://www.makerprojectlab.com/lasers-to-11-maker-update-138/
Jordan Bunker on Cool Tools Podast,,tip,engineering; fabrication; repair,Jordan Bunker former Make magazine tech editor discusses maker tools and skills.,high,138,2019-08-30,main,https://kk.org/cooltools/jordan-bunker-former-tech-editor-for-make/,,https://youtube.com/watch?v=FWt6Vi4Htxc,https://www.makerprojectlab.com/lasers-to-11-maker-update-138/
CNC Milling Bits,I Like to Make Stuff,tip,cnc; milling,Guide to CNC milling bits and selection.,high,138,2019-08-30,main,https://youtu.be/OLNqaLZT8Mo,,https://youtube.com/watch?v=FWt6Vi4Htxc,https://www.makerprojectlab.com/lasers-to-11-maker-update-138/
LIXIE II For Arduino is Back and Better Than Ever!,,tip,arduino; display; led; nixie-tube-style,Updated LIXIE LED display modules for Arduino projects.,high,138,2019-08-30,main,https://blog.tindie.com/2019/08/lixie-ii-arduino-back/,,https://youtube.com/watch?v=FWt6Vi4Htxc,https://www.makerprojectlab.com/lasers-to-11-maker-update-138/
Printing Color Lithophanes,Thomas Brooks,tip,3d-printing; pla; photography; lithophane; art,3D printing color lithophane photographs.,high,138,2019-08-30,main,https://hackaday.com/2019/08/20/lithophanes-ditch-the-monochrome-with-a-color-layer/,,https://youtube.com/watch?v=FWt6Vi4Htxc,https://www.makerprojectlab.com/lasers-to-11-maker-update-138/
Harry Potter Dueling Wands with Arduino!,Wermy,project,arduino; props; game; interactive; harry-potter,Interactive Harry Potter wand duel game with Arduino.,high,137,2019-08-22,main,https://sudomod.com/harry-potter-wands/,,https://youtube.com/watch?v=Dc161BrbGuE,https://www.makerprojectlab.com/hocus-pocus-maker-update-137/
How to Make a Lighted Marquee Sign,I Like to Make Stuff,project,led; neopixel; wood; home-decor; marquee,DIY illuminated marquee-style sign.,high,137,2019-08-22,main,https://youtu.be/6eydL5MFV2w,,https://youtube.com/watch?v=Dc161BrbGuE,https://www.makerprojectlab.com/hocus-pocus-maker-update-137/
Imagineering In a Box: free instructional video series from Disney and Khan Academy,,tip,education; video; design; disney,Free Disney and Khan Academy course on creative design.,high,137,2019-08-22,main,https://boingboing.net/2019/08/11/glendale-comes-to-you.html,,https://youtube.com/watch?v=Dc161BrbGuE,https://www.makerprojectlab.com/hocus-pocus-maker-update-137/
https://www.khanacademy.org/humanities/hass-storytelling/imagineering-in-a-box,,tip,hass; humanities; khan-academy; storytelling,https://www.khanacademy.org/humanities/hass-storytelling/imagineering-in-a-box.,low,137,2019-08-22,main,https://www.khanacademy.org/humanities/hass-storytelling/imagineering-in-a-box,,https://youtube.com/watch?v=Dc161BrbGuE,https://www.makerprojectlab.com/hocus-pocus-maker-update-137/
Caleb Kraft Recommends Pneumatic Engraver and Vise for Beginners,,tip,engraving; pneumatics; metal; machining,Beginner-friendly pneumatic engraver and vise recommendation.,high,137,2019-08-22,main,https://www.youtube.com/watch?v=UhGxRlbXKkk,,https://youtube.com/watch?v=Dc161BrbGuE,https://www.makerprojectlab.com/hocus-pocus-maker-update-137/
Understanding 1-2-3 Blocks,Bob Clagett,tip,machining; metal; engineering,Guide to 1-2-3 precision blocks for machining.,high,137,2019-08-22,main,https://youtu.be/Qe4lYZptGHY,,https://youtube.com/watch?v=Dc161BrbGuE,https://www.makerprojectlab.com/hocus-pocus-maker-update-137/
Pictures of DEFCON 27,,tip,defcon; hacking; event,Photo collection from DEFCON 27 conference.,high,137,2019-08-22,main,https://blog.adafruit.com/2019/08/15/pictures-of-defcon-27-hacker-summer-camp-badges/,,https://youtube.com/watch?v=Dc161BrbGuE,https://www.makerprojectlab.com/hocus-pocus-maker-update-137/
Badgelife Tracker,Martin Lebel,tip,badgelife; tracker,Badgelife Tracker.,low,137,2019-08-22,main,https://docs.google.com/spreadsheets/d/1AAQhLHpA4vzBJbySKs13kGlBty9BVqNwCylW5Y7qZlc/edit#gid=0,,https://youtube.com/watch?v=Dc161BrbGuE,https://www.makerprojectlab.com/hocus-pocus-maker-update-137/
Harbor Freight Clamp Coupling,Elproducts,tip,clamp; diy-tools,Review of Harbor Freight clamp coupling tool.,high,137,2019-08-22,main,https://www.thingiverse.com/thing:3800334,,https://youtube.com/watch?v=Dc161BrbGuE,https://www.makerprojectlab.com/hocus-pocus-maker-update-137/
Print Shrink Tube Labels With A Cheap Brother Printer,Voltlog,tip,soldering; labeling; diy-tools; electronics,Using Brother printer to create shrink tube labels.,high,137,2019-08-22,main,https://hackaday.com/2019/08/14/print-your-own-heat-shrink-labels-for-factory-chic-wire-naming/,,https://youtube.com/watch?v=Dc161BrbGuE,https://www.makerprojectlab.com/hocus-pocus-maker-update-137/
Graphite Dust as Paint Finish,GRΛFIT and Coregeek Creations,tip,finishing; painting; metal; art,Using graphite dust for metallic paint finishes.,high,137,2019-08-22,main,https://youtu.be/wxVz8t-u9cM,,https://youtube.com/watch?v=Dc161BrbGuE,https://www.makerprojectlab.com/hocus-pocus-maker-update-137/
https://twitter.com/coregeeknet/status/1163509773142130688,,tip,1163509773142130688; coregeeknet; status; twitter,https://twitter.com/coregeeknet/status/1163509773142130688.,low,137,2019-08-22,main,https://twitter.com/coregeeknet/status/1163509773142130688,,https://youtube.com/watch?v=Dc161BrbGuE,https://www.makerprojectlab.com/hocus-pocus-maker-update-137/
Making a Great LED Triangle,Micah Scott (aka Scanlime),project,led; art; neopixel; generative-art; software,LED triangle display with custom animation software.,high,136,2019-08-15,main,https://www.instructables.com/id/Making-a-great-LED-triangle/,,https://youtube.com/watch?v=XnZHSJC6dGg,https://www.makerprojectlab.com/fading-triangles-maker-update-136/
Processing sketches on Github,,project,github; processing; sketches,Processing sketches on Github.,low,136,2019-08-15,main,https://github.com/scanlime/triangle,,https://youtube.com/watch?v=XnZHSJC6dGg,https://www.makerprojectlab.com/fading-triangles-maker-update-136/
Original project notes,,project,notes; original,Original project notes.,low,136,2019-08-15,main,http://www.misc.name/triangle-attractor,,https://youtube.com/watch?v=XnZHSJC6dGg,https://www.makerprojectlab.com/fading-triangles-maker-update-136/
Introduction to LED art with Fadecandy,,project,led; fadecandy; art; tutorial; neopixel,Introductory guide to LED art with Fadecandy controller.,high,136,2019-08-15,main,https://learn.adafruit.com/led-art-with-fadecandy/intro,,https://youtube.com/watch?v=XnZHSJC6dGg,https://www.makerprojectlab.com/fading-triangles-maker-update-136/
Hello Drinkbot!,Rich Gibson,project,automation; beverage; robotics,Hello Drinkbot robotic beverage dispensing project.,high,136,2019-08-15,main,http://hellodrinkbot.com/,,https://youtube.com/watch?v=XnZHSJC6dGg,https://www.makerprojectlab.com/fading-triangles-maker-update-136/
https://www.facebook.com/gigapanner/videos/10155863888510146/,,project,10155863888510146; facebook; gigapanner; video,https://www.facebook.com/gigapanner/videos/10155863888510146/.,low,136,2019-08-15,main,https://www.facebook.com/gigapanner/videos/10155863888510146/,,https://youtube.com/watch?v=XnZHSJC6dGg,https://www.makerprojectlab.com/fading-triangles-maker-update-136/
Metro Mini and BlinkyTiles Combine for a Bit of AI Powered Bling,Stephanie Codes,project,adafruit; ai; neopixel; wearables; machine-learning,AI-powered LED accessory using Metro Mini board.,high,136,2019-08-15,main,https://github.com/traumverloren/blinkytiles-mini-metro,,https://youtube.com/watch?v=XnZHSJC6dGg,https://www.makerprojectlab.com/fading-triangles-maker-update-136/
https://twitter.com/stephaniecodes/status/1159161535220125697?s=20,,project,1159161535220125697; programming; status; stephaniecodes; twitter,https://twitter.com/stephaniecodes/status/1159161535220125697?s=20.,low,136,2019-08-15,main,https://twitter.com/stephaniecodes/status/1159161535220125697?s=20,,https://youtube.com/watch?v=XnZHSJC6dGg,https://www.makerprojectlab.com/fading-triangles-maker-update-136/
https://blog.adafruit.com/2019/08/08/metro-mini-and-blinkytiles-combine-for-a-bit-of-ai-powered-bling-machinelearning-wearables-metromini-tensorflow-tiny-yolo-stephaniecodes/,,project,adafruit; ai; arduino; programming; wearables,https://blog.adafruit.com/2019/08/08/metro-mini-and-blinkytiles-combine-for-a-bit-of-ai-powered-bling-machinelearning-wearables-metromini-tensorflow-tiny-yolo-stephaniecodes/.,low,136,2019-08-15,main,https://blog.adafruit.com/2019/08/08/metro-mini-and-blinkytiles-combine-for-a-bit-of-ai-powered-bling-machinelearning-wearables-metromini-tensorflow-tiny-yolo-stephaniecodes/,,https://youtube.com/watch?v=XnZHSJC6dGg,https://www.makerprojectlab.com/fading-triangles-maker-update-136/
Travel collection on Thingiverse,,tip,3d-printing; collection; thingiverse; travel,Travel collection on Thingiverse.,low,136,2019-08-15,main,https://www.thingiverse.com/hopewithus/collections/travel,,https://youtube.com/watch?v=XnZHSJC6dGg,https://www.makerprojectlab.com/fading-triangles-maker-update-136/
Is the Raspberry Pi 4 really that bad?,Thomas Sanladerer,tip,raspberry-pi; performance; single-board-computer,Performance analysis and review of Raspberry Pi 4.,high,136,2019-08-15,main,https://youtu.be/pOboAW5RqAg,,https://youtube.com/watch?v=XnZHSJC6dGg,https://www.makerprojectlab.com/fading-triangles-maker-update-136/
Take Apart and Rebuild Toys,Colleen and Aaron Graves,tip,circuit-bending; toy; education; reverse-engineering,Toy disassembly and modification learning guide.,high,136,2019-08-15,main,https://www.instructables.com/id/Take-Apart-and-Rebuild-Toys/,,https://youtube.com/watch?v=XnZHSJC6dGg,https://www.makerprojectlab.com/fading-triangles-maker-update-136/
Review: Tub O' Towels,,tip,towels,Review: Tub O' Towels.,low,136,2019-08-15,main,https://youtu.be/gVENlvUyO48,,https://youtube.com/watch?v=XnZHSJC6dGg,https://www.makerprojectlab.com/fading-triangles-maker-update-136/
Cable Robot,Tom,project,cable-robots; cad; robotics; stepper-motors,Three-cable hoisted robot positioning objects with low inertia using stepper control.,high,135,2019-08-08,main,https://hackaday.io/project/166527-cable-robot,https://blog.hackster.io/this-cable-robot-can-move-objects-around-a-large-room-with-ease-bee188566ede,https://youtube.com/watch?v=XIkkkZgbKGM,https://www.makerprojectlab.com/fly-by-maker-update-135/
Laser Cut Crankie (moving Panorama),wolfCatWorkshop,project,laser-cutting; kinetic-art; animation; cardboard,Laser-cut motorized diorama viewer (crankie).,high,135,2019-08-08,main,https://www.instructables.com/id/Laser-Cut-Crankie-moving-Panorama/,,https://youtube.com/watch?v=XIkkkZgbKGM,https://www.makerprojectlab.com/fly-by-maker-update-135/
Build Demolition Man’s verbal morality ticketing machine PJ Evans,,project,props; 3d-printing; movie-inspired; electronics,DIY prop from Demolition Man movie.,high,135,2019-08-08,main,https://www.raspberrypi.org/blog/build-demolition-mans-verbal-morality-ticketing-machine/,,https://youtube.com/watch?v=XIkkkZgbKGM,https://www.makerprojectlab.com/fly-by-maker-update-135/
Hummingbirds,Greg Zumwalt,project,hummingbirds; instructables,Hummingbirds.,low,135,2019-08-08,main,https://www.instructables.com/id/Hummingbirds/,,https://youtube.com/watch?v=XIkkkZgbKGM,https://www.makerprojectlab.com/fly-by-maker-update-135/
A 3D printer that makes parts from wooden sheets,Shane Wighton,project,3d-printing; cnc; wood; woodworking; saw,3D fabrication machine using wooden sheets.,high,135,2019-08-08,main,https://shane.engineer/blog/plywood-3d-printer,,https://youtube.com/watch?v=XIkkkZgbKGM,https://www.makerprojectlab.com/fly-by-maker-update-135/
ZAP Flexy Tips - Jordan Bunker,,tip,bunker; flexy; jordan,ZAP Flexy Tips - Jordan Bunker.,low,135,2019-08-08,main,https://youtu.be/4DAMcFeSAxE,,https://youtube.com/watch?v=XIkkkZgbKGM,https://www.makerprojectlab.com/fly-by-maker-update-135/
3D printed puzzle collection,,tip,documentation; repair; right-to-repair; teardown,Repair guide platform with 750k+ DIY fixes and product teardowns.,high,135,2019-08-08,main,https://www.thingiverse.com/hopewithus/collections/puzzles,,https://youtube.com/watch?v=XIkkkZgbKGM,https://www.makerprojectlab.com/fly-by-maker-update-135/
Revealing the Hidden Beauty of Common Components,Eric Schlaepfer,tip,electronics; photography; teardown; reverse-engineering,Macro photography revealing beauty of electronic components.,high,135,2019-08-08,main,https://spectrum.ieee.org/geek-life/profiles/revealing-the-hidden-beauty-of-common-components,,https://youtube.com/watch?v=XIkkkZgbKGM,https://www.makerprojectlab.com/fly-by-maker-update-135/
PyBadge Case with Flip Out Mic,Ruiz Brothers,project,adafruit; pybadge; wearables; case; audio,Custom PyBadge case with flip-out microphone.,high,134,2019-08-01,adafruit,https://learn.adafruit.com/pybadge-case-with-flip-out-mic,,https://youtube.com/watch?v=xc_inKTITgk,https://www.makerprojectlab.com/flip-out-maker-update-134-adafruit-edition/
TensorFlow Lite for Microcontrollers Kit Quickstart,lady ada,project,tensorflow; machine-learning; adafruit; microcontroller; ai,Getting started guide for TensorFlow Lite on microcontrollers.,high,134,2019-08-01,adafruit,https://learn.adafruit.com/tensorflow-lite-for-microcontrollers-kit-quickstart,,https://youtube.com/watch?v=xc_inKTITgk,https://www.makerprojectlab.com/flip-out-maker-update-134-adafruit-edition/
TRIPLE WORD reconfigurable TensorFlow Lite models!,,project,adafruit; ai; arduino,TRIPLE WORD reconfigurable TensorFlow Lite models!.,low,134,2019-08-01,adafruit,https://blog.adafruit.com/2019/07/19/triple-word-reconfigurable-tensorflow-lite-models-adafruit-tensorflow-tensorflowlite-machinelearning-arduino-microchipmakes/,,https://youtube.com/watch?v=xc_inKTITgk,https://www.makerprojectlab.com/flip-out-maker-update-134-adafruit-edition/
More examples on GitHub,,project,adafruit; examples; github; more,More examples on GitHub.,low,134,2019-08-01,adafruit,https://github.com/adafruit/Adafruit_TFLite_Micro_Speech/tree/master/examples/micro_speech_json,,https://youtube.com/watch?v=xc_inKTITgk,https://www.makerprojectlab.com/flip-out-maker-update-134-adafruit-edition/
Sound Activated Shark Mask,Dano Wall,project,adafruit; wearables; audio; sensor; mask,Audio-reactive shark mask with sound sensing.,high,134,2019-08-01,adafruit,https://learn.adafruit.com/sound-activated-shark-mask,,https://youtube.com/watch?v=xc_inKTITgk,https://www.makerprojectlab.com/flip-out-maker-update-134-adafruit-edition/
NeoTrellis Sound Board,Ruiz Brothers,project,adafruit; neotrellis; music; diy-instrument; led,DIY music sequencer using Adafruit NeoTrellis.,high,134,2019-08-01,adafruit,https://learn.adafruit.com/neotrellis-soundboard,,https://youtube.com/watch?v=xc_inKTITgk,https://www.makerprojectlab.com/flip-out-maker-update-134-adafruit-edition/
Playa Festival Bike,Erin St. Blaine,project,wearables; led; neopixel; vehicles; festival,LED-decorated festival bicycle.,high,134,2019-08-01,adafruit,https://learn.adafruit.com/playa-festival-bike/overview,,https://youtube.com/watch?v=xc_inKTITgk,https://www.makerprojectlab.com/flip-out-maker-update-134-adafruit-edition/
LED dog collar with JavaScript,Stephanie Nemeth,project,wearables; led; javascript; neopixel; pet-accessories,Programmable LED dog collar using JavaScript.,high,134,2019-08-01,adafruit,https://medium.com/@secretsquirrel/i-made-a-led-dog-collar-with-javascript-1c10ff973550,,https://youtube.com/watch?v=xc_inKTITgk,https://www.makerprojectlab.com/flip-out-maker-update-134-adafruit-edition/
Monster Box,mendukt,project,3d-printing; monster,Monster Box.,low,134,2019-08-01,adafruit,https://www.thingiverse.com/thing:3633968,,https://youtube.com/watch?v=xc_inKTITgk,https://www.makerprojectlab.com/flip-out-maker-update-134-adafruit-edition/
New Hallowing Coming Soon,,tip,adafruit; hallowing; wearables; electronics,Announcement of new Hallowing wearable board.,high,134,2019-08-01,adafruit,https://blog.adafruit.com/2019/07/23/100-days-to-halloween-time-to-make-a-hallowing-m4-adafruit-halloween/,,https://youtube.com/watch?v=xc_inKTITgk,https://www.makerprojectlab.com/flip-out-maker-update-134-adafruit-edition/
Coming soon! Circuit Playground Bluefruit - Bluetooth Low Energy,,tip,adafruit; bluetooth; microcontroller; wireless,New Circuit Playground Bluefruit Bluetooth board announcement.,high,134,2019-08-01,adafruit,https://www.adafruit.com/product/4333,,https://youtube.com/watch?v=xc_inKTITgk,https://www.makerprojectlab.com/flip-out-maker-update-134-adafruit-edition/
Low cost accelerometer demo,Lady Ada,tip,adafruit; accelerometer; sensor; electronics; tutorial,Budget-friendly accelerometer sensor demo.,high,134,2019-08-01,adafruit,https://blog.adafruit.com/2019/07/21/trying-out-the-ultra-low-cost-20-cents-msa301-accelerometer-with-the-arduino-plotter-arduino-sparkfun/,,https://youtube.com/watch?v=xc_inKTITgk,https://www.makerprojectlab.com/flip-out-maker-update-134-adafruit-edition/
Adding Neopixels to a Backpack,BlitzCityDIY,tip,neopixel; led; wearables; diy; customization,LED upgrade for backpack.,high,134,2019-08-01,adafruit,https://www.youtube.com/watch?v=Sa4SL32ICHs,,https://youtube.com/watch?v=xc_inKTITgk,https://www.makerprojectlab.com/flip-out-maker-update-134-adafruit-edition/
Morph,Mindbuffer,project,morph,Morph.,low,133,2019-07-25,main,https://mindbuffer.net/morph,,https://youtube.com/watch?v=atOAfMr4Rpg,https://www.makerprojectlab.com/shaken-not-stirred-maker-update-133/
https://www.core77.com/projects/89402/MORPH-Exploring-the-boundary-between-Art-and-Robotics,,project,robotics; kinetic-art; led; interactive; art-installation,MORPH interactive kinetic installation merges robotic engineering with audiovisual art.,high,133,2019-07-25,main,https://www.core77.com/projects/89402/MORPH-Exploring-the-boundary-between-Art-and-Robotics,,https://youtube.com/watch?v=atOAfMr4Rpg,https://www.makerprojectlab.com/shaken-not-stirred-maker-update-133/
Johanna Tano’s wall of TV screens,,project,johanna; screen; tano; wall,Johanna Tano’s wall of TV screens.,low,133,2019-07-25,main,https://www.raspberrypi.org/magpi/tv-wall-controlled-raspberry-pi/,,https://youtube.com/watch?v=atOAfMr4Rpg,https://www.makerprojectlab.com/shaken-not-stirred-maker-update-133/
3D Printed Bowl,gzumwalt,project,3d-printing; pla; home-decor; vessel,3D-printed decorative bowl.,high,133,2019-07-25,main,https://www.instructables.com/id/3D-Printed-Bowl-1/,,https://youtube.com/watch?v=atOAfMr4Rpg,https://www.makerprojectlab.com/shaken-not-stirred-maker-update-133/
Apollo 11 Live on the ESP32,Andrew,project,esp32; retro-tech; history; space; display,Apollo 11 mission data displayed on ESP32.,high,133,2019-07-25,main,https://www.pointandy.com/pointandymake/2019/7/15/apollo-11-live-on-the-esp32,,https://youtube.com/watch?v=atOAfMr4Rpg,https://www.makerprojectlab.com/shaken-not-stirred-maker-update-133/
Apollo 11 mission radio logs on GitHub,,project,apollo; github; logs; mission; radio,Apollo 11 mission radio logs on GitHub.,low,133,2019-07-25,main,https://github.com/clausd/Moon,,https://youtube.com/watch?v=atOAfMr4Rpg,https://www.makerprojectlab.com/shaken-not-stirred-maker-update-133/
Apollo In Real Time web site,,project,apollo; real; site; time,Apollo In Real Time web site.,low,133,2019-07-25,main,https://apolloinrealtime.org/11/,,https://youtube.com/watch?v=atOAfMr4Rpg,https://www.makerprojectlab.com/shaken-not-stirred-maker-update-133/
Snoopy Cap,Monk Aboo,project,snoopy,Snoopy Cap.,low,133,2019-07-25,main,https://youtu.be/uAx4CYQLE2I,,https://youtube.com/watch?v=atOAfMr4Rpg,https://www.makerprojectlab.com/shaken-not-stirred-maker-update-133/
How to Quickly Kerf Bend Plywood and Solid Wood,Make Something,tip,wood; woodworking; plywood; cnc,Quick kerf-bending technique for wood projects.,high,133,2019-07-25,main,https://youtu.be/ngC5S5vWQ4g,,https://youtube.com/watch?v=atOAfMr4Rpg,https://www.makerprojectlab.com/shaken-not-stirred-maker-update-133/
3D Printed Lock Picking Tool,Peterthinks,tip,3d-printing; lock-picking; security,3D-printed lock picking tools.,high,133,2019-07-25,main,https://pinshape.com/items/53687-3d-printed-3d-printed-mini-snap-pick-gun-lockpick,,https://youtube.com/watch?v=atOAfMr4Rpg,https://www.makerprojectlab.com/shaken-not-stirred-maker-update-133/
https://youtu.be/o_lXz6A6MSQ,,tip,o_lxz6a6msq; youtu,https://youtu.be/o_lXz6A6MSQ.,low,133,2019-07-25,main,https://youtu.be/o_lXz6A6MSQ,,https://youtube.com/watch?v=atOAfMr4Rpg,https://www.makerprojectlab.com/shaken-not-stirred-maker-update-133/
Electrician's Scissors,Dominic Morrow (Cool Tools),tip,scissors; utility,Review of specialized electrician's scissors.,high,133,2019-07-25,main,https://youtu.be/lCv6HeGbWoI,,https://youtube.com/watch?v=atOAfMr4Rpg,https://www.makerprojectlab.com/shaken-not-stirred-maker-update-133/
"Technology is Not Magic - bunnie Huang, Bitmark Ambassador #2",,tip,bitmark; bunnie; huang; magic; technology,"Technology is Not Magic - bunnie Huang, Bitmark Ambassador #2.",low,133,2019-07-25,main,https://youtu.be/aFrTJPfM58s,,https://youtube.com/watch?v=atOAfMr4Rpg,https://www.makerprojectlab.com/shaken-not-stirred-maker-update-133/
I Made a Nintendo NES out of Wood,David Picciuto,project,wood; woodworking; retro-gaming; nes; nostalgic,Handcrafted wooden NES game console.,high,132,2019-07-18,main,https://youtu.be/lv4zCOzj_UA,,https://youtube.com/watch?v=G2Khe_QSA30,https://www.makerprojectlab.com/instant-replay-maker-update-132/
Skittle Pixel8r,JohnO3,project,pixel-art; candy; creative; photography,Pixel art created using Skittles candy.,high,132,2019-07-18,main,https://www.instructables.com/id/Skittle-Pixel8r/,,https://youtube.com/watch?v=G2Khe_QSA30,https://www.makerprojectlab.com/instant-replay-maker-update-132/
Photochromic & Glow-in-the-Dark Clock,mosivers,project,led; clock; glow-in-the-dark; photochromic; light-reactive,Clock using photochromic and luminescent materials.,high,132,2019-07-18,main,https://www.instructables.com/id/Photochromic-Glow-in-the-Dark-Clock/,,https://youtube.com/watch?v=G2Khe_QSA30,https://www.makerprojectlab.com/instant-replay-maker-update-132/
How to Make an SLA Finishing Station,I Like to Make Stuff,project,3d-printing; resin; sla; equipment-build,DIY cleaning and finishing station for SLA resin prints.,high,132,2019-07-18,main,https://youtu.be/k0I3ak7KfM0,,https://youtube.com/watch?v=G2Khe_QSA30,https://www.makerprojectlab.com/instant-replay-maker-update-132/
Record the last seven seconds of everything you see,Johan Link,project,everything; last; record; seconds; seven,Record the last seven seconds of everything you see.,low,132,2019-07-18,main,https://www.raspberrypi.org/blog/record-the-last-seven-seconds-of-everything-you-see/,,https://youtube.com/watch?v=G2Khe_QSA30,https://www.makerprojectlab.com/instant-replay-maker-update-132/
https://www.instructables.com/id/Film-in-the-Past/,,project,film; instructables; past,https://www.instructables.com/id/Film-in-the-Past/.,low,132,2019-07-18,main,https://www.instructables.com/id/Film-in-the-Past/,,https://youtube.com/watch?v=G2Khe_QSA30,https://www.makerprojectlab.com/instant-replay-maker-update-132/
DiResta Welding Tips,,tip,diresta; welding,DiResta Welding Tips.,low,132,2019-07-18,main,https://youtu.be/OPeJGUPoCZ8,,https://youtube.com/watch?v=G2Khe_QSA30,https://www.makerprojectlab.com/instant-replay-maker-update-132/
A look back at 10 years of BeetleCam,,tip,back; beetlecam; look; years,A look back at 10 years of BeetleCam.,low,132,2019-07-18,main,http://blog.burrard-lucas.com/2019/07/beetlecam/,,https://youtube.com/watch?v=G2Khe_QSA30,https://www.makerprojectlab.com/instant-replay-maker-update-132/
Long Reach Permanent Marker via Jordan Bunker,,tip,markers; art-supplies,Review of long-reach permanent marker pen.,high,132,2019-07-18,main,https://youtu.be/jd9Qq-aBts0,,https://youtube.com/watch?v=G2Khe_QSA30,https://www.makerprojectlab.com/instant-replay-maker-update-132/
Cocktail Robotics Grand Challenge this Sunday 7/21,,tip,event; robotics; competition,Upcoming robotics cocktail-making competition event.,high,132,2019-07-18,main,https://www.dnalounge.com/calendar/2019/07-21.html,,https://youtube.com/watch?v=G2Khe_QSA30,https://www.makerprojectlab.com/instant-replay-maker-update-132/
Air Quality Sensor: Concept to Production,JON-A-TRON,project,iot; sensor; air-quality; arduino; esp8266; production,Complete air quality sensor project from concept to product.,high,131,2019-07-11,main,https://www.instructables.com/id/Air-Quality-Sensor-Concept-to-Production/,,https://youtube.com/watch?v=XDYP2cVj5aE,https://www.makerprojectlab.com/something-in-the-air-maker-update-131/
How to Make a Motorized Drill Press Table Lift!,David Picciuto,project,motorized; drill-press; metalworking; automation,Motorized lift for drill press table.,high,131,2019-07-11,main,https://youtu.be/x8-02NrpdV0,,https://youtube.com/watch?v=XDYP2cVj5aE,https://www.makerprojectlab.com/something-in-the-air-maker-update-131/
Halo,Semiconductor,project,halo,Halo.,low,131,2019-07-11,main,https://www.creativeapplications.net/maxmsp/halo-science-of-nature-through-the-eyes-and-ears-of-a-technological-sublime/,,https://youtube.com/watch?v=XDYP2cVj5aE,https://www.makerprojectlab.com/something-in-the-air-maker-update-131/
Back to the future mind reading helmet,Marcin Poblocki,project,bci; arduino; wearables; props; back-to-the-future,Mind-reading helmet based on Back to the Future.,high,131,2019-07-11,main,https://www.thingiverse.com/thing:3452863,,https://youtube.com/watch?v=XDYP2cVj5aE,https://www.makerprojectlab.com/something-in-the-air-maker-update-131/
How to Build Your Own Bluetooth Billy Bass,Donald Bell,project,bluetooth; animatronics; electronics; arduino,DIY Bluetooth-controlled animatronic Billy Bass toy.,high,131,2019-07-11,main,https://www.youtube.com/watch?v=RTwhn8-zvr8,,https://youtube.com/watch?v=XDYP2cVj5aE,https://www.makerprojectlab.com/something-in-the-air-maker-update-131/
Experiments in Black & White Television,Josh Ellingson,tip,black; experiments; television; white,Experiments in Black & White Television.,low,131,2019-07-11,main,http://ellingson.cc/news/2019/6/23/experiments-in-black-amp-white-television,,https://youtube.com/watch?v=XDYP2cVj5aE,https://www.makerprojectlab.com/something-in-the-air-maker-update-131/
Best Entry Level Embroidery Machine,,tip,embroidery; sewing,Recommended beginner embroidery machine.,high,131,2019-07-11,main,https://youtu.be/qxEEbCfmzJw,,https://youtube.com/watch?v=XDYP2cVj5aE,https://www.makerprojectlab.com/something-in-the-air-maker-update-131/
DC Motor Speed Controller,,tip,motors; electronics; control-circuits; arduino,DIY DC motor speed controller circuit.,high,131,2019-07-11,main,https://www.amazon.com/gp/product/B07HF5P4KF/,,https://youtube.com/watch?v=XDYP2cVj5aE,https://www.makerprojectlab.com/something-in-the-air-maker-update-131/
Servo Socks on Indiegogo,,tip,indiegogo; robotics; servo; socks,Servo Socks on Indiegogo.,low,131,2019-07-11,main,https://www.indiegogo.com/projects/servo-socks-make-stuff-move#/,,https://youtube.com/watch?v=XDYP2cVj5aE,https://www.makerprojectlab.com/something-in-the-air-maker-update-131/
FAUX NEON: BUILDING A FIXTURE FOR EL WIRE,,tip,el-wire; lighting; neon-substitute; diy,DIY fixture for EL wire faux neon effect.,high,131,2019-07-11,main,http://roboticarts.zoness.com/2019/06/08/faux-neon-building-a-fixture-for-el-wire/,,https://youtube.com/watch?v=XDYP2cVj5aE,https://www.makerprojectlab.com/something-in-the-air-maker-update-131/
3D Printing on Diffraction Grating Sheets by Ruiz Bros. (inspired,David Shorey),tip,3d-printing; adafruit; diffraction; grating; printing; ruiz; sheets,3D Printing on Diffraction Grating Sheets by Ruiz Bros. (inspired.,low,131,2019-07-11,main,https://learn.adafruit.com/3d-printing-on-diffraction-grating-sheets,,https://youtube.com/watch?v=XDYP2cVj5aE,https://www.makerprojectlab.com/something-in-the-air-maker-update-131/
Light Up Prop with Prop-Maker,Ruiz Brothers,project,adafruit; props; led; neopixel; electronics,LED-equipped prop using Adafruit Prop-Maker board.,high,130,2019-07-04,adafruit,https://learn.adafruit.com/prop-maker-light-wand,,https://youtube.com/watch?v=Upn0-oVAF6Y,https://www.makerprojectlab.com/infinite-keanu-maker-update-130-adafruit-edition/
Previous Lightsaber project,Ruiz Bros.,project,adafruit; lightsaber; previous,Previous Lightsaber project.,low,130,2019-07-04,adafruit,https://learn.adafruit.com/lightsaber-featherwing,,https://youtube.com/watch?v=Upn0-oVAF6Y,https://www.makerprojectlab.com/infinite-keanu-maker-update-130-adafruit-edition/
PyGamer Keanu Reeves GIF Player,John Park,project,adafruit; pygamer; video; portable; pixel-art,Portable GIF player running Keanu Reeves animations.,high,130,2019-07-04,adafruit,https://twitter.com/johnedgarpark/status/1145493707644264448,,https://youtube.com/watch?v=Upn0-oVAF6Y,https://www.makerprojectlab.com/infinite-keanu-maker-update-130-adafruit-edition/
Based on Arcada Animated GIF Display,Lady Ada,project,adafruit; arcada; display; gif; hardware,Animated GIF display platform using Adafruit Arcada.,high,130,2019-07-04,adafruit,https://learn.adafruit.com/pyportal-animated-gif-display,,https://youtube.com/watch?v=Upn0-oVAF6Y,https://www.makerprojectlab.com/infinite-keanu-maker-update-130-adafruit-edition/
Bringing Back THE VOICE of Speak & Spell,Phillip Burgess,project,retro-tech; speak-spell; sound; nostalgic; electronics,Restoring audio synthesis for classic Speak & Spell toy.,high,130,2019-07-04,adafruit,https://learn.adafruit.com/bringing-back-the-voice-of-speak-spell,,https://youtube.com/watch?v=Upn0-oVAF6Y,https://www.makerprojectlab.com/infinite-keanu-maker-update-130-adafruit-edition/
Trash Panda 2: Garbage Day,John Park,project,adafruit; garbage; panda; trash,Trash Panda 2: Garbage Day.,low,130,2019-07-04,adafruit,https://learn.adafruit.com/trash-panda-2-dumpster-dive,,https://youtube.com/watch?v=Upn0-oVAF6Y,https://www.makerprojectlab.com/infinite-keanu-maker-update-130-adafruit-edition/
Tilt Controlled Marble Maze,Dano Wall,project,adafruit; interactive-game; marble-maze; motion-control,Tilt-controlled marble maze game using Adafruit board.,high,130,2019-07-04,adafruit,https://learn.adafruit.com/tilt-controlled-marble-maze,,https://youtube.com/watch?v=Upn0-oVAF6Y,https://www.makerprojectlab.com/infinite-keanu-maker-update-130-adafruit-edition/
Tiny Machine Learning on the Edge with TensorFlow Lite Running on SAMD51,,project,tensorflow; machine-learning; ai; microcontroller; edge-computing,Running TensorFlow Lite models on SAMD51 microcontroller.,high,130,2019-07-04,adafruit,https://blog.adafruit.com/2019/06/24/tiny-machine-learning-on-the-edge-with-tensorflow-lite-running-on-samd51-arduino-tensorflow-tinyml-tensorflow/,,https://youtube.com/watch?v=Upn0-oVAF6Y,https://www.makerprojectlab.com/infinite-keanu-maker-update-130-adafruit-edition/
Superhero Power Gauntlet,Richard Albritton,project,wearables; led; props; cosplay; superhero,Illuminated superhero-themed wearable gauntlet.,high,130,2019-07-04,adafruit,https://learn.adafruit.com/superhero-power-gauntlet,https://www.youtube.com/watch?v=QfgkRSK7YKQ,https://youtube.com/watch?v=Upn0-oVAF6Y,https://www.makerprojectlab.com/infinite-keanu-maker-update-130-adafruit-edition/
PyBadge GamePad,Ruiz Brothers,tip,adafruit; pybadge; gamepad; input-device,GamePad interface for Adafruit PyBadge board.,high,130,2019-07-04,adafruit,https://learn.adafruit.com/pybadge-gamepad,,https://youtube.com/watch?v=Upn0-oVAF6Y,https://www.makerprojectlab.com/infinite-keanu-maker-update-130-adafruit-edition/
Adding Cursor Support to CircuitPython,,tip,circuitpython; programming; software; adafruit,Implementing cursor support in CircuitPython.,high,130,2019-07-04,adafruit,https://learn.adafruit.com/cursor-for-circuitpython/,,https://youtube.com/watch?v=Upn0-oVAF6Y,https://www.makerprojectlab.com/infinite-keanu-maker-update-130-adafruit-edition/
USB HID Crank Controller,Ruiz Brothers,tip,usb; hid; controller; adafruit; input-device,USB crank controller device for computer interaction.,high,130,2019-07-04,adafruit,https://learn.adafruit.com/usb-hid-crank-controller,,https://youtube.com/watch?v=Upn0-oVAF6Y,https://www.makerprojectlab.com/infinite-keanu-maker-update-130-adafruit-edition/
Feather takes flight at Seeed Studio with the Grove Shield for Particle Mesh,,tip,adafruit; feather; grove; wireless; iot,Grove ecosystem compatibility for Adafruit Feather boards.,high,130,2019-07-04,adafruit,https://blog.adafruit.com/2019/06/27/feather-takes-flight-at-seeed-studio-with-the-grove-shield-for-particle-mesh-seeedstudio-particle-adafruit-feather/,,https://youtube.com/watch?v=Upn0-oVAF6Y,https://www.makerprojectlab.com/infinite-keanu-maker-update-130-adafruit-edition/
Playback your favourite records with Plynth,Jono Matusky,project,turntable; record-player; electronics; audio; diy,DIY record player/turntable project.,high,129,2019-06-20,main,https://www.raspberrypi.org/blog/playback-your-favourite-records-with-plynth/,,https://youtube.com/watch?v=Te03lRpQ7LE,https://www.makerprojectlab.com/for-the-record-maker-update-129/
How to Make Axe Throwing For Kids,I Like to Make Stuff,project,wood; toy; game; safety; woodworking,DIY axe throwing game for kids.,high,129,2019-06-20,main,https://www.youtube.com/watch?v=br2Q9gs0p-Y,,https://youtube.com/watch?v=Te03lRpQ7LE,https://www.makerprojectlab.com/for-the-record-maker-update-129/
Perpetual Motion Da Vinci Style IV,gzumwalt,project,perpetual-motion; sculpture; mechanical-design; gravity,Gravity-powered kinetic sculpture (Da Vinci style part IV).,high,129,2019-06-20,main,https://www.instructables.com/id/Perpetual-Motion-Da-Vinci-Style-IV/,,https://youtube.com/watch?v=Te03lRpQ7LE,https://www.makerprojectlab.com/for-the-record-maker-update-129/
Fully automatic cat feeder,Der_Stihl,project,automation; pets; electronics; arduino; motorized,Automated cat food dispenser device.,high,129,2019-06-20,main,https://www.thingiverse.com/thing:3623148,,https://youtube.com/watch?v=Te03lRpQ7LE,https://www.makerprojectlab.com/for-the-record-maker-update-129/
BIY™ (Believe it Yourself) – Real-fictional belief-based computing kits,Automato,tip,belief; believe; fictional; programming; real; yourself,BIY™ (Believe it Yourself) – Real-fictional belief-based computing kits.,low,129,2019-06-20,main,https://www.creativeapplications.net/scripts/biy-believe-it-yourself-real-fictional-belief-based-computing-kits-by-automato/,,https://youtube.com/watch?v=Te03lRpQ7LE,https://www.makerprojectlab.com/for-the-record-maker-update-129/
http://automato.farm/portfolio/believe_it_yourself/,,tip,automato; believe_it_yourself; farm; portfolio,http://automato.farm/portfolio/believe_it_yourself/.,low,129,2019-06-20,main,http://automato.farm/portfolio/believe_it_yourself/,,https://youtube.com/watch?v=Te03lRpQ7LE,https://www.makerprojectlab.com/for-the-record-maker-update-129/
Guide to Building 18650 Packs,,tip,battery; electronics; 18650; power-management,Guide to assembling lithium battery packs from 18650 cells.,high,129,2019-06-20,main,https://hackaday.com/2019/06/12/an-exhaustive-guide-to-building-18650-packs/,,https://youtube.com/watch?v=Te03lRpQ7LE,https://www.makerprojectlab.com/for-the-record-maker-update-129/
https://www.adambender.info/post/lithium-battery-part-1-of-2,,tip,adambender; info; lithium; post,https://www.adambender.info/post/lithium-battery-part-1-of-2.,low,129,2019-06-20,main,https://www.adambender.info/post/lithium-battery-part-1-of-2,,https://youtube.com/watch?v=Te03lRpQ7LE,https://www.makerprojectlab.com/for-the-record-maker-update-129/
Wire Stripper Shootout,,tip,wire-strippers; electronics,Comparison review of wire stripper tools.,high,129,2019-06-20,main,https://youtu.be/5FcCeBGYOGo,,https://youtube.com/watch?v=Te03lRpQ7LE,https://www.makerprojectlab.com/for-the-record-maker-update-129/
Motion Tracking Face,alynton,project,face; instructables; kinetic-art; motion; tracking,Motion Tracking Face.,low,128,2019-06-13,main,https://www.instructables.com/id/Motion-Tracking-Face/,,https://youtube.com/watch?v=Z1FAlenQMJw,https://www.makerprojectlab.com/end-of-an-era-maker-update-128/
Albert at Exploratorium,,project,albert; exploratorium,Albert at Exploratorium.,low,128,2019-06-13,main,https://www.exploratorium.edu/exhibits/albert,,https://youtube.com/watch?v=Z1FAlenQMJw,https://www.makerprojectlab.com/end-of-an-era-maker-update-128/
Prism Holder for Rainbow Portraits,bekathwia,project,photography; optics; prism; 3d-printing; art,3D-printed prism holder for rainbow portrait photography.,high,128,2019-06-13,main,https://www.instructables.com/id/Prism-Holder-for-Rainbow-Portraits/,,https://youtube.com/watch?v=Z1FAlenQMJw,https://www.makerprojectlab.com/end-of-an-era-maker-update-128/
Robot Slow Dance,Dietrich Squinkifer,project,dance; robot; robotics; slow,Robot Slow Dance.,low,128,2019-06-13,main,https://squinky.me/2019/03/14/robot-slow-dance/,,https://youtube.com/watch?v=Z1FAlenQMJw,https://www.makerprojectlab.com/end-of-an-era-maker-update-128/
Perpetual Motion Da Vinci Style II,,project,kinetic-art; perpetual-motion; sculpture; mechanical-design,Gravity-powered kinetic sculpture (Da Vinci style part II).,high,128,2019-06-13,main,https://www.instructables.com/id/Perpetual-Motion-Davinci-Style-II/,,https://youtube.com/watch?v=Z1FAlenQMJw,https://www.makerprojectlab.com/end-of-an-era-maker-update-128/
Perpetual Motion Da Vinci Style III,gzumwalt,project,kinetic-art; perpetual-motion; sculpture; mechanical-design,Gravity-powered kinetic sculpture (Da Vinci style part III).,high,128,2019-06-13,main,https://www.instructables.com/id/Perpetual-Motion-Da-Vinci-Style-III/,,https://youtube.com/watch?v=Z1FAlenQMJw,https://www.makerprojectlab.com/end-of-an-era-maker-update-128/
Movie Tracker - Raspberry Pi Powered Theatrical Release Tracker,gocivici,project,raspberry-pi; software; web; movie-database; iot,Movie release tracking system using Raspberry Pi.,high,128,2019-06-13,main,https://www.instructables.com/id/Movie-Tracker-Raspberry-Pi-Powered-Theatrical-Rele/,,https://youtube.com/watch?v=Z1FAlenQMJw,https://www.makerprojectlab.com/end-of-an-era-maker-update-128/
Shop Tips: Know Your Screw Threads,,tip,fasteners; metalworking,Guide to screw thread types and specifications.,high,128,2019-06-13,main,https://www.tested.com/art/makers/877216-shop-tips-know-your-screw-threads/,,https://youtube.com/watch?v=Z1FAlenQMJw,https://www.makerprojectlab.com/end-of-an-era-maker-update-128/
Wind,Sean Hodgins,tip,adafruit; instructables; wind,Wind.,low,128,2019-06-13,main,https://www.instructables.com/id/WIND-Project-Accelerator-for-the-Adafruit-Feather/,,https://youtube.com/watch?v=Z1FAlenQMJw,https://www.makerprojectlab.com/end-of-an-era-maker-update-128/
Best Rotary Tool Metal Cutter,Mike Warren,tip,rotary-tools; cutting; metalworking,Best metal cutting bit for rotary tools review.,high,128,2019-06-13,main,https://youtu.be/0AHS1V87kns,,https://youtube.com/watch?v=Z1FAlenQMJw,https://www.makerprojectlab.com/end-of-an-era-maker-update-128/
Repurposed Plastic for Project Protection,,tip,3d-printing; plastic; soldering,Repurposed Plastic for Project Protection.,low,128,2019-06-13,main,https://hackaday.com/2019/06/06/repurposed-plastic-protects-pcbs/,,https://youtube.com/watch?v=Z1FAlenQMJw,https://www.makerprojectlab.com/end-of-an-era-maker-update-128/
Solder SMDs With a Pan of Sand,,tip,soldering; electronics; smd,Low-cost soldering method for surface-mount components using sand.,high,128,2019-06-13,main,https://hackaday.com/2019/06/05/solder-smds-with-a-pan-o-sand/,,https://youtube.com/watch?v=Z1FAlenQMJw,https://www.makerprojectlab.com/end-of-an-era-maker-update-128/
NeoPixel Ring Holder,MatMartigan,tip,3d-printing; neopixel; holder; led; diy-accessory,3D-printed holder for NeoPixel LED rings.,high,128,2019-06-13,main,https://www.thingiverse.com/thing:3598294,,https://youtube.com/watch?v=Z1FAlenQMJw,https://www.makerprojectlab.com/end-of-an-era-maker-update-128/
Print In Place Hinged Crank for Rotary Encoders,Ruiz Bros,tip,3d-printing; rotary-encoder; print-in-place; design,Print-in-place hinged crank for rotary encoder input.,high,128,2019-06-13,main,https://www.thingiverse.com/thing:3672910,,https://youtube.com/watch?v=Z1FAlenQMJw,https://www.makerprojectlab.com/end-of-an-era-maker-update-128/
Heat Set Insert Rig,Ruiz Brothers,project,3d-printing; workshop-jig; metalworking,Jig for installing heat-set inserts into 3D prints.,high,127,2019-06-06,adafruit,https://learn.adafruit.com/heat-set-rig,,https://youtube.com/watch?v=Mg25mofeIRU,https://www.makerprojectlab.com/bring-the-heat-maker-update-127-adafruit-edition/
Trash-Built Robotic Fish,Dano Wall,project,robotics; recycled-materials; art; animation; fish,Robotic fish built from recycled materials.,high,127,2019-06-06,adafruit,https://learn.adafruit.com/trash-robo-fish,,https://youtube.com/watch?v=Mg25mofeIRU,https://www.makerprojectlab.com/bring-the-heat-maker-update-127-adafruit-edition/
Archimedes' Boat,Dano Wall,project,mechanical-design; interactive-art; water; physics,Interactive mechanical boat based on Archimedes screw.,high,127,2019-06-06,adafruit,https://learn.adafruit.com/archimedes-boat,,https://youtube.com/watch?v=Mg25mofeIRU,https://www.makerprojectlab.com/bring-the-heat-maker-update-127-adafruit-edition/
Personal UV HotSpot Parasol,Erin St Blaine,project,wearables; uv-protection; fashion; diy,UV-sensitive wearable parasol.,high,127,2019-06-06,adafruit,https://learn.adafruit.com/personal-blacklight-uv-parasol,,https://youtube.com/watch?v=Mg25mofeIRU,https://www.makerprojectlab.com/bring-the-heat-maker-update-127-adafruit-edition/
Paper-Craft Crystal Gem Lantern,Erin St Blaine,project,paper; lighting; diy; craft; lantern,Paper-crafted crystal gem-themed decorative lantern.,high,127,2019-06-06,adafruit,https://learn.adafruit.com/paper-craft-crystal-gem-lantern,,https://youtube.com/watch?v=Mg25mofeIRU,https://www.makerprojectlab.com/bring-the-heat-maker-update-127-adafruit-edition/
Make your own “play.date” animated gif player with a crank,,project,portable-device; crank-powered; gif-player; mechanical,Crank-powered portable animated GIF player.,high,127,2019-06-06,adafruit,https://blog.adafruit.com/2019/05/28/make-your-own-play-date-animated-gif-player-with-a-crank-playdate-panic-arduino/,,https://youtube.com/watch?v=Mg25mofeIRU,https://www.makerprojectlab.com/bring-the-heat-maker-update-127-adafruit-edition/
https://github.com/adafruit/Adafruit_Arcada_GifDecoder,,project,adafruit; adafruit_arcada_gifdecoder; github; programming,https://github.com/adafruit/Adafruit_Arcada_GifDecoder.,low,127,2019-06-06,adafruit,https://github.com/adafruit/Adafruit_Arcada_GifDecoder,,https://youtube.com/watch?v=Mg25mofeIRU,https://www.makerprojectlab.com/bring-the-heat-maker-update-127-adafruit-edition/
Contributed Project,,project,adafruit; projects,Community-contributed Adafruit project.,low,127,2019-06-06,adafruit,,,https://youtube.com/watch?v=Mg25mofeIRU,https://www.makerprojectlab.com/bring-the-heat-maker-update-127-adafruit-edition/
CircuitPython 7-Segment Character Clock,Alex Padilla,project,circuitpython; 7-segment; led; display; clock,7-segment LED character display clock using CircuitPython.,high,127,2019-06-06,adafruit,https://blog.adafruit.com/2019/05/30/circuitpython-7-segment-character-clock-circuitpython-feather-adafruit-adafruit-_ohm51-hackadayio/,,https://youtube.com/watch?v=Mg25mofeIRU,https://www.makerprojectlab.com/bring-the-heat-maker-update-127-adafruit-edition/
Next Level MakeCode Arcade Games,John Park,tip,makecode; arcade; game-development; programming,Advanced MakeCode Arcade game development techniques.,high,127,2019-06-06,adafruit,https://learn.adafruit.com/next-level-makecode-arcade-games,,https://youtube.com/watch?v=Mg25mofeIRU,https://www.makerprojectlab.com/bring-the-heat-maker-update-127-adafruit-edition/
MakeCode Arcade Platformer Level Design,John Park,tip,makecode; arcade; game-design; level-design,Level design guide for MakeCode Arcade platformers.,high,127,2019-06-06,adafruit,https://learn.adafruit.com/makecode-arcade-platform-level,,https://youtube.com/watch?v=Mg25mofeIRU,https://www.makerprojectlab.com/bring-the-heat-maker-update-127-adafruit-edition/
Choosing an ADC,mike stone,tip,electronics; adc; analog-to-digital,Selection guide for analog-to-digital converter chips.,high,127,2019-06-06,adafruit,https://learn.adafruit.com/choosing-an-adc,,https://youtube.com/watch?v=Mg25mofeIRU,https://www.makerprojectlab.com/bring-the-heat-maker-update-127-adafruit-edition/
Adafruit Arcada Library,,tip,software; adafruit; arcada; library,Adafruit Arcada game development library.,high,127,2019-06-06,adafruit,https://github.com/adafruit/Adafruit_Arcada,,https://youtube.com/watch?v=Mg25mofeIRU,https://www.makerprojectlab.com/bring-the-heat-maker-update-127-adafruit-edition/
Arcada Libraries Setup,,tip,software; tutorial; adafruit; setup,Installation guide for Arcada game libraries.,high,127,2019-06-06,adafruit,https://learn.adafruit.com/adafruit-pybadge/arcada-libraries,,https://youtube.com/watch?v=Mg25mofeIRU,https://www.makerprojectlab.com/bring-the-heat-maker-update-127-adafruit-edition/
Playing Gamebuino META Games on Arcada,lady ada,tip,game-emulation; arcada; gamebuino; retro-gaming,Running Gamebuino games on Adafruit Arcada platform.,high,127,2019-06-06,adafruit,https://learn.adafruit.com/playing-gamebuino-meta-games-on-arcada,,https://youtube.com/watch?v=Mg25mofeIRU,https://www.makerprojectlab.com/bring-the-heat-maker-update-127-adafruit-edition/
Playing Arduboy Games on Arcada,lady ada,tip,game-emulation; arcada; arduboy; retro-gaming,Playing Arduboy games on Adafruit Arcada hardware.,high,127,2019-06-06,adafruit,https://learn.adafruit.com/playing-arduboy-games-on-arcada,,https://youtube.com/watch?v=Mg25mofeIRU,https://www.makerprojectlab.com/bring-the-heat-maker-update-127-adafruit-edition/
Layer,layer – PyBadge Case,tip,adafruit; layer,Layer.,low,127,2019-06-06,adafruit,https://blog.adafruit.com/2019/05/19/new-layer-by-layer-pybadge-case/,,https://youtube.com/watch?v=Mg25mofeIRU,https://www.makerprojectlab.com/bring-the-heat-maker-update-127-adafruit-edition/
Circuit Playground Express USB MIDI Controller and Synthesizer,Kevin Walters,tip,circuit-playground; usb-midi; music; synthesizer; diy-instrument,USB MIDI controller and synth using Circuit Playground.,high,127,2019-06-06,adafruit,https://learn.adafruit.com/cpx-midi-controller,,https://youtube.com/watch?v=Mg25mofeIRU,https://www.makerprojectlab.com/bring-the-heat-maker-update-127-adafruit-edition/
Final Fantasy Black Mage Cosplay,Cody Sass,project,cosplay; costume; video-game-inspired; final-fantasy,Handmade Final Fantasy Black Mage cosplay costume.,high,126,2019-05-30,main,https://blog.adafruit.com/2019/05/21/this-final-fantasy-black-mage-cosplay-has-all-the-feels/,,https://youtube.com/watch?v=xZWVxH97B-I,https://www.makerprojectlab.com/black-magic-maker-update-126/
https://github.com/dukeofdummies/BlackMageEyes,,project,blackmageeyes; dukeofdummies; github,https://github.com/dukeofdummies/BlackMageEyes.,low,126,2019-05-30,main,https://github.com/dukeofdummies/BlackMageEyes,,https://youtube.com/watch?v=xZWVxH97B-I,https://www.makerprojectlab.com/black-magic-maker-update-126/
Remote Controlled LED Eyes & Costume Hood,bekathwia,project,wearables; led; costume; electronics; props,Radio-controlled LED eyes for costume wear.,high,126,2019-05-30,main,https://www.instructables.com/id/Remote-Controlled-LED-Eyes-Costume-Hood/,,https://youtube.com/watch?v=xZWVxH97B-I,https://www.makerprojectlab.com/black-magic-maker-update-126/
Rotor,Vtol,project,rotor,Rotor.,low,126,2019-05-30,main,http://vtol.cc/filter/works/rotor,,https://youtube.com/watch?v=xZWVxH97B-I,https://www.makerprojectlab.com/black-magic-maker-update-126/
More info on CD Circuit Bending,,project,circuit-bending; cd-player; electronics,Techniques and info for circuit bending CD players.,high,126,2019-05-30,main,http://www.thosewhomakewaves.com/home/2016/8/8/cd-circuit-bending-sound-art,,https://youtube.com/watch?v=xZWVxH97B-I,https://www.makerprojectlab.com/black-magic-maker-update-126/
Indoor golf setup using arduino and pi - virtual moving floor,,project,arduino; raspberry-pi; gaming; indoor-golf; interactive,Arduino-controlled golf simulator with interactive floor.,high,126,2019-05-30,main,https://www.youtube.com/watch?v=YdoDEWQDy_4,,https://youtube.com/watch?v=xZWVxH97B-I,https://www.makerprojectlab.com/black-magic-maker-update-126/
How I Learned To Build With Metal,Kevin Dupzyk,tip,metalworking; welding; fabrication; beginner-guide,Beginner guide to metal fabrication and welding.,high,126,2019-05-30,main,https://www.popularmechanics.com/home/tools/a27309619/build-with-metal/,,https://youtube.com/watch?v=xZWVxH97B-I,https://www.makerprojectlab.com/black-magic-maker-update-126/
Long-Reach Deburring Tool review,Jordan Bunker,tip,machining; deburring,Review of long-reach deburring tool.,high,126,2019-05-30,main,https://youtu.be/sdM9LgNwbJw,,https://youtube.com/watch?v=xZWVxH97B-I,https://www.makerprojectlab.com/black-magic-maker-update-126/
A Communal Table Made From Up-cycled Construction Aluminum,Ammar KALO,tip,aluminum; upcycling; metal; furniture; design,Communal table furniture from recycled aluminum.,high,126,2019-05-30,main,https://www.core77.com/projects/88377/A-Communal-Table-Made-From-Up-cycled-Construction-Aluminum?utm_source=core77&utm_medium=from_title,,https://youtube.com/watch?v=xZWVxH97B-I,https://www.makerprojectlab.com/black-magic-maker-update-126/
https://ammarkalo.com/After-Pressure,,tip,after; ammarkalo; pressure,https://ammarkalo.com/After-Pressure.,low,126,2019-05-30,main,https://ammarkalo.com/After-Pressure,,https://youtube.com/watch?v=xZWVxH97B-I,https://www.makerprojectlab.com/black-magic-maker-update-126/
Physicalising a Pixel – LED Matrix Display Tutorial / Document 1. Workshop written,Filip Visnjic,tip,led; pixel-art; matrix-display; tutorial,Workshop on building LED matrix pixel displays.,high,126,2019-05-30,main,https://www.creativeapplications.net/processing/physicalising-a-pixel-led-matrix-display-tutorial-document-1-workshop/,,https://youtube.com/watch?v=xZWVxH97B-I,https://www.makerprojectlab.com/black-magic-maker-update-126/
Github examples,,tip,examples; github,Github examples.,low,126,2019-05-30,main,https://github.com/ertdfgcvb/MamaMatrix,,https://youtube.com/watch?v=xZWVxH97B-I,https://www.makerprojectlab.com/black-magic-maker-update-126/
Magnetic Tape Roll Holder,Sam Vandenbulcke,tip,3d-printing; organization; magnetic; diy-tools,3D-printed magnetic holder for tape rolls.,high,126,2019-05-30,main,https://www.thingiverse.com/thing:3521967,,https://youtube.com/watch?v=xZWVxH97B-I,https://www.makerprojectlab.com/black-magic-maker-update-126/
"Tips, Tools and Shop Tales #3",,tip,shop; tales,"Tips, Tools and Shop Tales #3.",low,126,2019-05-30,main,https://www.getrevue.co/profile/garethbranwyn/issues/gareth-s-tips-tools-and-shop-tales-issue-3-178375,,https://youtube.com/watch?v=xZWVxH97B-I,https://www.makerprojectlab.com/black-magic-maker-update-126/
Apollo DSKY Display Replica,Ben Krasnow,project,retro-tech; apollo; display; electronics; space,Replica of Apollo Guidance Computer display.,high,125,2019-05-23,main,https://github.com/benkrasnow/DSKY_EL_replica,,https://youtube.com/watch?v=Bb0IFmORs-o,https://www.makerprojectlab.com/the-el-has-landed-maker-update-125/
Hackaday take,,project,hackaday; take,Hackaday take.,low,125,2019-05-23,main,https://hackaday.com/2019/05/19/ben-krasnow-makes-a-dsky/,,https://youtube.com/watch?v=Bb0IFmORs-o,https://www.makerprojectlab.com/the-el-has-landed-maker-update-125/
News,,project,arduino; news,News.,low,125,2019-05-23,main,https://makezine.com/2019/05/17/arduino-unveils-new-nano-family-of-boards/,,https://youtube.com/watch?v=Bb0IFmORs-o,https://www.makerprojectlab.com/the-el-has-landed-maker-update-125/
Arduino Unveils New Family of Nano Boards,,project,arduino; microcontroller; nano; announcement,New Arduino Nano board family announcement.,high,125,2019-05-23,main,https://blog.hackster.io/introducing-four-new-arduino-nanos-869b8abbccb4,,https://youtube.com/watch?v=Bb0IFmORs-o,https://www.makerprojectlab.com/the-el-has-landed-maker-update-125/
https://store.arduino.cc/usa/new-products,,project,arduino; product; store,https://store.arduino.cc/usa/new-products.,low,125,2019-05-23,main,https://hackaday.com/2019/05/19/new-arduino-nano-line-rolls-out-in-four-flavors-at-maker-faire-bay-area/,,https://youtube.com/watch?v=Bb0IFmORs-o,https://www.makerprojectlab.com/the-el-has-landed-maker-update-125/
Human Controller 1,Takashi Kaburagi,project,controller; human,Human Controller 1.,low,125,2019-05-23,main,https://media.dmm-make.com/item/4199/,,https://youtube.com/watch?v=Bb0IFmORs-o,https://www.makerprojectlab.com/the-el-has-landed-maker-update-125/
Human Controller 2,Takashi Kaburagi,project,controller; human,Human Controller 2.,low,125,2019-05-23,main,https://media.dmm-make.com/item/4203/,,https://youtube.com/watch?v=Bb0IFmORs-o,https://www.makerprojectlab.com/the-el-has-landed-maker-update-125/
Collapsing Pirate Sword (Print in Place),3DPRINTINGWORLD,project,3d-printing; props; sword; print-in-place; toy,3D-printed collapsible pirate sword toy.,high,125,2019-05-23,main,https://www.thingiverse.com/thing:3597069,,https://youtube.com/watch?v=Bb0IFmORs-o,https://www.makerprojectlab.com/the-el-has-landed-maker-update-125/
Collapsing Lightsaber (Print in Place),3DPRINTINGWORLD,project,3d-printing; lightsaber; props; print-in-place; toy,3D-printed print-in-place collapsible lightsaber toy.,high,125,2019-05-23,main,https://www.thingiverse.com/thing:3604015,,https://youtube.com/watch?v=Bb0IFmORs-o,https://www.makerprojectlab.com/the-el-has-landed-maker-update-125/
Collapsing Lightsaber (Removable Blade),3DPRINTINGWORLD,project,3d-printing; lightsaber; props; removable-blade; toy,3D-printed lightsaber with removable blade design.,high,125,2019-05-23,main,https://www.thingiverse.com/thing:3606120,,https://youtube.com/watch?v=Bb0IFmORs-o,https://www.makerprojectlab.com/the-el-has-landed-maker-update-125/
"DrumCube, an Arduino Robot Drummer",FrancoMolina,project,arduino; robotics; music; automation; percussion,Arduino-controlled robotic drum machine.,high,125,2019-05-23,main,https://www.instructables.com/id/DrumCube-an-Arduino-Robot-Drummer/,,https://youtube.com/watch?v=Bb0IFmORs-o,https://www.makerprojectlab.com/the-el-has-landed-maker-update-125/
Saw Blades overview,I Like to Make Stuff,tip,saw; saw-blade; woodworking,Overview and guide to different saw blade types.,high,125,2019-05-23,main,https://youtu.be/UpN-E69jkso,,https://youtube.com/watch?v=Bb0IFmORs-o,https://www.makerprojectlab.com/the-el-has-landed-maker-update-125/
Sean Michael Ragan interview on Cool Tools,,tip,interview; podcast; audio,Interview with Sean Michael Ragan on Cool Tools podcast.,high,125,2019-05-23,main,https://kk.org/cooltools/sean-michael-ragan-author-and-former-editor-of-make/,,https://youtube.com/watch?v=Bb0IFmORs-o,https://www.makerprojectlab.com/the-el-has-landed-maker-update-125/
Sophy Wong interview on Tested,,tip,interview; podcast; tested; audio,Interview with Sophy Wong on Tested podcast.,high,125,2019-05-23,main,https://www.tested.com/art/makers/876005-sophy-wongs-wearable-tech-projects/,,https://youtube.com/watch?v=Bb0IFmORs-o,https://www.makerprojectlab.com/the-el-has-landed-maker-update-125/
"Tips, Tools and Shop Tales #2",,tip,shop; tales,"Tips, Tools and Shop Tales #2.",low,125,2019-05-23,main,https://www.getrevue.co/profile/garethbranwyn/issues/gareth-s-tips-tools-and-shop-tales-issue-2-177906,,https://youtube.com/watch?v=Bb0IFmORs-o,https://www.makerprojectlab.com/the-el-has-landed-maker-update-125/
Dremel Versa Tip Precision Butane Soldering Torch,,tip,soldering; torch; dremel; butane,Dremel precision butane soldering torch tool.,high,125,2019-05-23,main,https://youtu.be/vX6mpdnd8Co,,https://youtube.com/watch?v=Bb0IFmORs-o,https://www.makerprojectlab.com/the-el-has-landed-maker-update-125/
Video Spotlight,,tip,video; featured; highlights,Featured video spotlight.,low,125,2019-05-23,main,,,https://youtube.com/watch?v=Bb0IFmORs-o,https://www.makerprojectlab.com/the-el-has-landed-maker-update-125/
Wipy: the Overly Motivated Whiteboard Cleaner,"Lasath Siriwardena, Simon Lut & Tim Stark",project,robotics; automation; cleaning; diy-machine,Automated whiteboard cleaning robot.,high,124,2019-05-15,main,https://www.instructables.com/id/Wipy-the-Overly-Motivated-Whiteboard-Cleaner/,,https://youtube.com/watch?v=i9uTzLbRlMM,https://www.makerprojectlab.com/whiteboard-bandit-maker-update-124/
The Debatable Deliberator,"Ridvan Kahraman, Okan Basnak and Sacha Cutajar",project,debatable; deliberator; instructables,The Debatable Deliberator.,low,124,2019-05-15,main,https://www.instructables.com/id/The-Debatable-Deliberator/,,https://youtube.com/watch?v=i9uTzLbRlMM,https://www.makerprojectlab.com/whiteboard-bandit-maker-update-124/
3D Printed Geometric Planter With Drainage,bekathwia,project,3d-printing; gardening; planter; home-decor,3D-printed decorative plant pot with drainage system.,high,124,2019-05-15,main,https://www.instructables.com/id/3D-Printed-Geometric-Planter-With-Drainage/,,https://youtube.com/watch?v=i9uTzLbRlMM,https://www.makerprojectlab.com/whiteboard-bandit-maker-update-124/
Arduino for Nerf: Ballistic Chronograph,MakersBox,project,arduino; nerf; toy; measurement; electronics,Arduino-based device for measuring dart velocity.,high,124,2019-05-15,main,https://www.instructables.com/id/Arduino-for-Nerf-Ballistic-Chronograph/,,https://youtube.com/watch?v=i9uTzLbRlMM,https://www.makerprojectlab.com/whiteboard-bandit-maker-update-124/
Modified Truss Head Screw review,Mike Warren,tip,fasteners; screws,Review of modified truss head screw design.,high,124,2019-05-15,main,https://youtu.be/xbzTUvgvRT4,,https://youtube.com/watch?v=i9uTzLbRlMM,https://www.makerprojectlab.com/whiteboard-bandit-maker-update-124/
Switches//Bits,I Like To Make Stuff,tip,bits; switches; vr,Switches//Bits.,low,124,2019-05-15,main,https://www.youtube.com/watch?v=jNvCQVrEpDQ,,https://youtube.com/watch?v=i9uTzLbRlMM,https://www.makerprojectlab.com/whiteboard-bandit-maker-update-124/
Jasper Anderson's Animatronic Raven Kit!,,tip,anderson; animatronics; jasper; raven,Jasper Anderson's Animatronic Raven Kit!.,low,124,2019-05-15,main,https://www.tested.com/art/makers/874831-jasper-andersons-animatronic-raven-kit/,,https://youtube.com/watch?v=i9uTzLbRlMM,https://www.makerprojectlab.com/whiteboard-bandit-maker-update-124/
Mash Up Arduino Code Samples,bekathwia,tip,arduino; code; tutorial; programming,Collection of Arduino code examples and tutorials.,high,124,2019-05-15,main,https://www.instructables.com/id/Mash-Up-Arduino-Code-Samples/,,https://youtube.com/watch?v=i9uTzLbRlMM,https://www.makerprojectlab.com/whiteboard-bandit-maker-update-124/
OTES - Portable Retro CTR Game Console,Görkem Bozkurt,project,game-design; instructables; retro-tech,OTES - Portable Retro CTR Game Console.,low,123,2019-05-09,main,https://www.instructables.com/id/OTES-a-Portable-Retro-CTR-Game-Console/,,https://youtube.com/watch?v=mM7EzBkC-Zo,https://www.makerprojectlab.com/ready-player-thumb-maker-update-123/
Boot to PICO-8,Guillermo A. Amaral,project,pico-8; retro-gaming; fantasy-console; linux,Boot system directly into PICO-8 fantasy console.,high,123,2019-05-09,main,https://guillermoamaral.com/read/picopi/,,https://youtube.com/watch?v=mM7EzBkC-Zo,https://www.makerprojectlab.com/ready-player-thumb-maker-update-123/
Using a LED Matrix As a Scanner,Marcio T,project,instructables; matrix; scanner; using,Using a LED Matrix As a Scanner.,low,123,2019-05-09,main,https://www.instructables.com/id/Using-a-LED-Matrix-As-a-Scanner/,,https://youtube.com/watch?v=mM7EzBkC-Zo,https://www.makerprojectlab.com/ready-player-thumb-maker-update-123/
LED Jewelry,jiripraus,project,wearables; led; jewelry; electronics,LED-based jewelry accessories.,high,123,2019-05-09,main,https://www.instructables.com/id/LED-Jewelry/,,https://youtube.com/watch?v=mM7EzBkC-Zo,https://www.makerprojectlab.com/ready-player-thumb-maker-update-123/
RAINBOW ROLLER-COASTER - KINETIC CIRCLE SCULPTURE,Dominik Císař,project,kinetic-art; sculpture; gravity; mechanical-design; rainbow,Colorful kinetic roller coaster sculpture.,high,123,2019-05-09,main,https://www.prusaprinters.org/prints/195-rainbow-roller-coaster-kinetic-circle-sculpture,,https://youtube.com/watch?v=mM7EzBkC-Zo,https://www.makerprojectlab.com/ready-player-thumb-maker-update-123/
http://www.dominikcisar.cz/rainbow-roller-coaster/,,project,coaster; dominikcisar; rainbow; roller,http://www.dominikcisar.cz/rainbow-roller-coaster/.,low,123,2019-05-09,main,http://www.dominikcisar.cz/rainbow-roller-coaster/,,https://youtube.com/watch?v=mM7EzBkC-Zo,https://www.makerprojectlab.com/ready-player-thumb-maker-update-123/
Chicken Powered Camera Slider,The Maker Monster,project,camera; slider; video; motion-control; mechanical,DIY camera slider using chicken-powered mechanics for video production.,high,123,2019-05-09,main,https://www.youtube.com/watch?v=oWjAErj1VSE,,https://youtube.com/watch?v=mM7EzBkC-Zo,https://www.makerprojectlab.com/ready-player-thumb-maker-update-123/
Tube Time Cross Sections,,tip,cross; sections; time; tube,Tube Time Cross Sections.,low,123,2019-05-09,main,https://mobile.twitter.com/i/moments/1112130787694931968?fbclid=IwAR0vtuyC5CPGUmmCChjhHjqS-P768aSIzwHdXODbfUDqS6AfSbkPmaOE9Ds,,https://youtube.com/watch?v=mM7EzBkC-Zo,https://www.makerprojectlab.com/ready-player-thumb-maker-update-123/
Open Processing,,tip,software; generative-art; visualization; creative-coding,Platform for creating generative and interactive visual art online.,high,123,2019-05-09,main,https://www.openprocessing.org/,,https://youtube.com/watch?v=mM7EzBkC-Zo,https://www.makerprojectlab.com/ready-player-thumb-maker-update-123/
Eyeo Festival June 3-6,,tip,event; conference; art; generative-art,Annual festival for artists and technologists working with generative art.,high,123,2019-05-09,main,http://eyeofestival.com/,,https://youtube.com/watch?v=mM7EzBkC-Zo,https://www.makerprojectlab.com/ready-player-thumb-maker-update-123/
Vinyl Cutters Overview,I Like to Make Stuff,tip,vinyl-cutting; tool-review; cricut; design,Overview and review of vinyl cutter tools for cutting vinyl materials.,high,123,2019-05-09,main,https://www.youtube.com/watch?v=wOlJja9VKIk,,https://youtube.com/watch?v=mM7EzBkC-Zo,https://www.makerprojectlab.com/ready-player-thumb-maker-update-123/
Nut & Bolt Thread Checker - Coll Tool Review,,tip,fasteners; tool-review; hardware,Handy tool for checking and identifying threaded fastener sizes.,high,123,2019-05-09,main,https://youtu.be/QnoKP9MtF2Y,,https://youtube.com/watch?v=mM7EzBkC-Zo,https://www.makerprojectlab.com/ready-player-thumb-maker-update-123/
3D-Printable Filament! -Print Your Own Filament for Multi-Color!,Turbo_SunShine,tip,3d-printing; filament; pla; multi-color,Process for 3D printing your own filament for multi-color printing.,high,123,2019-05-09,main,https://www.thingiverse.com/thing:3565827,,https://youtube.com/watch?v=mM7EzBkC-Zo,https://www.makerprojectlab.com/ready-player-thumb-maker-update-123/
Rubiks Cube Robot Enhancements,tbergman8,tip,robotics; arduino; programming; automation,Improvements and modifications to robotic Rubik's Cube solver.,high,123,2019-05-09,main,https://www.thingiverse.com/thing:3558713,,https://youtube.com/watch?v=mM7EzBkC-Zo,https://www.makerprojectlab.com/ready-player-thumb-maker-update-123/
Robotic Creatures,Ruiz Brothers,project,robotics; adafruit; circuitpython; servo,Building programmable robotic creatures with Adafruit boards.,high,122,2019-05-02,adafruit,https://learn.adafruit.com/robotic-creatures,,https://youtube.com/watch?v=C7QI0PLkib8,https://www.makerprojectlab.com/creature-feature-maker-update-122/
Twin Peaks Light Reactive Picture Frame,Liz Clark,project,adafruit; electronics; led; photography; neopixel,Photo frame displaying Twin Peaks images with light-reactive display.,high,122,2019-05-02,adafruit,https://learn.adafruit.com/twin-peaks-light-reactive-pyportal-picture-frame,,https://youtube.com/watch?v=C7QI0PLkib8,https://www.makerprojectlab.com/creature-feature-maker-update-122/
Color Spinner Camera Ring Light,Dano Wall,project,adafruit; led; camera; lighting; neopixel,Spinning LED ring light for camera photography powered by Adafruit.,high,122,2019-05-02,adafruit,https://learn.adafruit.com/camera-ring-light-with-CPX,,https://youtube.com/watch?v=C7QI0PLkib8,https://www.makerprojectlab.com/creature-feature-maker-update-122/
PyPortal Tides Viewer,Carter Nelson,project,adafruit; pyportal; internet-of-things; data-display,IoT display showing real-time tide predictions using PyPortal.,high,122,2019-05-02,adafruit,https://learn.adafruit.com/pyportal-tides-viewer,,https://youtube.com/watch?v=C7QI0PLkib8,https://www.makerprojectlab.com/creature-feature-maker-update-122/
Light Up Paper Dragon Wall Sconce,Erin St Blaine,project,adafruit; led; papercraft; lighting; neopixel,Decorative paper dragon wall light with programmable LEDs.,high,122,2019-05-02,adafruit,https://learn.adafruit.com/light-up-paper-dragon-wall-sconce,,https://youtube.com/watch?v=C7QI0PLkib8,https://www.makerprojectlab.com/creature-feature-maker-update-122/
Keyblade 3D Kit,Ruiz Brothers,project,3d-printing; cosplay; props; kingdom-hearts,3D-printed Kingdom Hearts Keyblade prop kit for cosplay.,high,122,2019-05-02,adafruit,https://learn.adafruit.com/kingdom-key-keyblade,,https://youtube.com/watch?v=C7QI0PLkib8,https://www.makerprojectlab.com/creature-feature-maker-update-122/
Prop-Maker Keyblade,Ruiz Brothers,project,3d-printing; cosplay; props; sculpting; kingdom-hearts,Professional-grade Keyblade prop using Adafruit electronics.,high,122,2019-05-02,adafruit,https://learn.adafruit.com/propmaker-keyblade,,https://youtube.com/watch?v=C7QI0PLkib8,https://www.makerprojectlab.com/creature-feature-maker-update-122/
Star Trek replica desk build,Dave Harvey,project,star-trek; replica; woodworking; furniture; cosplay,Handcrafted Star Trek-inspired desk replica for display.,high,122,2019-05-02,adafruit,https://blog.adafruit.com/2019/04/17/from-the-forums-a-star-trek-replica-desk-build-startrek-replica-adafruit-startrektos-adafruit/,,https://youtube.com/watch?v=C7QI0PLkib8,https://www.makerprojectlab.com/creature-feature-maker-update-122/
Create wearable tech with Sophy Wong,,tip,wearables; electronics; adafruit; fashion; circuitpython,Guide to creating electronic wearables with Adafruit boards.,high,122,2019-05-02,adafruit,https://blog.adafruit.com/2019/04/24/new-book-out-create-wearable-tech-with-sophy-wong-wearable-wearables-books-raspberry_pi-sophywong/,,https://youtube.com/watch?v=C7QI0PLkib8,https://www.makerprojectlab.com/creature-feature-maker-update-122/
https://store.rpipress.cc/products/wearable-tech-projects-2019,,tip,product; raspberry-pi; rpipress; store; wearables,https://store.rpipress.cc/products/wearable-tech-projects-2019.,low,122,2019-05-02,adafruit,https://store.rpipress.cc/products/wearable-tech-projects-2019,,https://youtube.com/watch?v=C7QI0PLkib8,https://www.makerprojectlab.com/creature-feature-maker-update-122/
EduBlocks,,tip,education; programming; python; block-based-coding,Block-based programming environment making Python accessible.,high,122,2019-05-02,adafruit,https://edublocks.org/,,https://youtube.com/watch?v=C7QI0PLkib8,https://www.makerprojectlab.com/creature-feature-maker-update-122/
Adafruit Metro M4 Express AirLift (WiFi) - Lite,,tip,adafruit; microcontroller; wifi; circuitpython,Adafruit WiFi-enabled microcontroller board for IoT projects.,high,122,2019-05-02,adafruit,https://www.adafruit.com/product/4000,,https://youtube.com/watch?v=C7QI0PLkib8,https://www.makerprojectlab.com/creature-feature-maker-update-122/
https://www.youtube.com/watch?v=n2rzrYRAPYI&feature=youtu.be&t=603,,tip,feature; n2rzryrapyi; watch; youtube,https://www.youtube.com/watch?v=n2rzrYRAPYI&feature=youtu.be&t=603.,low,122,2019-05-02,adafruit,https://www.youtube.com/watch?v=n2rzrYRAPYI&feature=youtu.be&t=603,,https://youtube.com/watch?v=C7QI0PLkib8,https://www.makerprojectlab.com/creature-feature-maker-update-122/
Unleashing BEAST MODE on Adafruit M4 boards,,tip,adafruit; microcontroller; optimization; circuitpython,Performance optimization and overclocking for Adafruit M4.,high,122,2019-05-02,adafruit,https://blog.adafruit.com/2019/04/23/unleashing-beast-mode-on-adafruit-m4-boards/,,https://youtube.com/watch?v=C7QI0PLkib8,https://www.makerprojectlab.com/creature-feature-maker-update-122/
PyPortal Animated GIF display improved from overclocking,,tip,adafruit; pyportal; optimization; display,Improved GIF animation display on PyPortal using enhancements.,high,122,2019-05-02,adafruit,https://learn.adafruit.com/pyportal-animated-gif-display,,https://youtube.com/watch?v=C7QI0PLkib8,https://www.makerprojectlab.com/creature-feature-maker-update-122/
Making Screw-Threaded Parts for Cosplay Props,Ruiz Bros.,tip,cosplay; props; 3d-printing; fusion360; threading,Technique for creating threaded fasteners for prop pieces.,high,122,2019-05-02,adafruit,https://blog.adafruit.com/2019/04/20/making-screw-threaded-parts-for-props-3dprinting-fusion360/,,https://youtube.com/watch?v=C7QI0PLkib8,https://www.makerprojectlab.com/creature-feature-maker-update-122/
Knurling Textures in Fusion360,Ruiz Bros.,tip,fusion360; cad; 3d-printing; texture; modeling,CAD technique for adding realistic knurling texture patterns.,high,122,2019-05-02,adafruit,https://blog.adafruit.com/2019/04/15/new-tutorial-knurling-textures-in-adskfusion360-3dprinting/,,https://youtube.com/watch?v=C7QI0PLkib8,https://www.makerprojectlab.com/creature-feature-maker-update-122/
JOHN PARK'S WORKSHOP LIVE 4/25/19 PyBadge Pixel Art,,tip,adafruit; pybadge; pixel-art; game-design,Live workshop creating pixel art and games on PyBadge.,high,122,2019-05-02,adafruit,https://youtu.be/z-xYCgxtQiQ,,https://youtube.com/watch?v=C7QI0PLkib8,https://www.makerprojectlab.com/creature-feature-maker-update-122/
https://learn.adafruit.com/makecode-arcade-pixel-art-sprites,,tip,adafruit; game-design; programming,https://learn.adafruit.com/makecode-arcade-pixel-art-sprites.,low,122,2019-05-02,adafruit,https://learn.adafruit.com/makecode-arcade-pixel-art-sprites,,https://youtube.com/watch?v=C7QI0PLkib8,https://www.makerprojectlab.com/creature-feature-maker-update-122/
Arduino-powered ornithopter takes to the skies,gabbapeople,project,arduino; robotics; flying; ornithopter; mechanical,Arduino-controlled ornithopter robot mimicking bird flight.,high,121,2019-04-25,main,https://www.instructables.com/id/Opensource-Ornithopter-Prototype-Arduino-Powered-a/,,https://youtube.com/watch?v=zVFhO3VlFbk,https://www.makerprojectlab.com/ornithopter-anatomy-maker-update-121/
Self-Solving Rubik's Cube,Takashi Kaburagi,project,robotics; servo; arduino; puzzle; automation,Motorized Rubik's Cube that automatically solves itself.,high,121,2019-04-25,main,https://media.dmm-make.com/item/4462/,,https://youtube.com/watch?v=zVFhO3VlFbk,https://www.makerprojectlab.com/ornithopter-anatomy-maker-update-121/
Farting Baseball,Takashi Kaburagi,project,novelty; electronics; audio; arduino; sound,Novelty baseball toy that makes amusing sounds when thrown.,high,121,2019-04-25,main,https://media.dmm-make.com/item/4531/,,https://youtube.com/watch?v=zVFhO3VlFbk,https://www.makerprojectlab.com/ornithopter-anatomy-maker-update-121/
Rousseau-inspired Raspberry Pi Zero LED piano visualiser,Aleksander Evening,project,raspberry-pi; led; music; visualization; audio,LED light show synchronized to piano music with Pi.,high,121,2019-04-25,main,https://www.raspberrypi.org/blog/rousseau-raspberry-pi-zero-led-piano-visualiser/,,https://youtube.com/watch?v=zVFhO3VlFbk,https://www.makerprojectlab.com/ornithopter-anatomy-maker-update-121/
https://github.com/onlaj/Piano-LED-Visualizer,,project,github; onlaj; piano; visualizer,https://github.com/onlaj/Piano-LED-Visualizer.,low,121,2019-04-25,main,https://github.com/onlaj/Piano-LED-Visualizer,,https://youtube.com/watch?v=zVFhO3VlFbk,https://www.makerprojectlab.com/ornithopter-anatomy-maker-update-121/
DIY Revolving Lithophane Lamp,3dmakernoob,project,3d-printing; lighting; lithophane; lamp; decoration,Rotating 3D-printed lithophane lamp displaying images when lit.,high,121,2019-04-25,main,https://youtu.be/duiAbLsXZSE,,https://youtube.com/watch?v=zVFhO3VlFbk,https://www.makerprojectlab.com/ornithopter-anatomy-maker-update-121/
An (almost) Entirely 3D Printed Speaker,Mattosx,project,3d-printing; audio; speakers; electronics,Custom audio speaker fabricated primarily from 3D printed parts.,high,121,2019-04-25,main,https://www.instructables.com/id/An-Entirely-3D-Printed-Speaker/,,https://youtube.com/watch?v=zVFhO3VlFbk,https://www.makerprojectlab.com/ornithopter-anatomy-maker-update-121/
Love Hulten's Table Saw Lathe Jig,,tip,woodworking; table-saw; lathe; jig; tool-technique,DIY jig attachment for using table saw as lathe.,high,121,2019-04-25,main,https://www.youtube.com/watch?v=VqTTcaFhUG0,,https://youtube.com/watch?v=zVFhO3VlFbk,https://www.makerprojectlab.com/ornithopter-anatomy-maker-update-121/
Cool Tools Podcast: Donald Bell,,tip,podcast; interview; maker,Episode of Cool Tools podcast featuring maker Donald Bell.,high,121,2019-04-25,main,https://kk.org/cooltools/donald-bell-maker-update/,,https://youtube.com/watch?v=zVFhO3VlFbk,https://www.makerprojectlab.com/ornithopter-anatomy-maker-update-121/
Make or Break Podcast #98,,tip,break; make; podcast,Make or Break Podcast #98.,low,121,2019-04-25,main,https://makeorbreakshow.simplecast.com/episodes/covering-the-world-of-making-with-donal-p0TTe3qA,,https://youtube.com/watch?v=zVFhO3VlFbk,https://www.makerprojectlab.com/ornithopter-anatomy-maker-update-121/
3D Printed RC Car V3 -- Tarmo3 -- Front Parts [1/3],KrisCubed,project,3d-printing; rc-car; robotics; vehicles; pla,3D-printable remote-control car design with motorized drivetrain.,high,120,2019-04-18,main,https://www.thingiverse.com/thing:3546277,,https://youtube.com/watch?v=6x_Xcz8R8EI,https://www.makerprojectlab.com/fast-cars-soft-bots-maker-update-120/
Hacking an Etch-A-Sketch with a Raspberry Pi and camera: Etch-A-Snap!,,project,raspberry-pi; electronics; hacking; vintage; automation,Motorized Etch-A-Sketch automated by Raspberry Pi.,high,120,2019-04-18,main,https://www.twobitarcade.net/article/etch-a-snap/,,https://youtube.com/watch?v=6x_Xcz8R8EI,https://www.makerprojectlab.com/fast-cars-soft-bots-maker-update-120/
https://imgur.com/gallery/T5n8g5l,,project,gallery; imgur; t5n8g5l,https://imgur.com/gallery/T5n8g5l.,low,120,2019-04-18,main,https://imgur.com/gallery/T5n8g5l,,https://youtube.com/watch?v=6x_Xcz8R8EI,https://www.makerprojectlab.com/fast-cars-soft-bots-maker-update-120/
Grippy the Arduino Nano-Driven Robotic Arm,DIYODE,project,arduino; robotics; arm; servo; gripper,Compact robotic arm controlled by Arduino Nano.,high,120,2019-04-18,main,https://www.thingiverse.com/thing:3534566,,https://youtube.com/watch?v=6x_Xcz8R8EI,https://www.makerprojectlab.com/fast-cars-soft-bots-maker-update-120/
https://diyodemag.com/projects/build_grippy,,project,build_grippy; diyodemag; projects,https://diyodemag.com/projects/build_grippy.,low,120,2019-04-18,main,https://diyodemag.com/projects/build_grippy,,https://youtube.com/watch?v=6x_Xcz8R8EI,https://www.makerprojectlab.com/fast-cars-soft-bots-maker-update-120/
Automated Recycling Separation Enabled,Soft Robotic Material Classification,project,automated; enabled; recycling; robotics; separation,Automated Recycling Separation Enabled.,low,120,2019-04-18,main,https://www.youtube.com/watch?v=TdzbDoEh44U,,https://youtube.com/watch?v=6x_Xcz8R8EI,https://www.makerprojectlab.com/fast-cars-soft-bots-maker-update-120/
http://lillych.in/files/Chin-2019-robosoft.pdf,,project,2019; chin; files; lillych,http://lillych.in/files/Chin-2019-robosoft.pdf.,low,120,2019-04-18,main,http://lillych.in/files/Chin-2019-robosoft.pdf,,https://youtube.com/watch?v=6x_Xcz8R8EI,https://www.makerprojectlab.com/fast-cars-soft-bots-maker-update-120/
An Interactive Introduction to Fourier Transforms,Jez Swanson,tip,mathematics; visualization; signal-processing; education,Interactive educational tool for understanding Fourier transforms.,high,120,2019-04-18,main,http://www.jezzamon.com/fourier/index.html?\,,https://youtube.com/watch?v=6x_Xcz8R8EI,https://www.makerprojectlab.com/fast-cars-soft-bots-maker-update-120/
Best Gripping Micro Cutters,,tip,tool-review; cutting; precision; hardware,Comparative review of precision micro cutting tools.,high,120,2019-04-18,main,https://youtu.be/3G-scCrSH60,,https://youtube.com/watch?v=6x_Xcz8R8EI,https://www.makerprojectlab.com/fast-cars-soft-bots-maker-update-120/
"SHOUTBOX Switch for Accessibility, Gaming (and More)",,tip,accessibility; gaming; adaptive-technology; hardware,Switch device providing accessible input control for gaming.,high,120,2019-04-18,main,https://blog.tindie.com/2019/04/shoutbox-sound-operated-switch/,,https://youtube.com/watch?v=6x_Xcz8R8EI,https://www.makerprojectlab.com/fast-cars-soft-bots-maker-update-120/
Bind MIDI inputs to LED lights using a Raspberry Pi,,tip,raspberry-pi; midi; led; music; automation,Tutorial connecting MIDI input to LED lighting control.,high,120,2019-04-18,main,https://www.raspberrypi.org/blog/midi-controlled-led-lights-raspberry-pi/,,https://youtube.com/watch?v=6x_Xcz8R8EI,https://www.makerprojectlab.com/fast-cars-soft-bots-maker-update-120/
PiSugar Battery for Raspberry Pi zero A battery designed for Pi zero,Jdaie Lin,tip,raspberry-pi; battery; power-supply; mobile-computing,Portable battery pack for powering Raspberry Pi Zero.,high,120,2019-04-18,main,https://hackaday.io/project/164733-pisugar-battery-for-raspberry-pi-zero,https://hackaday.com/2019/04/09/portable-pi-power-pack-makes-for-petite-projects/,https://youtube.com/watch?v=6x_Xcz8R8EI,https://www.makerprojectlab.com/fast-cars-soft-bots-maker-update-120/
Use Your Pet’s RFID Tag Implant for Home Automation Andreas Spiess,,tip,rfid; home-automation; iot; hardware,Home automation system triggered by pet RFID implant.,high,120,2019-04-18,main,https://www.youtube.com/watch?v=y89yJ1Fq-hQ&feature=youtu.be,https://blog.hackster.io/use-your-pets-rfid-tag-implant-for-home-automation-9b9ec155613e,https://youtube.com/watch?v=6x_Xcz8R8EI,https://www.makerprojectlab.com/fast-cars-soft-bots-maker-update-120/
REPRODUCING VINTAGE PLASTIC PARTS IN TOP-NOTCH QUALITY,Eric Strebel,tip,3d-printing; replica; injection-molding; vintage; restoration,Techniques for reproducing vintage plastic parts professionally.,high,120,2019-04-18,main,https://hackaday.com/2019/04/08/reproducing-vintage-plastic-parts-in-top-notch-quality/,,https://youtube.com/watch?v=6x_Xcz8R8EI,https://www.makerprojectlab.com/fast-cars-soft-bots-maker-update-120/
https://www.youtube.com/watch?v=K3ZaPlV10z8,,tip,k3zaplv10z8; watch; youtube,https://www.youtube.com/watch?v=K3ZaPlV10z8.,low,120,2019-04-18,main,https://www.youtube.com/watch?v=K3ZaPlV10z8,,https://youtube.com/watch?v=6x_Xcz8R8EI,https://www.makerprojectlab.com/fast-cars-soft-bots-maker-update-120/
GET GREAT 3D SCANS WITH OPEN PHOTOGRAMMETRY,,tip,3d-scanning; photogrammetry; meshroom; open-source,Guide to creating high-quality 3D scans using photogrammetry.,high,120,2019-04-18,main,https://hackaday.com/2019/04/07/get-great-3d-scans-with-open-photogrammetry/,,https://youtube.com/watch?v=6x_Xcz8R8EI,https://www.makerprojectlab.com/fast-cars-soft-bots-maker-update-120/
Meshroom software,,tip,3d-scanning; photogrammetry; open-source; software,Free open-source photogrammetry software for 3D models.,high,120,2019-04-18,main,https://alicevision.github.io/#meshroom,,https://youtube.com/watch?v=6x_Xcz8R8EI,https://www.makerprojectlab.com/fast-cars-soft-bots-maker-update-120/
Word Clock Controlled by 114 Servos,mosivers,project,servo; clock; arduino; electronics; display,Novel clock display controlled by 114 servo motors.,high,119,2019-04-11,digikey_only,https://www.instructables.com/id/Word-Clock-Controlled-by-114-Servos/,,https://youtube.com/watch?v=8wFEL6OtOkg,https://www.makerprojectlab.com/golden-holdies-maker-update-119/
Greatest Holdies: I Hacked an Old Phone to Play the Greatest Hold Music.,Fuzzy-Wobble,project,hacking; audio; vintage-tech; phone; novelty,Modified vintage telephone that plays humorous hold music.,high,119,2019-04-11,digikey_only,https://www.instructables.com/id/Greatest-Holdies-I-Hacked-an-Old-Phone-to-Play-the/,,https://youtube.com/watch?v=8wFEL6OtOkg,https://www.makerprojectlab.com/golden-holdies-maker-update-119/
Related: 90s Payphone Boombox Hack,,project,hacking; audio; vintage-tech; phone; boombox,Modified 1990s payphone converted into functioning boombox.,high,119,2019-04-11,digikey_only,https://www.instructables.com/id/90s-Payphone-Boombox-Hack/,,https://youtube.com/watch?v=8wFEL6OtOkg,https://www.makerprojectlab.com/golden-holdies-maker-update-119/
FindyBot3000 - a Voice Controlled Organizer,Inventor22,project,voice-control; robotics; arduino; home-automation; storage,Voice-controlled robotic organizer for item storage.,high,119,2019-04-11,digikey_only,https://www.instructables.com/id/FindyBot3000-a-Voice-Controlled-Organizer/,,https://youtube.com/watch?v=8wFEL6OtOkg,https://www.makerprojectlab.com/golden-holdies-maker-update-119/
Solenoid Steamengine,The_M3chanic,project,electronics; solenoid; steam; mechanical; engine,Electromagnetic solenoid-driven engine mimicking steam mechanics.,high,119,2019-04-11,digikey_only,https://www.thingiverse.com/thing:3507489,,https://youtube.com/watch?v=8wFEL6OtOkg,https://www.makerprojectlab.com/golden-holdies-maker-update-119/
Mohit Bhoite's Satellite Pummer Circuit Sculpture,,project,circuit-sculpture; electronics; art; soldering; copper,Freeform electronics art created from soldered copper wire.,high,119,2019-04-11,digikey_only,https://hackaday.com/2019/04/04/solar-circuit-sculpture-pumms-the-night-away/,,https://youtube.com/watch?v=8wFEL6OtOkg,https://www.makerprojectlab.com/golden-holdies-maker-update-119/
Inspired,Gareth Branwyn's Pummer Design,project,inspired,Inspired.,low,119,2019-04-11,digikey_only,https://cdn.makezine.com/make/08/pummer.pdf,,https://youtube.com/watch?v=8wFEL6OtOkg,https://www.makerprojectlab.com/golden-holdies-maker-update-119/
More of Mohit's Circuit Sculptures,,project,circuit-sculpture; electronics; art; copper; soldering,Collection of freeform circuit sculpture artworks.,high,119,2019-04-11,digikey_only,https://www.bhoite.com/sculptures/,,https://youtube.com/watch?v=8wFEL6OtOkg,https://www.makerprojectlab.com/golden-holdies-maker-update-119/
ESP32 Micro Robot Arm,Electron Dust,project,esp32; robotics; arm; servo; microcontroller,Compact robotic arm built with ESP32 microcontroller.,high,119,2019-04-11,digikey_only,https://www.instructables.com/id/ESP32-Micro-Robot-Arm/,,https://youtube.com/watch?v=8wFEL6OtOkg,https://www.makerprojectlab.com/golden-holdies-maker-update-119/
Change unipolar 28BYJ-48 to bipolar stepper motor,Jangeox,project,stepper-motors; electronics; arduino; motors,Technique for converting unipolar stepper motor to bipolar.,high,119,2019-04-11,digikey_only,http://www.jangeox.be/2013/10/change-unipolar-28byj-48-to-bipolar.html,,https://youtube.com/watch?v=8wFEL6OtOkg,https://www.makerprojectlab.com/golden-holdies-maker-update-119/
3D-Printed Cassette Tape Player,Igor Afanasyev,project,3d-printing; audio; cassette; vintage-tech; electronics,Fully functional cassette tape player from 3D printed parts.,high,119,2019-04-11,digikey_only,https://imgur.com/a/HTWf5vJ,https://blog.hackster.io/a-beautiful-3d-printed-cassette-tape-player-4c4b12eea114,https://youtube.com/watch?v=8wFEL6OtOkg,https://www.makerprojectlab.com/golden-holdies-maker-update-119/
"The Polygonia Design Suite, a web app for easily creating symmetrical, repeating patterns and designs",,tip,design; software; pattern-generation; web-app; graphics,Web application for creating symmetrical repeating patterns.,high,119,2019-04-11,digikey_only,https://boingboing.net/2019/04/01/the-polygonia-design-suite-a.html,,https://youtube.com/watch?v=8wFEL6OtOkg,https://www.makerprojectlab.com/golden-holdies-maker-update-119/
https://polygonia.design/,,tip,design; polygonia,https://polygonia.design/.,low,119,2019-04-11,digikey_only,https://polygonia.design/,,https://youtube.com/watch?v=8wFEL6OtOkg,https://www.makerprojectlab.com/golden-holdies-maker-update-119/
Elastic Ties - Optimized for 3D-Printing,Turbo_SunShine,tip,3d-printing; design; accessories; pla; elastic,3D-printable elastic tie optimized for strength.,high,119,2019-04-11,digikey_only,https://www.thingiverse.com/thing:3514312,,https://youtube.com/watch?v=8wFEL6OtOkg,https://www.makerprojectlab.com/golden-holdies-maker-update-119/
M3 screw knob (parametric),plaztech,tip,3d-printing; cad; mechanical; parametric-design,Parametric 3D-printable knob design for M3 fasteners.,high,119,2019-04-11,digikey_only,https://www.thingiverse.com/thing:3404522,,https://youtube.com/watch?v=8wFEL6OtOkg,https://www.makerprojectlab.com/golden-holdies-maker-update-119/
Shop Tips: Tools for Punching Holes,,tip,workshop-tool; punch; metalworking; fabrication,Guide to selecting hole-punching tools for metalworking.,high,119,2019-04-11,digikey_only,https://www.youtube.com/watch?v=EuOJsm40Brc,,https://youtube.com/watch?v=8wFEL6OtOkg,https://www.makerprojectlab.com/golden-holdies-maker-update-119/
PyPortal Alarm Clock,Dave Astels,project,adafruit; pyportal; clock; iot; time,Internet-connected alarm clock using PyPortal.,high,118,2019-04-04,adafruit,https://learn.adafruit.com/pyportal-alarm-clock,,https://youtube.com/watch?v=IiLlVIPMFms,https://www.makerprojectlab.com/make-it-snooze-maker-update-118/
Tappy Robotic Hand,Dano Wall,project,adafruit; robotics; hand; servo; animatronics,Servo-controlled robotic hand mimicking movements.,high,118,2019-04-04,adafruit,https://learn.adafruit.com/robotic-tapping-hand-with-CPX,,https://youtube.com/watch?v=IiLlVIPMFms,https://www.makerprojectlab.com/make-it-snooze-maker-update-118/
PyPortal Oblique Strategies,Collin Cunningham,project,adafruit; pyportal; art; creativity; interactive,Interactive art prompt generator on PyPortal.,high,118,2019-04-04,adafruit,https://learn.adafruit.com/pyportal-oblique-strategies,,https://youtube.com/watch?v=IiLlVIPMFms,https://www.makerprojectlab.com/make-it-snooze-maker-update-118/
PyPortal Animated GIF Display,lady ada,project,adafruit; pyportal; display; gif; animation,PyPortal displaying animated GIF images.,high,118,2019-04-04,adafruit,https://learn.adafruit.com/pyportal-animated-gif-display,,https://youtube.com/watch?v=IiLlVIPMFms,https://www.makerprojectlab.com/make-it-snooze-maker-update-118/
PyPortal Weekly Countdown Clock,John Park,project,adafruit; pyportal; clock; countdown; time,PyPortal clock displaying weekly event countdown.,high,118,2019-04-04,adafruit,https://learn.adafruit.com/pyportal-countdown-clock,,https://youtube.com/watch?v=IiLlVIPMFms,https://www.makerprojectlab.com/make-it-snooze-maker-update-118/
PyPortal Event Countdown Clock,John Park,project,adafruit; pyportal; clock; countdown; iot,IoT countdown display for tracking time to events.,high,118,2019-04-04,adafruit,https://learn.adafruit.com/pyportal-event-countdown-clock,,https://youtube.com/watch?v=IiLlVIPMFms,https://www.makerprojectlab.com/make-it-snooze-maker-update-118/
PyPortal Event Count-Up Clock,John Park,project,adafruit; pyportal; clock; timer; iot,Timer counting up to event duration on display.,high,118,2019-04-04,adafruit,https://learn.adafruit.com/pyportal-event-count-up-clock,,https://youtube.com/watch?v=IiLlVIPMFms,https://www.makerprojectlab.com/make-it-snooze-maker-update-118/
PyPortal Air Quality Display,John Park,project,adafruit; pyportal; iot; sensor; environmental,Air quality monitoring display using PyPortal.,high,118,2019-04-04,adafruit,https://learn.adafruit.com/pyportal-air-quality-display,,https://youtube.com/watch?v=IiLlVIPMFms,https://www.makerprojectlab.com/make-it-snooze-maker-update-118/
PyPortal Astronauts in Space,John Park,project,adafruit; pyportal; space; iot; data-display,Real-time display of astronauts currently in space.,high,118,2019-04-04,adafruit,https://learn.adafruit.com/pyportal-astronauts-in-space,,https://youtube.com/watch?v=IiLlVIPMFms,https://www.makerprojectlab.com/make-it-snooze-maker-update-118/
PyPortal YouTube Views and Subscribers Display,John Park,project,adafruit; pyportal; iot; youtube; data-display,Real-time YouTube channel analytics on PyPortal.,high,118,2019-04-04,adafruit,https://learn.adafruit.com/pyportal-youtube-views-and-subscribers-display,,https://youtube.com/watch?v=IiLlVIPMFms,https://www.makerprojectlab.com/make-it-snooze-maker-update-118/
PyPortal NeoPixel Color Picker,Kattni Rembor,project,adafruit; pyportal; led; neopixel; interface,Interactive color picker for controlling NeoPixel LEDs.,high,118,2019-04-04,adafruit,https://learn.adafruit.com/pyportal-neopixel-color-oicker,,https://youtube.com/watch?v=IiLlVIPMFms,https://www.makerprojectlab.com/make-it-snooze-maker-update-118/
PyPortal View Master,Ruiz Brothers,project,adafruit; pyportal; vintage-tech; toy; entertainment,View Master stereoscope retrofitted with PyPortal.,high,118,2019-04-04,adafruit,https://learn.adafruit.com/pyportal-view-master,,https://youtube.com/watch?v=IiLlVIPMFms,https://www.makerprojectlab.com/make-it-snooze-maker-update-118/
LED NeoPixel Corset with Circuit Playground Express and MakeCode,Erin St Blaine,project,adafruit; led; neopixel; wearables; fashion,Wearable LED corset with programmable light patterns.,high,118,2019-04-04,adafruit,https://learn.adafruit.com/led-corset-with-circuit-playground-and-makecode,,https://youtube.com/watch?v=IiLlVIPMFms,https://www.makerprojectlab.com/make-it-snooze-maker-update-118/
CRICKIT Exhibit Demo Board,Dano Wall,project,adafruit; crickit; robotics; demonstration; interactive,Interactive demonstration exhibit of CRICKIT capabilities.,high,118,2019-04-04,adafruit,https://learn.adafruit.com/crickit-exhibit-demo-board,,https://youtube.com/watch?v=IiLlVIPMFms,https://www.makerprojectlab.com/make-it-snooze-maker-update-118/
Other Projects,,project,adafruit; collection; mixed; projects,Collection of additional Adafruit-based maker projects.,low,118,2019-04-04,adafruit,,,https://youtube.com/watch?v=IiLlVIPMFms,https://www.makerprojectlab.com/make-it-snooze-maker-update-118/
Displaying your realtime Blood Glucose from NightScout on an AdaFruit PyPortal,Scott Hanselman,project,adafruit; pyportal; health; iot; medical,Health monitoring display showing real-time diabetes data.,high,118,2019-04-04,adafruit,https://blog.adafruit.com/2019/03/30/displaying-your-realtime-blood-glucose-from-nightscout-on-an-adafruit-pyportal-by-scott-hanselman-shanselman-nightscoutproj-diabetes/,,https://youtube.com/watch?v=IiLlVIPMFms,https://www.makerprojectlab.com/make-it-snooze-maker-update-118/
https://www.hanselman.com/blog/DisplayingYourRealtimeBloodGlucoseFromNightScoutOnAnAdaFruitPyPortal.aspx,,project,3d-printing; adafruit; plastic,https://www.hanselman.com/blog/DisplayingYourRealtimeBloodGlucoseFromNightScoutOnAnAdaFruitPyPortal.aspx.,low,118,2019-04-04,adafruit,https://www.hanselman.com/blog/DisplayingYourRealtimeBloodGlucoseFromNightScoutOnAnAdaFruitPyPortal.aspx,,https://youtube.com/watch?v=IiLlVIPMFms,https://www.makerprojectlab.com/make-it-snooze-maker-update-118/
Use CircuitPython boards on the TI-83 Premium CE calculator!,,tip,circuitpython; calculator; education; programming,Running CircuitPython code on vintage TI-83 calculator.,high,118,2019-04-04,adafruit,https://blog.adafruit.com/2019/03/31/use-circuitpython-boards-on-the-ti-83-premium-ce-calculator-tiplanetnews-ticalculators-circuitpython-circuitpython/,,https://youtube.com/watch?v=IiLlVIPMFms,https://www.makerprojectlab.com/make-it-snooze-maker-update-118/
PyPortal Case,Ruiz Brothers,tip,adafruit; pyportal; 3d-printing; enclosure; case,3D-printable protective case for PyPortal device.,high,118,2019-04-04,adafruit,https://learn.adafruit.com/pyportal-case,,https://youtube.com/watch?v=IiLlVIPMFms,https://www.makerprojectlab.com/make-it-snooze-maker-update-118/
PyPortal Wall Mount,Ruiz Brothers,tip,adafruit; pyportal; 3d-printing; mounting; bracket,Wall-mounting bracket for displaying PyPortal.,high,118,2019-04-04,adafruit,https://learn.adafruit.com/pyportal-wall-mount,,https://youtube.com/watch?v=IiLlVIPMFms,https://www.makerprojectlab.com/make-it-snooze-maker-update-118/
Sophy Wong Talks Circuit Playground Express,,tip,adafruit; circuitpython; education; wearables; board,Talk about Circuit Playground applications.,high,118,2019-04-04,adafruit,https://youtu.be/Kz4C7sCLWb0,,https://youtube.com/watch?v=IiLlVIPMFms,https://www.makerprojectlab.com/make-it-snooze-maker-update-118/
Raspberry Pi Stop-Motion Animation Rig,wonderfulidea,project,raspberry-pi; animation; stop-motion; camera; filmmaking,Stop-motion animation setup controlled via Raspberry Pi.,high,117,2019-03-28,main,https://www.instructables.com/id/Raspberry-Pi-Stop-Motion-Animation-Rig/,,https://youtube.com/watch?v=X01T6r24f_M,https://www.makerprojectlab.com/i-want-my-lissajous-tv-maker-update-117/
More demo videos,,project,demo; more; video,More demo videos.,low,117,2019-03-28,main,https://vimeo.com/246523818,,https://youtube.com/watch?v=X01T6r24f_M,https://www.makerprojectlab.com/i-want-my-lissajous-tv-maker-update-117/
https://vimeo.com/247332053,,project,247332053; vimeo,https://vimeo.com/247332053.,low,117,2019-03-28,main,https://vimeo.com/247332053,,https://youtube.com/watch?v=X01T6r24f_M,https://www.makerprojectlab.com/i-want-my-lissajous-tv-maker-update-117/
https://vimeo.com/247332235,,project,247332235; vimeo,https://vimeo.com/247332235.,low,117,2019-03-28,main,https://vimeo.com/247332235,,https://youtube.com/watch?v=X01T6r24f_M,https://www.makerprojectlab.com/i-want-my-lissajous-tv-maker-update-117/
Game Burger Advance,Love Hultén,project,arcade; game-console; retro-gaming; woodworking; electronics,Retro gaming arcade cabinet styled like burger stand.,high,117,2019-03-28,main,https://www.youtube.com/watch?v=q7rJk9aORiE,,https://youtube.com/watch?v=X01T6r24f_M,https://www.makerprojectlab.com/i-want-my-lissajous-tv-maker-update-117/
Making of Game Burger Advance,Love Hultén,project,arcade; woodworking; electronics; fabrication,Behind-the-scenes documentation of arcade cabinet.,high,117,2019-03-28,main,https://www.youtube.com/watch?v=yptYD7hNjFw,,https://youtube.com/watch?v=X01T6r24f_M,https://www.makerprojectlab.com/i-want-my-lissajous-tv-maker-update-117/
LissaJukebox (aka dedicated Lissajous machine),Emily Velasco,project,oscilloscope; art; visualization; music; electronics,Art installation creating Lissajous patterns with music.,high,117,2019-03-28,main,https://www.youtube.com/watch?v=466xZ3cexMg,,https://youtube.com/watch?v=X01T6r24f_M,https://www.makerprojectlab.com/i-want-my-lissajous-tv-maker-update-117/
https://hackaday.io/project/163565-lissajukebox-aka-dedicated-lissajous-machine,,project,163565; hackaday; lissajukebox,https://hackaday.io/project/163565-lissajukebox-aka-dedicated-lissajous-machine.,low,117,2019-03-28,main,https://hackaday.io/project/163565-lissajukebox-aka-dedicated-lissajous-machine,,https://youtube.com/watch?v=X01T6r24f_M,https://www.makerprojectlab.com/i-want-my-lissajous-tv-maker-update-117/
StreetWriter,Charles Glorioso,project,street-art; graffiti; robotics; cnc; outdoor-art,Autonomous graffiti robot creating large-scale street art.,high,117,2019-03-28,main,https://www.instructables.com/id/StreetWriter/,,https://youtube.com/watch?v=X01T6r24f_M,https://www.makerprojectlab.com/i-want-my-lissajous-tv-maker-update-117/
Ping Pong Ball LED Clock,thomas jensma,project,led; lighting; clock; display; electronics,Novel clock display using ping pong balls as numerals.,high,117,2019-03-28,main,https://www.instructables.com/id/Ping-Pong-Ball-LED-Clock/,,https://youtube.com/watch?v=X01T6r24f_M,https://www.makerprojectlab.com/i-want-my-lissajous-tv-maker-update-117/
Turntable Cabinet,JON-A-TRON,project,woodworking; turntable; furniture; audio; vinyl,Custom wooden cabinet for turntable and equipment.,high,117,2019-03-28,main,https://www.instructables.com/id/Turntable-Cabinet/,,https://youtube.com/watch?v=X01T6r24f_M,https://www.makerprojectlab.com/i-want-my-lissajous-tv-maker-update-117/
Replace Clogged Spray Paint Tips,,tip,spray-paint; maintenance; tool-care; nozzle,Quick tip for unclogging spray paint nozzles.,high,117,2019-03-28,main,https://youtu.be/JRJVE_KK3fU,,https://youtube.com/watch?v=X01T6r24f_M,https://www.makerprojectlab.com/i-want-my-lissajous-tv-maker-update-117/
Signal Generator DIY Kit,,tip,electronics; test-equipment; diy-kit; signal,DIY kit for building electronic signal generator.,high,117,2019-03-28,main,https://amzn.to/2TpV1Jn,,https://youtube.com/watch?v=X01T6r24f_M,https://www.makerprojectlab.com/i-want-my-lissajous-tv-maker-update-117/
Plotter People #2 recording,,tip,plotter; drawing; recording; meetup,Recording of Plotter People meetup event.,high,117,2019-03-28,main,https://twitter.com/plotterpeople/status/1106984748465836032?s=03,,https://youtube.com/watch?v=X01T6r24f_M,https://www.makerprojectlab.com/i-want-my-lissajous-tv-maker-update-117/
https://www.youtube.com/watch?v=idl8TvI-0iw,,tip,idl8tvi; watch; youtube,https://www.youtube.com/watch?v=idl8TvI-0iw.,low,117,2019-03-28,main,https://www.youtube.com/watch?v=idl8TvI-0iw,,https://youtube.com/watch?v=X01T6r24f_M,https://www.makerprojectlab.com/i-want-my-lissajous-tv-maker-update-117/
https://www.youtube.com/watch?v=uTCbodOY8xc,,tip,utcbodoy8xc; watch; youtube,https://www.youtube.com/watch?v=uTCbodOY8xc.,low,117,2019-03-28,main,https://www.youtube.com/watch?v=uTCbodOY8xc,,https://youtube.com/watch?v=X01T6r24f_M,https://www.makerprojectlab.com/i-want-my-lissajous-tv-maker-update-117/
TurtleToy,,tip,plotter; drawing; turtle-graphics; software,Software tool for creating plotter-friendly drawings.,high,117,2019-03-28,main,https://turtletoy.net/,,https://youtube.com/watch?v=X01T6r24f_M,https://www.makerprojectlab.com/i-want-my-lissajous-tv-maker-update-117/
Maker.js,,tip,plotter; drawing; javascript; software; library,JavaScript library for generating plotter vector graphics.,high,117,2019-03-28,main,https://maker.js.org/,,https://youtube.com/watch?v=X01T6r24f_M,https://www.makerprojectlab.com/i-want-my-lissajous-tv-maker-update-117/
BLE Light Switch with Feather nRF52840 and Crickit,John Park,project,adafruit; bluetooth; crickit; home-automation; led,Wireless Bluetooth light switch using Adafruit Feather.,high,115,2019-03-07,adafruit,https://learn.adafruit.com/bluetooth-light-switch-with-crickit-and-nrf52840,,https://youtube.com/watch?v=JNMOj0zGc5Y,https://www.makerprojectlab.com/flippin-switches-maker-update-115/
Live build video,,project,live,Live build video.,low,115,2019-03-07,adafruit,https://youtu.be/aUuYSUMVMWg?t=926,,https://youtube.com/watch?v=JNMOj0zGc5Y,https://www.makerprojectlab.com/flippin-switches-maker-update-115/
Rose's Shield - Steven Universe,Ruiz Bros.,project,cosplay; props; 3d-printing; steven-universe,3D-printed replica shield prop from Steven Universe.,high,115,2019-03-07,adafruit,https://learn.adafruit.com/rose-s-shield-steven-universe,,https://youtube.com/watch?v=JNMOj0zGc5Y,https://www.makerprojectlab.com/flippin-switches-maker-update-115/
Obsidian's Sword - Steven universe,Ruiz Bros.,project,cosplay; props; 3d-printing; steven-universe; sword,Prop sword replica from Steven Universe character.,high,115,2019-03-07,adafruit,https://learn.adafruit.com/obsidian-sword-steven-universe,,https://youtube.com/watch?v=JNMOj0zGc5Y,https://www.makerprojectlab.com/flippin-switches-maker-update-115/
Robotic Xylophone with Adafruit Grand Central,by Dano Wall,project,adafruit; robotics; music; solenoid; percussion,Automated xylophone player controlled by microcontroller.,high,115,2019-03-07,adafruit,https://learn.adafruit.com/robotic-xylophone-with-circuit-python,,https://youtube.com/watch?v=JNMOj0zGc5Y,https://www.makerprojectlab.com/flippin-switches-maker-update-115/
See also: MIDI Solenoid Drummer,Collin Cunningham,project,adafruit; solenoid; music; midi; percussion,MIDI-controlled solenoid percussion device.,high,115,2019-03-07,adafruit,https://learn.adafruit.com/midi-solenoid-drummer/overview,,https://youtube.com/watch?v=JNMOj0zGc5Y,https://www.makerprojectlab.com/flippin-switches-maker-update-115/
Circuit Python BLE Crickit Rover,John Park,project,adafruit; robotics; ble; circuitpython; rover,Bluetooth-controlled mobile robot using CRICKIT.,high,115,2019-03-07,adafruit,https://learn.adafruit.com/circuitpython-ble-crickit-rover,,https://youtube.com/watch?v=JNMOj0zGc5Y,https://www.makerprojectlab.com/flippin-switches-maker-update-115/
NeoPixel Spats with Gemma and MakeCode,Erin St Blaine,project,adafruit; led; neopixel; wearables; fashion,Wearable LED spats with animated patterns.,high,115,2019-03-07,adafruit,https://learn.adafruit.com/neopixel-spats,,https://youtube.com/watch?v=JNMOj0zGc5Y,https://www.makerprojectlab.com/flippin-switches-maker-update-115/
No-Solder Faux Neon Bike Lights,Amelia T,project,led; wearables; bike; lighting; neon,Neon-style LED bicycle lights assembled without soldering.,high,115,2019-03-07,adafruit,https://learn.adafruit.com/no-solder-faux-neon-bike-lights,,https://youtube.com/watch?v=JNMOj0zGc5Y,https://www.makerprojectlab.com/flippin-switches-maker-update-115/
A Halo for Lucy,Bud Bennett,project,led; wearables; pets; dog; safety,LED halo collar for pet dog safety.,high,115,2019-03-07,adafruit,https://hackaday.io/project/163920-a-halo-for-lucy,,https://youtube.com/watch?v=JNMOj0zGc5Y,https://www.makerprojectlab.com/flippin-switches-maker-update-115/
https://blog.adafruit.com/2019/02/28/a-halo-for-lucy-helping-a-dog-avoid-collisions-with-circuitpython-feather-circuitpython-hackadayio/,,project,adafruit; circuitpython; electronics; programming,https://blog.adafruit.com/2019/02/28/a-halo-for-lucy-helping-a-dog-avoid-collisions-with-circuitpython-feather-circuitpython-hackadayio/.,low,115,2019-03-07,adafruit,https://blog.adafruit.com/2019/02/28/a-halo-for-lucy-helping-a-dog-avoid-collisions-with-circuitpython-feather-circuitpython-hackadayio/,,https://youtube.com/watch?v=JNMOj0zGc5Y,https://www.makerprojectlab.com/flippin-switches-maker-update-115/
Adafruit PyPortal - IoT for CircuitPython,Kattni Rembor,tip,adafruit; pyportal; iot; circuitpython,Guide to building IoT projects with PyPortal.,high,115,2019-03-07,adafruit,https://learn.adafruit.com/adafruit-pyportal,,https://youtube.com/watch?v=JNMOj0zGc5Y,https://www.makerprojectlab.com/flippin-switches-maker-update-115/
Adafruit PyPortal - CircuitPython Powered Internet Display,,tip,adafruit; pyportal; iot; circuitpython; display,Overview of PyPortal capabilities for internet displays.,high,115,2019-03-07,adafruit,https://www.adafruit.com/product/4116,,https://youtube.com/watch?v=JNMOj0zGc5Y,https://www.makerprojectlab.com/flippin-switches-maker-update-115/
PyPortal Adafruit Quote Book,John Park,tip,adafruit; pyportal; iot; display; quote-book,PyPortal displaying curated quotes and inspiration.,high,115,2019-03-07,adafruit,https://learn.adafruit.com/pyportal-adafruit-quote-board,,https://youtube.com/watch?v=JNMOj0zGc5Y,https://www.makerprojectlab.com/flippin-switches-maker-update-115/
"PyPortal IoT Data Logger with Analog Devices ADT7410, Adafruit IO and CircuitPython",Brent Rubell,tip,adafruit; pyportal; iot; sensor; data-logging,IoT data logger recording temperature sensor data.,high,115,2019-03-07,adafruit,https://learn.adafruit.com/iot-pyportal-data-logger-adafruitio-circuitpython,,https://youtube.com/watch?v=JNMOj0zGc5Y,https://www.makerprojectlab.com/flippin-switches-maker-update-115/
Raspberry Pi Zero Stand,Ruiz Brothers,tip,raspberry-pi; 3d-printing; stand; mounting; support,3D-printable stand for Raspberry Pi Zero.,high,115,2019-03-07,adafruit,https://learn.adafruit.com/raspberry-pi-zero-stand,,https://youtube.com/watch?v=JNMOj0zGc5Y,https://www.makerprojectlab.com/flippin-switches-maker-update-115/
NeoTrellis M4 Noisy Grains of Sand,John Thurmond,tip,adafruit; neopixel; music; synthesizer; interactive,Musical instrument using NeoTrellis for grain synthesis.,high,115,2019-03-07,adafruit,https://learn.adafruit.com/NeoTrellisM4Sand,,https://youtube.com/watch?v=JNMOj0zGc5Y,https://www.makerprojectlab.com/flippin-switches-maker-update-115/
Make It Pulse,Mike Barela,tip,adafruit; led; animation; neopixel; pulsing,Tutorial on creating pulsing LED animation effects.,high,115,2019-03-07,adafruit,https://learn.adafruit.com/make-it-pulse,,https://youtube.com/watch?v=JNMOj0zGc5Y,https://www.makerprojectlab.com/flippin-switches-maker-update-115/
Micro:bit Radio Control of Crickit Robotics,Mike Barela,tip,adafruit; crickit; robotics; microbit; wireless,Wireless control of CRICKIT robot using Micro:bit.,high,115,2019-03-07,adafruit,https://learn.adafruit.com/micro-bit-radio-control-of-crickit-robotics,,https://youtube.com/watch?v=JNMOj0zGc5Y,https://www.makerprojectlab.com/flippin-switches-maker-update-115/
Ever Blooming Mechanical Tulip,jiripraus,project,mechanical; flower; 3d-printing; animation; kinetic-art,Motorized mechanical flower that blooms and closes.,high,114,2019-02-28,main,https://www.instructables.com/id/Ever-Blooming-Mechanical-Tulip/,,https://youtube.com/watch?v=TfJR-RP4zfs,https://www.makerprojectlab.com/dot-matrix-maker-update-114/
Making a LEGO Walkie Talkie Twitch Stream Controller,I Like to Make Stuff,project,lego; streaming; electronics; controller; twitch,LEGO-based physical controller for Twitch streaming.,high,114,2019-02-28,main,https://www.youtube.com/watch?v=WKCIwpsQrME,,https://youtube.com/watch?v=TfJR-RP4zfs,https://www.makerprojectlab.com/dot-matrix-maker-update-114/
Project guide,,project,,Project guide.,low,114,2019-02-28,main,https://iliketomakestuff.com/how-to-make-a-lego-walkie-talkie-twitch-controller/,,https://youtube.com/watch?v=TfJR-RP4zfs,https://www.makerprojectlab.com/dot-matrix-maker-update-114/
DiResta Cast Brass Buckle (3 different ways),Jimmy DiResta,project,metalworking; casting; brass; jewelry; molds,Brass belt buckle using three metalcasting techniques.,high,114,2019-02-28,main,https://www.youtube.com/watch?v=YPK-5GsKG-M,,https://youtube.com/watch?v=TfJR-RP4zfs,https://www.makerprojectlab.com/dot-matrix-maker-update-114/
Triaxial Tourbillon Clock Make/Mods,mcmaven,project,clock; mechanical; watchmaking; 3d-printing; tourbillon,Mechanical tourbillon clock with three-axis rotation.,high,114,2019-02-28,main,https://www.thingiverse.com/thing:3415296,,https://youtube.com/watch?v=TfJR-RP4zfs,https://www.makerprojectlab.com/dot-matrix-maker-update-114/
Building a Swingbike,Laura Kampf,project,metalworking; welding; bike; vehicles; fabrication,Experimental bicycle with unconventional movement.,high,114,2019-02-28,main,https://www.youtube.com/watch?v=j3S2b1LrULc,,https://youtube.com/watch?v=TfJR-RP4zfs,https://www.makerprojectlab.com/dot-matrix-maker-update-114/
"Cool Tools Podcast: Tommy Honton, Experience Designer",,tip,podcast; interview; design,Interview with experience designer on Cool Tools.,high,114,2019-02-28,main,https://kk.org/cooltools/tommy-honton-experience-designer/,,https://youtube.com/watch?v=TfJR-RP4zfs,https://www.makerprojectlab.com/dot-matrix-maker-update-114/
Getting Started in Screen Printing,Make Something,tip,screen-printing; printing; fabric; beginner,Beginner's guide to screen printing techniques.,high,114,2019-02-28,main,https://www.youtube.com/watch?v=RSpsWewtxXw,,https://youtube.com/watch?v=TfJR-RP4zfs,https://www.makerprojectlab.com/dot-matrix-maker-update-114/
High Resolution Screen Printing,Applied Science,tip,screen-printing; printing; high-resolution,Advanced screen printing for detailed prints.,high,114,2019-02-28,main,https://youtu.be/NS8Q9LUIKA8,,https://youtube.com/watch?v=TfJR-RP4zfs,https://www.makerprojectlab.com/dot-matrix-maker-update-114/
3D Printer Becomes 2D Dot Matrix Printer Using Web App Go to the profile of Jeremy S. Cook Jeremy S. Cook,,tip,3d-printing; hacking; repurposing; software,Repurposing 3D printer as dot-matrix printer.,high,114,2019-02-28,main,https://blog.hackster.io/3d-printer-becomes-2d-dot-matrix-printer-using-web-app-8de2be90b09a,,https://youtube.com/watch?v=TfJR-RP4zfs,https://www.makerprojectlab.com/dot-matrix-maker-update-114/
Pixels to Gcode Web App,,tip,software; cnc; gcode; web-app; graphics,Web app converting pixel images to CNC G-code.,high,114,2019-02-28,main,http://matthewrayfield.com/tools/pixels-to-gcode/,,https://youtube.com/watch?v=TfJR-RP4zfs,https://www.makerprojectlab.com/dot-matrix-maker-update-114/
Packing Tape Dispenser,AidanRose,tip,workshop-tool; 3d-printing; organizer; utility; tape,3D-printable tape dispenser for workshop.,high,114,2019-02-28,main,https://www.thingiverse.com/thing:3422041,,https://youtube.com/watch?v=TfJR-RP4zfs,https://www.makerprojectlab.com/dot-matrix-maker-update-114/
New Tutorial – Animating PCBs @adskfusion360,,tip,fusion360; cad; pcb; animation; tutorial,Fusion360 tutorial on animating PCB designs.,high,114,2019-02-28,main,https://blog.adafruit.com/2019/02/18/new-tutorial-animating-pcbs-adskfusion360-adskeagle/,,https://youtube.com/watch?v=TfJR-RP4zfs,https://www.makerprojectlab.com/dot-matrix-maker-update-114/
Mohit Bhoite Brass Wire Straightening technique,,tip,metalworking; wire; tool-technique; brass,Technique for straightening brass wire.,high,114,2019-02-28,main,https://twitter.com/MohitBhoite/status/1099814155803013120,,https://youtube.com/watch?v=TfJR-RP4zfs,https://www.makerprojectlab.com/dot-matrix-maker-update-114/
How to Straighten A Wire Using A Drill,JohnnyQ90,tip,wire; tool-technique; drill; metalworking; straightener,Quick method for straightening wire with drill.,high,114,2019-02-28,main,https://www.youtube.com/watch?v=b4-QF-WRFjQ,,https://youtube.com/watch?v=TfJR-RP4zfs,https://www.makerprojectlab.com/dot-matrix-maker-update-114/
Gaffer Tape Shootout,,tip,tool-review; tape; adhesive; gaffer,Comparative review of gaffer tape products.,high,114,2019-02-28,main,https://youtu.be/-Z5cSY52zKQ,,https://youtube.com/watch?v=TfJR-RP4zfs,https://www.makerprojectlab.com/dot-matrix-maker-update-114/
Plotter People Meetup #2,,tip,plotter; event; meetup; drawing,Second Plotter People community meetup event.,high,114,2019-02-28,main,https://plotterpeople.github.io/,,https://youtube.com/watch?v=TfJR-RP4zfs,https://www.makerprojectlab.com/dot-matrix-maker-update-114/
Next week is Ada edition,,tip,adafruit; announcement; episode; preview,Announcement for next Adafruit-themed episode.,high,114,2019-02-28,main,,,https://youtube.com/watch?v=TfJR-RP4zfs,https://www.makerprojectlab.com/dot-matrix-maker-update-114/
Play multiple sound files on multiple output devices with Python and sounddevice,Devon Bray,project,python; audio; software; sound; multi-output,Python audio system for simultaneous multi-device playback.,high,113,2019-02-21,main,http://www.esologic.com/multi-audio/,,https://youtube.com/watch?v=fIevd8bY0hY,https://www.makerprojectlab.com/sound-off-maker-update-113/
Github repo,,project,github; repo,Github repo.,low,113,2019-02-21,main,https://github.com/esologic/pear,,https://youtube.com/watch?v=fIevd8bY0hY,https://www.makerprojectlab.com/sound-off-maker-update-113/
via Hackaday,,project,hackaday; music; programming,via Hackaday.,low,113,2019-02-21,main,https://hackaday.com/2019/02/14/python-script-sends-each-speaker-its-own-sound-file/,,https://youtube.com/watch?v=fIevd8bY0hY,https://www.makerprojectlab.com/sound-off-maker-update-113/
Diffraction Grating Kaleidoscope,jbumstead,project,optics; laser; acrylic; art; light,Laser light interactive art using diffraction gratings.,high,113,2019-02-21,main,https://www.instructables.com/id/Diffraction-Grating-Kaleidoscope/,,https://youtube.com/watch?v=fIevd8bY0hY,https://www.makerprojectlab.com/sound-off-maker-update-113/
Coal Rush,,project,game-design; arcade; alternative-controller; rhythm,Coal Rush arcade game using shovels and custom controllers for two-player racing.,high,113,2019-02-21,main,http://shakethatbutton.com/coal-rush/,,https://youtube.com/watch?v=fIevd8bY0hY,https://www.makerprojectlab.com/sound-off-maker-update-113/
Ruins Climber,,project,climber; game-design; ruins; wearables,Ruins Climber.,low,113,2019-02-21,main,http://shakethatbutton.com/ruins-climber/,,https://youtube.com/watch?v=fIevd8bY0hY,https://www.makerprojectlab.com/sound-off-maker-update-113/
Cook Your Way,,project,cook; game-design; wearables; your,Cook Your Way.,low,113,2019-02-21,main,http://shakethatbutton.com/cook-your-way/,,https://youtube.com/watch?v=fIevd8bY0hY,https://www.makerprojectlab.com/sound-off-maker-update-113/
Making of Cook Your Way,,project,cook; your,Making of Cook Your Way.,low,113,2019-02-21,main,https://enric.llagostera.com.br/cookyourway/making-of/,,https://youtube.com/watch?v=fIevd8bY0hY,https://www.makerprojectlab.com/sound-off-maker-update-113/
Guitar Wizards,,project,game-design; music; led; rhythm-game; guitar-controller,Guitar Wizards rhythm spell duel game using 2240 LEDs and guitar controllers.,high,113,2019-02-21,main,http://shakethatbutton.com/guitar-wizards/,,https://youtube.com/watch?v=fIevd8bY0hY,https://www.makerprojectlab.com/sound-off-maker-update-113/
The Windows on Raspberry Pi Imager installs Windows 10 ARM64 on Raspberry Pi 3B/B+,,tip,raspberry-pi; windows; operating-system; arm,Tool for installing Windows 10 ARM on Raspberry Pi.,high,113,2019-02-21,main,https://blog.adafruit.com/2019/02/15/the-windows-on-raspberry-pi-imager-installs-windows-10-arm64-on-raspberry-pi-3b-b-piday-raspberrypi-windows10/,,https://youtube.com/watch?v=fIevd8bY0hY,https://www.makerprojectlab.com/sound-off-maker-update-113/
Pinecone ceiling lamp,scoobie975,tip,lighting; decorative; 3d-printing; lamp; pinecone,Decorative ceiling lamp from 3D-printed pinecone.,high,113,2019-02-21,main,https://www.thingiverse.com/thing:3322642,,https://youtube.com/watch?v=fIevd8bY0hY,https://www.makerprojectlab.com/sound-off-maker-update-113/
Pinecone lamp,Streetfire_Industries,tip,lighting; decorative; 3d-printing; lamp; pinecone,Alternative pinecone lamp design from 3D parts.,high,113,2019-02-21,main,https://www.thingiverse.com/thing:2827592,,https://youtube.com/watch?v=fIevd8bY0hY,https://www.makerprojectlab.com/sound-off-maker-update-113/
Cool Tool: Greeting Card Sound Player,,tip,electronics; sound; greeting-card; novelty; audio,Electronic sound module for greeting cards.,high,113,2019-02-21,main,https://youtu.be/-B-EW1W4l0g,,https://youtube.com/watch?v=fIevd8bY0hY,https://www.makerprojectlab.com/sound-off-maker-update-113/
"February 26 +27 + 28, 2019",,tip,announcement; schedule; event; episode,Schedule for upcoming Maker Update episodes.,low,113,2019-02-21,main,,,https://youtube.com/watch?v=fIevd8bY0hY,https://www.makerprojectlab.com/sound-off-maker-update-113/
Ball Balancing PID System,Johan Link,project,robotics; pid-control; electronics; servo; mechanics,Self-balancing system using PID control.,high,112,2019-02-14,main,https://www.instructables.com/id/Ball-Balancing-PID-System/,,https://youtube.com/watch?v=ZGEf_HjO_D0,https://www.makerprojectlab.com/exploding-vader-maker-update-112/
Screw Sorting Machine,AdrienR,project,robotics; sorting; automation; machine-vision; screws,Automated sorting system classifying screws.,high,112,2019-02-14,main,https://www.instructables.com/id/Screw-Sorting-Machine/,,https://youtube.com/watch?v=ZGEf_HjO_D0,https://www.makerprojectlab.com/exploding-vader-maker-update-112/
Design and Print Fabric,poppy.oceanblue,project,3d-printing; fabric; textile; printing; design,Technique for designing and printing fabric.,high,112,2019-02-14,main,https://www.instructables.com/id/Design-and-Print-Fabric/,,https://youtube.com/watch?v=ZGEf_HjO_D0,https://www.makerprojectlab.com/exploding-vader-maker-update-112/
Darth,gzumwalt,project,star-wars; cosplay; props; 3d-printing,Darth Vader cosplay prop or costume piece.,high,112,2019-02-14,main,https://www.instructables.com/id/Darth/,,https://youtube.com/watch?v=ZGEf_HjO_D0,https://www.makerprojectlab.com/exploding-vader-maker-update-112/
Anti-Drawing Machine,Soonho Kwon | Harsh Kedia | Akshat Prakash,project,robotics; art; cnc; plotting; drawing-machine,Robotic machine that negates or erases drawings.,high,112,2019-02-14,main,https://www.creativeapplications.net/arduino-2/anti-drawing-machine-whimsical-and-imperfectly-characteristic-collaborator/,,https://youtube.com/watch?v=ZGEf_HjO_D0,https://www.makerprojectlab.com/exploding-vader-maker-update-112/
Github details,,project,robotics; computer-vision; drawing-machine; motion-control,Drawing machine project with CV and motion components; limited documentation.,low,112,2019-02-14,main,https://github.com/akshhack/AntiDrawingMachine,,https://youtube.com/watch?v=ZGEf_HjO_D0,https://www.makerprojectlab.com/exploding-vader-maker-update-112/
Last Week's Maker Update,,tip,arduino; neopixel; midi; 3d-printing; adafruit,Adafruit-focused episode featuring time-tracking cube and wireless LED projects.,high,112,2019-02-14,main,https://makerprojectlab.com/clocking-in-maker-update-111/,,https://youtube.com/watch?v=ZGEf_HjO_D0,https://www.makerprojectlab.com/exploding-vader-maker-update-112/
Raspberry Pi Store in Cambridge,,tip,raspberry-pi; store; retail; cambridge,Raspberry Pi retail store location announcement.,high,112,2019-02-14,main,https://www.raspberrypi.org/blog/guess-what/,,https://youtube.com/watch?v=ZGEf_HjO_D0,https://www.makerprojectlab.com/exploding-vader-maker-update-112/
Stereoscopic photography with StereoPi and a Raspberry Pi,,tip,raspberry-pi; photography; camera; stereoscopic,3D stereoscopic photography using Raspberry Pi.,high,112,2019-02-14,main,https://www.raspberrypi.org/blog/stereoscopic-photography-stereopi-raspberry-pi/,,https://youtube.com/watch?v=ZGEf_HjO_D0,https://www.makerprojectlab.com/exploding-vader-maker-update-112/
Crowdsupply link,,tip,crowdsupply; stereo-vision,Crowdsupply project unable to fetch due to access restrictions.,low,112,2019-02-14,main,https://www.crowdsupply.com/virt2real/stereopi,,https://youtube.com/watch?v=ZGEf_HjO_D0,https://www.makerprojectlab.com/exploding-vader-maker-update-112/
Tested USB Soldering Iron Review,,tip,soldering-iron; tool-review; electronics; soldering; usb,Review of USB-powered soldering iron.,high,112,2019-02-14,main,https://youtu.be/gIyykNaWrlM,,https://youtube.com/watch?v=ZGEf_HjO_D0,https://www.makerprojectlab.com/exploding-vader-maker-update-112/
"Belt (single print, MMU design)",3DWatsch,tip,3d-printing; cad; design; mechanical; belt,3D printable multi-material belt design.,high,112,2019-02-14,main,https://www.thingiverse.com/thing:3270948,,https://youtube.com/watch?v=ZGEf_HjO_D0,https://www.makerprojectlab.com/exploding-vader-maker-update-112/
Whale Wire Stripper (with Scraper razor blade),LazaroFilm,tip,3d-printing; wire-strippers; electronics,3D-printed wire stripping tool.,high,112,2019-02-14,main,https://www.thingiverse.com/thing:3394894,,https://youtube.com/watch?v=ZGEf_HjO_D0,https://www.makerprojectlab.com/exploding-vader-maker-update-112/
Cool Tool: Wire Stripper Shootout,,tip,tool-review; wire-strippers; electronics; comparative,Comparative review of wire stripper tools.,high,112,2019-02-14,main,https://youtu.be/5FcCeBGYOGo,,https://youtube.com/watch?v=ZGEf_HjO_D0,https://www.makerprojectlab.com/exploding-vader-maker-update-112/
Bay Area Call for Makers,,tip,event; call-for-makers; bay-area,Call for maker participation in Bay Area event.,high,112,2019-02-14,main,https://makerfaire.com/bay-area/call-for-makers/,,https://youtube.com/watch?v=ZGEf_HjO_D0,https://www.makerprojectlab.com/exploding-vader-maker-update-112/
Adafruit IO Time Tracking Cube,Ruiz Bros. and Brent Rubell,project,adafruit; iot; time-tracking; cube; dashboard,IoT time tracking device shaped like cube.,high,111,2019-02-07,adafruit,https://learn.adafruit.com/time-tracking-cube,,https://youtube.com/watch?v=80jJ-Ls_SIE,https://www.makerprojectlab.com/clocking-in-maker-update-111/
Build a mini mac with HalloWing that displays boot screen actually plays startup chimes!,Ruiz Bros.,project,adafruit; vintage-tech; halloween; replica; electronics,Miniature Mac replica with startup simulation.,high,111,2019-02-07,adafruit,https://learn.adafruit.com/hallowing-mac,,https://youtube.com/watch?v=80jJ-Ls_SIE,https://www.makerprojectlab.com/clocking-in-maker-update-111/
Pearl's Gem Weapon – Steven Universe,Ruiz Bros.,project,cosplay; props; 3d-printing; steven-universe,Prop replica of Pearl's gem weapon.,high,111,2019-02-07,adafruit,https://learn.adafruit.com/pearl-s-spear-steven-universe,,https://youtube.com/watch?v=80jJ-Ls_SIE,https://www.makerprojectlab.com/clocking-in-maker-update-111/
Grand Central USB MIDI Controller,John Park,project,adafruit; midi; music; controller; electronics,Custom MIDI control surface using Grand Central.,high,111,2019-02-07,adafruit,https://learn.adafruit.com/grand-central-usb-midi-controller-in-circuitpython,,https://youtube.com/watch?v=80jJ-Ls_SIE,https://www.makerprojectlab.com/clocking-in-maker-update-111/
Spinning Disc Step Sequencer,John Park,project,adafruit; music; sequencer; electronics; mechanical,Rotating disc-based music sequencer.,high,111,2019-02-07,adafruit,https://learn.adafruit.com/spinning-disc-step-sequencer,,https://youtube.com/watch?v=80jJ-Ls_SIE,https://www.makerprojectlab.com/clocking-in-maker-update-111/
Circuit Playground Powerpuff Girls Valentine,Erin St Blaine,project,adafruit; electronics; powerpuff-girls; valentine; wearables,LED Valentine card with Circuit Playground.,high,111,2019-02-07,adafruit,https://learn.adafruit.com/circuit-playground-valentine,,https://youtube.com/watch?v=80jJ-Ls_SIE,https://www.makerprojectlab.com/clocking-in-maker-update-111/
Wireless NeoPixel Controller,Erin St. Blaine,project,adafruit; led; neopixel; wireless; controller,Wireless remote control for NeoPixel LEDs.,high,111,2019-02-07,adafruit,https://learn.adafruit.com/neotrellis-neopixel-controller,,https://youtube.com/watch?v=80jJ-Ls_SIE,https://www.makerprojectlab.com/clocking-in-maker-update-111/
Glue Stick Light Pipe Sculpture,Dano Wall,project,led; lighting; art; acrylic; light-pipe,Light pipe sculpture from glue sticks and LEDs.,high,111,2019-02-07,adafruit,https://learn.adafruit.com/glue-stick-archway,,https://youtube.com/watch?v=80jJ-Ls_SIE,https://www.makerprojectlab.com/clocking-in-maker-update-111/
"""Fiber Optic"" LED Matrix",jbumstead,project,led; fiber-optic; lighting; display; art,LED display array using fiber optic materials.,high,111,2019-02-07,adafruit,https://www.instructables.com/id/Fiber-Optic-LED-Matrix/,,https://youtube.com/watch?v=80jJ-Ls_SIE,https://www.makerprojectlab.com/clocking-in-maker-update-111/
Grand Central Soundboard in Ten Minutes,Mike Barela,project,adafruit; audio; soundboard; music; electronics,Quick audio soundboard on Grand Central.,high,111,2019-02-07,adafruit,https://learn.adafruit.com/grand-central-soundboard-in-ten-minutes,,https://youtube.com/watch?v=80jJ-Ls_SIE,https://www.makerprojectlab.com/clocking-in-maker-update-111/
Other Projects,,project,adafruit; collection; mixed; projects,Collection of Adafruit-based projects.,low,111,2019-02-07,adafruit,,,https://youtube.com/watch?v=80jJ-Ls_SIE,https://www.makerprojectlab.com/clocking-in-maker-update-111/
"Interactive LED Dome With Fadecandy, Processing and Kinect",amygoodchild,project,led; interactive; kinect; processing; art-installation,Interactive LED dome responsive to motion.,high,111,2019-02-07,adafruit,https://www.instructables.com/id/Interactive-LED-Dome-With-Fadecandy-Processing-and/,,https://youtube.com/watch?v=80jJ-Ls_SIE,https://www.makerprojectlab.com/clocking-in-maker-update-111/
The Plotti Botti: An Internet-Controlled Drawing Robot!,8bitsandabyte,project,robotics; plotter; cnc; drawing; iot,Internet-connected drawing robot creating artwork.,high,111,2019-02-07,adafruit,https://www.hackster.io/8bitsandabyte/the-plotti-botti-an-internet-controlled-drawing-robot-51225a,,https://youtube.com/watch?v=80jJ-Ls_SIE,https://www.makerprojectlab.com/clocking-in-maker-update-111/
Grand Central Guide,,tip,adafruit; grand-central; tutorial,Tutorial guide for using Grand Central.,high,111,2019-02-07,adafruit,https://learn.adafruit.com/adafruit-grand-central,,https://youtube.com/watch?v=80jJ-Ls_SIE,https://www.makerprojectlab.com/clocking-in-maker-update-111/
John Park interview on Cool Tools,,tip,podcast; interview; adafruit; cool-tools,John Park featured in Cool Tools podcast.,high,111,2019-02-07,adafruit,https://kk.org/cooltools/john-park-professional-maker/,,https://youtube.com/watch?v=80jJ-Ls_SIE,https://www.makerprojectlab.com/clocking-in-maker-update-111/
New Fusion 360 Layer by Layer – Print In Place Hinges,@ecken,tip,fusion360; cad; 3d-printing; hinges; print-in-place,CAD tutorial for designing snap hinges.,high,111,2019-02-07,adafruit,https://www.youtube.com/watch?v=M6AqZDajXHM,,https://youtube.com/watch?v=80jJ-Ls_SIE,https://www.makerprojectlab.com/clocking-in-maker-update-111/
Product Spotlight: Circuit Playground Express,,tip,adafruit; circuitpython; education; board; product,Overview of Circuit Playground capabilities.,high,111,2019-02-07,adafruit,https://www.adafruit.com/product/3333,,https://youtube.com/watch?v=80jJ-Ls_SIE,https://www.makerprojectlab.com/clocking-in-maker-update-111/
Circuit Playground guides,,tip,adafruit; circuitpython; tutorial; education,Collection of Circuit Playground tutorials.,high,111,2019-02-07,adafruit,https://learn.adafruit.com/category/circuit-playground,,https://youtube.com/watch?v=80jJ-Ls_SIE,https://www.makerprojectlab.com/clocking-in-maker-update-111/
7-seg all mechanical display prototype 2,Peter Lehnér,project,mechanical; display; clock; 3d-printing; seven-segment,Fully mechanical 7-segment digit display.,high,110,2019-01-30,main,https://hackaday.io/project/163473-peters-7-seg-all-mechanical-display-prototype-2,,https://youtube.com/watch?v=zrfcYo9b47c,https://www.makerprojectlab.com/monochrome-in-a-can-maker-update-110/
Bent Wood Lamination and Marquetry Xylophone,Make Something,project,woodworking; xylophone; music; marquetry; wood,Handcrafted xylophone combining lamination and inlay.,high,110,2019-01-30,main,https://youtu.be/q1N6Cqrzllw,,https://youtube.com/watch?v=zrfcYo9b47c,https://www.makerprojectlab.com/monochrome-in-a-can-maker-update-110/
Watch Escapement Desk Toy,LarkysPrints,project,3d-printing; mechanical; horology; desk-toy; animation,3D-printed toy demonstrating watch escapement.,high,110,2019-01-30,main,https://www.thingiverse.com/thing:3364860,,https://youtube.com/watch?v=zrfcYo9b47c,https://www.makerprojectlab.com/monochrome-in-a-can-maker-update-110/
Billiard Ball Arcade Trackball Mouse,Maniacal Labs,project,arcade; trackball; electronics; gaming; input,Custom computer mouse using arcade trackball.,high,110,2019-01-30,main,https://maniacallabs.com/2019/01/22/billiard-ball-arcade-trackball-mouse/,https://github.com/ManiacalLabs/ArcadeTrackballMouse,https://youtube.com/watch?v=zrfcYo9b47c,https://www.makerprojectlab.com/monochrome-in-a-can-maker-update-110/
NORAA,Jessica In,project,ai; drawing-machine; machine-learning; neural-networks; robotics; interactive-art,NORAA interactive drawing installation where robot learns to draw via human-robot Pictionary.,high,110,2019-01-30,main,https://www.jessicain.net/pagesnoraa,,https://youtube.com/watch?v=zrfcYo9b47c,https://www.makerprojectlab.com/monochrome-in-a-can-maker-update-110/
Green Screen a B&W Monitor,Emily Velasco,tip,retro-tech; electronics; hacking; diy; monitors,Converting black-and-white monitor to green screen.,high,110,2019-01-30,main,https://youtu.be/F2CFTH2FWcw,,https://youtube.com/watch?v=zrfcYo9b47c,https://www.makerprojectlab.com/monochrome-in-a-can-maker-update-110/
Cable Organizer (breadboard),boopidoo,tip,3d-printing; organization; electronics; breadboard,3D-printable cable organizer for workbench.,high,110,2019-01-30,main,https://www.thingiverse.com/thing:3352900,,https://youtube.com/watch?v=zrfcYo9b47c,https://www.makerprojectlab.com/monochrome-in-a-can-maker-update-110/
Face Changer,Naomi Wu,tip,wearables; fashion; electronics; 3d-printing; mask,Wearable 3D-printed face mask with display.,high,110,2019-01-30,main,https://youtu.be/D-b23eyyUCo,,https://youtube.com/watch?v=zrfcYo9b47c,https://www.makerprojectlab.com/monochrome-in-a-can-maker-update-110/
The Edge Podcast,,tip,plotter-art; drawing-machine; painting-automation; kinetic-art,"Bantam Tools art automation platform featuring drawing, painting, and writing machines.",high,110,2019-01-30,main,https://www.bantamtools.com/blogs/theedge,,https://youtube.com/watch?v=zrfcYo9b47c,https://www.makerprojectlab.com/monochrome-in-a-can-maker-update-110/
John Park interview on Cool Tools,,tip,podcast; interview; adafruit; cool-tools,John Park featured in Cool Tools podcast.,high,110,2019-01-30,main,https://kk.org/cooltools/john-park-professional-maker/,,https://youtube.com/watch?v=zrfcYo9b47c,https://www.makerprojectlab.com/monochrome-in-a-can-maker-update-110/
Cool Tool: Dremel Versa Tip Precision Butane Soldering Torch,,tip,soldering-torch; tool-review; portable; precision,Review of precision butane soldering torch.,high,110,2019-01-30,main,https://youtu.be/vX6mpdnd8Co,,https://youtube.com/watch?v=zrfcYo9b47c,https://www.makerprojectlab.com/monochrome-in-a-can-maker-update-110/
"February 6 - 9, 2019",,tip,announcement; schedule; event; episode,Schedule for Maker Update episodes.,low,110,2019-01-30,main,,,https://youtube.com/watch?v=zrfcYo9b47c,https://www.makerprojectlab.com/monochrome-in-a-can-maker-update-110/
Project Alias,Bjørn Karmann,project,privacy; voice-assistant; hacking; 3d-printing; disruption,Device designed to disrupt voice assistant surveillance.,high,109,2019-01-24,main,https://www.instructables.com/id/Project-Alias/,,https://youtube.com/watch?v=QB4XqwFY-o4,https://www.makerprojectlab.com/privacy-parasite-maker-update-109/
"""Fiber Optic"" LED Matrix",jbumstead,project,led; fiber-optic; lighting; display; art,LED display array using fiber optic materials.,high,109,2019-01-24,main,https://www.instructables.com/id/Fiber-Optic-LED-Matrix/,,https://youtube.com/watch?v=QB4XqwFY-o4,https://www.makerprojectlab.com/privacy-parasite-maker-update-109/
Spaceship Control Panel - Laser Cut Arduino Toy,Nilfisken,project,laser-cutting; arduino; electronics; toy; sci-fi,Interactive laser-cut control panel toy.,high,109,2019-01-24,main,https://www.instructables.com/id/Spaceship-Control-Panel-Laser-Cut-Arduino-Toy/,,https://youtube.com/watch?v=QB4XqwFY-o4,https://www.makerprojectlab.com/privacy-parasite-maker-update-109/
Analog Future,Parker Heyl,project,kinetic-art; mechanical-systems; interactive-installation; analog-tech,Parker Heyl project exploring analog mechanical systems and pendulum linkages.,high,109,2019-01-24,main,http://www.interactivearchitecture.org/lab-projects/analog-future,,https://youtube.com/watch?v=QB4XqwFY-o4,https://www.makerprojectlab.com/privacy-parasite-maker-update-109/
Some notes on its construction here,,project,art-theory; maker-culture; analog-tech; design-philosophy,Research paper on digital-to-analog conversion and preserving physical object aura.,high,109,2019-01-24,main,http://www.interactivearchitecture.org/analog-future-materiality-in-the-digital-arts.html,,https://youtube.com/watch?v=QB4XqwFY-o4,https://www.makerprojectlab.com/privacy-parasite-maker-update-109/
Making a Light-Up Miniature SXSL Sign,"Jen, Kayte, and Jeremy from Tested",tip,led; lighting; sign; acrylic; electronics,DIY light-up miniature sign with LED.,high,109,2019-01-24,main,https://www.youtube.com/watch?v=Lo3E25GXCEw,,https://youtube.com/watch?v=QB4XqwFY-o4,https://www.makerprojectlab.com/privacy-parasite-maker-update-109/
Plotter People Presentation Videos online (Lenore Edman and Sher Minn),,tip,plotter; video; presentation; meeting,Videos from Plotter People presentations.,high,109,2019-01-24,main,https://www.youtube.com/channel/UCdQeYpNOwMioJfaRj9kog5A,,https://youtube.com/watch?v=QB4XqwFY-o4,https://www.makerprojectlab.com/privacy-parasite-maker-update-109/
New Hackaday Contest 3d Printed Gears Pulleys and Cams,,tip,3d-printing; mechanical; design; contest; gears,Hackaday contest for 3D-printed components.,high,109,2019-01-24,main,https://hackaday.com/2019/01/16/new-contest-3d-printed-gears-pulleys-and-cams/,,https://youtube.com/watch?v=QB4XqwFY-o4,https://www.makerprojectlab.com/privacy-parasite-maker-update-109/
Arcade Game Cabinet Designs of Love Hultén,,tip,arcade; game-cabinet; design; woodworking; builder,Arcade cabinet designs from Love Hultén.,high,109,2019-01-24,main,http://www.lovehulten.com/,,https://youtube.com/watch?v=QB4XqwFY-o4,https://www.makerprojectlab.com/privacy-parasite-maker-update-109/
Print-in-Place Solenoid Gripper,XYZAidan,tip,3d-printing; solenoid; gripper; robotics; print-in-place,3D-printable solenoid-driven gripper.,high,109,2019-01-24,main,https://www.thingiverse.com/thing:3274872,,https://youtube.com/watch?v=QB4XqwFY-o4,https://www.makerprojectlab.com/privacy-parasite-maker-update-109/
PVC Icosahedron Connector,XYZAidan,tip,3d-printing; connector; pvc; mechanical; structural,3D-printable connector for icosahedron structures.,high,109,2019-01-24,main,https://www.thingiverse.com/thing:3210011,,https://youtube.com/watch?v=QB4XqwFY-o4,https://www.makerprojectlab.com/privacy-parasite-maker-update-109/
Tic Tac Solder Dispenser,Haku3D,tip,3d-printing; soldering; workshop-tool; dispenser,3D-printable solder dispenser from Tic Tac.,high,109,2019-01-24,main,https://www.thingiverse.com/thing:3270453,,https://youtube.com/watch?v=QB4XqwFY-o4,https://www.makerprojectlab.com/privacy-parasite-maker-update-109/
American size,,tip,3d-printing,Thingiverse item unable to fetch due to access restrictions.,low,109,2019-01-24,main,https://www.thingiverse.com/thing:3354779,,https://youtube.com/watch?v=QB4XqwFY-o4,https://www.makerprojectlab.com/privacy-parasite-maker-update-109/
Cool Tool: Vise Grip 4-inch pliers,,tip,tool-review; pliers; vise-grip; clamping,Review of Vise Grip locking pliers.,high,109,2019-01-24,main,https://youtu.be/uxUJYw6CTA8,,https://youtube.com/watch?v=QB4XqwFY-o4,https://www.makerprojectlab.com/privacy-parasite-maker-update-109/
"February 6 - 9, 2019",,tip,announcement; schedule; event; episode,Schedule for Maker Update episodes.,low,109,2019-01-24,main,,,https://youtube.com/watch?v=QB4XqwFY-o4,https://www.makerprojectlab.com/privacy-parasite-maker-update-109/
Project Alias,Bjørn Karmann,project,voice-assistant; ai; smart-device,AI voice assistant blocking device surveillance.,high,153,2019-12-26,main,https://www.instructables.com/id/Project-Alias/,,https://youtube.com/watch?v=GDAZEBGzxa8,https://www.makerprojectlab.com/5-favorite-maker-projects-of-2019-maker-update-153/
Harry Potter Dueling Wands with Arduino!,Wermy,project,props; cosplay; arduino; magic,Interactive magical dueling wands with Arduino.,high,153,2019-12-26,main,https://sudomod.com/harry-potter-wands/,,https://youtube.com/watch?v=GDAZEBGzxa8,https://www.makerprojectlab.com/5-favorite-maker-projects-of-2019-maker-update-153/
Apollo DSKY Display Replica,Ben Krasnow,project,retro-computing; led; display; vintage,Apollo Guidance Computer replica display using EL wire.,high,153,2019-12-26,main,https://github.com/benkrasnow/DSKY_EL_replica,,https://youtube.com/watch?v=GDAZEBGzxa8,https://www.makerprojectlab.com/5-favorite-maker-projects-of-2019-maker-update-153/
Arduino-powered ornithopter takes to the skies,gabbapeople,project,robotics; flying; ornithopter; arduino,Flapping-wing aircraft powered by Arduino.,high,153,2019-12-26,main,https://www.instructables.com/id/Opensource-Ornithopter-Prototype-Arduino-Powered-a/,,https://youtube.com/watch?v=GDAZEBGzxa8,https://www.makerprojectlab.com/5-favorite-maker-projects-of-2019-maker-update-153/
Ever Blooming Mechanical Tulip,jiripraus,project,mechanical; 3d-printing; motors,Continuously blooming mechanical flower with motor.,high,153,2019-12-26,main,https://www.instructables.com/id/Ever-Blooming-Mechanical-Tulip/,,https://youtube.com/watch?v=GDAZEBGzxa8,https://www.makerprojectlab.com/5-favorite-maker-projects-of-2019-maker-update-153/
"HELLCOUCH: A Couch Co-op Game (Carol Mertz, Francesca Carletto-Leon)",,project,game; interactive; physical-controls,Couch co-op video game with custom controllers.,high,116,2019-03-21,main,https://gamecenter.nyu.edu/projects/hellcouch-a-couch-co-op-game/,,https://youtube.com/watch?v=zr0yndPwk1E,https://www.makerprojectlab.com/butt-ritual-maker-update-116/
Continuum Bacterium (HNRY),,project,game; interactive; installation,Biological-inspired interactive game experience.,high,116,2019-03-21,main,https://www.gamasutra.com/view/news/335257/AltCtrlGDC_Showcase_Continuum_Bacterium.php,,https://youtube.com/watch?v=zr0yndPwk1E,https://www.makerprojectlab.com/butt-ritual-maker-update-116/
Machinaria (Black Mamba Studio),,project,game; interactive; mechanical,Mechanical game with physical interaction mechanics.,high,116,2019-03-21,main,https://medium.com/@blackmambastudio/black-mambas-machinaria-f0779faa5d44,,https://youtube.com/watch?v=zr0yndPwk1E,https://www.makerprojectlab.com/butt-ritual-maker-update-116/
"HOT SWAP: All Hands On Deck (Peter Gyory, Clement Zheng)",,project,game; interactive; haptics,Physical card game with custom haptic feedback.,high,116,2019-03-21,main,https://www.colorado.edu/atlas/hot-swap,,https://youtube.com/watch?v=zr0yndPwk1E,https://www.makerprojectlab.com/butt-ritual-maker-update-116/
More details on Mechamagnets,,project,electromagnet; robotics; interactive,Interactive electromagnetic magnetic sculptures.,high,116,2019-03-21,main,https://www.colorado.edu/atlas/mechamagnets,,https://youtube.com/watch?v=zr0yndPwk1E,https://www.makerprojectlab.com/butt-ritual-maker-update-116/
More on Alt.CTRL,,tip,game-design; conference; alt-ctrl,Information about Alt.CTRL GDC conference.,high,116,2019-03-21,main,https://www.gdconf.com/alt.ctrl.gdc,,https://youtube.com/watch?v=zr0yndPwk1E,https://www.makerprojectlab.com/butt-ritual-maker-update-116/
